contig_id,frag_id,pad_char,pad_len,real_len,pred_class,reliability,prob_bacteria,prob_phage,prob_eukarya,prob_archaea,prob_plasmid,prob_virus
NC_139368.1,NC_139368.1__none__0,none,0,2000,virus,0.9998496770858765,0.010492,0.020140,0.024039,0.013168,0.012007,0.920153
NC_139368.1,NC_139368.1__M__500,M,500,1500,virus,0.9994783997535706,0.036394,0.039627,0.042973,0.027844,0.014883,0.838279
NC_139368.1,NC_139368.1__M__450,M,450,1550,virus,0.9996739625930786,0.033892,0.035131,0.044149,0.033575,0.014804,0.838449
NC_139368.1,NC_139368.1__M__400,M,400,1600,virus,0.9997665286064148,0.040676,0.051360,0.059797,0.030595,0.016973,0.800598
NC_139368.1,NC_139368.1__M__350,M,350,1650,virus,0.9997735619544983,0.056772,0.046771,0.052947,0.031668,0.015482,0.796359
NC_139368.1,NC_139368.1__M__300,M,300,1700,virus,0.9997488856315613,0.033817,0.046985,0.048516,0.027666,0.018571,0.824444
NC_139368.1,NC_139368.1__M__250,M,250,1750,virus,0.9997226595878601,0.039055,0.042171,0.067731,0.030489,0.016142,0.804411
NC_139368.1,NC_139368.1__M__200,M,200,1800,virus,0.9998007416725159,0.022960,0.046215,0.066223,0.026147,0.017986,0.820470
NC_139368.1,NC_139368.1__M__150,M,150,1850,virus,0.9997474551200867,0.016351,0.032452,0.048797,0.020998,0.017318,0.864084
NC_139368.1,NC_139368.1__M__100,M,100,1900,virus,0.9997133612632751,0.016560,0.031550,0.073491,0.023062,0.020514,0.834824
NC_139368.1,NC_139368.1__M__50,M,50,1950,virus,0.9998119473457336,0.012951,0.029484,0.043492,0.018699,0.014760,0.880614
NC_139368.1,NC_139368.1__M__1,M,1,1999,virus,0.9998500347137451,0.010488,0.020115,0.024004,0.013157,0.012002,0.920233
NC_139181.1,NC_139181.1__none__0,none,0,2000,phage,0.9946935772895813,0.021284,0.912272,0.014164,0.016016,0.019503,0.016761
NC_139181.1,NC_139181.1__M__500,M,500,1500,bacteria,0.9932973980903625,0.726472,0.144171,0.029392,0.037702,0.035688,0.026575
NC_139181.1,NC_139181.1__M__450,M,450,1550,bacteria,0.9965507984161377,0.688752,0.156035,0.038044,0.041883,0.039551,0.035736
NC_139181.1,NC_139181.1__M__400,M,400,1600,bacteria,0.9975984692573547,0.650333,0.197168,0.037359,0.041733,0.038988,0.034419
NC_139181.1,NC_139181.1__M__350,M,350,1650,bacteria,0.9967432618141174,0.745381,0.126263,0.029395,0.036129,0.034796,0.028037
NC_139181.1,NC_139181.1__M__300,M,300,1700,bacteria,0.9980199337005615,0.745535,0.113563,0.032939,0.038557,0.036401,0.033005
NC_139181.1,NC_139181.1__M__250,M,250,1750,bacteria,0.9971705079078674,0.835972,0.053960,0.025403,0.029569,0.030611,0.024485
NC_139181.1,NC_139181.1__M__200,M,200,1800,bacteria,0.996625542640686,0.620937,0.217069,0.037038,0.043394,0.043753,0.037809
NC_139181.1,NC_139181.1__M__150,M,150,1850,phage,0.996649444103241,0.192289,0.671960,0.029123,0.036164,0.040842,0.029621
NC_139181.1,NC_139181.1__M__100,M,100,1900,phage,0.9952124357223511,0.071652,0.835325,0.019202,0.022840,0.030469,0.020513
NC_139181.1,NC_139181.1__M__50,M,50,1950,phage,0.9953254461288452,0.028116,0.901776,0.014921,0.016639,0.021383,0.017165
NC_139181.1,NC_139181.1__M__1,M,1,1999,phage,0.9947026371955872,0.021275,0.912273,0.014165,0.016017,0.019509,0.016762
NC_138481.1,NC_138481.1__none__0,none,0,2000,eukarya,0.999327540397644,0.016260,0.014473,0.927502,0.014335,0.011569,0.015861
NC_138481.1,NC_138481.1__M__500,M,500,1500,eukarya,0.9995661377906799,0.233151,0.041914,0.600558,0.043650,0.018553,0.062175
NC_138481.1,NC_138481.1__M__450,M,450,1550,eukarya,0.9993995428085327,0.093494,0.026319,0.809011,0.024692,0.011813,0.034672
NC_138481.1,NC_138481.1__M__400,M,400,1600,eukarya,0.9995738863945007,0.077602,0.026109,0.828824,0.024488,0.012236,0.030741
NC_138481.1,NC_138481.1__M__350,M,350,1650,eukarya,0.9997943043708801,0.082148,0.027626,0.822882,0.026215,0.012177,0.028952
NC_138481.1,NC_138481.1__M__300,M,300,1700,eukarya,0.9995480179786682,0.106285,0.029391,0.792699,0.027037,0.013844,0.030743
NC_138481.1,NC_138481.1__M__250,M,250,1750,eukarya,0.999629020690918,0.074324,0.027726,0.832384,0.025152,0.013119,0.027296
NC_138481.1,NC_138481.1__M__200,M,200,1800,eukarya,0.9996108412742615,0.045610,0.024103,0.872840,0.022978,0.012169,0.022299
NC_138481.1,NC_138481.1__M__150,M,150,1850,eukarya,0.9993588328361511,0.048080,0.023055,0.872359,0.023007,0.011225,0.022275
NC_138481.1,NC_138481.1__M__100,M,100,1900,eukarya,0.9990366697311401,0.032992,0.019707,0.896853,0.019889,0.010736,0.019822
NC_138481.1,NC_138481.1__M__50,M,50,1950,eukarya,0.9988862872123718,0.018905,0.015077,0.923147,0.015386,0.010914,0.016570
NC_138481.1,NC_138481.1__M__1,M,1,1999,eukarya,0.9993265867233276,0.016265,0.014473,0.927496,0.014338,0.011569,0.015859
NC_137529.1,NC_137529.1__none__0,none,0,2000,phage,0.996932864189148,0.129946,0.739086,0.020618,0.021917,0.066792,0.021641
NC_137529.1,NC_137529.1__M__500,M,500,1500,bacteria,0.9811821579933167,0.914267,0.021262,0.014877,0.016405,0.019122,0.014067
NC_137529.1,NC_137529.1__M__450,M,450,1550,bacteria,0.9928923845291138,0.911780,0.019403,0.015562,0.017247,0.022035,0.013972
NC_137529.1,NC_137529.1__M__400,M,400,1600,bacteria,0.9901381731033325,0.912888,0.022387,0.014648,0.016499,0.019601,0.013978
NC_137529.1,NC_137529.1__M__350,M,350,1650,bacteria,0.9919962286949158,0.890923,0.025130,0.016584,0.019081,0.032812,0.015471
NC_137529.1,NC_137529.1__M__300,M,300,1700,bacteria,0.9946988821029663,0.920186,0.018161,0.013667,0.015922,0.018453,0.013612
NC_137529.1,NC_137529.1__M__250,M,250,1750,bacteria,0.9959808588027954,0.910314,0.023608,0.014095,0.016661,0.021990,0.013331
NC_137529.1,NC_137529.1__M__200,M,200,1800,bacteria,0.9962144494056702,0.891787,0.037460,0.015322,0.017991,0.023117,0.014323
NC_137529.1,NC_137529.1__M__150,M,150,1850,bacteria,0.9954304695129395,0.892368,0.034252,0.016363,0.018541,0.023362,0.015115
NC_137529.1,NC_137529.1__M__100,M,100,1900,bacteria,0.9914895296096802,0.863818,0.045730,0.018363,0.019308,0.036169,0.016611
NC_137529.1,NC_137529.1__M__50,M,50,1950,bacteria,0.9957335591316223,0.451470,0.407025,0.023616,0.027839,0.066636,0.023413
NC_137529.1,NC_137529.1__M__1,M,1,1999,phage,0.9969307780265808,0.130293,0.738747,0.020630,0.021934,0.066737,0.021658
NC_117365.1,NC_117365.1__none__0,none,0,2000,virus,0.9997894167900085,0.010538,0.015575,0.017714,0.012969,0.013305,0.929898
NC_117365.1,NC_117365.1__M__500,M,500,1500,virus,0.99952232837677,0.031964,0.017163,0.020635,0.017070,0.012165,0.901004
NC_117365.1,NC_117365.1__M__450,M,450,1550,virus,0.9997370839118958,0.029897,0.017969,0.019559,0.017240,0.013647,0.901688
NC_117365.1,NC_117365.1__M__400,M,400,1600,virus,0.9998227953910828,0.025208,0.016491,0.019021,0.016671,0.013538,0.909071
NC_117365.1,NC_117365.1__M__350,M,350,1650,virus,0.9999004602432251,0.039824,0.016822,0.022523,0.019490,0.014521,0.886819
NC_117365.1,NC_117365.1__M__300,M,300,1700,virus,0.9998549222946167,0.023670,0.015926,0.019806,0.016944,0.013575,0.910079
NC_117365.1,NC_117365.1__M__250,M,250,1750,virus,0.9998676776885986,0.020908,0.016942,0.019439,0.015936,0.013477,0.913299
NC_117365.1,NC_117365.1__M__200,M,200,1800,virus,0.9999250173568726,0.018820,0.015862,0.018523,0.015622,0.012628,0.918545
NC_117365.1,NC_117365.1__M__150,M,150,1850,virus,0.9999058246612549,0.013727,0.014958,0.017180,0.014526,0.012214,0.927395
NC_117365.1,NC_117365.1__M__100,M,100,1900,virus,0.9998289346694946,0.012996,0.016553,0.017542,0.014446,0.012948,0.925516
NC_117365.1,NC_117365.1__M__50,M,50,1950,virus,0.9997695088386536,0.010712,0.015746,0.017627,0.012853,0.012882,0.930180
NC_117365.1,NC_117365.1__M__1,M,1,1999,virus,0.9997888207435608,0.010577,0.015575,0.017775,0.013004,0.013289,0.929780
NC_078320.1,NC_078320.1__none__0,none,0,2000,virus,0.9991932511329651,0.028459,0.027754,0.112418,0.026355,0.031188,0.773826
NC_078320.1,NC_078320.1__M__500,M,500,1500,virus,0.9997521042823792,0.068233,0.021110,0.036561,0.020662,0.010553,0.842881
NC_078320.1,NC_078320.1__M__450,M,450,1550,virus,0.9997116923332214,0.031589,0.017085,0.021207,0.015322,0.010274,0.904523
NC_078320.1,NC_078320.1__M__400,M,400,1600,virus,0.9994285702705383,0.034749,0.021192,0.038853,0.018892,0.013908,0.872406
NC_078320.1,NC_078320.1__M__350,M,350,1650,virus,0.9996852874755859,0.040452,0.024563,0.059177,0.022751,0.016148,0.836908
NC_078320.1,NC_078320.1__M__300,M,300,1700,virus,0.9996975660324097,0.061306,0.030334,0.090029,0.029482,0.016372,0.772477
NC_078320.1,NC_078320.1__M__250,M,250,1750,virus,0.9998169541358948,0.065481,0.041314,0.257462,0.038105,0.024863,0.572775
NC_078320.1,NC_078320.1__M__200,M,200,1800,virus,0.9998117089271545,0.049731,0.035252,0.150222,0.030285,0.023609,0.710900
NC_078320.1,NC_078320.1__M__150,M,150,1850,virus,0.9997672438621521,0.051098,0.036941,0.196130,0.035014,0.024626,0.656190
NC_078320.1,NC_078320.1__M__100,M,100,1900,virus,0.9997065663337708,0.035782,0.033882,0.156404,0.030346,0.030995,0.712592
NC_078320.1,NC_078320.1__M__50,M,50,1950,virus,0.9990469813346863,0.028492,0.027080,0.116620,0.026178,0.030026,0.771605
NC_078320.1,NC_078320.1__M__1,M,1,1999,virus,0.9991922974586487,0.028437,0.027734,0.112290,0.026336,0.031171,0.774032
NC_078100.1,NC_078100.1__none__0,none,0,2000,virus,0.9999668598175049,0.014543,0.022082,0.023454,0.017990,0.016768,0.905163
NC_078100.1,NC_078100.1__M__500,M,500,1500,virus,0.999968409538269,0.065696,0.032119,0.052780,0.030165,0.030486,0.788754
NC_078100.1,NC_078100.1__M__450,M,450,1550,virus,0.9999791383743286,0.145714,0.037645,0.068007,0.038189,0.030865,0.679581
NC_078100.1,NC_078100.1__M__400,M,400,1600,virus,0.9999781847000122,0.052443,0.024686,0.034090,0.022930,0.019051,0.846799
NC_078100.1,NC_078100.1__M__350,M,350,1650,virus,0.9999830722808838,0.054375,0.027612,0.034617,0.025901,0.019392,0.838103
NC_078100.1,NC_078100.1__M__300,M,300,1700,virus,0.9999878406524658,0.045310,0.030636,0.032760,0.028725,0.024921,0.837648
NC_078100.1,NC_078100.1__M__250,M,250,1750,virus,0.9999877214431763,0.024457,0.021369,0.028845,0.021174,0.019196,0.884959
NC_078100.1,NC_078100.1__M__200,M,200,1800,virus,0.9999865293502808,0.023210,0.026673,0.031458,0.024273,0.023336,0.871050
NC_078100.1,NC_078100.1__M__150,M,150,1850,virus,0.9999865293502808,0.017604,0.024719,0.026322,0.020802,0.020357,0.890196
NC_078100.1,NC_078100.1__M__100,M,100,1900,virus,0.9999775886535645,0.013011,0.021917,0.021820,0.017112,0.017964,0.908177
NC_078100.1,NC_078100.1__M__50,M,50,1950,virus,0.9999550580978394,0.019630,0.033500,0.035718,0.024920,0.022380,0.863853
NC_078100.1,NC_078100.1__M__1,M,1,1999,virus,0.9999666213989258,0.014553,0.022104,0.023480,0.018008,0.016789,0.905066
NC_078225.1,NC_078225.1__none__0,none,0,2000,virus,0.9996260404586792,0.010488,0.012371,0.012617,0.011173,0.011692,0.941659
NC_078225.1,NC_078225.1__M__500,M,500,1500,virus,0.9998443126678467,0.045862,0.021643,0.025682,0.018459,0.010804,0.877550
NC_078225.1,NC_078225.1__M__450,M,450,1550,virus,0.9998494386672974,0.048379,0.020636,0.025907,0.017480,0.009784,0.877814
NC_078225.1,NC_078225.1__M__400,M,400,1600,virus,0.9998393058776855,0.044851,0.027489,0.027046,0.019347,0.011388,0.869879
NC_078225.1,NC_078225.1__M__350,M,350,1650,virus,0.999778687953949,0.039933,0.021778,0.023718,0.017355,0.010076,0.887140
NC_078225.1,NC_078225.1__M__300,M,300,1700,virus,0.9998076558113098,0.034004,0.023127,0.023503,0.017846,0.010970,0.890550
NC_078225.1,NC_078225.1__M__250,M,250,1750,virus,0.9997288584709167,0.026263,0.018092,0.017656,0.014008,0.009744,0.914237
NC_078225.1,NC_078225.1__M__200,M,200,1800,virus,0.9997681975364685,0.020556,0.016292,0.015322,0.012666,0.010347,0.924818
NC_078225.1,NC_078225.1__M__150,M,150,1850,virus,0.9998354911804199,0.019658,0.014783,0.014805,0.012246,0.010533,0.927974
NC_078225.1,NC_078225.1__M__100,M,100,1900,virus,0.9997537732124329,0.017995,0.014511,0.015340,0.012359,0.010876,0.928919
NC_078225.1,NC_078225.1__M__50,M,50,1950,virus,0.9996275901794434,0.010395,0.011858,0.012042,0.010850,0.010912,0.943942
NC_078225.1,NC_078225.1__M__1,M,1,1999,virus,0.999625563621521,0.010483,0.012379,0.012616,0.011183,0.011694,0.941644
NC_078270.1,NC_078270.1__none__0,none,0,2000,virus,0.9999383687973022,0.032799,0.135549,0.038684,0.030387,0.025141,0.737439
NC_078270.1,NC_078270.1__M__500,M,500,1500,bacteria,0.9996457099914551,0.660375,0.115645,0.028586,0.040221,0.032067,0.123106
NC_078270.1,NC_078270.1__M__450,M,450,1550,bacteria,0.9997904896736145,0.774663,0.058455,0.022483,0.032632,0.029371,0.082396
NC_078270.1,NC_078270.1__M__400,M,400,1600,bacteria,0.9998196959495544,0.591948,0.070126,0.031431,0.039586,0.036207,0.230701
NC_078270.1,NC_078270.1__M__350,M,350,1650,bacteria,0.9998171925544739,0.513266,0.099195,0.037208,0.043405,0.036490,0.270436
NC_078270.1,NC_078270.1__M__300,M,300,1700,virus,0.9997988343238831,0.335959,0.097456,0.039949,0.044036,0.030273,0.452327
NC_078270.1,NC_078270.1__M__250,M,250,1750,virus,0.9998514652252197,0.364536,0.114634,0.043692,0.050140,0.042261,0.384737
NC_078270.1,NC_078270.1__M__200,M,200,1800,virus,0.9998379945755005,0.172752,0.094174,0.036904,0.041362,0.038805,0.616003
NC_078270.1,NC_078270.1__M__150,M,150,1850,bacteria,0.9998598098754883,0.339802,0.241606,0.043966,0.062965,0.061467,0.250193
NC_078270.1,NC_078270.1__M__100,M,100,1900,virus,0.999841570854187,0.183488,0.303853,0.049722,0.066373,0.056638,0.339925
NC_078270.1,NC_078270.1__M__50,M,50,1950,virus,0.9999279975891113,0.030208,0.144176,0.033591,0.028653,0.024614,0.738758
NC_078270.1,NC_078270.1__M__1,M,1,1999,virus,0.9999384880065918,0.032779,0.135303,0.038625,0.030370,0.025125,0.737798
NC_078409.1,NC_078409.1__none__0,none,0,2000,virus,0.9964236617088318,0.020193,0.044895,0.088456,0.027918,0.027226,0.791312
NC_078409.1,NC_078409.1__M__500,M,500,1500,virus,0.9989732503890991,0.072148,0.084968,0.069229,0.057453,0.036149,0.680053
NC_078409.1,NC_078409.1__M__450,M,450,1550,virus,0.9997069239616394,0.073594,0.108753,0.092461,0.067879,0.051814,0.605500
NC_078409.1,NC_078409.1__M__400,M,400,1600,virus,0.9995538592338562,0.058761,0.097448,0.098093,0.063224,0.053242,0.629232
NC_078409.1,NC_078409.1__M__350,M,350,1650,virus,0.9995500445365906,0.039593,0.062505,0.070591,0.042561,0.032747,0.752003
NC_078409.1,NC_078409.1__M__300,M,300,1700,virus,0.9990752935409546,0.032846,0.048156,0.072911,0.035669,0.027751,0.782667
NC_078409.1,NC_078409.1__M__250,M,250,1750,virus,0.9987620115280151,0.030684,0.049125,0.093610,0.034125,0.032094,0.760362
NC_078409.1,NC_078409.1__M__200,M,200,1800,virus,0.99826979637146,0.026496,0.043577,0.087076,0.031359,0.029084,0.782409
NC_078409.1,NC_078409.1__M__150,M,150,1850,virus,0.997968852519989,0.026866,0.045438,0.104251,0.034022,0.032967,0.756456
NC_078409.1,NC_078409.1__M__100,M,100,1900,virus,0.9974982142448425,0.021402,0.039958,0.072354,0.027847,0.027390,0.811049
NC_078409.1,NC_078409.1__M__50,M,50,1950,virus,0.9935625791549683,0.019899,0.039405,0.087887,0.026513,0.026240,0.800057
NC_078409.1,NC_078409.1__M__1,M,1,1999,virus,0.9964377880096436,0.020204,0.044909,0.088422,0.027918,0.027241,0.791306
NC_078484.1,NC_078484.1__none__0,none,0,2000,virus,0.9592385292053223,0.025050,0.029130,0.091032,0.027150,0.024351,0.803287
NC_078484.1,NC_078484.1__M__500,M,500,1500,virus,0.9878749251365662,0.017411,0.016339,0.018652,0.014167,0.010808,0.922624
NC_078484.1,NC_078484.1__M__450,M,450,1550,virus,0.9896434545516968,0.024893,0.017454,0.026428,0.016964,0.010152,0.904108
NC_078484.1,NC_078484.1__M__400,M,400,1600,virus,0.9922330379486084,0.027266,0.018476,0.033126,0.019987,0.009815,0.891330
NC_078484.1,NC_078484.1__M__350,M,350,1650,virus,0.9922168254852295,0.035295,0.020009,0.026963,0.019275,0.008426,0.890032
NC_078484.1,NC_078484.1__M__300,M,300,1700,virus,0.9905214309692383,0.021335,0.019799,0.026680,0.017440,0.012017,0.902729
NC_078484.1,NC_078484.1__M__250,M,250,1750,virus,0.9866952896118164,0.020464,0.019104,0.027312,0.016808,0.011781,0.904531
NC_078484.1,NC_078484.1__M__200,M,200,1800,virus,0.9841259717941284,0.020726,0.021892,0.047028,0.019814,0.017023,0.873517
NC_078484.1,NC_078484.1__M__150,M,150,1850,virus,0.9817612767219543,0.020488,0.020887,0.046489,0.020930,0.016116,0.875090
NC_078484.1,NC_078484.1__M__100,M,100,1900,virus,0.9761580228805542,0.020079,0.022502,0.052889,0.022428,0.018014,0.864088
NC_078484.1,NC_078484.1__M__50,M,50,1950,virus,0.9329254031181335,0.028144,0.032028,0.135238,0.029352,0.026106,0.749132
NC_078484.1,NC_078484.1__M__1,M,1,1999,virus,0.9592716693878174,0.025068,0.029162,0.091237,0.027174,0.024364,0.802996
NC_078627.1,NC_078627.1__none__0,none,0,2000,virus,0.9987934827804565,0.036058,0.022161,0.028780,0.022634,0.011494,0.878873
NC_078627.1,NC_078627.1__M__500,M,500,1500,bacteria,0.9997697472572327,0.735570,0.030714,0.037507,0.027980,0.024289,0.143940
NC_078627.1,NC_078627.1__M__450,M,450,1550,bacteria,0.9997983574867249,0.736542,0.035404,0.058778,0.030931,0.022453,0.115892
NC_078627.1,NC_078627.1__M__400,M,400,1600,bacteria,0.9998509883880615,0.734707,0.037204,0.056798,0.033291,0.021256,0.116743
NC_078627.1,NC_078627.1__M__350,M,350,1650,bacteria,0.9998407363891602,0.540975,0.037698,0.155511,0.035972,0.022322,0.207522
NC_078627.1,NC_078627.1__M__300,M,300,1700,bacteria,0.999610960483551,0.474993,0.033306,0.129081,0.036767,0.020178,0.305675
NC_078627.1,NC_078627.1__M__250,M,250,1750,bacteria,0.9997193217277527,0.674965,0.031083,0.122927,0.035218,0.020729,0.115078
NC_078627.1,NC_078627.1__M__200,M,200,1800,bacteria,0.999646782875061,0.405615,0.038929,0.261772,0.043046,0.020390,0.230248
NC_078627.1,NC_078627.1__M__150,M,150,1850,bacteria,0.9995465874671936,0.385779,0.043387,0.291051,0.054328,0.021528,0.203926
NC_078627.1,NC_078627.1__M__100,M,100,1900,virus,0.9990058541297913,0.259801,0.072038,0.256156,0.081758,0.026366,0.303880
NC_078627.1,NC_078627.1__M__50,M,50,1950,virus,0.9985235333442688,0.087070,0.043289,0.101997,0.051220,0.017507,0.698917
NC_078627.1,NC_078627.1__M__1,M,1,1999,virus,0.9987925291061401,0.036232,0.022164,0.028844,0.022703,0.011493,0.878563
NC_078670.1,NC_078670.1__none__0,none,0,2000,virus,0.999987006187439,0.014474,0.021585,0.019435,0.013486,0.012231,0.918789
NC_078670.1,NC_078670.1__M__500,M,500,1500,bacteria,0.9999760389328003,0.433613,0.056293,0.038066,0.046056,0.024863,0.401108
NC_078670.1,NC_078670.1__M__450,M,450,1550,virus,0.9999833106994629,0.360522,0.052741,0.038076,0.046406,0.024106,0.478149
NC_078670.1,NC_078670.1__M__400,M,400,1600,virus,0.99998939037323,0.205999,0.049507,0.044912,0.042810,0.019150,0.637621
NC_078670.1,NC_078670.1__M__350,M,350,1650,virus,0.9999862909317017,0.261605,0.037417,0.044819,0.040685,0.020903,0.594571
NC_078670.1,NC_078670.1__M__300,M,300,1700,virus,0.99998939037323,0.275586,0.038351,0.044355,0.041317,0.019967,0.580425
NC_078670.1,NC_078670.1__M__250,M,250,1750,virus,0.9999897480010986,0.176191,0.033401,0.047418,0.037324,0.014495,0.691170
NC_078670.1,NC_078670.1__M__200,M,200,1800,virus,0.9999915361404419,0.176296,0.033820,0.048625,0.040890,0.016151,0.684217
NC_078670.1,NC_078670.1__M__150,M,150,1850,virus,0.9999899864196777,0.166645,0.043204,0.046086,0.040798,0.019704,0.683563
NC_078670.1,NC_078670.1__M__100,M,100,1900,virus,0.999976396560669,0.078846,0.032504,0.037020,0.028339,0.016920,0.806371
NC_078670.1,NC_078670.1__M__50,M,50,1950,virus,0.9999793767929077,0.024909,0.037763,0.025729,0.017941,0.014785,0.878873
NC_078670.1,NC_078670.1__M__1,M,1,1999,virus,0.9999868869781494,0.014480,0.021586,0.019440,0.013483,0.012229,0.918782
NC_078676.1,NC_078676.1__none__0,none,0,2000,virus,0.9999436140060425,0.017798,0.036044,0.020896,0.030007,0.017166,0.878088
NC_078676.1,NC_078676.1__M__500,M,500,1500,virus,0.9992528557777405,0.039478,0.049112,0.026867,0.040928,0.022322,0.821293
NC_078676.1,NC_078676.1__M__450,M,450,1550,virus,0.9994785189628601,0.073016,0.067336,0.035448,0.057084,0.026633,0.740483
NC_078676.1,NC_078676.1__M__400,M,400,1600,virus,0.9994553923606873,0.065035,0.061076,0.031006,0.047832,0.023363,0.771689
NC_078676.1,NC_078676.1__M__350,M,350,1650,virus,0.9993304014205933,0.049854,0.048021,0.024045,0.031254,0.021106,0.825720
NC_078676.1,NC_078676.1__M__300,M,300,1700,virus,0.9995638728141785,0.046399,0.056190,0.023537,0.033073,0.021862,0.818939
NC_078676.1,NC_078676.1__M__250,M,250,1750,virus,0.9997215867042542,0.045139,0.066985,0.023509,0.034038,0.026080,0.804247
NC_078676.1,NC_078676.1__M__200,M,200,1800,virus,0.9997534155845642,0.065451,0.105948,0.034268,0.061714,0.030827,0.701792
NC_078676.1,NC_078676.1__M__150,M,150,1850,virus,0.9997987151145935,0.053883,0.123684,0.032381,0.052164,0.034862,0.703025
NC_078676.1,NC_078676.1__M__100,M,100,1900,virus,0.9997628331184387,0.026872,0.049386,0.026226,0.031339,0.022712,0.843465
NC_078676.1,NC_078676.1__M__50,M,50,1950,virus,0.999882698059082,0.022128,0.051620,0.026026,0.056708,0.019614,0.823904
NC_078676.1,NC_078676.1__M__1,M,1,1999,virus,0.9999438524246216,0.017745,0.035819,0.020850,0.030055,0.017134,0.878397
NC_078823.1,NC_078823.1__none__0,none,0,2000,virus,0.9322062730789185,0.020079,0.019787,0.018443,0.017482,0.017824,0.906385
NC_078823.1,NC_078823.1__M__500,M,500,1500,virus,0.9699814319610596,0.235090,0.030766,0.035805,0.029487,0.025070,0.643783
NC_078823.1,NC_078823.1__M__450,M,450,1550,virus,0.980741560459137,0.215113,0.024763,0.035293,0.026175,0.024340,0.674315
NC_078823.1,NC_078823.1__M__400,M,400,1600,virus,0.9804972410202026,0.272700,0.035020,0.033963,0.033460,0.031762,0.593095
NC_078823.1,NC_078823.1__M__350,M,350,1650,virus,0.9858531951904297,0.164407,0.024325,0.027737,0.026302,0.023205,0.734024
NC_078823.1,NC_078823.1__M__300,M,300,1700,virus,0.9746688008308411,0.086135,0.023958,0.024057,0.024707,0.018281,0.822862
NC_078823.1,NC_078823.1__M__250,M,250,1750,virus,0.9641580581665039,0.056521,0.018505,0.021011,0.018923,0.016518,0.868523
NC_078823.1,NC_078823.1__M__200,M,200,1800,virus,0.9598376750946045,0.087837,0.024932,0.032906,0.026498,0.018421,0.809406
NC_078823.1,NC_078823.1__M__150,M,150,1850,virus,0.9510675668716431,0.146822,0.051330,0.040405,0.041247,0.041801,0.678395
NC_078823.1,NC_078823.1__M__100,M,100,1900,virus,0.9485223889350891,0.164074,0.067668,0.051662,0.052295,0.053813,0.610487
NC_078823.1,NC_078823.1__M__50,M,50,1950,virus,0.9078048467636108,0.114313,0.056707,0.050802,0.042168,0.044847,0.691163
NC_078823.1,NC_078823.1__M__1,M,1,1999,virus,0.9321030974388123,0.020076,0.019793,0.018440,0.017480,0.017832,0.906379
NC_078826.1,NC_078826.1__none__0,none,0,2000,virus,0.9988571405410767,0.017443,0.017786,0.032478,0.016378,0.015128,0.900787
NC_078826.1,NC_078826.1__M__500,M,500,1500,virus,0.999811589717865,0.048040,0.015879,0.021942,0.021309,0.009731,0.883100
NC_078826.1,NC_078826.1__M__450,M,450,1550,virus,0.9997486472129822,0.054559,0.016536,0.022088,0.022693,0.010559,0.873566
NC_078826.1,NC_078826.1__M__400,M,400,1600,virus,0.9997753500938416,0.057119,0.017402,0.024535,0.023495,0.011607,0.865841
NC_078826.1,NC_078826.1__M__350,M,350,1650,virus,0.9997382760047913,0.053853,0.016741,0.023872,0.022218,0.010155,0.873162
NC_078826.1,NC_078826.1__M__300,M,300,1700,virus,0.9995983242988586,0.047781,0.015243,0.022726,0.019430,0.011121,0.883699
NC_078826.1,NC_078826.1__M__250,M,250,1750,virus,0.9996046423912048,0.060992,0.016522,0.033393,0.021613,0.012853,0.854627
NC_078826.1,NC_078826.1__M__200,M,200,1800,virus,0.9996651411056519,0.048730,0.018494,0.039305,0.021136,0.013253,0.859082
NC_078826.1,NC_078826.1__M__150,M,150,1850,virus,0.9993914365768433,0.026661,0.014597,0.022020,0.016429,0.010331,0.909962
NC_078826.1,NC_078826.1__M__100,M,100,1900,virus,0.9989122152328491,0.025470,0.016575,0.029049,0.017201,0.011450,0.900254
NC_078826.1,NC_078826.1__M__50,M,50,1950,virus,0.9987353682518005,0.023839,0.022352,0.063418,0.019967,0.018308,0.852117
NC_078826.1,NC_078826.1__M__1,M,1,1999,virus,0.998855710029602,0.017488,0.017808,0.032628,0.016400,0.015147,0.900529
NC_078867.1,NC_078867.1__none__0,none,0,2000,archaea,0.9998979568481445,0.025628,0.109750,0.059919,0.706723,0.031781,0.066199
NC_078867.1,NC_078867.1__M__500,M,500,1500,virus,0.9998419284820557,0.151787,0.080838,0.050214,0.049263,0.027225,0.640673
NC_078867.1,NC_078867.1__M__450,M,450,1550,virus,0.9998965263366699,0.162993,0.075938,0.058179,0.050193,0.025758,0.626939
NC_078867.1,NC_078867.1__M__400,M,400,1600,virus,0.9999279975891113,0.106636,0.051470,0.050397,0.043248,0.020650,0.727600
NC_078867.1,NC_078867.1__M__350,M,350,1650,virus,0.9999345541000366,0.090799,0.044655,0.045076,0.041364,0.016083,0.762023
NC_078867.1,NC_078867.1__M__300,M,300,1700,virus,0.9998795986175537,0.102647,0.056007,0.057993,0.048645,0.021069,0.713639
NC_078867.1,NC_078867.1__M__250,M,250,1750,virus,0.9998757839202881,0.071898,0.053843,0.068784,0.103460,0.021279,0.680736
NC_078867.1,NC_078867.1__M__200,M,200,1800,virus,0.9998807907104492,0.072290,0.057261,0.076564,0.151763,0.023902,0.618220
NC_078867.1,NC_078867.1__M__150,M,150,1850,virus,0.9998181462287903,0.069715,0.076576,0.073058,0.195604,0.029906,0.555141
NC_078867.1,NC_078867.1__M__100,M,100,1900,virus,0.9996752738952637,0.061186,0.091010,0.090893,0.311555,0.032877,0.412479
NC_078867.1,NC_078867.1__M__50,M,50,1950,archaea,0.999810516834259,0.042316,0.187107,0.081549,0.558867,0.037755,0.092405
NC_078867.1,NC_078867.1__M__1,M,1,1999,archaea,0.999897837638855,0.025668,0.109722,0.059957,0.706699,0.031803,0.066150
NC_078917.1,NC_078917.1__none__0,none,0,2000,virus,0.9996706247329712,0.014394,0.024947,0.022003,0.016100,0.015815,0.906741
NC_078917.1,NC_078917.1__M__500,M,500,1500,virus,0.9982461929321289,0.325978,0.056832,0.039212,0.046477,0.027298,0.504203
NC_078917.1,NC_078917.1__M__450,M,450,1550,virus,0.9991851449012756,0.217340,0.036309,0.033396,0.042036,0.022844,0.648075
NC_078917.1,NC_078917.1__M__400,M,400,1600,virus,0.9993773102760315,0.139227,0.027040,0.033032,0.032141,0.017341,0.751219
NC_078917.1,NC_078917.1__M__350,M,350,1650,virus,0.9993664622306824,0.059237,0.023767,0.023479,0.021699,0.014012,0.857807
NC_078917.1,NC_078917.1__M__300,M,300,1700,virus,0.9993718266487122,0.038409,0.020156,0.021302,0.017031,0.013260,0.889842
NC_078917.1,NC_078917.1__M__250,M,250,1750,virus,0.999517560005188,0.038899,0.028147,0.023106,0.020550,0.017322,0.871975
NC_078917.1,NC_078917.1__M__200,M,200,1800,virus,0.9996297359466553,0.046130,0.025295,0.023143,0.020220,0.017962,0.867249
NC_078917.1,NC_078917.1__M__150,M,150,1850,virus,0.9994314312934875,0.026758,0.019883,0.020520,0.019356,0.013260,0.900224
NC_078917.1,NC_078917.1__M__100,M,100,1900,virus,0.9993200302124023,0.014441,0.017204,0.018994,0.013904,0.011784,0.923673
NC_078917.1,NC_078917.1__M__50,M,50,1950,virus,0.9996165037155151,0.013941,0.024538,0.018784,0.014997,0.014779,0.912961
NC_078917.1,NC_078917.1__M__1,M,1,1999,virus,0.9996693134307861,0.014409,0.024961,0.022013,0.016115,0.015830,0.906671
NC_079036.1,NC_079036.1__none__0,none,0,2000,virus,0.9995899796485901,0.013624,0.022890,0.021044,0.015313,0.018307,0.908821
NC_079036.1,NC_079036.1__M__500,M,500,1500,virus,0.9995539784431458,0.326433,0.139721,0.043809,0.070614,0.054636,0.364788
NC_079036.1,NC_079036.1__M__450,M,450,1550,virus,0.9998030066490173,0.147537,0.104150,0.037658,0.055002,0.045707,0.609946
NC_079036.1,NC_079036.1__M__400,M,400,1600,virus,0.999872088432312,0.261369,0.211372,0.047483,0.075845,0.073418,0.330513
NC_079036.1,NC_079036.1__M__350,M,350,1650,virus,0.9998944997787476,0.257784,0.162520,0.040045,0.057756,0.103699,0.378196
NC_079036.1,NC_079036.1__M__300,M,300,1700,virus,0.9999020099639893,0.147927,0.135842,0.038801,0.054947,0.077613,0.544870
NC_079036.1,NC_079036.1__M__250,M,250,1750,virus,0.9998843669891357,0.077998,0.075897,0.037636,0.045215,0.047064,0.716190
NC_079036.1,NC_079036.1__M__200,M,200,1800,virus,0.9998965263366699,0.064236,0.058397,0.035724,0.040383,0.038955,0.762305
NC_079036.1,NC_079036.1__M__150,M,150,1850,virus,0.9998378753662109,0.090921,0.125618,0.048383,0.061594,0.074298,0.599186
NC_079036.1,NC_079036.1__M__100,M,100,1900,virus,0.9996696710586548,0.070353,0.112242,0.045320,0.056461,0.061977,0.653647
NC_079036.1,NC_079036.1__M__50,M,50,1950,virus,0.9995750784873962,0.021336,0.036176,0.031194,0.034918,0.025469,0.850907
NC_079036.1,NC_079036.1__M__1,M,1,1999,virus,0.9995875954627991,0.013657,0.022972,0.021051,0.015319,0.018311,0.908691
NC_079122.1,NC_079122.1__none__0,none,0,2000,virus,0.9999339580535889,0.060470,0.113143,0.103645,0.069706,0.054476,0.598561
NC_079122.1,NC_079122.1__M__500,M,500,1500,virus,0.9999139308929443,0.134233,0.097676,0.057908,0.061180,0.050400,0.598603
NC_079122.1,NC_079122.1__M__450,M,450,1550,bacteria,0.9999432563781738,0.500905,0.176984,0.047136,0.076702,0.081533,0.116740
NC_079122.1,NC_079122.1__M__400,M,400,1600,virus,0.9999300241470337,0.230122,0.172145,0.068172,0.093358,0.073754,0.362449
NC_079122.1,NC_079122.1__M__350,M,350,1650,virus,0.9999319314956665,0.198739,0.183780,0.065802,0.089163,0.062967,0.399549
NC_079122.1,NC_079122.1__M__300,M,300,1700,virus,0.9999299049377441,0.170561,0.124489,0.066629,0.082278,0.042420,0.513623
NC_079122.1,NC_079122.1__M__250,M,250,1750,virus,0.9999196529388428,0.088315,0.070285,0.057085,0.052640,0.031327,0.700350
NC_079122.1,NC_079122.1__M__200,M,200,1800,virus,0.9999371767044067,0.109512,0.080507,0.072234,0.063539,0.040981,0.633227
NC_079122.1,NC_079122.1__M__150,M,150,1850,bacteria,0.9999330043792725,0.271878,0.162393,0.103067,0.134166,0.079862,0.248634
NC_079122.1,NC_079122.1__M__100,M,100,1900,virus,0.9998890161514282,0.220052,0.180657,0.103566,0.143607,0.080431,0.271687
NC_079122.1,NC_079122.1__M__50,M,50,1950,virus,0.9999327659606934,0.088074,0.258554,0.086100,0.086251,0.065104,0.415917
NC_079122.1,NC_079122.1__M__1,M,1,1999,virus,0.9999339580535889,0.060158,0.112711,0.103401,0.069489,0.054305,0.599936
NC_075296.1,NC_075296.1__none__0,none,0,2000,virus,0.9597584009170532,0.023421,0.043945,0.039473,0.028483,0.028832,0.835846
NC_075296.1,NC_075296.1__M__500,M,500,1500,virus,0.9983100891113281,0.061756,0.032271,0.027531,0.031658,0.021232,0.825551
NC_075296.1,NC_075296.1__M__450,M,450,1550,virus,0.998504638671875,0.075525,0.034154,0.028137,0.032425,0.025294,0.804465
NC_075296.1,NC_075296.1__M__400,M,400,1600,virus,0.9986879229545593,0.136927,0.041723,0.033335,0.043424,0.028060,0.716531
NC_075296.1,NC_075296.1__M__350,M,350,1650,virus,0.9985964894294739,0.156152,0.040672,0.034058,0.044523,0.026627,0.697969
NC_075296.1,NC_075296.1__M__300,M,300,1700,virus,0.9970878958702087,0.093135,0.029524,0.029015,0.036047,0.021225,0.791055
NC_075296.1,NC_075296.1__M__250,M,250,1750,virus,0.9976599216461182,0.080396,0.033579,0.029033,0.035892,0.023048,0.798052
NC_075296.1,NC_075296.1__M__200,M,200,1800,virus,0.9967421889305115,0.063036,0.031915,0.026722,0.033808,0.025018,0.819500
NC_075296.1,NC_075296.1__M__150,M,150,1850,virus,0.9942943453788757,0.032876,0.027397,0.024795,0.026116,0.021414,0.867403
NC_075296.1,NC_075296.1__M__100,M,100,1900,virus,0.9926643967628479,0.036969,0.039606,0.029394,0.031878,0.027587,0.834567
NC_075296.1,NC_075296.1__M__50,M,50,1950,virus,0.9660093784332275,0.033931,0.072925,0.045317,0.039158,0.039293,0.769376
NC_075296.1,NC_075296.1__M__1,M,1,1999,virus,0.9594825506210327,0.023424,0.043912,0.039487,0.028479,0.028822,0.835875
NC_076013.1,NC_076013.1__none__0,none,0,2000,virus,0.9918316006660461,0.011147,0.018909,0.019744,0.014819,0.015522,0.919859
NC_076013.1,NC_076013.1__M__500,M,500,1500,virus,0.989980161190033,0.013700,0.018942,0.020861,0.014736,0.013630,0.918130
NC_076013.1,NC_076013.1__M__450,M,450,1550,virus,0.9919809103012085,0.013703,0.015755,0.014998,0.012295,0.011508,0.931740
NC_076013.1,NC_076013.1__M__400,M,400,1600,virus,0.9956176280975342,0.013430,0.015315,0.014900,0.012213,0.011560,0.932582
NC_076013.1,NC_076013.1__M__350,M,350,1650,virus,0.993164598941803,0.011953,0.015684,0.015158,0.012580,0.012158,0.932468
NC_076013.1,NC_076013.1__M__300,M,300,1700,virus,0.9874787330627441,0.011021,0.016661,0.014360,0.012890,0.013436,0.931631
NC_076013.1,NC_076013.1__M__250,M,250,1750,virus,0.9913212656974792,0.011344,0.018378,0.015646,0.013574,0.014216,0.926842
NC_076013.1,NC_076013.1__M__200,M,200,1800,virus,0.9911297559738159,0.010973,0.017011,0.015328,0.013053,0.014054,0.929581
NC_076013.1,NC_076013.1__M__150,M,150,1850,virus,0.9914844632148743,0.011263,0.017979,0.018493,0.014030,0.014974,0.923262
NC_076013.1,NC_076013.1__M__100,M,100,1900,virus,0.9870368242263794,0.011166,0.017504,0.017592,0.013811,0.014393,0.925534
NC_076013.1,NC_076013.1__M__50,M,50,1950,virus,0.9911313652992249,0.011225,0.018106,0.017614,0.014273,0.014897,0.923885
NC_076013.1,NC_076013.1__M__1,M,1,1999,virus,0.9919226169586182,0.011155,0.018923,0.019774,0.014832,0.015526,0.919790
NC_076016.1,NC_076016.1__none__0,none,0,2000,virus,0.9997270703315735,0.021698,0.061559,0.025637,0.022755,0.021989,0.846361
NC_076016.1,NC_076016.1__M__500,M,500,1500,bacteria,0.999876856803894,0.790486,0.050802,0.018050,0.028704,0.035757,0.076200
NC_076016.1,NC_076016.1__M__450,M,450,1550,bacteria,0.9999039173126221,0.647266,0.055662,0.024023,0.038450,0.038967,0.195633
NC_076016.1,NC_076016.1__M__400,M,400,1600,bacteria,0.9998522996902466,0.631510,0.052476,0.023719,0.038683,0.040222,0.213390
NC_076016.1,NC_076016.1__M__350,M,350,1650,virus,0.999833345413208,0.421272,0.040630,0.030632,0.039076,0.034843,0.433546
NC_076016.1,NC_076016.1__M__300,M,300,1700,virus,0.9998247027397156,0.317893,0.041459,0.033546,0.042105,0.031422,0.533576
NC_076016.1,NC_076016.1__M__250,M,250,1750,virus,0.9997971653938293,0.228178,0.047485,0.037054,0.046534,0.026580,0.614168
NC_076016.1,NC_076016.1__M__200,M,200,1800,virus,0.9998326301574707,0.102113,0.029227,0.032893,0.032527,0.016186,0.787053
NC_076016.1,NC_076016.1__M__150,M,150,1850,virus,0.9998440742492676,0.112968,0.049782,0.025616,0.039160,0.025769,0.746705
NC_076016.1,NC_076016.1__M__100,M,100,1900,virus,0.9997230172157288,0.058962,0.040664,0.027653,0.033134,0.020349,0.819239
NC_076016.1,NC_076016.1__M__50,M,50,1950,virus,0.999643087387085,0.022509,0.038804,0.024028,0.022937,0.019521,0.872201
NC_076016.1,NC_076016.1__M__1,M,1,1999,virus,0.9997274279594421,0.021743,0.061862,0.025669,0.022792,0.022021,0.845914
NC_076099.1,NC_076099.1__none__0,none,0,2000,virus,0.9764487743377686,0.014781,0.033803,0.036820,0.014408,0.015356,0.884832
NC_076099.1,NC_076099.1__M__500,M,500,1500,virus,0.9884716272354126,0.139082,0.041605,0.041923,0.034394,0.019816,0.723180
NC_076099.1,NC_076099.1__M__450,M,450,1550,virus,0.9857189059257507,0.174673,0.037345,0.043774,0.029521,0.021200,0.693488
NC_076099.1,NC_076099.1__M__400,M,400,1600,virus,0.9910691976547241,0.391193,0.079567,0.059352,0.043870,0.032613,0.393406
NC_076099.1,NC_076099.1__M__350,M,350,1650,virus,0.9900022745132446,0.183552,0.045058,0.055038,0.032224,0.021737,0.662390
NC_076099.1,NC_076099.1__M__300,M,300,1700,virus,0.9889243245124817,0.229240,0.039917,0.047550,0.034537,0.023628,0.625128
NC_076099.1,NC_076099.1__M__250,M,250,1750,virus,0.9895610809326172,0.231943,0.051022,0.061456,0.034840,0.024157,0.596582
NC_076099.1,NC_076099.1__M__200,M,200,1800,virus,0.9863588213920593,0.127825,0.054351,0.060857,0.030522,0.021115,0.705330
NC_076099.1,NC_076099.1__M__150,M,150,1850,virus,0.985988199710846,0.226083,0.093918,0.065204,0.042782,0.048990,0.523023
NC_076099.1,NC_076099.1__M__100,M,100,1900,virus,0.9671832919120789,0.200712,0.114634,0.098843,0.043098,0.045189,0.497524
NC_076099.1,NC_076099.1__M__50,M,50,1950,virus,0.9702880382537842,0.017809,0.051239,0.052443,0.017484,0.018649,0.842376
NC_076099.1,NC_076099.1__M__1,M,1,1999,virus,0.9761685729026794,0.014827,0.033820,0.037113,0.014435,0.015363,0.884442
NC_076400.1,NC_076400.1__none__0,none,0,2000,bacteria,0.9999936819076538,0.907366,0.020715,0.016536,0.019193,0.021717,0.014473
NC_076400.1,NC_076400.1__M__500,M,500,1500,bacteria,0.9999862909317017,0.931598,0.014590,0.012479,0.012568,0.016924,0.011842
NC_076400.1,NC_076400.1__M__450,M,450,1550,bacteria,0.9999868869781494,0.931351,0.015209,0.013167,0.011581,0.017131,0.011561
NC_076400.1,NC_076400.1__M__400,M,400,1600,bacteria,0.9999865293502808,0.936963,0.014898,0.009686,0.012026,0.016215,0.010211
NC_076400.1,NC_076400.1__M__350,M,350,1650,bacteria,0.9999840259552002,0.919843,0.018262,0.015407,0.014165,0.018935,0.013388
NC_076400.1,NC_076400.1__M__300,M,300,1700,bacteria,0.9999840259552002,0.919843,0.018262,0.015407,0.014165,0.018935,0.013388
NC_076400.1,NC_076400.1__M__250,M,250,1750,bacteria,0.9999823570251465,0.914583,0.019529,0.016679,0.015271,0.019873,0.014065
NC_076400.1,NC_076400.1__M__200,M,200,1800,bacteria,0.9999620914459229,0.919332,0.017324,0.013193,0.013897,0.023470,0.012785
NC_076400.1,NC_076400.1__M__150,M,150,1850,bacteria,0.9999796152114868,0.920823,0.018879,0.010797,0.015673,0.022467,0.011361
NC_076400.1,NC_076400.1__M__100,M,100,1900,bacteria,0.9999765157699585,0.923602,0.018262,0.009884,0.015292,0.022109,0.010850
NC_076400.1,NC_076400.1__M__50,M,50,1950,bacteria,0.999993085861206,0.915621,0.018308,0.014279,0.017621,0.021189,0.012982
NC_076400.1,NC_076400.1__M__1,M,1,1999,bacteria,0.9999936819076538,0.907463,0.020696,0.016507,0.019183,0.021693,0.014458
NC_076412.1,NC_076412.1__none__0,none,0,2000,virus,0.999618649482727,0.011512,0.019588,0.029335,0.014074,0.013801,0.911692
NC_076412.1,NC_076412.1__M__500,M,500,1500,virus,0.999875545501709,0.026747,0.016975,0.023478,0.019302,0.009056,0.904443
NC_076412.1,NC_076412.1__M__450,M,450,1550,virus,0.9998626708984375,0.028643,0.016588,0.023006,0.019177,0.009333,0.903253
NC_076412.1,NC_076412.1__M__400,M,400,1600,virus,0.999904990196228,0.027929,0.015362,0.022469,0.019033,0.009359,0.905849
NC_076412.1,NC_076412.1__M__350,M,350,1650,virus,0.9999140501022339,0.024323,0.014497,0.019920,0.015999,0.009367,0.915895
NC_076412.1,NC_076412.1__M__300,M,300,1700,virus,0.9998522996902466,0.023122,0.013890,0.018433,0.014421,0.009167,0.920967
NC_076412.1,NC_076412.1__M__250,M,250,1750,virus,0.9998558759689331,0.025634,0.017061,0.032977,0.017809,0.011239,0.895280
NC_076412.1,NC_076412.1__M__200,M,200,1800,virus,0.9998277425765991,0.024452,0.015438,0.028539,0.017204,0.010887,0.903480
NC_076412.1,NC_076412.1__M__150,M,150,1850,virus,0.999782383441925,0.017096,0.015177,0.025147,0.016154,0.012401,0.914025
NC_076412.1,NC_076412.1__M__100,M,100,1900,virus,0.9996711015701294,0.014122,0.015345,0.021458,0.014948,0.012426,0.921700
NC_076412.1,NC_076412.1__M__50,M,50,1950,virus,0.9994021654129028,0.012458,0.019019,0.034274,0.014951,0.015213,0.904084
NC_076412.1,NC_076412.1__M__1,M,1,1999,virus,0.9996182918548584,0.011598,0.019806,0.030021,0.014191,0.013915,0.910469
NC_076598.1,NC_076598.1__none__0,none,0,2000,virus,0.993477463722229,0.032768,0.016522,0.036835,0.018162,0.011088,0.884626
NC_076598.1,NC_076598.1__M__500,M,500,1500,bacteria,0.9982448816299438,0.456726,0.030126,0.053110,0.030017,0.018048,0.411972
NC_076598.1,NC_076598.1__M__450,M,450,1550,bacteria,0.9983614087104797,0.515106,0.026752,0.057763,0.028589,0.018470,0.353319
NC_076598.1,NC_076598.1__M__400,M,400,1600,bacteria,0.9983677268028259,0.704127,0.027740,0.041413,0.027215,0.020946,0.178559
NC_076598.1,NC_076598.1__M__350,M,350,1650,virus,0.9954462051391602,0.288428,0.026363,0.050097,0.028768,0.016977,0.589367
NC_076598.1,NC_076598.1__M__300,M,300,1700,virus,0.9931435585021973,0.146878,0.020398,0.042512,0.024402,0.011588,0.754220
NC_076598.1,NC_076598.1__M__250,M,250,1750,virus,0.9913262724876404,0.081860,0.017524,0.032983,0.020481,0.009720,0.837432
NC_076598.1,NC_076598.1__M__200,M,200,1800,virus,0.9908916354179382,0.057413,0.016222,0.023952,0.018471,0.009394,0.874549
NC_076598.1,NC_076598.1__M__150,M,150,1850,virus,0.9887406229972839,0.055908,0.017075,0.026491,0.018413,0.009575,0.872538
NC_076598.1,NC_076598.1__M__100,M,100,1900,virus,0.987689733505249,0.056366,0.018673,0.033122,0.020230,0.010024,0.861586
NC_076598.1,NC_076598.1__M__50,M,50,1950,virus,0.9939858913421631,0.050519,0.018580,0.046289,0.021412,0.011532,0.851668
NC_076598.1,NC_076598.1__M__1,M,1,1999,virus,0.993457019329071,0.032715,0.016504,0.036668,0.018129,0.011077,0.884908
NC_076602.1,NC_076602.1__none__0,none,0,2000,phage,0.984245240688324,0.017925,0.913088,0.012034,0.015997,0.024317,0.016640
NC_076602.1,NC_076602.1__M__500,M,500,1500,bacteria,0.9969680905342102,0.708934,0.147777,0.031931,0.034105,0.035579,0.041675
NC_076602.1,NC_076602.1__M__450,M,450,1550,bacteria,0.9977275729179382,0.638317,0.183660,0.032346,0.037694,0.045035,0.062948
NC_076602.1,NC_076602.1__M__400,M,400,1600,bacteria,0.9976824522018433,0.651822,0.183833,0.031424,0.036579,0.042760,0.053583
NC_076602.1,NC_076602.1__M__350,M,350,1650,bacteria,0.9979009628295898,0.704218,0.169215,0.024199,0.031059,0.041839,0.029469
NC_076602.1,NC_076602.1__M__300,M,300,1700,bacteria,0.9975838661193848,0.521541,0.310575,0.028931,0.036698,0.048707,0.053549
NC_076602.1,NC_076602.1__M__250,M,250,1750,phage,0.9982990622520447,0.323644,0.483907,0.031557,0.037743,0.059427,0.063722
NC_076602.1,NC_076602.1__M__200,M,200,1800,phage,0.9984179735183716,0.230115,0.628325,0.024010,0.032004,0.048432,0.037114
NC_076602.1,NC_076602.1__M__150,M,150,1850,phage,0.997904896736145,0.098280,0.808836,0.014739,0.020793,0.038582,0.018770
NC_076602.1,NC_076602.1__M__100,M,100,1900,phage,0.9943199157714844,0.052573,0.868564,0.012194,0.016646,0.034347,0.015675
NC_076602.1,NC_076602.1__M__50,M,50,1950,phage,0.9836806058883667,0.017204,0.920767,0.011158,0.015109,0.020722,0.015040
NC_076602.1,NC_076602.1__M__1,M,1,1999,phage,0.9841356873512268,0.017938,0.912610,0.012117,0.016043,0.024468,0.016824
NC_076658.1,NC_076658.1__none__0,none,0,2000,virus,0.9736325740814209,0.023412,0.157181,0.134330,0.029531,0.055830,0.599716
NC_076658.1,NC_076658.1__M__500,M,500,1500,bacteria,0.9960299134254456,0.642941,0.179206,0.038609,0.037605,0.064769,0.036869
NC_076658.1,NC_076658.1__M__450,M,450,1550,bacteria,0.9962329268455505,0.691783,0.151191,0.031108,0.035318,0.051036,0.039563
NC_076658.1,NC_076658.1__M__400,M,400,1600,bacteria,0.9961097836494446,0.636634,0.204148,0.028878,0.035826,0.060530,0.033983
NC_076658.1,NC_076658.1__M__350,M,350,1650,bacteria,0.9952405691146851,0.672035,0.147058,0.041310,0.037919,0.051207,0.050471
NC_076658.1,NC_076658.1__M__300,M,300,1700,bacteria,0.9941561222076416,0.634657,0.187691,0.038996,0.040139,0.047207,0.051310
NC_076658.1,NC_076658.1__M__250,M,250,1750,bacteria,0.9937977194786072,0.707557,0.073704,0.062946,0.036175,0.039755,0.079862
NC_076658.1,NC_076658.1__M__200,M,200,1800,bacteria,0.9916489124298096,0.704240,0.074580,0.069702,0.034778,0.042245,0.074454
NC_076658.1,NC_076658.1__M__150,M,150,1850,bacteria,0.9903951287269592,0.375912,0.282988,0.074197,0.054904,0.112663,0.099336
NC_076658.1,NC_076658.1__M__100,M,100,1900,phage,0.9862130880355835,0.186245,0.532484,0.050275,0.046711,0.113066,0.071219
NC_076658.1,NC_076658.1__M__50,M,50,1950,virus,0.952006459236145,0.033727,0.243364,0.139947,0.034797,0.074751,0.473414
NC_076658.1,NC_076658.1__M__1,M,1,1999,virus,0.9735393524169922,0.023478,0.159552,0.134367,0.029569,0.055614,0.597420
NC_076678.1,NC_076678.1__none__0,none,0,2000,eukarya,0.999442994594574,0.015850,0.048998,0.795985,0.022126,0.023062,0.093979
NC_076678.1,NC_076678.1__M__500,M,500,1500,bacteria,0.9991976618766785,0.829066,0.059709,0.044009,0.028180,0.020658,0.018378
NC_076678.1,NC_076678.1__M__450,M,450,1550,bacteria,0.9994946718215942,0.768423,0.061833,0.086404,0.033331,0.025480,0.024530
NC_076678.1,NC_076678.1__M__400,M,400,1600,bacteria,0.9995243549346924,0.538253,0.097567,0.215110,0.054159,0.026300,0.068611
NC_076678.1,NC_076678.1__M__350,M,350,1650,bacteria,0.9993902444839478,0.625101,0.109472,0.125097,0.048975,0.023933,0.067421
NC_076678.1,NC_076678.1__M__300,M,300,1700,bacteria,0.9991747736930847,0.539420,0.212949,0.086875,0.055182,0.029460,0.076113
NC_076678.1,NC_076678.1__M__250,M,250,1750,bacteria,0.9991065859794617,0.289024,0.242604,0.232217,0.060664,0.042172,0.133319
NC_076678.1,NC_076678.1__M__200,M,200,1800,eukarya,0.9988106489181519,0.100547,0.155726,0.453793,0.049033,0.032680,0.208222
NC_076678.1,NC_076678.1__M__150,M,150,1850,eukarya,0.9986793398857117,0.042961,0.097720,0.732692,0.031432,0.021300,0.073895
NC_076678.1,NC_076678.1__M__100,M,100,1900,eukarya,0.9980059266090393,0.046039,0.124530,0.697865,0.033900,0.026599,0.071066
NC_076678.1,NC_076678.1__M__50,M,50,1950,eukarya,0.9992387294769287,0.018978,0.063411,0.754370,0.025024,0.022010,0.116206
NC_076678.1,NC_076678.1__M__1,M,1,1999,eukarya,0.9994413256645203,0.015839,0.048845,0.796643,0.022092,0.023052,0.093530
NC_076687.1,NC_076687.1__none__0,none,0,2000,eukarya,0.9995664954185486,0.026978,0.024947,0.630404,0.035492,0.032628,0.249553
NC_076687.1,NC_076687.1__M__500,M,500,1500,bacteria,0.9990921020507812,0.712034,0.032653,0.048406,0.044877,0.022934,0.139097
NC_076687.1,NC_076687.1__M__450,M,450,1550,bacteria,0.9991439580917358,0.488823,0.037555,0.080150,0.150489,0.027816,0.215167
NC_076687.1,NC_076687.1__M__400,M,400,1600,bacteria,0.9993218183517456,0.560855,0.036279,0.096298,0.061890,0.026915,0.217762
NC_076687.1,NC_076687.1__M__350,M,350,1650,bacteria,0.9996211528778076,0.648399,0.034853,0.061247,0.070297,0.025168,0.160036
NC_076687.1,NC_076687.1__M__300,M,300,1700,bacteria,0.9994214773178101,0.547386,0.045303,0.114313,0.096265,0.028322,0.168411
NC_076687.1,NC_076687.1__M__250,M,250,1750,virus,0.9993958473205566,0.320222,0.050461,0.181369,0.067168,0.030644,0.350137
NC_076687.1,NC_076687.1__M__200,M,200,1800,virus,0.9995720982551575,0.336279,0.056664,0.143074,0.068544,0.038421,0.357018
NC_076687.1,NC_076687.1__M__150,M,150,1850,virus,0.9994070529937744,0.117737,0.041776,0.328430,0.117544,0.029600,0.364913
NC_076687.1,NC_076687.1__M__100,M,100,1900,virus,0.9991791844367981,0.078913,0.041650,0.204577,0.068950,0.038607,0.567302
NC_076687.1,NC_076687.1__M__50,M,50,1950,eukarya,0.9994248151779175,0.027552,0.023454,0.688987,0.035758,0.029251,0.194998
NC_076687.1,NC_076687.1__M__1,M,1,1999,eukarya,0.9995649456977844,0.027036,0.025004,0.628725,0.035597,0.032726,0.250912
NC_076725.1,NC_076725.1__none__0,none,0,2000,virus,0.6464369297027588,0.040646,0.017576,0.021673,0.017203,0.012161,0.890740
NC_076725.1,NC_076725.1__M__500,M,500,1500,bacteria,0.6426148414611816,0.559823,0.030651,0.048056,0.033946,0.023430,0.304093
NC_076725.1,NC_076725.1__M__450,M,450,1550,bacteria,0.8454796075820923,0.747669,0.029797,0.031022,0.029987,0.024783,0.136742
NC_076725.1,NC_076725.1__M__400,M,400,1600,bacteria,0.900941014289856,0.554797,0.035792,0.038700,0.037869,0.022370,0.310471
NC_076725.1,NC_076725.1__M__350,M,350,1650,virus,0.8619011640548706,0.338533,0.028892,0.038523,0.033724,0.017672,0.542656
NC_076725.1,NC_076725.1__M__300,M,300,1700,virus,0.8309170007705688,0.309095,0.027760,0.040636,0.032597,0.016053,0.573858
NC_076725.1,NC_076725.1__M__250,M,250,1750,virus,0.7806822061538696,0.193493,0.024983,0.038036,0.030356,0.013814,0.699318
NC_076725.1,NC_076725.1__M__200,M,200,1800,virus,0.7179137468338013,0.255340,0.028977,0.043146,0.032685,0.014829,0.625023
NC_076725.1,NC_076725.1__M__150,M,150,1850,virus,0.6575479507446289,0.160109,0.031428,0.042217,0.030730,0.013589,0.721928
NC_076725.1,NC_076725.1__M__100,M,100,1900,virus,0.5106422901153564,0.139952,0.036585,0.040015,0.031438,0.013753,0.738257
NC_076725.1,NC_076725.1__M__50,M,50,1950,virus,0.5859858393669128,0.057987,0.021092,0.026691,0.019444,0.011674,0.863112
NC_076725.1,NC_076725.1__M__1,M,1,1999,virus,0.644966185092926,0.040865,0.017604,0.021732,0.017228,0.012165,0.890405
NC_076729.1,NC_076729.1__none__0,none,0,2000,virus,0.39348432421684265,0.015904,0.029951,0.034481,0.014247,0.015284,0.890134
NC_076729.1,NC_076729.1__M__500,M,500,1500,virus,0.6313793063163757,0.191941,0.026361,0.073930,0.027985,0.011800,0.667982
NC_076729.1,NC_076729.1__M__450,M,450,1550,virus,0.8167764544487,0.136218,0.022287,0.046978,0.023376,0.009913,0.761228
NC_076729.1,NC_076729.1__M__400,M,400,1600,virus,0.8487638235092163,0.108697,0.020282,0.044118,0.023013,0.008456,0.795433
NC_076729.1,NC_076729.1__M__350,M,350,1650,virus,0.9066551923751831,0.171471,0.023905,0.045121,0.025314,0.010065,0.724124
NC_076729.1,NC_076729.1__M__300,M,300,1700,virus,0.8882507681846619,0.150638,0.024635,0.073699,0.026532,0.010459,0.714036
NC_076729.1,NC_076729.1__M__250,M,250,1750,virus,0.901960015296936,0.092030,0.018897,0.042058,0.017873,0.008210,0.820932
NC_076729.1,NC_076729.1__M__200,M,200,1800,virus,0.9166601300239563,0.100514,0.021169,0.042445,0.022130,0.009213,0.804528
NC_076729.1,NC_076729.1__M__150,M,150,1850,virus,0.8666837811470032,0.103875,0.034806,0.063885,0.026801,0.012884,0.757749
NC_076729.1,NC_076729.1__M__100,M,100,1900,virus,0.7893925905227661,0.051990,0.024597,0.037347,0.019595,0.010041,0.856430
NC_076729.1,NC_076729.1__M__50,M,50,1950,virus,0.4326885938644409,0.021070,0.046689,0.048248,0.018414,0.016696,0.848883
NC_076729.1,NC_076729.1__M__1,M,1,1999,virus,0.39255160093307495,0.015945,0.030025,0.034680,0.014288,0.015311,0.889751
NC_076823.1,NC_076823.1__none__0,none,0,2000,virus,0.9997256398200989,0.138679,0.026574,0.051756,0.027795,0.013450,0.741746
NC_076823.1,NC_076823.1__M__500,M,500,1500,bacteria,0.9996238946914673,0.544735,0.030406,0.037096,0.032044,0.024129,0.331590
NC_076823.1,NC_076823.1__M__450,M,450,1550,bacteria,0.9998125433921814,0.645427,0.030547,0.035339,0.029524,0.022998,0.236165
NC_076823.1,NC_076823.1__M__400,M,400,1600,bacteria,0.9997833371162415,0.503375,0.030806,0.039858,0.028810,0.021818,0.375333
NC_076823.1,NC_076823.1__M__350,M,350,1650,virus,0.9998157620429993,0.324294,0.029278,0.044996,0.028690,0.018417,0.554324
NC_076823.1,NC_076823.1__M__300,M,300,1700,virus,0.9997738003730774,0.246068,0.026917,0.041461,0.029088,0.017768,0.638697
NC_076823.1,NC_076823.1__M__250,M,250,1750,bacteria,0.9998352527618408,0.445027,0.032181,0.044636,0.034040,0.025434,0.418683
NC_076823.1,NC_076823.1__M__200,M,200,1800,virus,0.9998461008071899,0.325817,0.031638,0.043244,0.034164,0.023996,0.541141
NC_076823.1,NC_076823.1__M__150,M,150,1850,virus,0.9998420476913452,0.369553,0.035778,0.042628,0.032483,0.023291,0.496267
NC_076823.1,NC_076823.1__M__100,M,100,1900,virus,0.9996942281723022,0.285907,0.034143,0.049433,0.030329,0.018585,0.581603
NC_076823.1,NC_076823.1__M__50,M,50,1950,virus,0.9995065927505493,0.313362,0.038272,0.061622,0.041521,0.018928,0.526295
NC_076823.1,NC_076823.1__M__1,M,1,1999,virus,0.9997285008430481,0.140786,0.026809,0.052178,0.028019,0.013584,0.738623
NC_076901.1,NC_076901.1__none__0,none,0,2000,virus,0.9950447082519531,0.023658,0.258960,0.093503,0.027220,0.025669,0.570990
NC_076901.1,NC_076901.1__M__500,M,500,1500,virus,0.9939938187599182,0.049562,0.075858,0.156075,0.030250,0.018172,0.670084
NC_076901.1,NC_076901.1__M__450,M,450,1550,bacteria,0.9981428384780884,0.294201,0.283338,0.090093,0.066885,0.041959,0.223524
NC_076901.1,NC_076901.1__M__400,M,400,1600,virus,0.9986028075218201,0.168984,0.175986,0.090729,0.055845,0.032058,0.476399
NC_076901.1,NC_076901.1__M__350,M,350,1650,virus,0.9984661340713501,0.130252,0.093649,0.110424,0.043847,0.023830,0.597998
NC_076901.1,NC_076901.1__M__300,M,300,1700,virus,0.9977005124092102,0.082494,0.084717,0.186025,0.043355,0.023595,0.579814
NC_076901.1,NC_076901.1__M__250,M,250,1750,virus,0.9983592629432678,0.131054,0.082103,0.186441,0.046171,0.028430,0.525800
NC_076901.1,NC_076901.1__M__200,M,200,1800,virus,0.9975879192352295,0.041752,0.056233,0.192582,0.032219,0.021755,0.655458
NC_076901.1,NC_076901.1__M__150,M,150,1850,virus,0.9972892999649048,0.030942,0.083449,0.121111,0.029837,0.022587,0.712074
NC_076901.1,NC_076901.1__M__100,M,100,1900,virus,0.9958071708679199,0.019919,0.051936,0.056178,0.019871,0.017884,0.834213
NC_076901.1,NC_076901.1__M__50,M,50,1950,virus,0.9952852129936218,0.023622,0.223242,0.092683,0.025918,0.024739,0.609796
NC_076901.1,NC_076901.1__M__1,M,1,1999,virus,0.995061457157135,0.023630,0.258579,0.093327,0.027174,0.025657,0.571633
NC_076937.1,NC_076937.1__none__0,none,0,2000,phage,0.999964714050293,0.028798,0.680771,0.070973,0.065697,0.030449,0.123310
NC_076937.1,NC_076937.1__M__500,M,500,1500,bacteria,0.9999287128448486,0.598030,0.117776,0.058602,0.144188,0.030273,0.051131
NC_076937.1,NC_076937.1__M__450,M,450,1550,bacteria,0.999962568283081,0.528965,0.153231,0.065482,0.156633,0.034965,0.060724
NC_076937.1,NC_076937.1__M__400,M,400,1600,archaea,0.9999750852584839,0.170295,0.203001,0.061207,0.481187,0.030200,0.054110
NC_076937.1,NC_076937.1__M__350,M,350,1650,bacteria,0.9999806880950928,0.296083,0.238759,0.080882,0.273656,0.037733,0.072888
NC_076937.1,NC_076937.1__M__300,M,300,1700,bacteria,0.9999752044677734,0.292730,0.255578,0.098920,0.198905,0.040156,0.113712
NC_076937.1,NC_076937.1__M__250,M,250,1750,archaea,0.999968409538269,0.103881,0.131694,0.076108,0.554000,0.029246,0.105070
NC_076937.1,NC_076937.1__M__200,M,200,1800,archaea,0.9999746084213257,0.176785,0.249841,0.078626,0.348999,0.036777,0.108972
NC_076937.1,NC_076937.1__M__150,M,150,1850,archaea,0.9999668598175049,0.075027,0.325355,0.056833,0.443795,0.034785,0.064205
NC_076937.1,NC_076937.1__M__100,M,100,1900,phage,0.9999432563781738,0.064280,0.448312,0.074748,0.295004,0.038232,0.079424
NC_076937.1,NC_076937.1__M__50,M,50,1950,phage,0.9999562501907349,0.035411,0.622643,0.077759,0.127223,0.034065,0.102898
NC_076937.1,NC_076937.1__M__1,M,1,1999,phage,0.9999648332595825,0.028778,0.682572,0.070645,0.065694,0.030382,0.121929
NC_077019.1,NC_077019.1__none__0,none,0,2000,virus,0.9997250437736511,0.011214,0.033202,0.020305,0.015519,0.020955,0.898805
NC_077019.1,NC_077019.1__M__500,M,500,1500,virus,0.9999253749847412,0.030558,0.040691,0.026587,0.024220,0.014846,0.863099
NC_077019.1,NC_077019.1__M__450,M,450,1550,virus,0.9999537467956543,0.030468,0.028865,0.023421,0.023294,0.013911,0.880040
NC_077019.1,NC_077019.1__M__400,M,400,1600,virus,0.9999600648880005,0.029375,0.027827,0.022928,0.021479,0.013641,0.884751
NC_077019.1,NC_077019.1__M__350,M,350,1650,virus,0.999953031539917,0.032261,0.046451,0.024811,0.028905,0.018718,0.848854
NC_077019.1,NC_077019.1__M__300,M,300,1700,virus,0.9999363422393799,0.027487,0.036169,0.023637,0.025725,0.017456,0.869525
NC_077019.1,NC_077019.1__M__250,M,250,1750,virus,0.9999216794967651,0.039937,0.047762,0.030758,0.033603,0.017367,0.830573
NC_077019.1,NC_077019.1__M__200,M,200,1800,virus,0.9999195337295532,0.037419,0.045432,0.028599,0.034637,0.019978,0.833934
NC_077019.1,NC_077019.1__M__150,M,150,1850,virus,0.9998866319656372,0.023742,0.063370,0.025999,0.031632,0.028872,0.826385
NC_077019.1,NC_077019.1__M__100,M,100,1900,virus,0.9996820688247681,0.014067,0.037054,0.020712,0.019208,0.022375,0.886584
NC_077019.1,NC_077019.1__M__50,M,50,1950,virus,0.9995284080505371,0.011599,0.037678,0.021675,0.016221,0.022294,0.890532
NC_077019.1,NC_077019.1__M__1,M,1,1999,virus,0.9997257590293884,0.011222,0.033331,0.020363,0.015550,0.020992,0.898542
NC_077040.1,NC_077040.1__none__0,none,0,2000,virus,0.9904958009719849,0.033477,0.030050,0.089832,0.027476,0.035912,0.783253
NC_077040.1,NC_077040.1__M__500,M,500,1500,virus,0.9989583492279053,0.068080,0.018231,0.025825,0.019995,0.008107,0.859763
NC_077040.1,NC_077040.1__M__450,M,450,1550,virus,0.9984966516494751,0.055567,0.017274,0.020240,0.018389,0.008385,0.880145
NC_077040.1,NC_077040.1__M__400,M,400,1600,virus,0.9987926483154297,0.033475,0.015705,0.014656,0.015216,0.010346,0.910603
NC_077040.1,NC_077040.1__M__350,M,350,1650,virus,0.9991415739059448,0.022739,0.015436,0.012886,0.013514,0.010614,0.924811
NC_077040.1,NC_077040.1__M__300,M,300,1700,virus,0.9989738464355469,0.027558,0.015616,0.012500,0.014600,0.010464,0.919262
NC_077040.1,NC_077040.1__M__250,M,250,1750,virus,0.9976562261581421,0.028813,0.018850,0.023014,0.016609,0.012051,0.900663
NC_077040.1,NC_077040.1__M__200,M,200,1800,virus,0.9958997368812561,0.025120,0.017500,0.018173,0.015145,0.011159,0.912903
NC_077040.1,NC_077040.1__M__150,M,150,1850,virus,0.9939069151878357,0.023260,0.020080,0.024125,0.017700,0.015730,0.899105
NC_077040.1,NC_077040.1__M__100,M,100,1900,virus,0.9901250600814819,0.020528,0.018500,0.021631,0.016956,0.015821,0.906563
NC_077040.1,NC_077040.1__M__50,M,50,1950,virus,0.9817973375320435,0.026485,0.024907,0.052459,0.022287,0.028950,0.844913
NC_077040.1,NC_077040.1__M__1,M,1,1999,virus,0.9904776811599731,0.033422,0.030029,0.089639,0.027469,0.035860,0.783582
NC_073802.1,NC_073802.1__none__0,none,0,2000,phage,0.9998738765716553,0.016376,0.916347,0.016141,0.017069,0.017132,0.016936
NC_073802.1,NC_073802.1__M__500,M,500,1500,bacteria,0.9995392560958862,0.466155,0.352521,0.027118,0.035246,0.076051,0.042909
NC_073802.1,NC_073802.1__M__450,M,450,1550,bacteria,0.9997658133506775,0.477469,0.349418,0.029608,0.034894,0.065412,0.043200
NC_073802.1,NC_073802.1__M__400,M,400,1600,phage,0.9998735189437866,0.350095,0.487246,0.028884,0.034734,0.056042,0.042999
NC_073802.1,NC_073802.1__M__350,M,350,1650,phage,0.9998767375946045,0.220458,0.635907,0.025692,0.033621,0.042401,0.041921
NC_073802.1,NC_073802.1__M__300,M,300,1700,phage,0.9999343156814575,0.319382,0.529018,0.025738,0.034317,0.048422,0.043123
NC_073802.1,NC_073802.1__M__250,M,250,1750,phage,0.999937891960144,0.203569,0.649753,0.021377,0.029063,0.058088,0.038150
NC_073802.1,NC_073802.1__M__200,M,200,1800,phage,0.9999498128890991,0.145319,0.731153,0.020606,0.025366,0.046778,0.030778
NC_073802.1,NC_073802.1__M__150,M,150,1850,phage,0.9999313354492188,0.024945,0.900159,0.014409,0.015889,0.026025,0.018573
NC_073802.1,NC_073802.1__M__100,M,100,1900,phage,0.9998437166213989,0.026752,0.902333,0.013844,0.015398,0.023776,0.017896
NC_073802.1,NC_073802.1__M__50,M,50,1950,phage,0.9998379945755005,0.015102,0.918142,0.016075,0.017065,0.017262,0.016354
NC_073802.1,NC_073802.1__M__1,M,1,1999,phage,0.9998738765716553,0.016383,0.916304,0.016150,0.017072,0.017153,0.016938
NC_073874.1,NC_073874.1__none__0,none,0,2000,phage,0.9983697533607483,0.023574,0.873328,0.016516,0.017534,0.049493,0.019555
NC_073874.1,NC_073874.1__M__500,M,500,1500,bacteria,0.999242901802063,0.596964,0.232847,0.028432,0.030099,0.082957,0.028701
NC_073874.1,NC_073874.1__M__450,M,450,1550,phage,0.9990703463554382,0.372674,0.437201,0.029561,0.032194,0.096194,0.032176
NC_073874.1,NC_073874.1__M__400,M,400,1600,bacteria,0.9992423057556152,0.583819,0.247331,0.030354,0.033322,0.074221,0.030953
NC_073874.1,NC_073874.1__M__350,M,350,1650,bacteria,0.999432384967804,0.528203,0.317822,0.027849,0.034789,0.061814,0.029523
NC_073874.1,NC_073874.1__M__300,M,300,1700,bacteria,0.9992967844009399,0.604923,0.248410,0.029921,0.034549,0.051451,0.030747
NC_073874.1,NC_073874.1__M__250,M,250,1750,bacteria,0.999180018901825,0.548143,0.299247,0.028632,0.035129,0.059344,0.029504
NC_073874.1,NC_073874.1__M__200,M,200,1800,bacteria,0.9985128045082092,0.522851,0.297802,0.026681,0.036214,0.086240,0.030213
NC_073874.1,NC_073874.1__M__150,M,150,1850,phage,0.997923731803894,0.215860,0.630880,0.026042,0.034812,0.064753,0.027652
NC_073874.1,NC_073874.1__M__100,M,100,1900,phage,0.995681881904602,0.130308,0.739525,0.021304,0.027543,0.058506,0.022814
NC_073874.1,NC_073874.1__M__50,M,50,1950,phage,0.9989005327224731,0.033013,0.876654,0.016114,0.018033,0.037131,0.019055
NC_073874.1,NC_073874.1__M__1,M,1,1999,phage,0.9983689188957214,0.023585,0.873358,0.016511,0.017531,0.049465,0.019550
NC_073882.1,NC_073882.1__none__0,none,0,2000,phage,0.9999657869338989,0.017619,0.919288,0.014970,0.016403,0.015819,0.015901
NC_073882.1,NC_073882.1__M__500,M,500,1500,bacteria,0.9998733997344971,0.882456,0.037971,0.018409,0.019582,0.023966,0.017617
NC_073882.1,NC_073882.1__M__450,M,450,1550,bacteria,0.9998995065689087,0.787415,0.109395,0.022901,0.025160,0.033133,0.021995
NC_073882.1,NC_073882.1__M__400,M,400,1600,bacteria,0.9999171495437622,0.649112,0.236060,0.025587,0.027822,0.036136,0.025282
NC_073882.1,NC_073882.1__M__350,M,350,1650,bacteria,0.9999587535858154,0.587545,0.290299,0.026105,0.029810,0.039602,0.026639
NC_073882.1,NC_073882.1__M__300,M,300,1700,bacteria,0.9999717473983765,0.559320,0.314793,0.026575,0.030512,0.039318,0.029483
NC_073882.1,NC_073882.1__M__250,M,250,1750,phage,0.9999767541885376,0.322264,0.550907,0.027850,0.028757,0.039048,0.031174
NC_073882.1,NC_073882.1__M__200,M,200,1800,phage,0.9999810457229614,0.146865,0.757746,0.020433,0.021476,0.029921,0.023559
NC_073882.1,NC_073882.1__M__150,M,150,1850,phage,0.9999762773513794,0.054914,0.871454,0.015739,0.016499,0.024252,0.017142
NC_073882.1,NC_073882.1__M__100,M,100,1900,phage,0.9999675750732422,0.032564,0.903229,0.013510,0.013881,0.021536,0.015280
NC_073882.1,NC_073882.1__M__50,M,50,1950,phage,0.999970555305481,0.016421,0.920439,0.014887,0.016303,0.016050,0.015900
NC_073882.1,NC_073882.1__M__1,M,1,1999,phage,0.9999657869338989,0.017627,0.919284,0.014969,0.016399,0.015821,0.015901
NC_073952.1,NC_073952.1__none__0,none,0,2000,phage,0.9955815672874451,0.053216,0.874087,0.014732,0.016660,0.023679,0.017626
NC_073952.1,NC_073952.1__M__500,M,500,1500,bacteria,0.9982166886329651,0.828477,0.083815,0.015913,0.021058,0.033450,0.017287
NC_073952.1,NC_073952.1__M__450,M,450,1550,bacteria,0.9986295700073242,0.759110,0.136782,0.018580,0.024684,0.040371,0.020473
NC_073952.1,NC_073952.1__M__400,M,400,1600,bacteria,0.9987737536430359,0.759638,0.137181,0.019218,0.025907,0.035819,0.022237
NC_073952.1,NC_073952.1__M__350,M,350,1650,bacteria,0.9989833235740662,0.790812,0.108120,0.018555,0.025739,0.034356,0.022418
NC_073952.1,NC_073952.1__M__300,M,300,1700,bacteria,0.9995307922363281,0.742248,0.138530,0.020577,0.027983,0.047202,0.023460
NC_073952.1,NC_073952.1__M__250,M,250,1750,bacteria,0.9992607235908508,0.785785,0.106129,0.019484,0.026298,0.039357,0.022947
NC_073952.1,NC_073952.1__M__200,M,200,1800,bacteria,0.9991810917854309,0.747389,0.144666,0.019513,0.026104,0.038737,0.023591
NC_073952.1,NC_073952.1__M__150,M,150,1850,bacteria,0.9989274144172668,0.463646,0.413239,0.023425,0.028400,0.044546,0.026743
NC_073952.1,NC_073952.1__M__100,M,100,1900,phage,0.9981073141098022,0.195563,0.707867,0.020468,0.022017,0.032046,0.022037
NC_073952.1,NC_073952.1__M__50,M,50,1950,phage,0.9920114874839783,0.047623,0.883023,0.014516,0.016174,0.021475,0.017189
NC_073952.1,NC_073952.1__M__1,M,1,1999,phage,0.9955893754959106,0.053502,0.873716,0.014735,0.016673,0.023742,0.017633
NC_073983.1,NC_073983.1__none__0,none,0,2000,phage,0.9977118968963623,0.018798,0.888454,0.016776,0.020917,0.034407,0.020647
NC_073983.1,NC_073983.1__M__500,M,500,1500,bacteria,0.9969916343688965,0.665145,0.144498,0.025807,0.032536,0.098073,0.033941
NC_073983.1,NC_073983.1__M__450,M,450,1550,bacteria,0.9976339340209961,0.448292,0.331667,0.029430,0.040368,0.104147,0.046097
NC_073983.1,NC_073983.1__M__400,M,400,1600,phage,0.9983018636703491,0.366267,0.389854,0.029943,0.044170,0.115894,0.053872
NC_073983.1,NC_073983.1__M__350,M,350,1650,phage,0.997831404209137,0.356473,0.452765,0.025962,0.043232,0.079518,0.042051
NC_073983.1,NC_073983.1__M__300,M,300,1700,phage,0.998422384262085,0.212151,0.640896,0.020081,0.035232,0.053726,0.037914
NC_073983.1,NC_073983.1__M__250,M,250,1750,phage,0.9988372921943665,0.048207,0.860657,0.014448,0.023146,0.031038,0.022504
NC_073983.1,NC_073983.1__M__200,M,200,1800,phage,0.9987001419067383,0.055740,0.830281,0.016766,0.022698,0.048819,0.025696
NC_073983.1,NC_073983.1__M__150,M,150,1850,phage,0.9982444047927856,0.028612,0.861879,0.015618,0.020379,0.051070,0.022443
NC_073983.1,NC_073983.1__M__100,M,100,1900,phage,0.9968720078468323,0.024902,0.872166,0.015470,0.021100,0.044278,0.022083
NC_073983.1,NC_073983.1__M__50,M,50,1950,phage,0.9967153072357178,0.018614,0.891434,0.016712,0.020642,0.031907,0.020691
NC_073983.1,NC_073983.1__M__1,M,1,1999,phage,0.9977090358734131,0.018796,0.888338,0.016772,0.020939,0.034484,0.020671
NC_073999.1,NC_073999.1__none__0,none,0,2000,phage,0.9999524354934692,0.059941,0.818406,0.017845,0.024247,0.039727,0.039835
NC_073999.1,NC_073999.1__M__500,M,500,1500,bacteria,0.9999456405639648,0.873904,0.032996,0.019768,0.024310,0.017717,0.031305
NC_073999.1,NC_073999.1__M__450,M,450,1550,bacteria,0.999966025352478,0.863492,0.037601,0.020323,0.026337,0.018668,0.033579
NC_073999.1,NC_073999.1__M__400,M,400,1600,bacteria,0.9999624490737915,0.832789,0.051659,0.022042,0.029975,0.020676,0.042858
NC_073999.1,NC_073999.1__M__350,M,350,1650,bacteria,0.9999370574951172,0.859411,0.039032,0.018633,0.026837,0.020245,0.035842
NC_073999.1,NC_073999.1__M__300,M,300,1700,bacteria,0.9999558925628662,0.824285,0.057010,0.020327,0.030854,0.022166,0.045357
NC_073999.1,NC_073999.1__M__250,M,250,1750,bacteria,0.999935507774353,0.832348,0.060368,0.020789,0.028249,0.024911,0.033334
NC_073999.1,NC_073999.1__M__200,M,200,1800,bacteria,0.9999561309814453,0.793314,0.068582,0.021202,0.034563,0.026107,0.056232
NC_073999.1,NC_073999.1__M__150,M,150,1850,bacteria,0.9999444484710693,0.669467,0.164745,0.027995,0.041915,0.034869,0.061009
NC_073999.1,NC_073999.1__M__100,M,100,1900,bacteria,0.9999024868011475,0.642382,0.177764,0.027155,0.040879,0.043577,0.068243
NC_073999.1,NC_073999.1__M__50,M,50,1950,phage,0.9999450445175171,0.049909,0.840026,0.016858,0.024340,0.028741,0.040127
NC_073999.1,NC_073999.1__M__1,M,1,1999,phage,0.9999525547027588,0.059750,0.818721,0.017832,0.024216,0.039708,0.039772
NC_074034.1,NC_074034.1__none__0,none,0,2000,plasmid,0.999779999256134,0.027476,0.314502,0.031166,0.031788,0.559472,0.035596
NC_074034.1,NC_074034.1__M__500,M,500,1500,bacteria,0.999897837638855,0.600706,0.066514,0.028337,0.032475,0.244358,0.027609
NC_074034.1,NC_074034.1__M__450,M,450,1550,bacteria,0.9999233484268188,0.785682,0.058797,0.023960,0.027873,0.079327,0.024361
NC_074034.1,NC_074034.1__M__400,M,400,1600,bacteria,0.9999240636825562,0.593835,0.207331,0.026297,0.034578,0.109586,0.028373
NC_074034.1,NC_074034.1__M__350,M,350,1650,bacteria,0.9999703168869019,0.687833,0.115434,0.028045,0.034488,0.104311,0.029889
NC_074034.1,NC_074034.1__M__300,M,300,1700,bacteria,0.9999717473983765,0.453407,0.273104,0.032809,0.038830,0.162187,0.039663
NC_074034.1,NC_074034.1__M__250,M,250,1750,bacteria,0.9999593496322632,0.550547,0.113404,0.032551,0.038557,0.232067,0.032874
NC_074034.1,NC_074034.1__M__200,M,200,1800,plasmid,0.9999483823776245,0.212484,0.156977,0.033857,0.037344,0.525040,0.034298
NC_074034.1,NC_074034.1__M__150,M,150,1850,plasmid,0.9999217987060547,0.072339,0.201839,0.028797,0.030968,0.636833,0.029224
NC_074034.1,NC_074034.1__M__100,M,100,1900,phage,0.9998517036437988,0.080767,0.466472,0.032392,0.032288,0.355597,0.032486
NC_074034.1,NC_074034.1__M__50,M,50,1950,phage,0.9998028874397278,0.030398,0.458652,0.030969,0.031762,0.415161,0.033059
NC_074034.1,NC_074034.1__M__1,M,1,1999,plasmid,0.9997789263725281,0.027472,0.314856,0.031186,0.031801,0.559078,0.035608
NC_074251.1,NC_074251.1__none__0,none,0,2000,phage,0.9989151954650879,0.016811,0.912129,0.014743,0.015776,0.023895,0.016645
NC_074251.1,NC_074251.1__M__500,M,500,1500,bacteria,0.992878258228302,0.724602,0.160878,0.024822,0.027290,0.034445,0.027963
NC_074251.1,NC_074251.1__M__450,M,450,1550,bacteria,0.9962959885597229,0.624365,0.238923,0.024954,0.029833,0.052151,0.029774
NC_074251.1,NC_074251.1__M__400,M,400,1600,phage,0.9965924620628357,0.406508,0.442220,0.024715,0.029307,0.068179,0.029071
NC_074251.1,NC_074251.1__M__350,M,350,1650,phage,0.9975516200065613,0.405869,0.447770,0.022780,0.028110,0.067413,0.028059
NC_074251.1,NC_074251.1__M__300,M,300,1700,bacteria,0.9987278580665588,0.686418,0.185689,0.022564,0.028606,0.047812,0.028910
NC_074251.1,NC_074251.1__M__250,M,250,1750,bacteria,0.9982080459594727,0.443307,0.411447,0.024775,0.030573,0.057638,0.032260
NC_074251.1,NC_074251.1__M__200,M,200,1800,phage,0.998173713684082,0.312372,0.531250,0.023899,0.028435,0.073365,0.030680
NC_074251.1,NC_074251.1__M__150,M,150,1850,phage,0.998487114906311,0.226679,0.631855,0.021856,0.025970,0.067780,0.025859
NC_074251.1,NC_074251.1__M__100,M,100,1900,phage,0.9970320463180542,0.086077,0.809808,0.016711,0.018826,0.047834,0.020744
NC_074251.1,NC_074251.1__M__50,M,50,1950,phage,0.9988473653793335,0.019025,0.910061,0.014331,0.015313,0.024487,0.016782
NC_074251.1,NC_074251.1__M__1,M,1,1999,phage,0.9989098310470581,0.016811,0.912178,0.014747,0.015781,0.023836,0.016647
NC_074274.1,NC_074274.1__none__0,none,0,2000,phage,0.9888889789581299,0.083851,0.701322,0.037758,0.050979,0.095042,0.031048
NC_074274.1,NC_074274.1__M__500,M,500,1500,bacteria,0.9880238175392151,0.858236,0.035659,0.014797,0.019794,0.058844,0.012670
NC_074274.1,NC_074274.1__M__450,M,450,1550,bacteria,0.9889864921569824,0.783056,0.061485,0.017547,0.023335,0.098187,0.016391
NC_074274.1,NC_074274.1__M__400,M,400,1600,bacteria,0.9898595213890076,0.829907,0.050677,0.015989,0.021662,0.067231,0.014534
NC_074274.1,NC_074274.1__M__350,M,350,1650,bacteria,0.9938033819198608,0.807941,0.058195,0.020594,0.022320,0.069692,0.021257
NC_074274.1,NC_074274.1__M__300,M,300,1700,bacteria,0.9921122789382935,0.732313,0.086877,0.028392,0.029241,0.096165,0.027012
NC_074274.1,NC_074274.1__M__250,M,250,1750,bacteria,0.9944465160369873,0.779713,0.062511,0.016203,0.021778,0.103409,0.016385
NC_074274.1,NC_074274.1__M__200,M,200,1800,bacteria,0.9952882528305054,0.709635,0.090559,0.020015,0.027152,0.130766,0.021873
NC_074274.1,NC_074274.1__M__150,M,150,1850,bacteria,0.9908696413040161,0.596318,0.118956,0.034125,0.060473,0.158032,0.032097
NC_074274.1,NC_074274.1__M__100,M,100,1900,bacteria,0.9857400059700012,0.439649,0.217402,0.046105,0.083265,0.167633,0.045946
NC_074274.1,NC_074274.1__M__50,M,50,1950,phage,0.9893765449523926,0.055931,0.804300,0.024555,0.033067,0.055044,0.027103
NC_074274.1,NC_074274.1__M__1,M,1,1999,phage,0.9889318943023682,0.084623,0.699174,0.037854,0.051122,0.096115,0.031112
NC_074278.1,NC_074278.1__none__0,none,0,2000,phage,0.9924929738044739,0.212494,0.659519,0.025943,0.027447,0.051021,0.023576
NC_074278.1,NC_074278.1__M__500,M,500,1500,bacteria,0.9837897419929504,0.931249,0.014264,0.013250,0.015260,0.015643,0.010334
NC_074278.1,NC_074278.1__M__450,M,450,1550,bacteria,0.9916098713874817,0.919386,0.018535,0.017903,0.016334,0.015883,0.011959
NC_074278.1,NC_074278.1__M__400,M,400,1600,bacteria,0.9929087162017822,0.883347,0.021640,0.040096,0.019228,0.018245,0.017444
NC_074278.1,NC_074278.1__M__350,M,350,1650,bacteria,0.9946455955505371,0.923260,0.017187,0.015860,0.016212,0.015979,0.011502
NC_074278.1,NC_074278.1__M__300,M,300,1700,bacteria,0.9957990050315857,0.923147,0.020646,0.012647,0.016255,0.015728,0.011576
NC_074278.1,NC_074278.1__M__250,M,250,1750,bacteria,0.9958513975143433,0.914410,0.026941,0.012514,0.017083,0.017355,0.011698
NC_074278.1,NC_074278.1__M__200,M,200,1800,bacteria,0.9974424839019775,0.917522,0.022520,0.012375,0.017084,0.017919,0.012579
NC_074278.1,NC_074278.1__M__150,M,150,1850,bacteria,0.9973334074020386,0.813434,0.095101,0.019432,0.024924,0.028764,0.018345
NC_074278.1,NC_074278.1__M__100,M,100,1900,bacteria,0.9945980310440063,0.734664,0.164294,0.024083,0.027035,0.032066,0.017858
NC_074278.1,NC_074278.1__M__50,M,50,1950,phage,0.9897255301475525,0.233340,0.633989,0.032673,0.029520,0.045256,0.025222
NC_074278.1,NC_074278.1__M__1,M,1,1999,phage,0.9925242066383362,0.213499,0.658695,0.025784,0.027439,0.051061,0.023521
NC_074318.1,NC_074318.1__none__0,none,0,2000,phage,0.9971079230308533,0.030000,0.631199,0.025833,0.030531,0.249701,0.032736
NC_074318.1,NC_074318.1__M__500,M,500,1500,bacteria,0.9996345043182373,0.655818,0.216285,0.026303,0.035902,0.042151,0.023542
NC_074318.1,NC_074318.1__M__450,M,450,1550,bacteria,0.9995589852333069,0.771192,0.110959,0.022776,0.031981,0.041644,0.021449
NC_074318.1,NC_074318.1__M__400,M,400,1600,bacteria,0.9994944334030151,0.796255,0.080023,0.021696,0.031130,0.051010,0.019886
NC_074318.1,NC_074318.1__M__350,M,350,1650,bacteria,0.9992231130599976,0.629263,0.170962,0.026616,0.042670,0.104203,0.026286
NC_074318.1,NC_074318.1__M__300,M,300,1700,bacteria,0.9993359446525574,0.551169,0.251024,0.027829,0.045397,0.095895,0.028686
NC_074318.1,NC_074318.1__M__250,M,250,1750,bacteria,0.9991517066955566,0.651369,0.165593,0.026945,0.041511,0.089256,0.025326
NC_074318.1,NC_074318.1__M__200,M,200,1800,bacteria,0.9985595345497131,0.490593,0.319354,0.032528,0.045927,0.081472,0.030126
NC_074318.1,NC_074318.1__M__150,M,150,1850,phage,0.9975935816764832,0.074286,0.669870,0.025944,0.038675,0.160628,0.030597
NC_074318.1,NC_074318.1__M__100,M,100,1900,phage,0.9962745904922485,0.039177,0.545708,0.028125,0.038401,0.315368,0.033221
NC_074318.1,NC_074318.1__M__50,M,50,1950,phage,0.9971705079078674,0.019530,0.820292,0.018810,0.025426,0.092487,0.023455
NC_074318.1,NC_074318.1__M__1,M,1,1999,phage,0.9971272349357605,0.030056,0.631534,0.025899,0.030600,0.249053,0.032860
NC_074355.1,NC_074355.1__none__0,none,0,2000,phage,0.999582827091217,0.020278,0.920016,0.010645,0.014210,0.019667,0.015184
NC_074355.1,NC_074355.1__M__500,M,500,1500,bacteria,0.9998618364334106,0.762387,0.136269,0.023536,0.029734,0.027482,0.020592
NC_074355.1,NC_074355.1__M__450,M,450,1550,bacteria,0.9999105930328369,0.621350,0.228108,0.036931,0.042919,0.037530,0.033162
NC_074355.1,NC_074355.1__M__400,M,400,1600,bacteria,0.9998961687088013,0.621517,0.236836,0.034297,0.043223,0.032721,0.031406
NC_074355.1,NC_074355.1__M__350,M,350,1650,bacteria,0.9999065399169922,0.495980,0.377667,0.026926,0.038871,0.034704,0.025852
NC_074355.1,NC_074355.1__M__300,M,300,1700,bacteria,0.9999127388000488,0.633966,0.238543,0.027331,0.037934,0.036823,0.025402
NC_074355.1,NC_074355.1__M__250,M,250,1750,bacteria,0.9998669624328613,0.746952,0.145392,0.022377,0.031985,0.031751,0.021542
NC_074355.1,NC_074355.1__M__200,M,200,1800,bacteria,0.9998303651809692,0.550450,0.281219,0.024578,0.035443,0.080409,0.027901
NC_074355.1,NC_074355.1__M__150,M,150,1850,phage,0.9998844861984253,0.092443,0.822017,0.014371,0.019785,0.035440,0.015944
NC_074355.1,NC_074355.1__M__100,M,100,1900,phage,0.9997747540473938,0.050846,0.878634,0.012705,0.018104,0.023839,0.015871
NC_074355.1,NC_074355.1__M__50,M,50,1950,phage,0.9995492100715637,0.021647,0.917496,0.011229,0.013688,0.021001,0.014940
NC_074355.1,NC_074355.1__M__1,M,1,1999,phage,0.9995843768119812,0.020265,0.920051,0.010642,0.014214,0.019644,0.015184
NC_074412.1,NC_074412.1__none__0,none,0,2000,phage,0.9339170455932617,0.056725,0.712753,0.024617,0.031165,0.145960,0.028779
NC_074412.1,NC_074412.1__M__500,M,500,1500,bacteria,0.9967644214630127,0.854101,0.061092,0.022569,0.022781,0.017948,0.021510
NC_074412.1,NC_074412.1__M__450,M,450,1550,bacteria,0.9984960556030273,0.807304,0.091829,0.028015,0.025572,0.019439,0.027842
NC_074412.1,NC_074412.1__M__400,M,400,1600,bacteria,0.9985187649726868,0.827730,0.075203,0.024254,0.026295,0.020329,0.026189
NC_074412.1,NC_074412.1__M__350,M,350,1650,bacteria,0.9975975155830383,0.815104,0.086254,0.022573,0.027313,0.024887,0.023870
NC_074412.1,NC_074412.1__M__300,M,300,1700,bacteria,0.9979045391082764,0.693427,0.190524,0.027530,0.030837,0.028520,0.029162
NC_074412.1,NC_074412.1__M__250,M,250,1750,bacteria,0.996696949005127,0.771861,0.131364,0.020418,0.025841,0.030701,0.019815
NC_074412.1,NC_074412.1__M__200,M,200,1800,bacteria,0.9953688383102417,0.744946,0.141374,0.021669,0.028975,0.039049,0.023987
NC_074412.1,NC_074412.1__M__150,M,150,1850,bacteria,0.9915546774864197,0.527923,0.293454,0.029239,0.039287,0.076105,0.033992
NC_074412.1,NC_074412.1__M__100,M,100,1900,phage,0.9857909679412842,0.243137,0.553178,0.029031,0.038828,0.102455,0.033371
NC_074412.1,NC_074412.1__M__50,M,50,1950,phage,0.9445853233337402,0.068964,0.716040,0.020905,0.027203,0.141208,0.025680
NC_074412.1,NC_074412.1__M__1,M,1,1999,phage,0.9337869882583618,0.056789,0.711605,0.024638,0.031213,0.146928,0.028827
NC_074484.1,NC_074484.1__none__0,none,0,2000,phage,0.999419093132019,0.025583,0.896822,0.015031,0.016965,0.026639,0.018960
NC_074484.1,NC_074484.1__M__500,M,500,1500,bacteria,0.9992616772651672,0.854961,0.064750,0.016535,0.018837,0.027889,0.017028
NC_074484.1,NC_074484.1__M__450,M,450,1550,bacteria,0.9992631077766418,0.860651,0.058196,0.016384,0.019019,0.028085,0.017665
NC_074484.1,NC_074484.1__M__400,M,400,1600,bacteria,0.9996360540390015,0.809967,0.092075,0.017882,0.021374,0.038284,0.020418
NC_074484.1,NC_074484.1__M__350,M,350,1650,bacteria,0.9996542930603027,0.842878,0.068972,0.016218,0.019731,0.033994,0.018207
NC_074484.1,NC_074484.1__M__300,M,300,1700,bacteria,0.9997486472129822,0.774903,0.119315,0.017565,0.022936,0.044221,0.021061
NC_074484.1,NC_074484.1__M__250,M,250,1750,bacteria,0.9996768236160278,0.671378,0.217705,0.018053,0.027878,0.043754,0.021231
NC_074484.1,NC_074484.1__M__200,M,200,1800,bacteria,0.9996390342712402,0.797395,0.099944,0.017452,0.024433,0.040560,0.020216
NC_074484.1,NC_074484.1__M__150,M,150,1850,phage,0.99960857629776,0.170326,0.727207,0.019328,0.024224,0.036622,0.022294
NC_074484.1,NC_074484.1__M__100,M,100,1900,phage,0.9991782307624817,0.198868,0.690145,0.021234,0.026304,0.039852,0.023597
NC_074484.1,NC_074484.1__M__50,M,50,1950,phage,0.999131977558136,0.023426,0.907506,0.014754,0.016657,0.018355,0.019302
NC_074484.1,NC_074484.1__M__1,M,1,1999,phage,0.9994202852249146,0.025550,0.896956,0.015013,0.016961,0.026556,0.018964
NC_074487.1,NC_074487.1__none__0,none,0,2000,phage,0.9996353387832642,0.015415,0.917896,0.014977,0.016219,0.019922,0.015570
NC_074487.1,NC_074487.1__M__500,M,500,1500,phage,0.9997701048851013,0.426018,0.434848,0.043901,0.031753,0.027989,0.035492
NC_074487.1,NC_074487.1__M__450,M,450,1550,bacteria,0.999842643737793,0.502431,0.348165,0.044941,0.034338,0.032791,0.037334
NC_074487.1,NC_074487.1__M__400,M,400,1600,bacteria,0.9998006224632263,0.474897,0.351934,0.048903,0.040949,0.047177,0.036140
NC_074487.1,NC_074487.1__M__350,M,350,1650,phage,0.999813973903656,0.252101,0.596342,0.038521,0.035970,0.046791,0.030275
NC_074487.1,NC_074487.1__M__300,M,300,1700,phage,0.999840497970581,0.340751,0.494245,0.042698,0.038980,0.049284,0.034041
NC_074487.1,NC_074487.1__M__250,M,250,1750,phage,0.9998849630355835,0.350669,0.511336,0.038981,0.035374,0.032154,0.031487
NC_074487.1,NC_074487.1__M__200,M,200,1800,phage,0.999896764755249,0.130774,0.767555,0.028046,0.026102,0.023402,0.024121
NC_074487.1,NC_074487.1__M__150,M,150,1850,phage,0.9998352527618408,0.067001,0.847104,0.021876,0.022336,0.021834,0.019849
NC_074487.1,NC_074487.1__M__100,M,100,1900,phage,0.9998169541358948,0.065621,0.855293,0.020784,0.020527,0.019045,0.018730
NC_074487.1,NC_074487.1__M__50,M,50,1950,phage,0.9995307922363281,0.015980,0.920612,0.014417,0.015887,0.017690,0.015414
NC_074487.1,NC_074487.1__M__1,M,1,1999,phage,0.9996356964111328,0.015416,0.917876,0.014977,0.016223,0.019939,0.015569
NC_074536.1,NC_074536.1__none__0,none,0,2000,eukarya,0.9540336728096008,0.143841,0.145765,0.580887,0.061549,0.024071,0.043886
NC_074536.1,NC_074536.1__M__500,M,500,1500,bacteria,0.9882264733314514,0.896835,0.027612,0.017564,0.021399,0.019528,0.017062
NC_074536.1,NC_074536.1__M__450,M,450,1550,bacteria,0.979162871837616,0.904126,0.023996,0.017853,0.019714,0.017620,0.016691
NC_074536.1,NC_074536.1__M__400,M,400,1600,bacteria,0.9842091202735901,0.919791,0.017982,0.013685,0.017232,0.017777,0.013533
NC_074536.1,NC_074536.1__M__350,M,350,1650,bacteria,0.9743850827217102,0.925959,0.016561,0.011897,0.016262,0.017257,0.012063
NC_074536.1,NC_074536.1__M__300,M,300,1700,bacteria,0.9759297370910645,0.900856,0.017741,0.026133,0.018547,0.017499,0.019225
NC_074536.1,NC_074536.1__M__250,M,250,1750,bacteria,0.9729501605033875,0.874555,0.022191,0.039075,0.022174,0.019488,0.022517
NC_074536.1,NC_074536.1__M__200,M,200,1800,bacteria,0.9769251346588135,0.916194,0.017175,0.017291,0.018589,0.017441,0.013310
NC_074536.1,NC_074536.1__M__150,M,150,1850,bacteria,0.9563375115394592,0.793181,0.054805,0.052803,0.044016,0.027867,0.027329
NC_074536.1,NC_074536.1__M__100,M,100,1900,bacteria,0.9432864785194397,0.636507,0.143830,0.075406,0.069682,0.034959,0.039616
NC_074536.1,NC_074536.1__M__50,M,50,1950,eukarya,0.9558087587356567,0.199731,0.178124,0.490157,0.063462,0.025409,0.043118
NC_074536.1,NC_074536.1__M__1,M,1,1999,eukarya,0.953984260559082,0.143939,0.145100,0.581730,0.061398,0.024037,0.043796
NC_074631.1,NC_074631.1__none__0,none,0,2000,phage,0.999903678894043,0.035169,0.910455,0.009822,0.012547,0.018295,0.013714
NC_074631.1,NC_074631.1__M__500,M,500,1500,bacteria,0.9997580647468567,0.885006,0.039083,0.019016,0.020577,0.015056,0.021262
NC_074631.1,NC_074631.1__M__450,M,450,1550,bacteria,0.999840497970581,0.889916,0.038892,0.016693,0.019462,0.015834,0.019204
NC_074631.1,NC_074631.1__M__400,M,400,1600,bacteria,0.9998739957809448,0.899641,0.028115,0.017461,0.019463,0.014571,0.020750
NC_074631.1,NC_074631.1__M__350,M,350,1650,bacteria,0.9997319579124451,0.912029,0.024155,0.014412,0.017654,0.014774,0.016977
NC_074631.1,NC_074631.1__M__300,M,300,1700,bacteria,0.9997503161430359,0.887668,0.043025,0.015790,0.020270,0.015473,0.017774
NC_074631.1,NC_074631.1__M__250,M,250,1750,bacteria,0.9998168349266052,0.888648,0.041379,0.016157,0.020531,0.015330,0.017954
NC_074631.1,NC_074631.1__M__200,M,200,1800,bacteria,0.9998633861541748,0.900754,0.032673,0.014190,0.019796,0.015156,0.017431
NC_074631.1,NC_074631.1__M__150,M,150,1850,phage,0.9998633861541748,0.342264,0.554819,0.023491,0.028937,0.022790,0.027699
NC_074631.1,NC_074631.1__M__100,M,100,1900,phage,0.9997065663337708,0.346656,0.553781,0.024304,0.025296,0.023616,0.026348
NC_074631.1,NC_074631.1__M__50,M,50,1950,phage,0.9997804760932922,0.051087,0.886923,0.014541,0.014463,0.015444,0.017542
NC_074631.1,NC_074631.1__M__1,M,1,1999,phage,0.9999035596847534,0.035176,0.910430,0.009823,0.012543,0.018314,0.013714
NC_055111.1,NC_055111.1__none__0,none,0,2000,eukarya,0.9997403025627136,0.031352,0.112270,0.446127,0.035688,0.036398,0.338165
NC_055111.1,NC_055111.1__M__500,M,500,1500,virus,0.999521017074585,0.154632,0.053262,0.138866,0.032635,0.036936,0.583669
NC_055111.1,NC_055111.1__M__450,M,450,1550,bacteria,0.9996381998062134,0.308280,0.095773,0.231273,0.051458,0.048284,0.264933
NC_055111.1,NC_055111.1__M__400,M,400,1600,bacteria,0.9996040463447571,0.331361,0.079077,0.219005,0.046851,0.044130,0.279576
NC_055111.1,NC_055111.1__M__350,M,350,1650,virus,0.9995487332344055,0.235617,0.067142,0.215250,0.042106,0.038925,0.400961
NC_055111.1,NC_055111.1__M__300,M,300,1700,eukarya,0.999750554561615,0.108383,0.069481,0.387998,0.041433,0.025964,0.366739
NC_055111.1,NC_055111.1__M__250,M,250,1750,eukarya,0.999799907207489,0.088400,0.060363,0.435796,0.037605,0.025959,0.351878
NC_055111.1,NC_055111.1__M__200,M,200,1800,eukarya,0.9998076558113098,0.093714,0.058524,0.404862,0.042822,0.030985,0.369094
NC_055111.1,NC_055111.1__M__150,M,150,1850,virus,0.9996811151504517,0.077565,0.083993,0.241390,0.072866,0.039930,0.484256
NC_055111.1,NC_055111.1__M__100,M,100,1900,virus,0.9996911287307739,0.076432,0.094027,0.261182,0.054539,0.039363,0.474458
NC_055111.1,NC_055111.1__M__50,M,50,1950,eukarya,0.999581515789032,0.036010,0.123661,0.494021,0.064481,0.039456,0.242371
NC_055111.1,NC_055111.1__M__1,M,1,1999,eukarya,0.9997410178184509,0.031330,0.112290,0.445500,0.035642,0.036382,0.338857
NC_055185.1,NC_055185.1__none__0,none,0,2000,virus,0.9999669790267944,0.022302,0.044520,0.105880,0.022319,0.027067,0.777912
NC_055185.1,NC_055185.1__M__500,M,500,1500,bacteria,0.9999619722366333,0.823606,0.036570,0.021944,0.027940,0.028476,0.061464
NC_055185.1,NC_055185.1__M__450,M,450,1550,bacteria,0.9999560117721558,0.867489,0.026452,0.017456,0.022249,0.025677,0.040676
NC_055185.1,NC_055185.1__M__400,M,400,1600,bacteria,0.9999699592590332,0.827149,0.036909,0.018977,0.027060,0.036538,0.053367
NC_055185.1,NC_055185.1__M__350,M,350,1650,bacteria,0.9999688863754272,0.731281,0.041017,0.030433,0.033014,0.041007,0.123248
NC_055185.1,NC_055185.1__M__300,M,300,1700,bacteria,0.9999548196792603,0.626602,0.064489,0.041670,0.039152,0.057385,0.170703
NC_055185.1,NC_055185.1__M__250,M,250,1750,virus,0.9999499320983887,0.331919,0.056071,0.055731,0.039627,0.050561,0.466091
NC_055185.1,NC_055185.1__M__200,M,200,1800,virus,0.9999614953994751,0.398060,0.048482,0.048992,0.041961,0.049857,0.412648
NC_055185.1,NC_055185.1__M__150,M,150,1850,bacteria,0.9999550580978394,0.412536,0.104119,0.062761,0.047980,0.073417,0.299188
NC_055185.1,NC_055185.1__M__100,M,100,1900,virus,0.9999314546585083,0.078545,0.092320,0.056220,0.036158,0.040964,0.695794
NC_055185.1,NC_055185.1__M__50,M,50,1950,virus,0.9999464750289917,0.018817,0.050333,0.057567,0.017882,0.023198,0.832203
NC_055185.1,NC_055185.1__M__1,M,1,1999,virus,0.9999672174453735,0.022341,0.044575,0.106452,0.022355,0.027106,0.777171
NC_055299.1,NC_055299.1__none__0,none,0,2000,virus,0.999234676361084,0.032128,0.036723,0.251746,0.037311,0.031518,0.610573
NC_055299.1,NC_055299.1__M__500,M,500,1500,bacteria,0.9993224143981934,0.798037,0.031068,0.036336,0.024615,0.024143,0.085801
NC_055299.1,NC_055299.1__M__450,M,450,1550,bacteria,0.9996234178543091,0.802782,0.030168,0.032739,0.024476,0.024643,0.085192
NC_055299.1,NC_055299.1__M__400,M,400,1600,bacteria,0.9997101426124573,0.768796,0.038699,0.037417,0.028448,0.024479,0.102161
NC_055299.1,NC_055299.1__M__350,M,350,1650,bacteria,0.9997487664222717,0.449116,0.044267,0.130024,0.040418,0.023854,0.312320
NC_055299.1,NC_055299.1__M__300,M,300,1700,virus,0.999738872051239,0.296337,0.044021,0.199024,0.039305,0.021831,0.399483
NC_055299.1,NC_055299.1__M__250,M,250,1750,eukarya,0.9997690320014954,0.260902,0.047946,0.323658,0.042078,0.027982,0.297433
NC_055299.1,NC_055299.1__M__200,M,200,1800,virus,0.9997498393058777,0.154088,0.047572,0.168336,0.044434,0.025510,0.560059
NC_055299.1,NC_055299.1__M__150,M,150,1850,eukarya,0.9994986057281494,0.101071,0.049004,0.458952,0.049980,0.023141,0.317851
NC_055299.1,NC_055299.1__M__100,M,100,1900,virus,0.9994149208068848,0.050778,0.040613,0.131438,0.038252,0.023791,0.715129
NC_055299.1,NC_055299.1__M__50,M,50,1950,eukarya,0.9991472959518433,0.044138,0.042600,0.432430,0.041697,0.029253,0.409882
NC_055299.1,NC_055299.1__M__1,M,1,1999,virus,0.9992361068725586,0.031880,0.036462,0.246586,0.037063,0.031387,0.616621
NC_055368.1,NC_055368.1__none__0,none,0,2000,virus,0.9799725413322449,0.024296,0.026791,0.073644,0.026948,0.018516,0.829805
NC_055368.1,NC_055368.1__M__500,M,500,1500,virus,0.9985565543174744,0.349490,0.049114,0.075281,0.044021,0.020205,0.461888
NC_055368.1,NC_055368.1__M__450,M,450,1550,bacteria,0.9984402060508728,0.459123,0.045195,0.113073,0.043434,0.020603,0.318572
NC_055368.1,NC_055368.1__M__400,M,400,1600,bacteria,0.9990370273590088,0.511057,0.047954,0.123878,0.044507,0.023585,0.249020
NC_055368.1,NC_055368.1__M__350,M,350,1650,virus,0.9989752769470215,0.231742,0.032027,0.069671,0.033629,0.015330,0.617601
NC_055368.1,NC_055368.1__M__300,M,300,1700,virus,0.9982262253761292,0.144069,0.027079,0.060535,0.030379,0.011375,0.726562
NC_055368.1,NC_055368.1__M__250,M,250,1750,virus,0.9983988404273987,0.139209,0.026413,0.055928,0.029010,0.011768,0.737672
NC_055368.1,NC_055368.1__M__200,M,200,1800,virus,0.9980244636535645,0.095143,0.024373,0.039504,0.024968,0.009347,0.806665
NC_055368.1,NC_055368.1__M__150,M,150,1850,virus,0.9971092343330383,0.042453,0.020500,0.031012,0.021410,0.007941,0.876685
NC_055368.1,NC_055368.1__M__100,M,100,1900,virus,0.9930520057678223,0.031171,0.020246,0.029683,0.021346,0.009635,0.887920
NC_055368.1,NC_055368.1__M__50,M,50,1950,virus,0.9782418608665466,0.021074,0.022677,0.039966,0.022118,0.012926,0.881239
NC_055368.1,NC_055368.1__M__1,M,1,1999,virus,0.9799453020095825,0.024347,0.026861,0.074157,0.027010,0.018554,0.829071
NC_055409.1,NC_055409.1__none__0,none,0,2000,virus,0.9997381567955017,0.010595,0.013586,0.019322,0.013219,0.010219,0.933060
NC_055409.1,NC_055409.1__M__500,M,500,1500,bacteria,0.9995858073234558,0.815598,0.033172,0.023659,0.032773,0.019165,0.075634
NC_055409.1,NC_055409.1__M__450,M,450,1550,bacteria,0.9997532963752747,0.728452,0.043050,0.030828,0.044013,0.023618,0.130039
NC_055409.1,NC_055409.1__M__400,M,400,1600,bacteria,0.9997615218162537,0.753063,0.040173,0.029310,0.038358,0.021834,0.117262
NC_055409.1,NC_055409.1__M__350,M,350,1650,bacteria,0.9998217225074768,0.603009,0.036358,0.035388,0.034391,0.022551,0.268303
NC_055409.1,NC_055409.1__M__300,M,300,1700,virus,0.9998050332069397,0.307878,0.040382,0.040965,0.034425,0.018173,0.558176
NC_055409.1,NC_055409.1__M__250,M,250,1750,virus,0.9998495578765869,0.243662,0.031814,0.042357,0.029165,0.017089,0.635913
NC_055409.1,NC_055409.1__M__200,M,200,1800,virus,0.9998737573623657,0.181849,0.030218,0.038730,0.027338,0.015953,0.705912
NC_055409.1,NC_055409.1__M__150,M,150,1850,virus,0.9998210072517395,0.134196,0.034935,0.045519,0.030025,0.017148,0.738176
NC_055409.1,NC_055409.1__M__100,M,100,1900,virus,0.9996196031570435,0.070832,0.027507,0.039335,0.024784,0.017221,0.820322
NC_055409.1,NC_055409.1__M__50,M,50,1950,virus,0.9996180534362793,0.011467,0.012693,0.018515,0.012534,0.009585,0.935207
NC_055409.1,NC_055409.1__M__1,M,1,1999,virus,0.9997360110282898,0.010628,0.013598,0.019457,0.013236,0.010238,0.932842
NC_055433.1,NC_055433.1__none__0,none,0,2000,phage,0.9950224161148071,0.174011,0.589824,0.029426,0.122514,0.053957,0.030266
NC_055433.1,NC_055433.1__M__500,M,500,1500,bacteria,0.9999425411224365,0.916771,0.024801,0.014555,0.014048,0.016569,0.013256
NC_055433.1,NC_055433.1__M__450,M,450,1550,bacteria,0.9999551773071289,0.915780,0.025497,0.014150,0.013731,0.017889,0.012953
NC_055433.1,NC_055433.1__M__400,M,400,1600,bacteria,0.9999698400497437,0.918368,0.024186,0.014095,0.013172,0.017793,0.012386
NC_055433.1,NC_055433.1__M__350,M,350,1650,bacteria,0.9999523162841797,0.914913,0.027049,0.014494,0.012842,0.017582,0.013120
NC_055433.1,NC_055433.1__M__300,M,300,1700,bacteria,0.999876856803894,0.902663,0.033854,0.015517,0.014872,0.018594,0.014501
NC_055433.1,NC_055433.1__M__250,M,250,1750,bacteria,0.9998794794082642,0.911841,0.026243,0.014799,0.015141,0.018611,0.013365
NC_055433.1,NC_055433.1__M__200,M,200,1800,bacteria,0.9998533725738525,0.909377,0.030238,0.013903,0.014562,0.019520,0.012400
NC_055433.1,NC_055433.1__M__150,M,150,1850,bacteria,0.9998507499694824,0.856103,0.067083,0.014825,0.016461,0.031317,0.014211
NC_055433.1,NC_055433.1__M__100,M,100,1900,bacteria,0.9994440674781799,0.800082,0.107630,0.016580,0.019614,0.041488,0.014606
NC_055433.1,NC_055433.1__M__50,M,50,1950,phage,0.996154248714447,0.229723,0.603227,0.025662,0.065705,0.048012,0.027670
NC_055433.1,NC_055433.1__M__1,M,1,1999,phage,0.9950241446495056,0.171954,0.594951,0.029212,0.120241,0.053534,0.030108
NC_055454.1,NC_055454.1__none__0,none,0,2000,virus,0.997577965259552,0.017627,0.032121,0.101712,0.024825,0.019452,0.804263
NC_055454.1,NC_055454.1__M__500,M,500,1500,virus,0.9983653426170349,0.030140,0.021204,0.043196,0.044063,0.011819,0.849579
NC_055454.1,NC_055454.1__M__450,M,450,1550,virus,0.9992377758026123,0.040342,0.022934,0.043233,0.044622,0.010458,0.838411
NC_055454.1,NC_055454.1__M__400,M,400,1600,virus,0.9993294477462769,0.039115,0.023779,0.035563,0.027493,0.009717,0.864332
NC_055454.1,NC_055454.1__M__350,M,350,1650,virus,0.998730480670929,0.032740,0.023662,0.036356,0.030970,0.011028,0.865243
NC_055454.1,NC_055454.1__M__300,M,300,1700,virus,0.9985009431838989,0.020745,0.019712,0.030659,0.023110,0.013071,0.892703
NC_055454.1,NC_055454.1__M__250,M,250,1750,virus,0.9988656044006348,0.019496,0.020329,0.022964,0.017960,0.011853,0.907397
NC_055454.1,NC_055454.1__M__200,M,200,1800,virus,0.9988127946853638,0.020641,0.022251,0.027938,0.021546,0.012784,0.894840
NC_055454.1,NC_055454.1__M__150,M,150,1850,virus,0.9985705614089966,0.024420,0.030923,0.046570,0.042189,0.015901,0.839997
NC_055454.1,NC_055454.1__M__100,M,100,1900,virus,0.998171329498291,0.017491,0.021207,0.033518,0.021640,0.013896,0.892249
NC_055454.1,NC_055454.1__M__50,M,50,1950,virus,0.9977560639381409,0.024884,0.043544,0.242688,0.038974,0.022888,0.627022
NC_055454.1,NC_055454.1__M__1,M,1,1999,virus,0.997563362121582,0.017730,0.032054,0.103034,0.024934,0.019552,0.802695
NC_055640.1,NC_055640.1__none__0,none,0,2000,virus,0.9866727590560913,0.029297,0.037672,0.283370,0.042511,0.031696,0.575454
NC_055640.1,NC_055640.1__M__500,M,500,1500,virus,0.9986269474029541,0.270700,0.066303,0.143907,0.058922,0.014895,0.445272
NC_055640.1,NC_055640.1__M__450,M,450,1550,virus,0.9988231062889099,0.163860,0.069707,0.163486,0.088074,0.017636,0.497236
NC_055640.1,NC_055640.1__M__400,M,400,1600,virus,0.9991797804832458,0.202739,0.081771,0.143226,0.085680,0.016615,0.469970
NC_055640.1,NC_055640.1__M__350,M,350,1650,virus,0.99826979637146,0.144329,0.047747,0.222059,0.046788,0.011763,0.527314
NC_055640.1,NC_055640.1__M__300,M,300,1700,virus,0.9977425336837769,0.121557,0.045206,0.283687,0.037418,0.012260,0.499873
NC_055640.1,NC_055640.1__M__250,M,250,1750,virus,0.9983726143836975,0.090422,0.041432,0.265712,0.039535,0.013517,0.549382
NC_055640.1,NC_055640.1__M__200,M,200,1800,virus,0.9988324046134949,0.083908,0.046617,0.176770,0.040091,0.014132,0.638483
NC_055640.1,NC_055640.1__M__150,M,150,1850,virus,0.9983514547348022,0.042161,0.036678,0.089669,0.030893,0.013464,0.787135
NC_055640.1,NC_055640.1__M__100,M,100,1900,virus,0.99540776014328,0.036797,0.044293,0.260623,0.045145,0.021917,0.591225
NC_055640.1,NC_055640.1__M__50,M,50,1950,virus,0.9899763464927673,0.033085,0.044999,0.320136,0.057158,0.025440,0.519182
NC_055640.1,NC_055640.1__M__1,M,1,1999,virus,0.9866192936897278,0.029287,0.037686,0.283322,0.042510,0.031712,0.575484
NC_048211.1,NC_048211.1__none__0,none,0,2000,virus,0.9999942779541016,0.067828,0.038947,0.089323,0.038211,0.035139,0.730553
NC_048211.1,NC_048211.1__M__500,M,500,1500,virus,0.9999839067459106,0.133789,0.025296,0.042154,0.032087,0.012698,0.753976
NC_048211.1,NC_048211.1__M__450,M,450,1550,virus,0.9999896287918091,0.149754,0.029130,0.044763,0.035395,0.014753,0.726205
NC_048211.1,NC_048211.1__M__400,M,400,1600,virus,0.999990701675415,0.119447,0.026508,0.041692,0.033295,0.014396,0.764662
NC_048211.1,NC_048211.1__M__350,M,350,1650,virus,0.9999884366989136,0.140122,0.026895,0.047183,0.035615,0.014537,0.735648
NC_048211.1,NC_048211.1__M__300,M,300,1700,virus,0.9999891519546509,0.113683,0.026901,0.043991,0.032497,0.012816,0.770112
NC_048211.1,NC_048211.1__M__250,M,250,1750,virus,0.9999929666519165,0.119173,0.025313,0.045040,0.033777,0.014353,0.762344
NC_048211.1,NC_048211.1__M__200,M,200,1800,virus,0.9999934434890747,0.170487,0.029620,0.052074,0.038795,0.017773,0.691251
NC_048211.1,NC_048211.1__M__150,M,150,1850,virus,0.9999922513961792,0.157485,0.031357,0.061165,0.040619,0.018118,0.691256
NC_048211.1,NC_048211.1__M__100,M,100,1900,virus,0.9999878406524658,0.200328,0.064200,0.089279,0.063588,0.035067,0.547538
NC_048211.1,NC_048211.1__M__50,M,50,1950,virus,0.9999921321868896,0.074522,0.048492,0.106912,0.044828,0.040817,0.684428
NC_048211.1,NC_048211.1__M__1,M,1,1999,virus,0.9999942779541016,0.067853,0.038933,0.089389,0.038214,0.035135,0.730476
NC_046958.1,NC_046958.1__none__0,none,0,2000,virus,0.8223539590835571,0.049088,0.030560,0.043935,0.021410,0.018558,0.836450
NC_046958.1,NC_046958.1__M__500,M,500,1500,bacteria,0.9736976623535156,0.506684,0.027984,0.032979,0.029442,0.025924,0.376988
NC_046958.1,NC_046958.1__M__450,M,450,1550,virus,0.979086697101593,0.365750,0.028492,0.042117,0.030335,0.017295,0.516012
NC_046958.1,NC_046958.1__M__400,M,400,1600,virus,0.9855658411979675,0.242859,0.023533,0.035088,0.024539,0.015653,0.658327
NC_046958.1,NC_046958.1__M__350,M,350,1650,virus,0.9791947603225708,0.327168,0.023972,0.037168,0.026918,0.017332,0.567441
NC_046958.1,NC_046958.1__M__300,M,300,1700,virus,0.9816014766693115,0.296478,0.026151,0.048226,0.028051,0.016090,0.585005
NC_046958.1,NC_046958.1__M__250,M,250,1750,virus,0.9630309343338013,0.225835,0.024491,0.038611,0.027683,0.014474,0.668905
NC_046958.1,NC_046958.1__M__200,M,200,1800,virus,0.9504703283309937,0.178986,0.024554,0.036963,0.025383,0.015063,0.719051
NC_046958.1,NC_046958.1__M__150,M,150,1850,virus,0.95179283618927,0.110131,0.026221,0.034614,0.025261,0.012145,0.791628
NC_046958.1,NC_046958.1__M__100,M,100,1900,virus,0.9027564525604248,0.163793,0.035565,0.056876,0.032426,0.015242,0.696098
NC_046958.1,NC_046958.1__M__50,M,50,1950,virus,0.7704517245292664,0.113982,0.046016,0.072749,0.034597,0.022473,0.710184
NC_046958.1,NC_046958.1__M__1,M,1,1999,virus,0.8227530121803284,0.049180,0.030597,0.044067,0.021437,0.018615,0.836104
NC_046963.1,NC_046963.1__none__0,none,0,2000,virus,0.9960081577301025,0.017908,0.016696,0.035159,0.014223,0.013109,0.902905
NC_046963.1,NC_046963.1__M__500,M,500,1500,bacteria,0.9974921941757202,0.867852,0.021026,0.023021,0.017925,0.030805,0.039370
NC_046963.1,NC_046963.1__M__450,M,450,1550,bacteria,0.9989315867424011,0.786557,0.026999,0.032133,0.023152,0.040449,0.090710
NC_046963.1,NC_046963.1__M__400,M,400,1600,bacteria,0.9987548589706421,0.736439,0.029166,0.049767,0.024932,0.040506,0.119190
NC_046963.1,NC_046963.1__M__350,M,350,1650,bacteria,0.9987807869911194,0.658054,0.031084,0.075503,0.028081,0.055218,0.152060
NC_046963.1,NC_046963.1__M__300,M,300,1700,virus,0.9983946681022644,0.320549,0.028998,0.115095,0.030499,0.039528,0.465332
NC_046963.1,NC_046963.1__M__250,M,250,1750,virus,0.998711347579956,0.172397,0.027577,0.116324,0.028057,0.032136,0.623508
NC_046963.1,NC_046963.1__M__200,M,200,1800,virus,0.9973708391189575,0.118509,0.025045,0.096016,0.026723,0.021968,0.711739
NC_046963.1,NC_046963.1__M__150,M,150,1850,virus,0.9960154891014099,0.124110,0.029422,0.142133,0.030047,0.018294,0.655994
NC_046963.1,NC_046963.1__M__100,M,100,1900,virus,0.9927216172218323,0.066593,0.026531,0.108499,0.025305,0.016089,0.756984
NC_046963.1,NC_046963.1__M__50,M,50,1950,virus,0.9957332015037537,0.026966,0.020030,0.065107,0.017980,0.015427,0.854491
NC_046963.1,NC_046963.1__M__1,M,1,1999,virus,0.9960111379623413,0.017783,0.016607,0.034658,0.014151,0.013042,0.903760
NC_043036.1,NC_043036.1__none__0,none,0,2000,virus,0.9985597729682922,0.009910,0.014332,0.016511,0.015504,0.014575,0.929168
NC_043036.1,NC_043036.1__M__500,M,500,1500,virus,0.9982559084892273,0.034109,0.021189,0.024724,0.019271,0.009702,0.891004
NC_043036.1,NC_043036.1__M__450,M,450,1550,virus,0.9991937279701233,0.055584,0.028136,0.032634,0.024225,0.009076,0.850345
NC_043036.1,NC_043036.1__M__400,M,400,1600,virus,0.9984937906265259,0.030415,0.018486,0.021102,0.016401,0.008999,0.904598
NC_043036.1,NC_043036.1__M__350,M,350,1650,virus,0.998896598815918,0.038123,0.019889,0.024448,0.017580,0.008011,0.891949
NC_043036.1,NC_043036.1__M__300,M,300,1700,virus,0.9988355040550232,0.033137,0.019442,0.020644,0.015796,0.008077,0.902904
NC_043036.1,NC_043036.1__M__250,M,250,1750,virus,0.9986485838890076,0.025788,0.018861,0.018768,0.015040,0.009022,0.912521
NC_043036.1,NC_043036.1__M__200,M,200,1800,virus,0.9988027811050415,0.022155,0.017847,0.017662,0.014327,0.009189,0.918820
NC_043036.1,NC_043036.1__M__150,M,150,1850,virus,0.9989848732948303,0.018186,0.016972,0.018986,0.016197,0.010842,0.918817
NC_043036.1,NC_043036.1__M__100,M,100,1900,virus,0.9984461665153503,0.019692,0.021441,0.023727,0.019306,0.012816,0.903019
NC_043036.1,NC_043036.1__M__50,M,50,1950,virus,0.998778760433197,0.010187,0.013611,0.015234,0.014364,0.013079,0.933525
NC_043036.1,NC_043036.1__M__1,M,1,1999,virus,0.998566210269928,0.009901,0.014329,0.016482,0.015482,0.014567,0.929238
NC_043510.1,NC_043510.1__none__0,none,0,2000,virus,0.9991093277931213,0.013982,0.030119,0.031938,0.019487,0.019455,0.885019
NC_043510.1,NC_043510.1__M__500,M,500,1500,virus,0.9993913173675537,0.041393,0.089664,0.088103,0.038007,0.032203,0.710630
NC_043510.1,NC_043510.1__M__450,M,450,1550,virus,0.9995428323745728,0.069259,0.168441,0.094734,0.057330,0.046507,0.563728
NC_043510.1,NC_043510.1__M__400,M,400,1600,virus,0.9994279742240906,0.047414,0.091738,0.126381,0.046268,0.040503,0.647696
NC_043510.1,NC_043510.1__M__350,M,350,1650,virus,0.9995043277740479,0.062164,0.097747,0.133699,0.052237,0.037422,0.616731
NC_043510.1,NC_043510.1__M__300,M,300,1700,virus,0.9993352293968201,0.058241,0.063171,0.117715,0.044297,0.044076,0.672502
NC_043510.1,NC_043510.1__M__250,M,250,1750,virus,0.9992784857749939,0.046652,0.058778,0.111058,0.041794,0.040055,0.701663
NC_043510.1,NC_043510.1__M__200,M,200,1800,virus,0.9994412064552307,0.046524,0.067999,0.101178,0.046602,0.043248,0.694449
NC_043510.1,NC_043510.1__M__150,M,150,1850,virus,0.9994783997535706,0.045723,0.070828,0.157137,0.049527,0.048870,0.627914
NC_043510.1,NC_043510.1__M__100,M,100,1900,virus,0.9995015859603882,0.039131,0.064954,0.092298,0.044695,0.041897,0.717025
NC_043510.1,NC_043510.1__M__50,M,50,1950,virus,0.9991344809532166,0.016782,0.035989,0.042605,0.022172,0.022453,0.859998
NC_043510.1,NC_043510.1__M__1,M,1,1999,virus,0.9991095662117004,0.013972,0.030084,0.031869,0.019460,0.019432,0.885182
NC_043537.1,NC_043537.1__none__0,none,0,2000,virus,0.9851508736610413,0.011312,0.017254,0.015255,0.013362,0.014340,0.928477
NC_043537.1,NC_043537.1__M__500,M,500,1500,virus,0.9931811690330505,0.026084,0.017665,0.021192,0.016783,0.011871,0.906406
NC_043537.1,NC_043537.1__M__450,M,450,1550,virus,0.9947540760040283,0.023497,0.017000,0.020392,0.016121,0.012271,0.910719
NC_043537.1,NC_043537.1__M__400,M,400,1600,virus,0.9967537522315979,0.026673,0.018661,0.021571,0.017005,0.012683,0.903408
NC_043537.1,NC_043537.1__M__350,M,350,1650,virus,0.996787428855896,0.020730,0.018025,0.019425,0.016048,0.012262,0.913511
NC_043537.1,NC_043537.1__M__300,M,300,1700,virus,0.9951540231704712,0.023222,0.018316,0.020416,0.017025,0.012182,0.908839
NC_043537.1,NC_043537.1__M__250,M,250,1750,virus,0.9955379962921143,0.015354,0.016799,0.016921,0.014198,0.012012,0.924716
NC_043537.1,NC_043537.1__M__200,M,200,1800,virus,0.9947369694709778,0.016718,0.015298,0.014963,0.014081,0.011723,0.927216
NC_043537.1,NC_043537.1__M__150,M,150,1850,virus,0.9938672184944153,0.018003,0.016021,0.016494,0.014203,0.011904,0.923375
NC_043537.1,NC_043537.1__M__100,M,100,1900,virus,0.9919929504394531,0.013192,0.016726,0.016062,0.013865,0.013262,0.926893
NC_043537.1,NC_043537.1__M__50,M,50,1950,virus,0.9780867695808411,0.010977,0.016773,0.014934,0.012965,0.013972,0.930378
NC_043537.1,NC_043537.1__M__1,M,1,1999,virus,0.9851556420326233,0.011314,0.017253,0.015246,0.013360,0.014345,0.928482
NC_043661.1,NC_043661.1__none__0,none,0,2000,virus,0.9968211650848389,0.012235,0.016518,0.015576,0.012103,0.011556,0.932012
NC_043661.1,NC_043661.1__M__500,M,500,1500,virus,0.999519944190979,0.039747,0.019184,0.026770,0.020270,0.008803,0.885226
NC_043661.1,NC_043661.1__M__450,M,450,1550,virus,0.9995860457420349,0.038241,0.018431,0.023465,0.017995,0.007863,0.894005
NC_043661.1,NC_043661.1__M__400,M,400,1600,virus,0.9995067119598389,0.027896,0.017438,0.019978,0.016547,0.009250,0.908892
NC_043661.1,NC_043661.1__M__350,M,350,1650,virus,0.9994980096817017,0.031580,0.018876,0.024608,0.017243,0.008887,0.898806
NC_043661.1,NC_043661.1__M__300,M,300,1700,virus,0.9993002414703369,0.026847,0.019047,0.022852,0.018370,0.010899,0.901985
NC_043661.1,NC_043661.1__M__250,M,250,1750,virus,0.9991519451141357,0.026741,0.019382,0.022253,0.018843,0.011226,0.901555
NC_043661.1,NC_043661.1__M__200,M,200,1800,virus,0.9987851977348328,0.022687,0.018235,0.019704,0.017026,0.011285,0.911062
NC_043661.1,NC_043661.1__M__150,M,150,1850,virus,0.9989500641822815,0.020435,0.017450,0.019434,0.015031,0.011738,0.915912
NC_043661.1,NC_043661.1__M__100,M,100,1900,virus,0.9975236058235168,0.016730,0.017571,0.018286,0.014111,0.012294,0.921008
NC_043661.1,NC_043661.1__M__50,M,50,1950,virus,0.9967182278633118,0.012027,0.016614,0.015524,0.011998,0.011509,0.932328
NC_043661.1,NC_043661.1__M__1,M,1,1999,virus,0.9968164563179016,0.012239,0.016517,0.015571,0.012103,0.011553,0.932018
NC_040434.1,NC_040434.1__none__0,none,0,2000,virus,0.8109361529350281,0.021379,0.124341,0.039022,0.034868,0.019703,0.760687
NC_040434.1,NC_040434.1__M__500,M,500,1500,virus,0.8178209066390991,0.066398,0.151727,0.074382,0.047725,0.028249,0.631519
NC_040434.1,NC_040434.1__M__450,M,450,1550,virus,0.9207829236984253,0.060696,0.103915,0.057513,0.043282,0.025269,0.709326
NC_040434.1,NC_040434.1__M__400,M,400,1600,virus,0.9065330624580383,0.037956,0.063892,0.054908,0.029215,0.019814,0.794215
NC_040434.1,NC_040434.1__M__350,M,350,1650,virus,0.9524005651473999,0.057550,0.054373,0.067556,0.031277,0.017740,0.771503
NC_040434.1,NC_040434.1__M__300,M,300,1700,virus,0.9455270171165466,0.032327,0.042238,0.046220,0.026973,0.015433,0.836808
NC_040434.1,NC_040434.1__M__250,M,250,1750,virus,0.9464294910430908,0.019906,0.036485,0.038213,0.020405,0.014879,0.870113
NC_040434.1,NC_040434.1__M__200,M,200,1800,virus,0.9285817742347717,0.023118,0.047304,0.037152,0.023010,0.015649,0.853766
NC_040434.1,NC_040434.1__M__150,M,150,1850,virus,0.9153417944908142,0.024983,0.078502,0.043216,0.029561,0.018911,0.804827
NC_040434.1,NC_040434.1__M__100,M,100,1900,virus,0.8681182265281677,0.018900,0.066511,0.036827,0.024254,0.018524,0.834984
NC_040434.1,NC_040434.1__M__50,M,50,1950,virus,0.8200456500053406,0.021578,0.125531,0.047664,0.036029,0.019063,0.750135
NC_040434.1,NC_040434.1__M__1,M,1,1999,virus,0.8108965754508972,0.021343,0.124617,0.039003,0.034756,0.019736,0.760545
NC_040443.1,NC_040443.1__none__0,none,0,2000,virus,0.9998301267623901,0.013927,0.020830,0.018888,0.018743,0.016400,0.911212
NC_040443.1,NC_040443.1__M__500,M,500,1500,virus,0.9999532699584961,0.033288,0.033426,0.016809,0.021816,0.021510,0.873150
NC_040443.1,NC_040443.1__M__450,M,450,1550,virus,0.9999613761901855,0.028783,0.019054,0.016771,0.018046,0.016260,0.901086
NC_040443.1,NC_040443.1__M__400,M,400,1600,virus,0.9999655485153198,0.023528,0.019034,0.017667,0.018004,0.015422,0.906345
NC_040443.1,NC_040443.1__M__350,M,350,1650,virus,0.9999631643295288,0.024681,0.017007,0.018997,0.018730,0.016344,0.904242
NC_040443.1,NC_040443.1__M__300,M,300,1700,virus,0.9999420642852783,0.020457,0.015891,0.018890,0.017278,0.016558,0.910927
NC_040443.1,NC_040443.1__M__250,M,250,1750,virus,0.9999511241912842,0.016281,0.014259,0.017843,0.016536,0.014647,0.920435
NC_040443.1,NC_040443.1__M__200,M,200,1800,virus,0.9999414682388306,0.014191,0.015502,0.018246,0.017169,0.014858,0.920035
NC_040443.1,NC_040443.1__M__150,M,150,1850,virus,0.9998928308486938,0.014789,0.020484,0.018700,0.018837,0.017524,0.909666
NC_040443.1,NC_040443.1__M__100,M,100,1900,virus,0.9998264908790588,0.013648,0.017685,0.018886,0.018447,0.016304,0.915029
NC_040443.1,NC_040443.1__M__50,M,50,1950,virus,0.9997674822807312,0.013013,0.016539,0.018071,0.017849,0.015296,0.919232
NC_040443.1,NC_040443.1__M__1,M,1,1999,virus,0.9998292922973633,0.013923,0.020833,0.018876,0.018738,0.016401,0.911229
NC_040464.1,NC_040464.1__none__0,none,0,2000,virus,0.9974647760391235,0.059166,0.026166,0.032954,0.025895,0.012922,0.842896
NC_040464.1,NC_040464.1__M__500,M,500,1500,virus,0.9981972575187683,0.070441,0.022262,0.031242,0.023883,0.011242,0.840930
NC_040464.1,NC_040464.1__M__450,M,450,1550,virus,0.9988706707954407,0.081827,0.022637,0.032615,0.024906,0.012910,0.825105
NC_040464.1,NC_040464.1__M__400,M,400,1600,virus,0.9993368983268738,0.170427,0.026741,0.037370,0.030830,0.018729,0.715904
NC_040464.1,NC_040464.1__M__350,M,350,1650,virus,0.9994937181472778,0.106947,0.024139,0.033568,0.027446,0.014389,0.793510
NC_040464.1,NC_040464.1__M__300,M,300,1700,virus,0.9994242191314697,0.097164,0.023318,0.031761,0.027048,0.013949,0.806760
NC_040464.1,NC_040464.1__M__250,M,250,1750,virus,0.9995125532150269,0.081137,0.023084,0.033694,0.026199,0.012175,0.823711
NC_040464.1,NC_040464.1__M__200,M,200,1800,virus,0.9994516968727112,0.138546,0.024427,0.040242,0.028037,0.014009,0.754738
NC_040464.1,NC_040464.1__M__150,M,150,1850,virus,0.9995020627975464,0.088176,0.023693,0.037367,0.026040,0.013084,0.811640
NC_040464.1,NC_040464.1__M__100,M,100,1900,virus,0.9993222951889038,0.093135,0.025175,0.041023,0.027012,0.012946,0.800709
NC_040464.1,NC_040464.1__M__50,M,50,1950,virus,0.998267650604248,0.088892,0.038002,0.042803,0.035756,0.017029,0.777517
NC_040464.1,NC_040464.1__M__1,M,1,1999,virus,0.9974594712257385,0.059134,0.026153,0.032932,0.025882,0.012917,0.842982
NC_040485.1,NC_040485.1__none__0,none,0,2000,eukarya,0.999862790107727,0.092721,0.110975,0.299080,0.044536,0.164747,0.287939
NC_040485.1,NC_040485.1__M__500,M,500,1500,virus,0.9999040365219116,0.025362,0.022900,0.021497,0.019011,0.012641,0.898588
NC_040485.1,NC_040485.1__M__450,M,450,1550,virus,0.9998787641525269,0.035923,0.022171,0.023389,0.021667,0.012712,0.884137
NC_040485.1,NC_040485.1__M__400,M,400,1600,virus,0.9999188184738159,0.045524,0.031973,0.028029,0.026786,0.016255,0.851433
NC_040485.1,NC_040485.1__M__350,M,350,1650,virus,0.9999278783798218,0.026642,0.022442,0.022033,0.018895,0.013192,0.896796
NC_040485.1,NC_040485.1__M__300,M,300,1700,virus,0.9999186992645264,0.042737,0.030061,0.025886,0.023199,0.017991,0.860126
NC_040485.1,NC_040485.1__M__250,M,250,1750,virus,0.999893069267273,0.079808,0.039328,0.049336,0.031542,0.024103,0.775883
NC_040485.1,NC_040485.1__M__200,M,200,1800,virus,0.9998903274536133,0.146944,0.050182,0.056366,0.039969,0.031812,0.674727
NC_040485.1,NC_040485.1__M__150,M,150,1850,virus,0.9998639822006226,0.183780,0.106934,0.072318,0.058267,0.058311,0.520391
NC_040485.1,NC_040485.1__M__100,M,100,1900,virus,0.9998189806938171,0.071185,0.091520,0.106887,0.045876,0.038166,0.646365
NC_040485.1,NC_040485.1__M__50,M,50,1950,virus,0.9998077750205994,0.077929,0.090653,0.277533,0.043079,0.084386,0.426420
NC_040485.1,NC_040485.1__M__1,M,1,1999,eukarya,0.9998626708984375,0.092743,0.110954,0.298863,0.044542,0.164583,0.288315
NC_040601.1,NC_040601.1__none__0,none,0,2000,eukarya,0.9955288767814636,0.028692,0.052124,0.466988,0.026554,0.023949,0.401692
NC_040601.1,NC_040601.1__M__500,M,500,1500,virus,0.9982298016548157,0.365722,0.040267,0.158120,0.034782,0.021129,0.379979
NC_040601.1,NC_040601.1__M__450,M,450,1550,virus,0.9979639053344727,0.151229,0.032975,0.188287,0.030419,0.016639,0.580451
NC_040601.1,NC_040601.1__M__400,M,400,1600,virus,0.9982787370681763,0.105582,0.027670,0.108539,0.026228,0.012801,0.719181
NC_040601.1,NC_040601.1__M__350,M,350,1650,virus,0.9986314177513123,0.115826,0.023934,0.079300,0.023978,0.014125,0.742838
NC_040601.1,NC_040601.1__M__300,M,300,1700,virus,0.9986949563026428,0.082780,0.024118,0.072277,0.025139,0.012176,0.783510
NC_040601.1,NC_040601.1__M__250,M,250,1750,virus,0.9984540939331055,0.120107,0.043642,0.168070,0.038047,0.019070,0.611064
NC_040601.1,NC_040601.1__M__200,M,200,1800,virus,0.9980085492134094,0.077712,0.039893,0.185733,0.033935,0.020604,0.642124
NC_040601.1,NC_040601.1__M__150,M,150,1850,virus,0.9971470236778259,0.047874,0.044929,0.322239,0.034185,0.021340,0.529433
NC_040601.1,NC_040601.1__M__100,M,100,1900,virus,0.9933532476425171,0.033872,0.048930,0.303273,0.030971,0.024615,0.558339
NC_040601.1,NC_040601.1__M__50,M,50,1950,eukarya,0.9916602969169617,0.027140,0.056603,0.548292,0.025741,0.021644,0.320580
NC_040601.1,NC_040601.1__M__1,M,1,1999,eukarya,0.9954989552497864,0.028637,0.052075,0.474613,0.026565,0.023910,0.394202
NC_040685.2,NC_040685.2__none__0,none,0,2000,bacteria,0.9999405145645142,0.500346,0.370552,0.017760,0.026568,0.063445,0.021330
NC_040685.2,NC_040685.2__M__500,M,500,1500,bacteria,0.9999232292175293,0.835665,0.066690,0.014961,0.026503,0.026600,0.029581
NC_040685.2,NC_040685.2__M__450,M,450,1550,bacteria,0.999925971031189,0.885178,0.035623,0.014176,0.022518,0.023557,0.018948
NC_040685.2,NC_040685.2__M__400,M,400,1600,bacteria,0.9999233484268188,0.893830,0.032644,0.012015,0.021421,0.020745,0.019346
NC_040685.2,NC_040685.2__M__350,M,350,1650,bacteria,0.9999464750289917,0.895620,0.027380,0.011858,0.021474,0.022399,0.021269
NC_040685.2,NC_040685.2__M__300,M,300,1700,bacteria,0.9999467134475708,0.901868,0.027095,0.010654,0.020177,0.022346,0.017861
NC_040685.2,NC_040685.2__M__250,M,250,1750,bacteria,0.9999575614929199,0.920241,0.021627,0.009800,0.016958,0.019057,0.012318
NC_040685.2,NC_040685.2__M__200,M,200,1800,bacteria,0.9999269247055054,0.887156,0.040852,0.011738,0.020782,0.024513,0.014959
NC_040685.2,NC_040685.2__M__150,M,150,1850,bacteria,0.9999436140060425,0.885647,0.045188,0.012591,0.019958,0.024596,0.012020
NC_040685.2,NC_040685.2__M__100,M,100,1900,bacteria,0.9999150037765503,0.874358,0.047653,0.014306,0.021645,0.028656,0.013381
NC_040685.2,NC_040685.2__M__50,M,50,1950,bacteria,0.9999452829360962,0.596172,0.282454,0.017584,0.027418,0.056801,0.019572
NC_040685.2,NC_040685.2__M__1,M,1,1999,bacteria,0.9999401569366455,0.497664,0.372902,0.017770,0.026547,0.063729,0.021388
NC_040774.1,NC_040774.1__none__0,none,0,2000,eukarya,0.9995680451393127,0.238379,0.058066,0.411875,0.047548,0.030860,0.213272
NC_040774.1,NC_040774.1__M__500,M,500,1500,bacteria,0.9988477230072021,0.914424,0.016481,0.015336,0.018274,0.018560,0.016926
NC_040774.1,NC_040774.1__M__450,M,450,1550,bacteria,0.9991222023963928,0.915816,0.015035,0.015517,0.017868,0.018287,0.017478
NC_040774.1,NC_040774.1__M__400,M,400,1600,bacteria,0.9992653727531433,0.904201,0.016844,0.018152,0.019038,0.018010,0.023754
NC_040774.1,NC_040774.1__M__350,M,350,1650,bacteria,0.9996242523193359,0.882930,0.017854,0.025139,0.021122,0.018442,0.034512
NC_040774.1,NC_040774.1__M__300,M,300,1700,bacteria,0.9996603727340698,0.878742,0.015105,0.026450,0.020742,0.019748,0.039213
NC_040774.1,NC_040774.1__M__250,M,250,1750,bacteria,0.9997208714485168,0.872844,0.016898,0.029879,0.022095,0.021551,0.036732
NC_040774.1,NC_040774.1__M__200,M,200,1800,bacteria,0.9996305704116821,0.851360,0.020103,0.030139,0.025876,0.021203,0.051319
NC_040774.1,NC_040774.1__M__150,M,150,1850,bacteria,0.999552309513092,0.867243,0.021669,0.026360,0.027482,0.020923,0.036323
NC_040774.1,NC_040774.1__M__100,M,100,1900,bacteria,0.9991745352745056,0.831364,0.029998,0.038612,0.033043,0.023186,0.043797
NC_040774.1,NC_040774.1__M__50,M,50,1950,bacteria,0.9996986389160156,0.334022,0.066784,0.221581,0.054305,0.030434,0.292874
NC_040774.1,NC_040774.1__M__1,M,1,1999,eukarya,0.9995669722557068,0.241451,0.058171,0.408870,0.047647,0.031115,0.212746
NC_040795.1,NC_040795.1__none__0,none,0,2000,virus,0.9975334405899048,0.031512,0.256741,0.306701,0.035277,0.030406,0.339363
NC_040795.1,NC_040795.1__M__500,M,500,1500,phage,0.9987788796424866,0.163770,0.451897,0.081655,0.057906,0.037510,0.207262
NC_040795.1,NC_040795.1__M__450,M,450,1550,phage,0.9993201494216919,0.256625,0.279736,0.097647,0.063216,0.045436,0.257340
NC_040795.1,NC_040795.1__M__400,M,400,1600,virus,0.9995414018630981,0.239139,0.185090,0.076181,0.064058,0.047396,0.388136
NC_040795.1,NC_040795.1__M__350,M,350,1650,virus,0.9993621706962585,0.117509,0.148099,0.054511,0.048138,0.039137,0.592606
NC_040795.1,NC_040795.1__M__300,M,300,1700,virus,0.9992955923080444,0.138227,0.134283,0.062629,0.051473,0.034192,0.579196
NC_040795.1,NC_040795.1__M__250,M,250,1750,virus,0.9991655349731445,0.055313,0.095407,0.059265,0.034267,0.030098,0.725650
NC_040795.1,NC_040795.1__M__200,M,200,1800,virus,0.9990667700767517,0.069215,0.115756,0.064968,0.039995,0.030528,0.679538
NC_040795.1,NC_040795.1__M__150,M,150,1850,virus,0.9992122650146484,0.070998,0.225799,0.095564,0.050260,0.037308,0.520071
NC_040795.1,NC_040795.1__M__100,M,100,1900,virus,0.9982668161392212,0.048762,0.213723,0.100053,0.042123,0.035905,0.559434
NC_040795.1,NC_040795.1__M__50,M,50,1950,virus,0.9974215030670166,0.030084,0.264979,0.224145,0.035281,0.030370,0.415140
NC_040795.1,NC_040795.1__M__1,M,1,1999,virus,0.9975366592407227,0.031529,0.256395,0.307561,0.035275,0.030416,0.338824
NC_040813.1,NC_040813.1__none__0,none,0,2000,virus,0.9999172687530518,0.011807,0.021651,0.015043,0.015412,0.014744,0.921343
NC_040813.1,NC_040813.1__M__500,M,500,1500,virus,0.9999237060546875,0.094768,0.022769,0.029852,0.026269,0.023520,0.802822
NC_040813.1,NC_040813.1__M__450,M,450,1550,virus,0.9999432563781738,0.150562,0.029868,0.036864,0.038126,0.028148,0.716431
NC_040813.1,NC_040813.1__M__400,M,400,1600,virus,0.999934196472168,0.126565,0.023730,0.035377,0.033415,0.025535,0.755379
NC_040813.1,NC_040813.1__M__350,M,350,1650,virus,0.9999604225158691,0.128523,0.020087,0.031936,0.030919,0.027704,0.760830
NC_040813.1,NC_040813.1__M__300,M,300,1700,virus,0.999955415725708,0.088678,0.017815,0.027502,0.024230,0.024139,0.817635
NC_040813.1,NC_040813.1__M__250,M,250,1750,virus,0.9999375343322754,0.081330,0.019630,0.027424,0.024728,0.022808,0.824080
NC_040813.1,NC_040813.1__M__200,M,200,1800,virus,0.9999412298202515,0.038116,0.016049,0.021292,0.019031,0.016884,0.888629
NC_040813.1,NC_040813.1__M__150,M,150,1850,virus,0.9998993873596191,0.031716,0.019406,0.020579,0.019442,0.018720,0.890138
NC_040813.1,NC_040813.1__M__100,M,100,1900,virus,0.999854326248169,0.023203,0.019133,0.019151,0.018046,0.016728,0.903739
NC_040813.1,NC_040813.1__M__50,M,50,1950,virus,0.9999281167984009,0.013834,0.029538,0.015996,0.016485,0.016532,0.907615
NC_040813.1,NC_040813.1__M__1,M,1,1999,virus,0.9999172687530518,0.011810,0.021667,0.015044,0.015413,0.014755,0.921312
NC_040835.1,NC_040835.1__none__0,none,0,2000,virus,0.9974930286407471,0.024028,0.062669,0.092501,0.023944,0.021046,0.775813
NC_040835.1,NC_040835.1__M__500,M,500,1500,virus,0.9979614019393921,0.145390,0.042589,0.047568,0.029432,0.022372,0.712649
NC_040835.1,NC_040835.1__M__450,M,450,1550,virus,0.998640239238739,0.175397,0.047892,0.048544,0.034569,0.028694,0.664904
NC_040835.1,NC_040835.1__M__400,M,400,1600,virus,0.9981687068939209,0.089027,0.033134,0.033922,0.027828,0.016700,0.799390
NC_040835.1,NC_040835.1__M__350,M,350,1650,virus,0.9979186654090881,0.023433,0.022165,0.022880,0.016965,0.013118,0.901439
NC_040835.1,NC_040835.1__M__300,M,300,1700,virus,0.9973481893539429,0.027578,0.018637,0.023550,0.017572,0.013746,0.898917
NC_040835.1,NC_040835.1__M__250,M,250,1750,virus,0.9978598952293396,0.050540,0.022761,0.029249,0.020831,0.018530,0.858088
NC_040835.1,NC_040835.1__M__200,M,200,1800,virus,0.9969991445541382,0.026226,0.020130,0.028295,0.017540,0.014207,0.893602
NC_040835.1,NC_040835.1__M__150,M,150,1850,virus,0.997639536857605,0.031347,0.024262,0.031506,0.020083,0.016488,0.876316
NC_040835.1,NC_040835.1__M__100,M,100,1900,virus,0.9966501593589783,0.024806,0.026176,0.037377,0.019728,0.016232,0.875682
NC_040835.1,NC_040835.1__M__50,M,50,1950,virus,0.9972535967826843,0.025088,0.084372,0.085231,0.025778,0.023061,0.756470
NC_040835.1,NC_040835.1__M__1,M,1,1999,virus,0.997491717338562,0.024038,0.062701,0.092598,0.023954,0.021056,0.775653
NC_039476.1,NC_039476.1__none__0,none,0,2000,virus,0.9995484948158264,0.022734,0.030434,0.042525,0.078474,0.020091,0.805743
NC_039476.1,NC_039476.1__M__500,M,500,1500,virus,0.9998449087142944,0.038757,0.023855,0.038803,0.031055,0.011915,0.855616
NC_039476.1,NC_039476.1__M__450,M,450,1550,virus,0.9998711347579956,0.048213,0.028977,0.047928,0.050803,0.013550,0.810528
NC_039476.1,NC_039476.1__M__400,M,400,1600,virus,0.9998981952667236,0.067402,0.034072,0.057912,0.057254,0.015071,0.768289
NC_039476.1,NC_039476.1__M__350,M,350,1650,virus,0.9998941421508789,0.052434,0.030734,0.044687,0.038903,0.012234,0.821007
NC_039476.1,NC_039476.1__M__300,M,300,1700,virus,0.9998328685760498,0.037039,0.026101,0.038592,0.026881,0.012490,0.858898
NC_039476.1,NC_039476.1__M__250,M,250,1750,virus,0.9997498393058777,0.037812,0.028468,0.039288,0.032290,0.012635,0.849507
NC_039476.1,NC_039476.1__M__200,M,200,1800,virus,0.999875545501709,0.033805,0.025307,0.033907,0.023811,0.013062,0.870108
NC_039476.1,NC_039476.1__M__150,M,150,1850,virus,0.9998130202293396,0.025675,0.022463,0.029975,0.023702,0.013948,0.884237
NC_039476.1,NC_039476.1__M__100,M,100,1900,virus,0.9997593760490417,0.026468,0.028208,0.038229,0.049160,0.017996,0.839939
NC_039476.1,NC_039476.1__M__50,M,50,1950,virus,0.9993256330490112,0.024903,0.034146,0.051016,0.108230,0.022089,0.759617
NC_039476.1,NC_039476.1__M__1,M,1,1999,virus,0.9995483756065369,0.022717,0.030401,0.042493,0.078232,0.020083,0.806074
NC_039199.1,NC_039199.1__none__0,none,0,2000,virus,0.999066174030304,0.021393,0.017729,0.026635,0.032796,0.013271,0.888175
NC_039199.1,NC_039199.1__M__500,M,500,1500,virus,0.9984810948371887,0.318938,0.041679,0.041131,0.042859,0.030149,0.525244
NC_039199.1,NC_039199.1__M__450,M,450,1550,bacteria,0.9991317391395569,0.444957,0.047035,0.039196,0.044717,0.038951,0.385144
NC_039199.1,NC_039199.1__M__400,M,400,1600,virus,0.998914361000061,0.245091,0.040192,0.041038,0.039147,0.027508,0.607024
NC_039199.1,NC_039199.1__M__350,M,350,1650,virus,0.9990823268890381,0.271023,0.035070,0.052201,0.037089,0.020700,0.583917
NC_039199.1,NC_039199.1__M__300,M,300,1700,virus,0.9989153146743774,0.136946,0.029650,0.043116,0.030634,0.019837,0.739818
NC_039199.1,NC_039199.1__M__250,M,250,1750,virus,0.999455988407135,0.181575,0.040686,0.068314,0.043017,0.023891,0.642516
NC_039199.1,NC_039199.1__M__200,M,200,1800,virus,0.9994432330131531,0.061621,0.027571,0.057708,0.033359,0.016637,0.803105
NC_039199.1,NC_039199.1__M__150,M,150,1850,virus,0.9991564750671387,0.052164,0.027779,0.050879,0.056762,0.013764,0.798652
NC_039199.1,NC_039199.1__M__100,M,100,1900,virus,0.9987437129020691,0.042391,0.032224,0.052122,0.088548,0.016833,0.767882
NC_039199.1,NC_039199.1__M__50,M,50,1950,virus,0.9984790682792664,0.029150,0.023894,0.038878,0.066523,0.015850,0.825705
NC_039199.1,NC_039199.1__M__1,M,1,1999,virus,0.9990658164024353,0.021402,0.017727,0.026612,0.032789,0.013260,0.888209
NC_038272.1,NC_038272.1__none__0,none,0,2000,virus,0.9985145926475525,0.016383,0.140126,0.047539,0.031894,0.020680,0.743378
NC_038272.1,NC_038272.1__M__500,M,500,1500,virus,0.998095691204071,0.029133,0.044037,0.026156,0.022991,0.015651,0.862031
NC_038272.1,NC_038272.1__M__450,M,450,1550,virus,0.9992464780807495,0.025626,0.040069,0.023815,0.020489,0.014433,0.875567
NC_038272.1,NC_038272.1__M__400,M,400,1600,virus,0.9990092515945435,0.018552,0.029748,0.018296,0.015001,0.010937,0.907465
NC_038272.1,NC_038272.1__M__350,M,350,1650,virus,0.9988282322883606,0.021737,0.035316,0.020569,0.017089,0.012259,0.893030
NC_038272.1,NC_038272.1__M__300,M,300,1700,virus,0.9984827637672424,0.019630,0.031388,0.022526,0.015794,0.011595,0.899068
NC_038272.1,NC_038272.1__M__250,M,250,1750,virus,0.9985392093658447,0.020806,0.027240,0.027205,0.017069,0.011199,0.896480
NC_038272.1,NC_038272.1__M__200,M,200,1800,virus,0.9991276860237122,0.019615,0.021307,0.021734,0.014820,0.010217,0.912306
NC_038272.1,NC_038272.1__M__150,M,150,1850,virus,0.9990139007568359,0.018568,0.035613,0.025411,0.019688,0.012890,0.887829
NC_038272.1,NC_038272.1__M__100,M,100,1900,virus,0.9986618757247925,0.016757,0.047346,0.029188,0.020439,0.015388,0.870882
NC_038272.1,NC_038272.1__M__50,M,50,1950,virus,0.9981979727745056,0.015816,0.102889,0.036534,0.030730,0.019986,0.794045
NC_038272.1,NC_038272.1__M__1,M,1,1999,virus,0.9985113739967346,0.016373,0.139738,0.047472,0.031863,0.020664,0.743890
NC_038287.1,NC_038287.1__none__0,none,0,2000,eukarya,0.9997071623802185,0.029732,0.046962,0.582939,0.030387,0.032723,0.277257
NC_038287.1,NC_038287.1__M__500,M,500,1500,bacteria,0.9998350143432617,0.433442,0.041716,0.094337,0.037094,0.018493,0.374919
NC_038287.1,NC_038287.1__M__450,M,450,1550,virus,0.999894380569458,0.327854,0.048164,0.096162,0.040943,0.020344,0.466531
NC_038287.1,NC_038287.1__M__400,M,400,1600,virus,0.9998948574066162,0.293005,0.058651,0.116923,0.046766,0.019968,0.464687
NC_038287.1,NC_038287.1__M__350,M,350,1650,virus,0.9998893737792969,0.333331,0.068353,0.127999,0.054144,0.020392,0.395781
NC_038287.1,NC_038287.1__M__300,M,300,1700,bacteria,0.9999048709869385,0.384551,0.062858,0.128296,0.052360,0.020356,0.351579
NC_038287.1,NC_038287.1__M__250,M,250,1750,virus,0.9998959302902222,0.222829,0.049691,0.132702,0.042654,0.017561,0.534563
NC_038287.1,NC_038287.1__M__200,M,200,1800,virus,0.9998905658721924,0.114218,0.041809,0.101964,0.034448,0.014618,0.692942
NC_038287.1,NC_038287.1__M__150,M,150,1850,virus,0.9998458623886108,0.171415,0.096212,0.267335,0.053384,0.021948,0.389706
NC_038287.1,NC_038287.1__M__100,M,100,1900,virus,0.9997995495796204,0.086241,0.081273,0.191335,0.042874,0.024164,0.574112
NC_038287.1,NC_038287.1__M__50,M,50,1950,virus,0.9997292160987854,0.036735,0.058591,0.367207,0.031702,0.028419,0.477348
NC_038287.1,NC_038287.1__M__1,M,1,1999,eukarya,0.9997075200080872,0.029642,0.046848,0.586878,0.030318,0.032631,0.273683
NC_038311.1,NC_038311.1__none__0,none,0,2000,virus,0.9889515042304993,0.013871,0.030247,0.016642,0.013285,0.011846,0.914108
NC_038311.1,NC_038311.1__M__500,M,500,1500,virus,0.9880495667457581,0.039781,0.021054,0.023967,0.019741,0.009932,0.885525
NC_038311.1,NC_038311.1__M__450,M,450,1550,virus,0.9893937110900879,0.038372,0.021099,0.022092,0.018664,0.009191,0.890582
NC_038311.1,NC_038311.1__M__400,M,400,1600,virus,0.9917677640914917,0.032790,0.020654,0.020570,0.016889,0.008208,0.900889
NC_038311.1,NC_038311.1__M__350,M,350,1650,virus,0.9944044351577759,0.035695,0.017957,0.020359,0.017313,0.008417,0.900259
NC_038311.1,NC_038311.1__M__300,M,300,1700,virus,0.9942124485969543,0.024873,0.014562,0.016168,0.014030,0.008110,0.922257
NC_038311.1,NC_038311.1__M__250,M,250,1750,virus,0.9947677850723267,0.017473,0.013508,0.013569,0.011278,0.008189,0.935982
NC_038311.1,NC_038311.1__M__200,M,200,1800,virus,0.9954451322555542,0.015357,0.013793,0.013679,0.011512,0.008778,0.936881
NC_038311.1,NC_038311.1__M__150,M,150,1850,virus,0.9933231472969055,0.017521,0.016081,0.016556,0.014284,0.009264,0.926294
NC_038311.1,NC_038311.1__M__100,M,100,1900,virus,0.9909650087356567,0.018208,0.019527,0.019264,0.017433,0.010487,0.915082
NC_038311.1,NC_038311.1__M__50,M,50,1950,virus,0.9912671446800232,0.014832,0.032223,0.016860,0.015356,0.011883,0.908844
NC_038311.1,NC_038311.1__M__1,M,1,1999,virus,0.9889658093452454,0.013862,0.030188,0.016630,0.013262,0.011838,0.914220
NC_038317.1,NC_038317.1__none__0,none,0,2000,virus,0.9988516569137573,0.014038,0.012872,0.011424,0.014172,0.012492,0.935002
NC_038317.1,NC_038317.1__M__500,M,500,1500,virus,0.9859441518783569,0.019433,0.015939,0.016542,0.015058,0.013078,0.919950
NC_038317.1,NC_038317.1__M__450,M,450,1550,virus,0.9929509162902832,0.019077,0.015833,0.015989,0.015588,0.013580,0.919933
NC_038317.1,NC_038317.1__M__400,M,400,1600,virus,0.996529757976532,0.020929,0.016705,0.019185,0.016607,0.012160,0.914414
NC_038317.1,NC_038317.1__M__350,M,350,1650,virus,0.9971001744270325,0.021745,0.015586,0.017364,0.015936,0.011721,0.917648
NC_038317.1,NC_038317.1__M__300,M,300,1700,virus,0.9965543746948242,0.022474,0.013838,0.016001,0.016551,0.011585,0.919552
NC_038317.1,NC_038317.1__M__250,M,250,1750,virus,0.9967222809791565,0.018632,0.014120,0.014238,0.016283,0.013654,0.923074
NC_038317.1,NC_038317.1__M__200,M,200,1800,virus,0.9973125457763672,0.018749,0.015698,0.014280,0.016850,0.014598,0.919825
NC_038317.1,NC_038317.1__M__150,M,150,1850,virus,0.9978094696998596,0.017464,0.014868,0.013837,0.016213,0.014508,0.923110
NC_038317.1,NC_038317.1__M__100,M,100,1900,virus,0.9954748749732971,0.015683,0.013528,0.012583,0.015048,0.013570,0.929588
NC_038317.1,NC_038317.1__M__50,M,50,1950,virus,0.9989835619926453,0.014667,0.013363,0.011992,0.014722,0.012739,0.932517
NC_038317.1,NC_038317.1__M__1,M,1,1999,virus,0.9988470077514648,0.014036,0.012912,0.011413,0.014149,0.012503,0.934988
NC_038435.1,NC_038435.1__none__0,none,0,2000,virus,0.9990441203117371,0.015536,0.019596,0.026984,0.015799,0.012818,0.909267
NC_038435.1,NC_038435.1__M__500,M,500,1500,virus,0.9993414282798767,0.273932,0.044216,0.069420,0.050546,0.017713,0.544172
NC_038435.1,NC_038435.1__M__450,M,450,1550,virus,0.9994091987609863,0.095935,0.028902,0.052601,0.029887,0.010576,0.782098
NC_038435.1,NC_038435.1__M__400,M,400,1600,virus,0.9992128610610962,0.115137,0.025496,0.049747,0.030149,0.009896,0.769576
NC_038435.1,NC_038435.1__M__350,M,350,1650,virus,0.9991580247879028,0.089497,0.022809,0.038303,0.026762,0.009707,0.812923
NC_038435.1,NC_038435.1__M__300,M,300,1700,virus,0.9990049004554749,0.057269,0.020134,0.027088,0.022628,0.008931,0.863951
NC_038435.1,NC_038435.1__M__250,M,250,1750,virus,0.9991360306739807,0.057049,0.021768,0.029342,0.024296,0.008583,0.858962
NC_038435.1,NC_038435.1__M__200,M,200,1800,virus,0.9987945556640625,0.034873,0.017075,0.021427,0.017927,0.008942,0.899757
NC_038435.1,NC_038435.1__M__150,M,150,1850,virus,0.9986431002616882,0.031725,0.020003,0.027253,0.019309,0.009370,0.892340
NC_038435.1,NC_038435.1__M__100,M,100,1900,virus,0.9978305697441101,0.021496,0.016630,0.018122,0.015474,0.009293,0.918984
NC_038435.1,NC_038435.1__M__50,M,50,1950,virus,0.9990907907485962,0.012483,0.015977,0.015775,0.013319,0.010930,0.931515
NC_038435.1,NC_038435.1__M__1,M,1,1999,virus,0.9990435242652893,0.015547,0.019619,0.027064,0.015813,0.012840,0.909115
NC_038697.1,NC_038697.1__none__0,none,0,2000,virus,0.9999961853027344,0.012596,0.013588,0.013809,0.010412,0.013338,0.936257
NC_038697.1,NC_038697.1__M__500,M,500,1500,virus,0.9999957084655762,0.062559,0.034122,0.031597,0.032706,0.015645,0.823371
NC_038697.1,NC_038697.1__M__450,M,450,1550,virus,0.9999964237213135,0.053635,0.032894,0.030435,0.028778,0.015475,0.838783
NC_038697.1,NC_038697.1__M__400,M,400,1600,virus,0.9999971389770508,0.041589,0.024410,0.028289,0.021927,0.012583,0.871200
NC_038697.1,NC_038697.1__M__350,M,350,1650,virus,0.999997615814209,0.035264,0.022352,0.026616,0.020778,0.012781,0.882208
NC_038697.1,NC_038697.1__M__300,M,300,1700,virus,0.9999977350234985,0.034355,0.025956,0.025278,0.022389,0.013262,0.878760
NC_038697.1,NC_038697.1__M__250,M,250,1750,virus,0.9999972581863403,0.026436,0.022381,0.021989,0.018777,0.012687,0.897729
NC_038697.1,NC_038697.1__M__200,M,200,1800,virus,0.9999973773956299,0.028343,0.027332,0.022826,0.022890,0.014774,0.883835
NC_038697.1,NC_038697.1__M__150,M,150,1850,virus,0.9999959468841553,0.021618,0.021043,0.018659,0.016789,0.014500,0.907390
NC_038697.1,NC_038697.1__M__100,M,100,1900,virus,0.9999949932098389,0.017120,0.015896,0.016158,0.012547,0.013618,0.924661
NC_038697.1,NC_038697.1__M__50,M,50,1950,virus,0.9999951124191284,0.013111,0.014283,0.014144,0.010956,0.013821,0.933685
NC_038697.1,NC_038697.1__M__1,M,1,1999,virus,0.9999960660934448,0.012596,0.013593,0.013809,0.010412,0.013342,0.936247
NC_038717.1,NC_038717.1__none__0,none,0,2000,virus,0.9999098777770996,0.031358,0.093794,0.021674,0.035970,0.028939,0.788264
NC_038717.1,NC_038717.1__M__500,M,500,1500,bacteria,0.9998891353607178,0.558118,0.077378,0.022791,0.133567,0.042143,0.166003
NC_038717.1,NC_038717.1__M__450,M,450,1550,bacteria,0.9999079704284668,0.439495,0.079738,0.024703,0.213488,0.040939,0.201637
NC_038717.1,NC_038717.1__M__400,M,400,1600,bacteria,0.9999344348907471,0.504946,0.086150,0.025300,0.102740,0.046825,0.234038
NC_038717.1,NC_038717.1__M__350,M,350,1650,bacteria,0.9999147653579712,0.409501,0.063467,0.023714,0.064535,0.033843,0.404941
NC_038717.1,NC_038717.1__M__300,M,300,1700,virus,0.9998853206634521,0.260668,0.080664,0.024231,0.056896,0.043008,0.534533
NC_038717.1,NC_038717.1__M__250,M,250,1750,virus,0.9999023675918579,0.343706,0.093835,0.026717,0.071481,0.050501,0.413760
NC_038717.1,NC_038717.1__M__200,M,200,1800,virus,0.9999377727508545,0.119217,0.046786,0.022696,0.062674,0.031997,0.716629
NC_038717.1,NC_038717.1__M__150,M,150,1850,virus,0.9999231100082397,0.162186,0.146701,0.028087,0.112035,0.048905,0.502086
NC_038717.1,NC_038717.1__M__100,M,100,1900,virus,0.9998600482940674,0.135685,0.240456,0.025483,0.092389,0.052473,0.453513
NC_038717.1,NC_038717.1__M__50,M,50,1950,virus,0.9998679161071777,0.045981,0.223903,0.025284,0.062002,0.038424,0.604407
NC_038717.1,NC_038717.1__M__1,M,1,1999,virus,0.9999107122421265,0.031420,0.094193,0.021692,0.036087,0.028969,0.787639
NC_038747.1,NC_038747.1__none__0,none,0,2000,virus,0.9999788999557495,0.042250,0.054029,0.072396,0.073599,0.050480,0.707245
NC_038747.1,NC_038747.1__M__500,M,500,1500,virus,0.9998188614845276,0.170177,0.071525,0.060401,0.058025,0.040585,0.599288
NC_038747.1,NC_038747.1__M__450,M,450,1550,virus,0.9999237060546875,0.177428,0.068071,0.056801,0.056662,0.040325,0.600713
NC_038747.1,NC_038747.1__M__400,M,400,1600,virus,0.9999371767044067,0.137415,0.066530,0.062139,0.053039,0.046517,0.634360
NC_038747.1,NC_038747.1__M__350,M,350,1650,virus,0.9999343156814575,0.250920,0.100001,0.088290,0.083959,0.066061,0.410770
NC_038747.1,NC_038747.1__M__300,M,300,1700,virus,0.9999328851699829,0.213076,0.092377,0.086380,0.079163,0.065544,0.463460
NC_038747.1,NC_038747.1__M__250,M,250,1750,virus,0.9999121427536011,0.189622,0.097630,0.090638,0.084369,0.060519,0.477223
NC_038747.1,NC_038747.1__M__200,M,200,1800,virus,0.9999264478683472,0.091546,0.067693,0.100521,0.072150,0.048201,0.619889
NC_038747.1,NC_038747.1__M__150,M,150,1850,virus,0.9999275207519531,0.101259,0.079339,0.123514,0.103967,0.068659,0.523263
NC_038747.1,NC_038747.1__M__100,M,100,1900,virus,0.9999110698699951,0.110085,0.091137,0.146163,0.116934,0.075418,0.460263
NC_038747.1,NC_038747.1__M__50,M,50,1950,virus,0.9999532699584961,0.060440,0.070567,0.100796,0.108301,0.064770,0.595125
NC_038747.1,NC_038747.1__M__1,M,1,1999,virus,0.9999788999557495,0.042343,0.054175,0.072579,0.073969,0.050624,0.706310
NC_038769.1,NC_038769.1__none__0,none,0,2000,archaea,0.9999418258666992,0.037692,0.046302,0.038160,0.536329,0.026318,0.315198
NC_038769.1,NC_038769.1__M__500,M,500,1500,virus,0.9998719692230225,0.127834,0.044065,0.038141,0.046906,0.017087,0.725967
NC_038769.1,NC_038769.1__M__450,M,450,1550,virus,0.9998745918273926,0.153913,0.060242,0.041535,0.051395,0.018326,0.674590
NC_038769.1,NC_038769.1__M__400,M,400,1600,virus,0.999929666519165,0.080984,0.037622,0.030756,0.036414,0.015197,0.799027
NC_038769.1,NC_038769.1__M__350,M,350,1650,virus,0.9999357461929321,0.161424,0.042500,0.039876,0.053576,0.016145,0.686478
NC_038769.1,NC_038769.1__M__300,M,300,1700,virus,0.9999366998672485,0.081860,0.030229,0.035469,0.042555,0.012107,0.797780
NC_038769.1,NC_038769.1__M__250,M,250,1750,virus,0.9999682903289795,0.073174,0.028800,0.034532,0.045454,0.012932,0.805108
NC_038769.1,NC_038769.1__M__200,M,200,1800,virus,0.9999786615371704,0.102914,0.047320,0.044418,0.082799,0.018971,0.703579
NC_038769.1,NC_038769.1__M__150,M,150,1850,virus,0.9999727010726929,0.094122,0.060759,0.053497,0.199789,0.026887,0.564946
NC_038769.1,NC_038769.1__M__100,M,100,1900,virus,0.9999687671661377,0.101717,0.070184,0.060530,0.217315,0.031207,0.519047
NC_038769.1,NC_038769.1__M__50,M,50,1950,archaea,0.9999444484710693,0.031379,0.040999,0.036557,0.604841,0.024271,0.261952
NC_038769.1,NC_038769.1__M__1,M,1,1999,archaea,0.9999419450759888,0.037709,0.046302,0.038160,0.536547,0.026311,0.314971
NC_038782.1,NC_038782.1__none__0,none,0,2000,eukarya,0.9906874299049377,0.021636,0.042323,0.837048,0.022520,0.017034,0.059440
NC_038782.1,NC_038782.1__M__500,M,500,1500,virus,0.9993690848350525,0.206435,0.082477,0.247295,0.046442,0.020839,0.396512
NC_038782.1,NC_038782.1__M__450,M,450,1550,virus,0.9992226362228394,0.201988,0.117067,0.285649,0.047619,0.024672,0.323004
NC_038782.1,NC_038782.1__M__400,M,400,1600,eukarya,0.9990838766098022,0.193139,0.092627,0.446924,0.047709,0.024209,0.195392
NC_038782.1,NC_038782.1__M__350,M,350,1650,eukarya,0.9993003606796265,0.172610,0.078729,0.531837,0.043973,0.021608,0.151243
NC_038782.1,NC_038782.1__M__300,M,300,1700,eukarya,0.9992313385009766,0.211351,0.093585,0.449120,0.051667,0.022831,0.171446
NC_038782.1,NC_038782.1__M__250,M,250,1750,eukarya,0.9988653659820557,0.201689,0.095209,0.458556,0.049847,0.021744,0.172956
NC_038782.1,NC_038782.1__M__200,M,200,1800,bacteria,0.9983264803886414,0.333821,0.153903,0.263363,0.063798,0.030827,0.154288
NC_038782.1,NC_038782.1__M__150,M,150,1850,eukarya,0.9981635212898254,0.306178,0.140097,0.329800,0.069842,0.031824,0.122259
NC_038782.1,NC_038782.1__M__100,M,100,1900,bacteria,0.9967964291572571,0.294013,0.198349,0.276774,0.081605,0.040698,0.108560
NC_038782.1,NC_038782.1__M__50,M,50,1950,eukarya,0.9931154847145081,0.029956,0.066621,0.801872,0.029041,0.018132,0.054379
NC_038782.1,NC_038782.1__M__1,M,1,1999,eukarya,0.9906958341598511,0.021724,0.042524,0.836122,0.022614,0.017097,0.059919
NC_038874.1,NC_038874.1__none__0,none,0,2000,virus,0.9995111227035522,0.012378,0.043649,0.038483,0.018986,0.021405,0.865099
NC_038874.1,NC_038874.1__M__500,M,500,1500,virus,0.9994909763336182,0.016532,0.022439,0.020770,0.017459,0.015026,0.907774
NC_038874.1,NC_038874.1__M__450,M,450,1550,virus,0.9997584223747253,0.020604,0.026148,0.023585,0.021135,0.013156,0.895372
NC_038874.1,NC_038874.1__M__400,M,400,1600,virus,0.9997901320457458,0.017470,0.022678,0.026865,0.017793,0.015400,0.899795
NC_038874.1,NC_038874.1__M__350,M,350,1650,virus,0.9998310804367065,0.025467,0.025011,0.031205,0.022588,0.012696,0.883033
NC_038874.1,NC_038874.1__M__300,M,300,1700,virus,0.999897837638855,0.021727,0.019912,0.021856,0.019951,0.011297,0.905257
NC_038874.1,NC_038874.1__M__250,M,250,1750,virus,0.9998176693916321,0.024112,0.031196,0.034473,0.025040,0.013599,0.871581
NC_038874.1,NC_038874.1__M__200,M,200,1800,virus,0.9998443126678467,0.019095,0.021881,0.020665,0.019459,0.012152,0.906748
NC_038874.1,NC_038874.1__M__150,M,150,1850,virus,0.9997515082359314,0.017928,0.021296,0.021723,0.019006,0.013219,0.906828
NC_038874.1,NC_038874.1__M__100,M,100,1900,virus,0.9997349381446838,0.016157,0.025536,0.024058,0.019739,0.015526,0.898984
NC_038874.1,NC_038874.1__M__50,M,50,1950,virus,0.9994736313819885,0.019171,0.076010,0.062800,0.029978,0.025676,0.786364
NC_038874.1,NC_038874.1__M__1,M,1,1999,virus,0.9995130300521851,0.012382,0.043701,0.038537,0.018988,0.021413,0.864980
NC_038882.1,NC_038882.1__none__0,none,0,2000,virus,0.8863064050674438,0.010657,0.010964,0.014357,0.012446,0.008175,0.943402
NC_038882.1,NC_038882.1__M__500,M,500,1500,virus,0.9126757383346558,0.059680,0.017608,0.028510,0.023741,0.014868,0.855593
NC_038882.1,NC_038882.1__M__450,M,450,1550,virus,0.9591125249862671,0.205752,0.026373,0.050070,0.038121,0.024078,0.655606
NC_038882.1,NC_038882.1__M__400,M,400,1600,virus,0.9624394774436951,0.137772,0.022596,0.037913,0.029889,0.021905,0.749925
NC_038882.1,NC_038882.1__M__350,M,350,1650,virus,0.9771848320960999,0.088395,0.017366,0.029516,0.022563,0.017352,0.824808
NC_038882.1,NC_038882.1__M__300,M,300,1700,virus,0.9613510370254517,0.088847,0.019736,0.032075,0.025865,0.017936,0.815541
NC_038882.1,NC_038882.1__M__250,M,250,1750,virus,0.9652368426322937,0.191716,0.025629,0.039008,0.032777,0.025619,0.685251
NC_038882.1,NC_038882.1__M__200,M,200,1800,virus,0.9605090022087097,0.075207,0.019391,0.028592,0.021117,0.020837,0.834856
NC_038882.1,NC_038882.1__M__150,M,150,1850,virus,0.9448242783546448,0.054855,0.018294,0.030649,0.021389,0.018573,0.856240
NC_038882.1,NC_038882.1__M__100,M,100,1900,virus,0.8359554409980774,0.029961,0.017592,0.027768,0.019221,0.016497,0.888962
NC_038882.1,NC_038882.1__M__50,M,50,1950,virus,0.8584839105606079,0.012461,0.012417,0.017723,0.013537,0.009094,0.934768
NC_038882.1,NC_038882.1__M__1,M,1,1999,virus,0.8861921429634094,0.010651,0.010959,0.014343,0.012441,0.008172,0.943435
NC_038940.1,NC_038940.1__none__0,none,0,2000,virus,0.9640722870826721,0.012538,0.016030,0.012151,0.013580,0.013877,0.931823
NC_038940.1,NC_038940.1__M__500,M,500,1500,virus,0.9902406930923462,0.012096,0.016016,0.011685,0.012773,0.013050,0.934381
NC_038940.1,NC_038940.1__M__450,M,450,1550,virus,0.9933661818504333,0.012649,0.016288,0.010931,0.013066,0.013763,0.933304
NC_038940.1,NC_038940.1__M__400,M,400,1600,virus,0.9904102087020874,0.011571,0.014437,0.012130,0.012193,0.012246,0.937423
NC_038940.1,NC_038940.1__M__350,M,350,1650,virus,0.9920939803123474,0.012387,0.015075,0.011313,0.012629,0.012464,0.936132
NC_038940.1,NC_038940.1__M__300,M,300,1700,virus,0.9914460182189941,0.012901,0.015941,0.011744,0.013186,0.013394,0.932833
NC_038940.1,NC_038940.1__M__250,M,250,1750,virus,0.9939559102058411,0.012059,0.014943,0.011789,0.012395,0.012328,0.936485
NC_038940.1,NC_038940.1__M__200,M,200,1800,virus,0.9909789562225342,0.011686,0.015394,0.012222,0.012462,0.012821,0.935415
NC_038940.1,NC_038940.1__M__150,M,150,1850,virus,0.9867652654647827,0.011602,0.016416,0.014261,0.013231,0.013524,0.930965
NC_038940.1,NC_038940.1__M__100,M,100,1900,virus,0.9712375402450562,0.011556,0.016831,0.014023,0.013327,0.013658,0.930605
NC_038940.1,NC_038940.1__M__50,M,50,1950,virus,0.9353548288345337,0.012202,0.015852,0.012204,0.013162,0.013859,0.932722
NC_038940.1,NC_038940.1__M__1,M,1,1999,virus,0.9643161296844482,0.012538,0.016028,0.012145,0.013579,0.013879,0.931831
NC_036469.1,NC_036469.1__none__0,none,0,2000,virus,0.999875545501709,0.027767,0.041484,0.222417,0.031495,0.027780,0.649057
NC_036469.1,NC_036469.1__M__500,M,500,1500,virus,0.9999443292617798,0.067378,0.050108,0.161349,0.040001,0.046235,0.634929
NC_036469.1,NC_036469.1__M__450,M,450,1550,virus,0.9999525547027588,0.053008,0.046318,0.126552,0.037167,0.042044,0.694911
NC_036469.1,NC_036469.1__M__400,M,400,1600,virus,0.9999635219573975,0.057423,0.064954,0.145828,0.043247,0.051832,0.636717
NC_036469.1,NC_036469.1__M__350,M,350,1650,virus,0.999966025352478,0.043193,0.056172,0.152318,0.037849,0.043508,0.666960
NC_036469.1,NC_036469.1__M__300,M,300,1700,virus,0.9999687671661377,0.026850,0.046456,0.106222,0.029263,0.035704,0.755505
NC_036469.1,NC_036469.1__M__250,M,250,1750,virus,0.999972939491272,0.028202,0.040621,0.115336,0.030351,0.038688,0.746802
NC_036469.1,NC_036469.1__M__200,M,200,1800,virus,0.9999698400497437,0.042920,0.051740,0.163841,0.039290,0.053967,0.648241
NC_036469.1,NC_036469.1__M__150,M,150,1850,virus,0.9999504089355469,0.039379,0.056684,0.255461,0.042197,0.050746,0.555533
NC_036469.1,NC_036469.1__M__100,M,100,1900,virus,0.999909520149231,0.035776,0.049285,0.232120,0.040455,0.047307,0.595057
NC_036469.1,NC_036469.1__M__50,M,50,1950,virus,0.999883770942688,0.027766,0.051601,0.249189,0.032440,0.030845,0.608159
NC_036469.1,NC_036469.1__M__1,M,1,1999,virus,0.9998751878738403,0.027788,0.041553,0.223488,0.031524,0.027791,0.647855
NC_036476.1,NC_036476.1__none__0,none,0,2000,virus,0.9999245405197144,0.017296,0.017366,0.026979,0.017001,0.016698,0.904660
NC_036476.1,NC_036476.1__M__500,M,500,1500,virus,0.9999402761459351,0.013101,0.019100,0.026109,0.016000,0.015243,0.910447
NC_036476.1,NC_036476.1__M__450,M,450,1550,virus,0.999933123588562,0.013191,0.017421,0.024443,0.015571,0.014405,0.914969
NC_036476.1,NC_036476.1__M__400,M,400,1600,virus,0.9999620914459229,0.016650,0.020800,0.028841,0.018934,0.016536,0.898239
NC_036476.1,NC_036476.1__M__350,M,350,1650,virus,0.9999629259109497,0.015536,0.021432,0.032746,0.018942,0.018133,0.893210
NC_036476.1,NC_036476.1__M__300,M,300,1700,virus,0.9999675750732422,0.013987,0.019936,0.028681,0.015780,0.015649,0.905968
NC_036476.1,NC_036476.1__M__250,M,250,1750,virus,0.9999707937240601,0.015029,0.021197,0.031521,0.016800,0.016958,0.898495
NC_036476.1,NC_036476.1__M__200,M,200,1800,virus,0.9999669790267944,0.015484,0.021235,0.031076,0.016693,0.017368,0.898144
NC_036476.1,NC_036476.1__M__150,M,150,1850,virus,0.9999537467956543,0.013184,0.018162,0.022904,0.014976,0.015260,0.915514
NC_036476.1,NC_036476.1__M__100,M,100,1900,virus,0.9998987913131714,0.012910,0.015983,0.016558,0.014021,0.014795,0.925732
NC_036476.1,NC_036476.1__M__50,M,50,1950,virus,0.9999207258224487,0.017911,0.017059,0.026860,0.017051,0.017122,0.903996
NC_036476.1,NC_036476.1__M__1,M,1,1999,virus,0.9999243021011353,0.017305,0.017365,0.026990,0.017006,0.016706,0.904628
NC_035183.1,NC_035183.1__none__0,none,0,2000,virus,0.9997397065162659,0.029418,0.037904,0.154043,0.023774,0.021036,0.733826
NC_035183.1,NC_035183.1__M__500,M,500,1500,bacteria,0.9999053478240967,0.441694,0.059321,0.051146,0.051912,0.022777,0.373151
NC_035183.1,NC_035183.1__M__450,M,450,1550,virus,0.9999282360076904,0.365365,0.042658,0.042669,0.041338,0.023572,0.484397
NC_035183.1,NC_035183.1__M__400,M,400,1600,virus,0.9999138116836548,0.403536,0.044767,0.044142,0.042310,0.024124,0.441120
NC_035183.1,NC_035183.1__M__350,M,350,1650,bacteria,0.9999004602432251,0.565268,0.049433,0.041621,0.041675,0.028394,0.273609
NC_035183.1,NC_035183.1__M__300,M,300,1700,virus,0.9998675584793091,0.290719,0.042611,0.053428,0.041105,0.018208,0.553929
NC_035183.1,NC_035183.1__M__250,M,250,1750,virus,0.9998086094856262,0.319219,0.054123,0.059573,0.046674,0.022411,0.498000
NC_035183.1,NC_035183.1__M__200,M,200,1800,bacteria,0.9998223185539246,0.410599,0.058916,0.059619,0.046418,0.030269,0.394180
NC_035183.1,NC_035183.1__M__150,M,150,1850,virus,0.9998225569725037,0.311002,0.078083,0.062536,0.051192,0.030758,0.466428
NC_035183.1,NC_035183.1__M__100,M,100,1900,virus,0.9996646642684937,0.250277,0.094279,0.075104,0.053520,0.037624,0.489195
NC_035183.1,NC_035183.1__M__50,M,50,1950,virus,0.9996132254600525,0.043141,0.048581,0.291915,0.030147,0.025308,0.560907
NC_035183.1,NC_035183.1__M__1,M,1,1999,virus,0.9997400641441345,0.029387,0.037876,0.153943,0.023755,0.021022,0.734017
NC_035215.1,NC_035215.1__none__0,none,0,2000,eukarya,0.9929452538490295,0.017524,0.029612,0.853127,0.021703,0.018908,0.059126
NC_035215.1,NC_035215.1__M__500,M,500,1500,virus,0.995388388633728,0.274385,0.058838,0.264122,0.049077,0.034099,0.319479
NC_035215.1,NC_035215.1__M__450,M,450,1550,eukarya,0.9976473450660706,0.239508,0.052299,0.381289,0.047308,0.028717,0.250879
NC_035215.1,NC_035215.1__M__400,M,400,1600,eukarya,0.9971776008605957,0.114332,0.031910,0.719072,0.028800,0.017995,0.087891
NC_035215.1,NC_035215.1__M__350,M,350,1650,eukarya,0.9972410202026367,0.126320,0.031386,0.727514,0.027349,0.017228,0.070203
NC_035215.1,NC_035215.1__M__300,M,300,1700,eukarya,0.9966848492622375,0.111339,0.027719,0.767210,0.024275,0.016350,0.053106
NC_035215.1,NC_035215.1__M__250,M,250,1750,eukarya,0.9960552453994751,0.095925,0.022719,0.809912,0.020368,0.017186,0.033890
NC_035215.1,NC_035215.1__M__200,M,200,1800,eukarya,0.995439350605011,0.122763,0.027536,0.755431,0.023544,0.018135,0.052592
NC_035215.1,NC_035215.1__M__150,M,150,1850,eukarya,0.9959295392036438,0.092965,0.035609,0.758657,0.029520,0.019275,0.063975
NC_035215.1,NC_035215.1__M__100,M,100,1900,eukarya,0.9922345876693726,0.039928,0.027835,0.832758,0.023394,0.015461,0.060624
NC_035215.1,NC_035215.1__M__50,M,50,1950,eukarya,0.992789089679718,0.019565,0.041031,0.811557,0.024031,0.020880,0.082937
NC_035215.1,NC_035215.1__M__1,M,1,1999,eukarya,0.992946445941925,0.017554,0.029647,0.852776,0.021728,0.018920,0.059374
NC_034836.1,NC_034836.1__none__0,none,0,2000,virus,0.9998769760131836,0.018339,0.036037,0.078257,0.020708,0.018273,0.828385
NC_034836.1,NC_034836.1__M__500,M,500,1500,virus,0.9999393224716187,0.049402,0.042577,0.105874,0.031800,0.016009,0.754337
NC_034836.1,NC_034836.1__M__450,M,450,1550,virus,0.9999568462371826,0.044678,0.037646,0.076678,0.028316,0.014788,0.797895
NC_034836.1,NC_034836.1__M__400,M,400,1600,virus,0.9999622106552124,0.035654,0.026895,0.045546,0.022899,0.013349,0.855658
NC_034836.1,NC_034836.1__M__350,M,350,1650,virus,0.999958872795105,0.042383,0.033133,0.057890,0.025703,0.018512,0.822379
NC_034836.1,NC_034836.1__M__300,M,300,1700,virus,0.9999393224716187,0.101686,0.035226,0.042970,0.033081,0.019953,0.767084
NC_034836.1,NC_034836.1__M__250,M,250,1750,virus,0.999910831451416,0.052156,0.036513,0.049806,0.029650,0.024377,0.807497
NC_034836.1,NC_034836.1__M__200,M,200,1800,virus,0.9998558759689331,0.033865,0.026848,0.034827,0.023842,0.017961,0.862658
NC_034836.1,NC_034836.1__M__150,M,150,1850,virus,0.9998542070388794,0.055721,0.052689,0.103801,0.038941,0.036343,0.712504
NC_034836.1,NC_034836.1__M__100,M,100,1900,virus,0.9997592568397522,0.056447,0.057207,0.131696,0.041385,0.037927,0.675339
NC_034836.1,NC_034836.1__M__50,M,50,1950,virus,0.9998295307159424,0.018815,0.032158,0.064014,0.020222,0.017103,0.847687
NC_034836.1,NC_034836.1__M__1,M,1,1999,virus,0.9998769760131836,0.018351,0.036056,0.078134,0.020718,0.018276,0.828464
NC_034835.1,NC_034835.1__none__0,none,0,2000,virus,0.9624151587486267,0.010026,0.013083,0.011347,0.009410,0.008839,0.947295
NC_034835.1,NC_034835.1__M__500,M,500,1500,virus,0.9692423939704895,0.036819,0.017067,0.020107,0.015301,0.007819,0.902887
NC_034835.1,NC_034835.1__M__450,M,450,1550,virus,0.985895037651062,0.056468,0.019885,0.025574,0.019084,0.009043,0.869945
NC_034835.1,NC_034835.1__M__400,M,400,1600,virus,0.9892765283584595,0.041444,0.017795,0.019776,0.016102,0.008710,0.896173
NC_034835.1,NC_034835.1__M__350,M,350,1650,virus,0.9914163947105408,0.051751,0.020102,0.024235,0.018441,0.008691,0.876779
NC_034835.1,NC_034835.1__M__300,M,300,1700,virus,0.9897447228431702,0.045287,0.019638,0.021539,0.017183,0.008983,0.887368
NC_034835.1,NC_034835.1__M__250,M,250,1750,virus,0.989672064781189,0.032637,0.016652,0.016259,0.013795,0.007912,0.912746
NC_034835.1,NC_034835.1__M__200,M,200,1800,virus,0.9895992279052734,0.032393,0.016956,0.016799,0.013920,0.008695,0.911236
NC_034835.1,NC_034835.1__M__150,M,150,1850,virus,0.9815955758094788,0.028473,0.016675,0.019032,0.014681,0.008355,0.912783
NC_034835.1,NC_034835.1__M__100,M,100,1900,virus,0.9791603684425354,0.021766,0.017351,0.019069,0.013801,0.010363,0.917649
NC_034835.1,NC_034835.1__M__50,M,50,1950,virus,0.9613513946533203,0.010185,0.013643,0.011147,0.009379,0.008846,0.946800
NC_034835.1,NC_034835.1__M__1,M,1,1999,virus,0.9624537229537964,0.010022,0.013079,0.011341,0.009407,0.008835,0.947316
NC_034508.1,NC_034508.1__none__0,none,0,2000,virus,0.9998825788497925,0.012704,0.032732,0.017045,0.011706,0.013115,0.912697
NC_034508.1,NC_034508.1__M__500,M,500,1500,virus,0.9996538162231445,0.077629,0.042076,0.034729,0.063743,0.018088,0.763735
NC_034508.1,NC_034508.1__M__450,M,450,1550,virus,0.9997616410255432,0.083237,0.042076,0.033601,0.080222,0.019209,0.741656
NC_034508.1,NC_034508.1__M__400,M,400,1600,virus,0.9997572302818298,0.055043,0.052902,0.039609,0.229200,0.023414,0.599831
NC_034508.1,NC_034508.1__M__350,M,350,1650,virus,0.9998094439506531,0.045701,0.029715,0.028622,0.037465,0.014659,0.843839
NC_034508.1,NC_034508.1__M__300,M,300,1700,virus,0.9999130964279175,0.035991,0.028141,0.024234,0.024257,0.014546,0.872831
NC_034508.1,NC_034508.1__M__250,M,250,1750,virus,0.9999289512634277,0.045611,0.037285,0.030308,0.033727,0.018305,0.834764
NC_034508.1,NC_034508.1__M__200,M,200,1800,virus,0.9999251365661621,0.043703,0.036823,0.031970,0.035576,0.016350,0.835578
NC_034508.1,NC_034508.1__M__150,M,150,1850,virus,0.9999250173568726,0.030727,0.036599,0.029941,0.036681,0.016066,0.849986
NC_034508.1,NC_034508.1__M__100,M,100,1900,virus,0.9998712539672852,0.029403,0.056896,0.032002,0.047593,0.021026,0.813081
NC_034508.1,NC_034508.1__M__50,M,50,1950,virus,0.9998059868812561,0.014373,0.051354,0.020882,0.016084,0.015234,0.882073
NC_034508.1,NC_034508.1__M__1,M,1,1999,virus,0.9998831748962402,0.012710,0.032781,0.017060,0.011724,0.013125,0.912601
NC_034520.1,NC_034520.1__none__0,none,0,2000,virus,0.9996305704116821,0.009034,0.012483,0.014310,0.012450,0.013048,0.938675
NC_034520.1,NC_034520.1__M__500,M,500,1500,virus,0.9998182654380798,0.090546,0.020642,0.031030,0.022629,0.011455,0.823698
NC_034520.1,NC_034520.1__M__450,M,450,1550,virus,0.9998935461044312,0.082358,0.019898,0.032709,0.022856,0.010090,0.832090
NC_034520.1,NC_034520.1__M__400,M,400,1600,virus,0.9998668432235718,0.059830,0.017140,0.033213,0.020178,0.008389,0.861249
NC_034520.1,NC_034520.1__M__350,M,350,1650,virus,0.9999349117279053,0.075197,0.019983,0.031701,0.023516,0.009427,0.840176
NC_034520.1,NC_034520.1__M__300,M,300,1700,virus,0.9999023675918579,0.063198,0.019226,0.031175,0.024670,0.009528,0.852203
NC_034520.1,NC_034520.1__M__250,M,250,1750,virus,0.999890923500061,0.035718,0.016405,0.023359,0.019268,0.009323,0.895927
NC_034520.1,NC_034520.1__M__200,M,200,1800,virus,0.9998694658279419,0.027481,0.018653,0.022749,0.018077,0.011934,0.901105
NC_034520.1,NC_034520.1__M__150,M,150,1850,virus,0.9998922348022461,0.021350,0.017149,0.020743,0.017262,0.012945,0.910551
NC_034520.1,NC_034520.1__M__100,M,100,1900,virus,0.9998027682304382,0.020975,0.018282,0.021009,0.017781,0.013711,0.908242
NC_034520.1,NC_034520.1__M__50,M,50,1950,virus,0.9997662901878357,0.011353,0.014551,0.019917,0.013637,0.014024,0.926518
NC_034520.1,NC_034520.1__M__1,M,1,1999,virus,0.9996302127838135,0.009029,0.012453,0.014301,0.012431,0.013032,0.938754
NC_034391.1,NC_034391.1__none__0,none,0,2000,virus,0.999799907207489,0.011834,0.014056,0.011971,0.014680,0.014702,0.932757
NC_034391.1,NC_034391.1__M__500,M,500,1500,virus,0.9996978044509888,0.027697,0.017062,0.015743,0.013451,0.011484,0.914563
NC_034391.1,NC_034391.1__M__450,M,450,1550,virus,0.9998373985290527,0.024064,0.017689,0.017368,0.013259,0.011808,0.915812
NC_034391.1,NC_034391.1__M__400,M,400,1600,virus,0.999853253364563,0.023521,0.016361,0.015439,0.012045,0.010372,0.922262
NC_034391.1,NC_034391.1__M__350,M,350,1650,virus,0.9998714923858643,0.021951,0.016080,0.014835,0.012733,0.010608,0.923792
NC_034391.1,NC_034391.1__M__300,M,300,1700,virus,0.9998800754547119,0.020007,0.016506,0.014404,0.013782,0.011821,0.923481
NC_034391.1,NC_034391.1__M__250,M,250,1750,virus,0.9998779296875,0.019247,0.016655,0.015538,0.014189,0.011395,0.922975
NC_034391.1,NC_034391.1__M__200,M,200,1800,virus,0.9998810291290283,0.015651,0.014747,0.013265,0.012851,0.011465,0.932020
NC_034391.1,NC_034391.1__M__150,M,150,1850,virus,0.9998482465744019,0.014152,0.014331,0.013131,0.013095,0.013018,0.932274
NC_034391.1,NC_034391.1__M__100,M,100,1900,virus,0.9996863603591919,0.012474,0.013720,0.012381,0.013403,0.013076,0.934946
NC_034391.1,NC_034391.1__M__50,M,50,1950,virus,0.9998006224632263,0.011908,0.015640,0.012569,0.014146,0.014467,0.931270
NC_034391.1,NC_034391.1__M__1,M,1,1999,virus,0.9998003840446472,0.011839,0.014070,0.011972,0.014680,0.014711,0.932728
NC_033774.1,NC_033774.1__none__0,none,0,2000,virus,0.9998823404312134,0.012017,0.012610,0.015702,0.012878,0.011243,0.935550
NC_033774.1,NC_033774.1__M__500,M,500,1500,virus,0.9997484087944031,0.150219,0.039801,0.029424,0.039217,0.031239,0.710099
NC_033774.1,NC_033774.1__M__450,M,450,1550,virus,0.9998828172683716,0.287415,0.046958,0.032655,0.046156,0.045185,0.541631
NC_033774.1,NC_033774.1__M__400,M,400,1600,virus,0.999932050704956,0.332057,0.043764,0.032601,0.042020,0.047086,0.502472
NC_033774.1,NC_033774.1__M__350,M,350,1650,virus,0.999927282333374,0.112042,0.025411,0.028076,0.025172,0.023214,0.786084
NC_033774.1,NC_033774.1__M__300,M,300,1700,virus,0.9999215602874756,0.051829,0.018907,0.023421,0.018792,0.012657,0.874394
NC_033774.1,NC_033774.1__M__250,M,250,1750,virus,0.9999150037765503,0.056982,0.022532,0.024977,0.021134,0.013720,0.860654
NC_033774.1,NC_033774.1__M__200,M,200,1800,virus,0.999907374382019,0.055328,0.023875,0.025213,0.023713,0.016505,0.855366
NC_033774.1,NC_033774.1__M__150,M,150,1850,virus,0.9998456239700317,0.058312,0.021304,0.024887,0.023722,0.016874,0.854901
NC_033774.1,NC_033774.1__M__100,M,100,1900,virus,0.9997733235359192,0.036503,0.021346,0.023462,0.020972,0.019246,0.878471
NC_033774.1,NC_033774.1__M__50,M,50,1950,virus,0.9998996257781982,0.039955,0.037336,0.026292,0.026829,0.028274,0.841314
NC_033774.1,NC_033774.1__M__1,M,1,1999,virus,0.9998822212219238,0.012020,0.012612,0.015702,0.012880,0.011251,0.935535
NC_033480.1,NC_033480.1__none__0,none,0,2000,phage,0.9999817609786987,0.025621,0.561751,0.077827,0.033622,0.042353,0.258827
NC_033480.1,NC_033480.1__M__500,M,500,1500,bacteria,0.9999741315841675,0.647555,0.135007,0.063622,0.065376,0.035728,0.052712
NC_033480.1,NC_033480.1__M__450,M,450,1550,bacteria,0.9999676942825317,0.670498,0.115375,0.060603,0.057303,0.043060,0.053162
NC_033480.1,NC_033480.1__M__400,M,400,1600,bacteria,0.999976634979248,0.448071,0.214718,0.088651,0.074581,0.070287,0.103692
NC_033480.1,NC_033480.1__M__350,M,350,1650,bacteria,0.9999768733978271,0.552563,0.137673,0.094451,0.062731,0.055024,0.097557
NC_033480.1,NC_033480.1__M__300,M,300,1700,bacteria,0.999976634979248,0.509282,0.137845,0.095678,0.075838,0.055721,0.125637
NC_033480.1,NC_033480.1__M__250,M,250,1750,bacteria,0.9999805688858032,0.385189,0.172700,0.177994,0.080014,0.059321,0.124782
NC_033480.1,NC_033480.1__M__200,M,200,1800,bacteria,0.9999837875366211,0.455512,0.222428,0.083076,0.087515,0.070402,0.081067
NC_033480.1,NC_033480.1__M__150,M,150,1850,phage,0.9999796152114868,0.194271,0.449802,0.080351,0.081886,0.091435,0.102255
NC_033480.1,NC_033480.1__M__100,M,100,1900,phage,0.9999707937240601,0.078491,0.613363,0.066448,0.059798,0.083654,0.098245
NC_033480.1,NC_033480.1__M__50,M,50,1950,phage,0.9999798536300659,0.025717,0.647280,0.069749,0.035576,0.043281,0.178397
NC_033480.1,NC_033480.1__M__1,M,1,1999,phage,0.9999817609786987,0.025647,0.560731,0.077943,0.033639,0.042378,0.259662
NC_032732.1,NC_032732.1__none__0,none,0,2000,virus,0.9992039799690247,0.024241,0.057624,0.091684,0.045197,0.044136,0.737118
NC_032732.1,NC_032732.1__M__500,M,500,1500,bacteria,0.9996440410614014,0.689370,0.041282,0.029306,0.036354,0.030031,0.173657
NC_032732.1,NC_032732.1__M__450,M,450,1550,bacteria,0.9997122883796692,0.642707,0.044525,0.028033,0.037128,0.029622,0.217985
NC_032732.1,NC_032732.1__M__400,M,400,1600,virus,0.9995604157447815,0.392466,0.060869,0.041695,0.044068,0.027535,0.433368
NC_032732.1,NC_032732.1__M__350,M,350,1650,bacteria,0.9996633529663086,0.585394,0.067193,0.036707,0.042982,0.032520,0.235203
NC_032732.1,NC_032732.1__M__300,M,300,1700,virus,0.9993656277656555,0.265474,0.049678,0.043822,0.037994,0.027944,0.575089
NC_032732.1,NC_032732.1__M__250,M,250,1750,virus,0.9989796280860901,0.125269,0.043882,0.040330,0.032369,0.021790,0.736360
NC_032732.1,NC_032732.1__M__200,M,200,1800,virus,0.9993177652359009,0.246985,0.055303,0.055513,0.040906,0.031605,0.569689
NC_032732.1,NC_032732.1__M__150,M,150,1850,virus,0.9991971850395203,0.272149,0.084940,0.069766,0.064738,0.034105,0.474302
NC_032732.1,NC_032732.1__M__100,M,100,1900,virus,0.9988370537757874,0.079922,0.060468,0.057414,0.066116,0.023304,0.712776
NC_032732.1,NC_032732.1__M__50,M,50,1950,virus,0.9988287091255188,0.029081,0.091937,0.096496,0.054157,0.035867,0.692462
NC_032732.1,NC_032732.1__M__1,M,1,1999,virus,0.9992021918296814,0.024213,0.057525,0.091383,0.045164,0.044071,0.737645
NC_032780.1,NC_032780.1__none__0,none,0,2000,virus,0.9998903274536133,0.057816,0.161825,0.069953,0.033258,0.024477,0.652672
NC_032780.1,NC_032780.1__M__500,M,500,1500,virus,0.999275267124176,0.273750,0.090869,0.053540,0.037087,0.027983,0.516771
NC_032780.1,NC_032780.1__M__450,M,450,1550,virus,0.9996985197067261,0.292072,0.064364,0.047839,0.042148,0.028744,0.524834
NC_032780.1,NC_032780.1__M__400,M,400,1600,virus,0.9996968507766724,0.336285,0.052074,0.043868,0.040595,0.029733,0.497444
NC_032780.1,NC_032780.1__M__350,M,350,1650,virus,0.999729335308075,0.292779,0.049959,0.049659,0.041184,0.026421,0.539999
NC_032780.1,NC_032780.1__M__300,M,300,1700,bacteria,0.9998778104782104,0.482638,0.062966,0.041862,0.043013,0.043601,0.325920
NC_032780.1,NC_032780.1__M__250,M,250,1750,virus,0.9998843669891357,0.258553,0.057101,0.053436,0.036693,0.032897,0.561321
NC_032780.1,NC_032780.1__M__200,M,200,1800,virus,0.9999088048934937,0.279316,0.062068,0.064097,0.037156,0.033961,0.523402
NC_032780.1,NC_032780.1__M__150,M,150,1850,bacteria,0.999874472618103,0.447477,0.100987,0.060260,0.044493,0.046951,0.299831
NC_032780.1,NC_032780.1__M__100,M,100,1900,virus,0.9997900128364563,0.168526,0.131368,0.067651,0.041692,0.034245,0.556518
NC_032780.1,NC_032780.1__M__50,M,50,1950,virus,0.9998784065246582,0.102739,0.187610,0.081131,0.040477,0.029710,0.558332
NC_032780.1,NC_032780.1__M__1,M,1,1999,virus,0.9998906850814819,0.058029,0.161503,0.069927,0.033258,0.024476,0.652807
NC_032785.1,NC_032785.1__none__0,none,0,2000,virus,0.9999529123306274,0.058971,0.078805,0.090135,0.044502,0.070515,0.657072
NC_032785.1,NC_032785.1__M__500,M,500,1500,bacteria,0.9998611211776733,0.910440,0.020956,0.011684,0.014858,0.023741,0.018322
NC_032785.1,NC_032785.1__M__450,M,450,1550,bacteria,0.9999159574508667,0.844132,0.034923,0.018355,0.023588,0.029010,0.049992
NC_032785.1,NC_032785.1__M__400,M,400,1600,bacteria,0.9999133348464966,0.883374,0.029024,0.013875,0.018891,0.030770,0.024067
NC_032785.1,NC_032785.1__M__350,M,350,1650,bacteria,0.9999339580535889,0.885468,0.024763,0.014358,0.018935,0.022003,0.034473
NC_032785.1,NC_032785.1__M__300,M,300,1700,bacteria,0.9999330043792725,0.803640,0.036167,0.020349,0.028125,0.029475,0.082244
NC_032785.1,NC_032785.1__M__250,M,250,1750,bacteria,0.9999151229858398,0.811760,0.035429,0.021423,0.026142,0.035339,0.069907
NC_032785.1,NC_032785.1__M__200,M,200,1800,bacteria,0.9999270439147949,0.748187,0.050041,0.026328,0.030878,0.050286,0.094280
NC_032785.1,NC_032785.1__M__150,M,150,1850,bacteria,0.9999241828918457,0.704889,0.073433,0.032352,0.035171,0.076470,0.077684
NC_032785.1,NC_032785.1__M__100,M,100,1900,bacteria,0.999858021736145,0.508851,0.101517,0.048256,0.043506,0.127577,0.170294
NC_032785.1,NC_032785.1__M__50,M,50,1950,virus,0.9999252557754517,0.163334,0.110459,0.122498,0.059998,0.123774,0.419936
NC_032785.1,NC_032785.1__M__1,M,1,1999,virus,0.9999531507492065,0.058850,0.078636,0.090401,0.044475,0.070339,0.657299
NC_032822.1,NC_032822.1__none__0,none,0,2000,eukarya,0.9999396800994873,0.022107,0.025952,0.700495,0.084563,0.022519,0.144365
NC_032822.1,NC_032822.1__M__500,M,500,1500,eukarya,0.9999759197235107,0.205644,0.094839,0.240382,0.170309,0.049101,0.239727
NC_032822.1,NC_032822.1__M__450,M,450,1550,virus,0.9999779462814331,0.151714,0.075794,0.271552,0.178697,0.034618,0.287625
NC_032822.1,NC_032822.1__M__400,M,400,1600,virus,0.999967098236084,0.144825,0.068150,0.289262,0.102620,0.030405,0.364739
NC_032822.1,NC_032822.1__M__350,M,350,1650,virus,0.9999750852584839,0.138331,0.064158,0.224764,0.063143,0.028340,0.481265
NC_032822.1,NC_032822.1__M__300,M,300,1700,virus,0.999962568283081,0.077339,0.055771,0.339471,0.072709,0.030759,0.423951
NC_032822.1,NC_032822.1__M__250,M,250,1750,eukarya,0.9999451637268066,0.042960,0.036803,0.604884,0.059031,0.028591,0.227731
NC_032822.1,NC_032822.1__M__200,M,200,1800,eukarya,0.9999582767486572,0.044182,0.044953,0.576870,0.096251,0.033659,0.204085
NC_032822.1,NC_032822.1__M__150,M,150,1850,eukarya,0.9999452829360962,0.042219,0.045876,0.502913,0.133975,0.035919,0.239099
NC_032822.1,NC_032822.1__M__100,M,100,1900,eukarya,0.9999436140060425,0.049823,0.062522,0.418258,0.206239,0.049674,0.213485
NC_032822.1,NC_032822.1__M__50,M,50,1950,eukarya,0.9999243021011353,0.022277,0.027558,0.691653,0.085808,0.022903,0.149800
NC_032822.1,NC_032822.1__M__1,M,1,1999,eukarya,0.9999396800994873,0.022092,0.025943,0.700685,0.084651,0.022509,0.144120
NC_032825.1,NC_032825.1__none__0,none,0,2000,virus,0.9828002452850342,0.011593,0.021000,0.027749,0.012382,0.013458,0.913818
NC_032825.1,NC_032825.1__M__500,M,500,1500,bacteria,0.9349049925804138,0.560430,0.071838,0.065800,0.035108,0.038051,0.228772
NC_032825.1,NC_032825.1__M__450,M,450,1550,virus,0.9645524024963379,0.189952,0.056918,0.071373,0.030049,0.027039,0.624670
NC_032825.1,NC_032825.1__M__400,M,400,1600,bacteria,0.9804070591926575,0.462446,0.052822,0.060932,0.031321,0.036125,0.356354
NC_032825.1,NC_032825.1__M__350,M,350,1650,virus,0.9858019948005676,0.269543,0.037947,0.050339,0.025885,0.030004,0.586283
NC_032825.1,NC_032825.1__M__300,M,300,1700,virus,0.9829890131950378,0.080039,0.033755,0.161954,0.027814,0.018804,0.677635
NC_032825.1,NC_032825.1__M__250,M,250,1750,virus,0.9822455644607544,0.057204,0.026011,0.082510,0.021791,0.017115,0.795369
NC_032825.1,NC_032825.1__M__200,M,200,1800,virus,0.9827254414558411,0.033821,0.021936,0.038486,0.017369,0.013129,0.875260
NC_032825.1,NC_032825.1__M__150,M,150,1850,virus,0.9874300360679626,0.029973,0.030519,0.032721,0.018355,0.014077,0.874355
NC_032825.1,NC_032825.1__M__100,M,100,1900,virus,0.9826693534851074,0.019476,0.021350,0.033401,0.016870,0.013101,0.895802
NC_032825.1,NC_032825.1__M__50,M,50,1950,virus,0.9776387810707092,0.011669,0.018872,0.027983,0.012636,0.012912,0.915928
NC_032825.1,NC_032825.1__M__1,M,1,1999,virus,0.9828357100486755,0.011591,0.021018,0.027734,0.012379,0.013448,0.913829
NC_032834.1,NC_032834.1__none__0,none,0,2000,virus,0.9966321587562561,0.010703,0.018453,0.016603,0.012791,0.011706,0.929745
NC_032834.1,NC_032834.1__M__500,M,500,1500,virus,0.9979540109634399,0.059632,0.017196,0.025276,0.019150,0.014175,0.864572
NC_032834.1,NC_032834.1__M__450,M,450,1550,virus,0.9982998967170715,0.056908,0.016944,0.024605,0.018606,0.013763,0.869175
NC_032834.1,NC_032834.1__M__400,M,400,1600,virus,0.9988137483596802,0.131492,0.026230,0.032673,0.026955,0.019129,0.763521
NC_032834.1,NC_032834.1__M__350,M,350,1650,virus,0.9990453124046326,0.168494,0.027187,0.040264,0.031359,0.019800,0.712898
NC_032834.1,NC_032834.1__M__300,M,300,1700,virus,0.9983135461807251,0.040584,0.017983,0.026811,0.019857,0.015764,0.879003
NC_032834.1,NC_032834.1__M__250,M,250,1750,virus,0.9981789588928223,0.026472,0.015894,0.020535,0.017002,0.014297,0.905800
NC_032834.1,NC_032834.1__M__200,M,200,1800,virus,0.9977109432220459,0.018963,0.019208,0.021553,0.017662,0.014258,0.908356
NC_032834.1,NC_032834.1__M__150,M,150,1850,virus,0.9967101812362671,0.017009,0.021632,0.021110,0.016880,0.013747,0.909622
NC_032834.1,NC_032834.1__M__100,M,100,1900,virus,0.9950278401374817,0.012874,0.020318,0.019801,0.014461,0.012761,0.919787
NC_032834.1,NC_032834.1__M__50,M,50,1950,virus,0.9957566857337952,0.011152,0.020901,0.017883,0.013201,0.011631,0.925232
NC_032834.1,NC_032834.1__M__1,M,1,1999,virus,0.9966502785682678,0.010708,0.018437,0.016599,0.012795,0.011711,0.929750
NC_032867.1,NC_032867.1__none__0,none,0,2000,bacteria,0.9958184361457825,0.901707,0.026245,0.012248,0.017337,0.028759,0.013704
NC_032867.1,NC_032867.1__M__500,M,500,1500,bacteria,0.9923686385154724,0.930545,0.014890,0.010639,0.012997,0.020313,0.010616
NC_032867.1,NC_032867.1__M__450,M,450,1550,bacteria,0.9963930249214172,0.930172,0.013935,0.011898,0.012785,0.020035,0.011174
NC_032867.1,NC_032867.1__M__400,M,400,1600,bacteria,0.998340368270874,0.930503,0.013530,0.010480,0.013150,0.020949,0.011388
NC_032867.1,NC_032867.1__M__350,M,350,1650,bacteria,0.9989556074142456,0.935332,0.011342,0.009498,0.012535,0.020876,0.010417
NC_032867.1,NC_032867.1__M__300,M,300,1700,bacteria,0.9989768266677856,0.933729,0.012344,0.009301,0.012604,0.021814,0.010208
NC_032867.1,NC_032867.1__M__250,M,250,1750,bacteria,0.9984766840934753,0.937101,0.012015,0.008316,0.012544,0.020994,0.009030
NC_032867.1,NC_032867.1__M__200,M,200,1800,bacteria,0.997989296913147,0.935451,0.012581,0.008394,0.012556,0.022180,0.008838
NC_032867.1,NC_032867.1__M__150,M,150,1850,bacteria,0.9975059628486633,0.936447,0.012593,0.008399,0.012241,0.021874,0.008446
NC_032867.1,NC_032867.1__M__100,M,100,1900,bacteria,0.9961084723472595,0.932446,0.014241,0.008801,0.013471,0.021900,0.009140
NC_032867.1,NC_032867.1__M__50,M,50,1950,bacteria,0.9963746666908264,0.916978,0.018382,0.012762,0.015727,0.023615,0.012536
NC_032867.1,NC_032867.1__M__1,M,1,1999,bacteria,0.9957778453826904,0.901872,0.026188,0.012238,0.017332,0.028686,0.013684
NC_032870.1,NC_032870.1__none__0,none,0,2000,phage,0.9573467373847961,0.036949,0.737701,0.054945,0.028031,0.029898,0.112477
NC_032870.1,NC_032870.1__M__500,M,500,1500,bacteria,0.9802680015563965,0.390352,0.187782,0.055421,0.049569,0.039558,0.277319
NC_032870.1,NC_032870.1__M__450,M,450,1550,bacteria,0.99116450548172,0.526824,0.199143,0.042690,0.047225,0.044242,0.139875
NC_032870.1,NC_032870.1__M__400,M,400,1600,bacteria,0.9889799356460571,0.358016,0.340482,0.039937,0.050751,0.055336,0.155478
NC_032870.1,NC_032870.1__M__350,M,350,1650,bacteria,0.9946739673614502,0.488935,0.342824,0.029173,0.041823,0.043238,0.054006
NC_032870.1,NC_032870.1__M__300,M,300,1700,phage,0.985819935798645,0.281207,0.426251,0.059810,0.051870,0.045649,0.135213
NC_032870.1,NC_032870.1__M__250,M,250,1750,phage,0.9778808355331421,0.265690,0.327883,0.094814,0.054512,0.050194,0.206906
NC_032870.1,NC_032870.1__M__200,M,200,1800,phage,0.9868597388267517,0.273637,0.492033,0.041612,0.047240,0.044031,0.101447
NC_032870.1,NC_032870.1__M__150,M,150,1850,phage,0.9826658964157104,0.144269,0.625373,0.048676,0.040802,0.040427,0.100452
NC_032870.1,NC_032870.1__M__100,M,100,1900,phage,0.9822744131088257,0.087925,0.786856,0.020734,0.029309,0.032853,0.042322
NC_032870.1,NC_032870.1__M__50,M,50,1950,phage,0.9676254391670227,0.034897,0.796940,0.033520,0.024114,0.025768,0.084760
NC_032870.1,NC_032870.1__M__1,M,1,1999,phage,0.958158552646637,0.036778,0.741634,0.053553,0.027800,0.029698,0.110535
NC_032888.1,NC_032888.1__none__0,none,0,2000,eukarya,0.8968690037727356,0.053831,0.034236,0.788161,0.022607,0.027994,0.073171
NC_032888.1,NC_032888.1__M__500,M,500,1500,bacteria,0.9816433787345886,0.584353,0.059389,0.057104,0.037551,0.028437,0.233167
NC_032888.1,NC_032888.1__M__450,M,450,1550,bacteria,0.9888744354248047,0.813598,0.043961,0.033395,0.027542,0.024111,0.057393
NC_032888.1,NC_032888.1__M__400,M,400,1600,bacteria,0.9883058667182922,0.823720,0.027930,0.038358,0.025538,0.022922,0.061533
NC_032888.1,NC_032888.1__M__350,M,350,1650,bacteria,0.9890826940536499,0.843049,0.023422,0.033400,0.024189,0.025511,0.050428
NC_032888.1,NC_032888.1__M__300,M,300,1700,bacteria,0.9820997714996338,0.695994,0.027319,0.063527,0.030395,0.026819,0.155947
NC_032888.1,NC_032888.1__M__250,M,250,1750,bacteria,0.973070502281189,0.500820,0.038129,0.086335,0.033817,0.027238,0.313660
NC_032888.1,NC_032888.1__M__200,M,200,1800,bacteria,0.975482165813446,0.564577,0.038957,0.064685,0.034116,0.030952,0.266713
NC_032888.1,NC_032888.1__M__150,M,150,1850,bacteria,0.9600425362586975,0.540727,0.065247,0.098167,0.037610,0.034524,0.223725
NC_032888.1,NC_032888.1__M__100,M,100,1900,bacteria,0.8731837272644043,0.408765,0.063337,0.236004,0.042126,0.038922,0.210846
NC_032888.1,NC_032888.1__M__50,M,50,1950,eukarya,0.8301477432250977,0.086423,0.038384,0.719089,0.025857,0.036152,0.094095
NC_032888.1,NC_032888.1__M__1,M,1,1999,eukarya,0.8969179391860962,0.053880,0.034319,0.787970,0.022622,0.028020,0.073189
NC_032940.1,NC_032940.1__none__0,none,0,2000,virus,0.9489768743515015,0.014111,0.080517,0.024585,0.016082,0.016159,0.848546
NC_032940.1,NC_032940.1__M__500,M,500,1500,virus,0.9517051577568054,0.070608,0.079353,0.032395,0.028469,0.022825,0.766350
NC_032940.1,NC_032940.1__M__450,M,450,1550,virus,0.9681416153907776,0.060195,0.054199,0.026495,0.024284,0.017788,0.817038
NC_032940.1,NC_032940.1__M__400,M,400,1600,virus,0.9661305546760559,0.085648,0.040792,0.033405,0.030927,0.019372,0.789856
NC_032940.1,NC_032940.1__M__350,M,350,1650,virus,0.9794039726257324,0.055573,0.023896,0.024082,0.022284,0.015694,0.858471
NC_032940.1,NC_032940.1__M__300,M,300,1700,virus,0.9758475422859192,0.034861,0.021326,0.017480,0.018068,0.014218,0.894048
NC_032940.1,NC_032940.1__M__250,M,250,1750,virus,0.9789931774139404,0.054146,0.019440,0.022159,0.022258,0.016072,0.865925
NC_032940.1,NC_032940.1__M__200,M,200,1800,virus,0.9809693098068237,0.030261,0.017233,0.017147,0.016932,0.013726,0.904700
NC_032940.1,NC_032940.1__M__150,M,150,1850,virus,0.9704504609107971,0.017067,0.032183,0.015965,0.015824,0.015006,0.903955
NC_032940.1,NC_032940.1__M__100,M,100,1900,virus,0.9434435963630676,0.013422,0.029795,0.016080,0.014298,0.013243,0.913162
NC_032940.1,NC_032940.1__M__50,M,50,1950,virus,0.933967113494873,0.013119,0.070537,0.019413,0.015054,0.016212,0.865665
NC_032940.1,NC_032940.1__M__1,M,1,1999,virus,0.9489772915840149,0.014110,0.080970,0.024508,0.016074,0.016179,0.848160
NC_033164.1,NC_033164.1__none__0,none,0,2000,eukarya,0.5978112816810608,0.057485,0.150310,0.615482,0.032487,0.057121,0.087116
NC_033164.1,NC_033164.1__M__500,M,500,1500,bacteria,0.7321752309799194,0.713443,0.160522,0.020194,0.031284,0.041096,0.033461
NC_033164.1,NC_033164.1__M__450,M,450,1550,bacteria,0.718468427658081,0.780996,0.086772,0.026341,0.027253,0.033405,0.045232
NC_033164.1,NC_033164.1__M__400,M,400,1600,bacteria,0.7570329308509827,0.766784,0.071380,0.033025,0.027618,0.042240,0.058954
NC_033164.1,NC_033164.1__M__350,M,350,1650,bacteria,0.7717199325561523,0.816739,0.042598,0.042942,0.026043,0.027320,0.044357
NC_033164.1,NC_033164.1__M__300,M,300,1700,bacteria,0.8395099639892578,0.821167,0.052704,0.035098,0.025950,0.023357,0.041723
NC_033164.1,NC_033164.1__M__250,M,250,1750,bacteria,0.7831667065620422,0.811054,0.057732,0.041220,0.027122,0.022025,0.040847
NC_033164.1,NC_033164.1__M__200,M,200,1800,bacteria,0.7438874840736389,0.747492,0.065518,0.077758,0.030075,0.025931,0.053226
NC_033164.1,NC_033164.1__M__150,M,150,1850,bacteria,0.6932429075241089,0.728864,0.118931,0.063963,0.029434,0.033944,0.024864
NC_033164.1,NC_033164.1__M__100,M,100,1900,bacteria,0.6446598768234253,0.616777,0.222974,0.047621,0.036436,0.045562,0.030630
NC_033164.1,NC_033164.1__M__50,M,50,1950,eukarya,0.5473000407218933,0.129161,0.251740,0.449049,0.038586,0.053710,0.077754
NC_033164.1,NC_033164.1__M__1,M,1,1999,eukarya,0.598305344581604,0.057126,0.150454,0.614818,0.032542,0.057094,0.087967
NC_033233.1,NC_033233.1__none__0,none,0,2000,virus,0.9902812242507935,0.021931,0.010245,0.025869,0.012629,0.011539,0.917786
NC_033233.1,NC_033233.1__M__500,M,500,1500,virus,0.9970266222953796,0.152374,0.029533,0.053158,0.030018,0.014182,0.720734
NC_033233.1,NC_033233.1__M__450,M,450,1550,virus,0.9958516359329224,0.071365,0.020369,0.030221,0.020124,0.010586,0.847335
NC_033233.1,NC_033233.1__M__400,M,400,1600,virus,0.9969907999038696,0.128991,0.025645,0.036137,0.025278,0.014451,0.769497
NC_033233.1,NC_033233.1__M__350,M,350,1650,virus,0.9946292042732239,0.090270,0.017697,0.032176,0.022363,0.010889,0.826604
NC_033233.1,NC_033233.1__M__300,M,300,1700,virus,0.9938446283340454,0.088694,0.017973,0.031696,0.021965,0.010041,0.829630
NC_033233.1,NC_033233.1__M__250,M,250,1750,virus,0.9919298887252808,0.063933,0.017759,0.031869,0.019535,0.010179,0.856724
NC_033233.1,NC_033233.1__M__200,M,200,1800,virus,0.9931307435035706,0.058713,0.016645,0.027115,0.017614,0.009438,0.870475
NC_033233.1,NC_033233.1__M__150,M,150,1850,virus,0.9953814744949341,0.044323,0.015452,0.032125,0.016436,0.009639,0.882026
NC_033233.1,NC_033233.1__M__100,M,100,1900,virus,0.9908913969993591,0.032791,0.013371,0.027544,0.014950,0.009475,0.901869
NC_033233.1,NC_033233.1__M__50,M,50,1950,virus,0.9845170378684998,0.025704,0.010674,0.022710,0.012582,0.009370,0.918960
NC_033233.1,NC_033233.1__M__1,M,1,1999,virus,0.990287184715271,0.021924,0.010282,0.025994,0.012649,0.011563,0.917587
NC_032552.1,NC_032552.1__none__0,none,0,2000,virus,0.9999179840087891,0.069070,0.111351,0.040441,0.052054,0.051488,0.675596
NC_032552.1,NC_032552.1__M__500,M,500,1500,bacteria,0.9999165534973145,0.806616,0.049770,0.024150,0.038203,0.036285,0.044976
NC_032552.1,NC_032552.1__M__450,M,450,1550,bacteria,0.9999254941940308,0.797419,0.060902,0.021735,0.042631,0.040736,0.036577
NC_032552.1,NC_032552.1__M__400,M,400,1600,bacteria,0.9999293088912964,0.791179,0.060885,0.023195,0.043945,0.043043,0.037753
NC_032552.1,NC_032552.1__M__350,M,350,1650,bacteria,0.9998979568481445,0.522847,0.128463,0.058992,0.074506,0.062549,0.152643
NC_032552.1,NC_032552.1__M__300,M,300,1700,bacteria,0.9999054670333862,0.675560,0.094939,0.034019,0.055247,0.066952,0.073284
NC_032552.1,NC_032552.1__M__250,M,250,1750,bacteria,0.9999055862426758,0.460699,0.178541,0.054354,0.072071,0.100118,0.134217
NC_032552.1,NC_032552.1__M__200,M,200,1800,bacteria,0.9999086856842041,0.537329,0.172239,0.036786,0.069568,0.106028,0.078050
NC_032552.1,NC_032552.1__M__150,M,150,1850,bacteria,0.9999057054519653,0.309120,0.267449,0.048757,0.090137,0.110725,0.173813
NC_032552.1,NC_032552.1__M__100,M,100,1900,bacteria,0.9998629093170166,0.308486,0.265813,0.052202,0.087460,0.123006,0.163033
NC_032552.1,NC_032552.1__M__50,M,50,1950,virus,0.9999133348464966,0.093018,0.141668,0.048302,0.060251,0.062339,0.594422
NC_032552.1,NC_032552.1__M__1,M,1,1999,virus,0.99991774559021,0.068685,0.110258,0.040315,0.051789,0.051166,0.677788
NC_032565.1,NC_032565.1__none__0,none,0,2000,virus,0.9968717694282532,0.019212,0.028042,0.017199,0.017622,0.015881,0.902044
NC_032565.1,NC_032565.1__M__500,M,500,1500,virus,0.9994994401931763,0.025955,0.024007,0.023208,0.019283,0.012787,0.894760
NC_032565.1,NC_032565.1__M__450,M,450,1550,virus,0.9996172189712524,0.023636,0.021586,0.021973,0.017698,0.012764,0.902344
NC_032565.1,NC_032565.1__M__400,M,400,1600,virus,0.9995831847190857,0.022307,0.022378,0.022322,0.018154,0.013961,0.900877
NC_032565.1,NC_032565.1__M__350,M,350,1650,virus,0.9995903372764587,0.028798,0.025046,0.024951,0.021918,0.013642,0.885645
NC_032565.1,NC_032565.1__M__300,M,300,1700,virus,0.9992105960845947,0.027193,0.032141,0.026137,0.026418,0.016041,0.872070
NC_032565.1,NC_032565.1__M__250,M,250,1750,virus,0.998979389667511,0.019105,0.023450,0.020165,0.017635,0.014535,0.905111
NC_032565.1,NC_032565.1__M__200,M,200,1800,virus,0.9993382096290588,0.018786,0.022439,0.018959,0.016994,0.014187,0.908635
NC_032565.1,NC_032565.1__M__150,M,150,1850,virus,0.9994058609008789,0.021002,0.026550,0.020077,0.019854,0.014813,0.897704
NC_032565.1,NC_032565.1__M__100,M,100,1900,virus,0.9991342425346375,0.024011,0.030778,0.021392,0.023232,0.015110,0.885477
NC_032565.1,NC_032565.1__M__50,M,50,1950,virus,0.9970536231994629,0.017451,0.026008,0.017265,0.015641,0.015379,0.908256
NC_032565.1,NC_032565.1__M__1,M,1,1999,virus,0.9968576431274414,0.019205,0.028009,0.017194,0.017616,0.015880,0.902097
NC_032628.1,NC_032628.1__none__0,none,0,2000,virus,0.9999003410339355,0.203345,0.039517,0.066113,0.032396,0.030017,0.628611
NC_032628.1,NC_032628.1__M__500,M,500,1500,bacteria,0.9999310970306396,0.899594,0.016435,0.012699,0.018553,0.020243,0.032476
NC_032628.1,NC_032628.1__M__450,M,450,1550,bacteria,0.9999680519104004,0.928496,0.014439,0.010858,0.014408,0.015692,0.016107
NC_032628.1,NC_032628.1__M__400,M,400,1600,bacteria,0.9999769926071167,0.877789,0.024084,0.014446,0.021944,0.021352,0.040385
NC_032628.1,NC_032628.1__M__350,M,350,1650,bacteria,0.9999678134918213,0.898268,0.018278,0.012555,0.019030,0.020591,0.031278
NC_032628.1,NC_032628.1__M__300,M,300,1700,bacteria,0.9999629259109497,0.826828,0.017433,0.017910,0.024788,0.024522,0.088520
NC_032628.1,NC_032628.1__M__250,M,250,1750,bacteria,0.9999624490737915,0.854228,0.014109,0.023157,0.020555,0.021623,0.066328
NC_032628.1,NC_032628.1__M__200,M,200,1800,bacteria,0.9999542236328125,0.787599,0.019367,0.026388,0.025220,0.023499,0.117927
NC_032628.1,NC_032628.1__M__150,M,150,1850,bacteria,0.9999122619628906,0.788348,0.022442,0.031635,0.025034,0.021180,0.111359
NC_032628.1,NC_032628.1__M__100,M,100,1900,bacteria,0.9998748302459717,0.672414,0.031914,0.049375,0.033945,0.023899,0.188452
NC_032628.1,NC_032628.1__M__50,M,50,1950,bacteria,0.9998946189880371,0.431121,0.041497,0.075224,0.035618,0.035988,0.380552
NC_032628.1,NC_032628.1__M__1,M,1,1999,virus,0.999900221824646,0.202030,0.039274,0.065676,0.032260,0.029880,0.630881
NC_032632.1,NC_032632.1__none__0,none,0,2000,virus,0.9175467491149902,0.020396,0.034915,0.034683,0.017260,0.014805,0.877941
NC_032632.1,NC_032632.1__M__500,M,500,1500,virus,0.920007586479187,0.046427,0.018670,0.021578,0.016365,0.012952,0.884009
NC_032632.1,NC_032632.1__M__450,M,450,1550,virus,0.9443360567092896,0.117802,0.024532,0.028355,0.022410,0.017244,0.789657
NC_032632.1,NC_032632.1__M__400,M,400,1600,virus,0.9025370478630066,0.088138,0.022941,0.025312,0.020328,0.015067,0.828214
NC_032632.1,NC_032632.1__M__350,M,350,1650,virus,0.9191968441009521,0.053496,0.021464,0.020862,0.016221,0.012080,0.875878
NC_032632.1,NC_032632.1__M__300,M,300,1700,virus,0.9563992023468018,0.118494,0.029238,0.033973,0.024173,0.017090,0.777032
NC_032632.1,NC_032632.1__M__250,M,250,1750,virus,0.9529507160186768,0.097797,0.027103,0.038182,0.021907,0.016992,0.798019
NC_032632.1,NC_032632.1__M__200,M,200,1800,virus,0.9642320871353149,0.080595,0.027863,0.032587,0.021843,0.014544,0.822568
NC_032632.1,NC_032632.1__M__150,M,150,1850,virus,0.9528200626373291,0.074603,0.042753,0.044900,0.026543,0.016338,0.794864
NC_032632.1,NC_032632.1__M__100,M,100,1900,virus,0.9178889989852905,0.062604,0.049806,0.054740,0.030552,0.023733,0.778565
NC_032632.1,NC_032632.1__M__50,M,50,1950,virus,0.8894174098968506,0.022541,0.030495,0.035090,0.017640,0.015538,0.878696
NC_032632.1,NC_032632.1__M__1,M,1,1999,virus,0.9191546440124512,0.020500,0.035155,0.034902,0.017323,0.014849,0.877271
NC_032635.1,NC_032635.1__none__0,none,0,2000,phage,0.999745786190033,0.025095,0.396010,0.347918,0.036160,0.033542,0.161276
NC_032635.1,NC_032635.1__M__500,M,500,1500,bacteria,0.9996217489242554,0.513750,0.278071,0.043631,0.051952,0.042602,0.069994
NC_032635.1,NC_032635.1__M__450,M,450,1550,bacteria,0.9997727274894714,0.650754,0.198226,0.034991,0.046069,0.032157,0.037803
NC_032635.1,NC_032635.1__M__400,M,400,1600,bacteria,0.9997610449790955,0.650650,0.174351,0.040904,0.049761,0.031529,0.052805
NC_032635.1,NC_032635.1__M__350,M,350,1650,phage,0.9997168183326721,0.296823,0.316761,0.077231,0.075598,0.040057,0.193530
NC_032635.1,NC_032635.1__M__300,M,300,1700,phage,0.999713122844696,0.158328,0.338570,0.083100,0.072241,0.046286,0.301474
NC_032635.1,NC_032635.1__M__250,M,250,1750,phage,0.9997773766517639,0.205648,0.416830,0.077601,0.062540,0.055321,0.182059
NC_032635.1,NC_032635.1__M__200,M,200,1800,phage,0.9997877478599548,0.243556,0.492722,0.054590,0.058610,0.052491,0.098031
NC_032635.1,NC_032635.1__M__150,M,150,1850,phage,0.9995322227478027,0.099992,0.709828,0.037560,0.046630,0.048594,0.057396
NC_032635.1,NC_032635.1__M__100,M,100,1900,phage,0.9992849230766296,0.058616,0.700595,0.050817,0.047829,0.053560,0.088582
NC_032635.1,NC_032635.1__M__50,M,50,1950,phage,0.9996175765991211,0.026337,0.511258,0.261087,0.036722,0.033504,0.131093
NC_032635.1,NC_032635.1__M__1,M,1,1999,phage,0.999744713306427,0.025117,0.396482,0.347389,0.036183,0.033549,0.161280
NC_032637.1,NC_032637.1__none__0,none,0,2000,eukarya,0.9760820269584656,0.015316,0.014942,0.920322,0.013936,0.011908,0.023576
NC_032637.1,NC_032637.1__M__500,M,500,1500,bacteria,0.9915989637374878,0.932585,0.015400,0.011684,0.012097,0.016914,0.011320
NC_032637.1,NC_032637.1__M__450,M,450,1550,bacteria,0.9936787486076355,0.839179,0.028695,0.027252,0.017804,0.059987,0.027084
NC_032637.1,NC_032637.1__M__400,M,400,1600,bacteria,0.9913881421089172,0.570640,0.051020,0.166854,0.039423,0.044306,0.127758
NC_032637.1,NC_032637.1__M__350,M,350,1650,bacteria,0.9900321960449219,0.574451,0.032415,0.189518,0.031405,0.021758,0.150453
NC_032637.1,NC_032637.1__M__300,M,300,1700,bacteria,0.9876940250396729,0.389802,0.031117,0.387184,0.030148,0.018241,0.143507
NC_032637.1,NC_032637.1__M__250,M,250,1750,eukarya,0.9817996621131897,0.217124,0.032131,0.579562,0.031401,0.014568,0.125213
NC_032637.1,NC_032637.1__M__200,M,200,1800,eukarya,0.9888660311698914,0.129146,0.027742,0.738984,0.027777,0.012690,0.063661
NC_032637.1,NC_032637.1__M__150,M,150,1850,eukarya,0.986150324344635,0.096344,0.026757,0.772027,0.031564,0.013881,0.059426
NC_032637.1,NC_032637.1__M__100,M,100,1900,eukarya,0.9672248959541321,0.033409,0.017034,0.885717,0.018857,0.009366,0.035617
NC_032637.1,NC_032637.1__M__50,M,50,1950,eukarya,0.9492087960243225,0.016100,0.013156,0.923216,0.013451,0.010081,0.023997
NC_032637.1,NC_032637.1__M__1,M,1,1999,eukarya,0.9760554432868958,0.015325,0.014929,0.920386,0.013933,0.011893,0.023534
NC_032460.1,NC_032460.1__none__0,none,0,2000,virus,0.5516291260719299,0.035425,0.378810,0.109432,0.041965,0.032166,0.402203
NC_032460.1,NC_032460.1__M__500,M,500,1500,bacteria,0.9738650918006897,0.781571,0.109556,0.022071,0.028493,0.027655,0.030653
NC_032460.1,NC_032460.1__M__450,M,450,1550,bacteria,0.9851881265640259,0.734712,0.151629,0.021926,0.030345,0.029805,0.031584
NC_032460.1,NC_032460.1__M__400,M,400,1600,bacteria,0.9891999959945679,0.511469,0.215202,0.038944,0.047729,0.040361,0.146296
NC_032460.1,NC_032460.1__M__350,M,350,1650,bacteria,0.9887104630470276,0.562535,0.208559,0.036055,0.046072,0.040555,0.106225
NC_032460.1,NC_032460.1__M__300,M,300,1700,bacteria,0.9792558550834656,0.560895,0.137339,0.052154,0.051391,0.029630,0.168592
NC_032460.1,NC_032460.1__M__250,M,250,1750,virus,0.9483984708786011,0.323932,0.134224,0.081028,0.057794,0.026523,0.376500
NC_032460.1,NC_032460.1__M__200,M,200,1800,bacteria,0.9110842943191528,0.609881,0.159296,0.043137,0.051279,0.037178,0.099229
NC_032460.1,NC_032460.1__M__150,M,150,1850,bacteria,0.822833240032196,0.528412,0.272506,0.040592,0.056184,0.041368,0.060938
NC_032460.1,NC_032460.1__M__100,M,100,1900,phage,0.7611870169639587,0.352050,0.440120,0.041271,0.060529,0.043687,0.062343
NC_032460.1,NC_032460.1__M__50,M,50,1950,phage,0.6285598278045654,0.051005,0.536644,0.084379,0.049087,0.032739,0.246146
NC_032460.1,NC_032460.1__M__1,M,1,1999,virus,0.549786388874054,0.035447,0.379633,0.110017,0.041991,0.032190,0.400723
NC_032197.1,NC_032197.1__none__0,none,0,2000,virus,0.9986172914505005,0.026395,0.026806,0.120397,0.022653,0.021219,0.782530
NC_032197.1,NC_032197.1__M__500,M,500,1500,bacteria,0.9993659853935242,0.796997,0.019778,0.035293,0.023140,0.029373,0.095419
NC_032197.1,NC_032197.1__M__450,M,450,1550,bacteria,0.9994148015975952,0.562600,0.023332,0.051033,0.032609,0.027973,0.302454
NC_032197.1,NC_032197.1__M__400,M,400,1600,bacteria,0.9995606541633606,0.495508,0.024513,0.065480,0.033561,0.025772,0.355166
NC_032197.1,NC_032197.1__M__350,M,350,1650,virus,0.999667763710022,0.365681,0.026720,0.057093,0.035528,0.023968,0.491010
NC_032197.1,NC_032197.1__M__300,M,300,1700,virus,0.9994644522666931,0.180866,0.020402,0.051292,0.028538,0.014364,0.704539
NC_032197.1,NC_032197.1__M__250,M,250,1750,virus,0.9992734789848328,0.105832,0.020277,0.044122,0.027858,0.012416,0.789495
NC_032197.1,NC_032197.1__M__200,M,200,1800,virus,0.9994159936904907,0.146100,0.025631,0.070877,0.033120,0.013968,0.710305
NC_032197.1,NC_032197.1__M__150,M,150,1850,virus,0.9993516802787781,0.077315,0.024868,0.061599,0.026804,0.011565,0.797848
NC_032197.1,NC_032197.1__M__100,M,100,1900,virus,0.9989545345306396,0.069946,0.026053,0.065355,0.026350,0.013250,0.799046
NC_032197.1,NC_032197.1__M__50,M,50,1950,virus,0.9992375373840332,0.037101,0.030350,0.137604,0.026199,0.018381,0.750363
NC_032197.1,NC_032197.1__M__1,M,1,1999,virus,0.9986186027526855,0.026305,0.026768,0.119600,0.022607,0.021167,0.783552
NC_032277.1,NC_032277.1__none__0,none,0,2000,virus,0.9998962879180908,0.064682,0.097816,0.083584,0.207552,0.057836,0.488530
NC_032277.1,NC_032277.1__M__500,M,500,1500,virus,0.9996063113212585,0.133837,0.047404,0.064990,0.110339,0.019666,0.623765
NC_032277.1,NC_032277.1__M__450,M,450,1550,virus,0.999796450138092,0.208941,0.061116,0.064603,0.178658,0.023499,0.463184
NC_032277.1,NC_032277.1__M__400,M,400,1600,bacteria,0.9998414516448975,0.380574,0.071839,0.080904,0.148111,0.027767,0.290806
NC_032277.1,NC_032277.1__M__350,M,350,1650,bacteria,0.9998983144760132,0.465357,0.072745,0.067378,0.121420,0.027774,0.245325
NC_032277.1,NC_032277.1__M__300,M,300,1700,virus,0.9998942613601685,0.301616,0.076295,0.073547,0.143094,0.028801,0.376646
NC_032277.1,NC_032277.1__M__250,M,250,1750,virus,0.9998910427093506,0.221019,0.084868,0.083061,0.167448,0.034213,0.409392
NC_032277.1,NC_032277.1__M__200,M,200,1800,virus,0.9998019337654114,0.206104,0.080335,0.091454,0.241432,0.032407,0.348268
NC_032277.1,NC_032277.1__M__150,M,150,1850,virus,0.9997715353965759,0.095145,0.064793,0.082037,0.362880,0.031143,0.364002
NC_032277.1,NC_032277.1__M__100,M,100,1900,virus,0.9997604489326477,0.105578,0.096592,0.084731,0.298967,0.043330,0.370803
NC_032277.1,NC_032277.1__M__50,M,50,1950,virus,0.9998787641525269,0.076732,0.105676,0.085762,0.224647,0.059222,0.447961
NC_032277.1,NC_032277.1__M__1,M,1,1999,virus,0.9998955726623535,0.064807,0.098029,0.083620,0.207103,0.057875,0.488566
NC_032129.1,NC_032129.1__none__0,none,0,2000,virus,0.879496157169342,0.065354,0.073624,0.109934,0.037059,0.045556,0.668473
NC_032129.1,NC_032129.1__M__500,M,500,1500,virus,0.6528366208076477,0.212678,0.050684,0.063580,0.030660,0.039408,0.602989
NC_032129.1,NC_032129.1__M__450,M,450,1550,virus,0.722493052482605,0.159544,0.042448,0.056747,0.027971,0.037658,0.675632
NC_032129.1,NC_032129.1__M__400,M,400,1600,virus,0.7704227566719055,0.382012,0.062666,0.057717,0.034811,0.068776,0.394018
NC_032129.1,NC_032129.1__M__350,M,350,1650,bacteria,0.7600704431533813,0.423559,0.036266,0.071532,0.031900,0.049113,0.387630
NC_032129.1,NC_032129.1__M__300,M,300,1700,virus,0.859375,0.220891,0.037339,0.083759,0.030198,0.055010,0.572802
NC_032129.1,NC_032129.1__M__250,M,250,1750,virus,0.8989245295524597,0.250479,0.047129,0.103086,0.033245,0.075373,0.490688
NC_032129.1,NC_032129.1__M__200,M,200,1800,virus,0.9128018617630005,0.247435,0.057782,0.108598,0.035200,0.073426,0.477558
NC_032129.1,NC_032129.1__M__150,M,150,1850,virus,0.8931974172592163,0.175759,0.093427,0.107729,0.039689,0.078502,0.504893
NC_032129.1,NC_032129.1__M__100,M,100,1900,virus,0.8383713364601135,0.121121,0.128617,0.103762,0.047061,0.077431,0.522008
NC_032129.1,NC_032129.1__M__50,M,50,1950,virus,0.9151486158370972,0.140476,0.103833,0.144662,0.058130,0.081933,0.470967
NC_032129.1,NC_032129.1__M__1,M,1,1999,virus,0.8789752125740051,0.064941,0.073391,0.109371,0.036935,0.045312,0.670051
NC_032154.1,NC_032154.1__none__0,none,0,2000,virus,0.9997016787528992,0.023867,0.025342,0.084272,0.043247,0.023825,0.799446
NC_032154.1,NC_032154.1__M__500,M,500,1500,bacteria,0.99994957447052,0.835326,0.029890,0.048332,0.032371,0.015938,0.038141
NC_032154.1,NC_032154.1__M__450,M,450,1550,bacteria,0.9999281167984009,0.835379,0.034132,0.037769,0.036555,0.016007,0.040158
NC_032154.1,NC_032154.1__M__400,M,400,1600,bacteria,0.9999563694000244,0.740044,0.046819,0.076188,0.046706,0.019051,0.071191
NC_032154.1,NC_032154.1__M__350,M,350,1650,bacteria,0.9999628067016602,0.745646,0.038711,0.080436,0.035600,0.016308,0.083299
NC_032154.1,NC_032154.1__M__300,M,300,1700,bacteria,0.9999592304229736,0.818439,0.037609,0.047575,0.037887,0.018461,0.040029
NC_032154.1,NC_032154.1__M__250,M,250,1750,bacteria,0.9999207258224487,0.485385,0.058815,0.108360,0.046102,0.028789,0.272549
NC_032154.1,NC_032154.1__M__200,M,200,1800,virus,0.9999046325683594,0.326672,0.047099,0.112246,0.042590,0.021561,0.449832
NC_032154.1,NC_032154.1__M__150,M,150,1850,virus,0.9998421669006348,0.201660,0.050226,0.104476,0.114887,0.021385,0.507365
NC_032154.1,NC_032154.1__M__100,M,100,1900,virus,0.9997238516807556,0.105116,0.042137,0.147695,0.075610,0.021700,0.607741
NC_032154.1,NC_032154.1__M__50,M,50,1950,virus,0.9996483325958252,0.031341,0.031340,0.094520,0.057491,0.024266,0.761042
NC_032154.1,NC_032154.1__M__1,M,1,1999,virus,0.9997014403343201,0.023951,0.025479,0.085151,0.042931,0.023973,0.798514
NC_032113.1,NC_032113.1__none__0,none,0,2000,virus,0.989751935005188,0.039705,0.069545,0.337290,0.032521,0.031067,0.489873
NC_032113.1,NC_032113.1__M__500,M,500,1500,bacteria,0.9944114089012146,0.715429,0.101494,0.058245,0.031403,0.027431,0.065998
NC_032113.1,NC_032113.1__M__450,M,450,1550,bacteria,0.9965998530387878,0.721826,0.090537,0.062975,0.032241,0.033471,0.058949
NC_032113.1,NC_032113.1__M__400,M,400,1600,bacteria,0.9978182315826416,0.673751,0.087664,0.080673,0.034661,0.034066,0.089185
NC_032113.1,NC_032113.1__M__350,M,350,1650,bacteria,0.997631311416626,0.751460,0.057756,0.077413,0.029143,0.029574,0.054654
NC_032113.1,NC_032113.1__M__300,M,300,1700,bacteria,0.9969339370727539,0.803045,0.052457,0.051933,0.026061,0.027901,0.038602
NC_032113.1,NC_032113.1__M__250,M,250,1750,bacteria,0.9947543144226074,0.792356,0.049495,0.052783,0.026953,0.032554,0.045858
NC_032113.1,NC_032113.1__M__200,M,200,1800,virus,0.993509829044342,0.298917,0.102379,0.169323,0.041274,0.055365,0.332742
NC_032113.1,NC_032113.1__M__150,M,150,1850,virus,0.988976776599884,0.206002,0.124856,0.285450,0.047505,0.044664,0.291522
NC_032113.1,NC_032113.1__M__100,M,100,1900,eukarya,0.9808550477027893,0.179638,0.102943,0.317939,0.045806,0.049478,0.304196
NC_032113.1,NC_032113.1__M__50,M,50,1950,eukarya,0.9795564413070679,0.040212,0.064965,0.622271,0.028428,0.026131,0.217994
NC_032113.1,NC_032113.1__M__1,M,1,1999,virus,0.9897909760475159,0.039720,0.069678,0.336513,0.032535,0.031093,0.490462
NC_032087.1,NC_032087.1__none__0,none,0,2000,virus,0.9794213771820068,0.030075,0.059898,0.143928,0.025321,0.026319,0.714459
NC_032087.1,NC_032087.1__M__500,M,500,1500,virus,0.9729350209236145,0.112366,0.040517,0.200621,0.030110,0.023027,0.593360
NC_032087.1,NC_032087.1__M__450,M,450,1550,virus,0.9797683358192444,0.250460,0.051372,0.270813,0.035852,0.025039,0.366463
NC_032087.1,NC_032087.1__M__400,M,400,1600,virus,0.9792279601097107,0.203845,0.045673,0.343745,0.033773,0.025411,0.347553
NC_032087.1,NC_032087.1__M__350,M,350,1650,eukarya,0.9851942658424377,0.211364,0.044562,0.368160,0.034333,0.033319,0.308262
NC_032087.1,NC_032087.1__M__300,M,300,1700,virus,0.9919631481170654,0.161090,0.038764,0.334226,0.036111,0.025876,0.403933
NC_032087.1,NC_032087.1__M__250,M,250,1750,eukarya,0.9891121983528137,0.111311,0.040987,0.420482,0.036304,0.023493,0.367424
NC_032087.1,NC_032087.1__M__200,M,200,1800,virus,0.9879602193832397,0.081127,0.045052,0.254305,0.033070,0.024228,0.562217
NC_032087.1,NC_032087.1__M__150,M,150,1850,virus,0.9843631386756897,0.079391,0.054714,0.309110,0.035797,0.025651,0.495338
NC_032087.1,NC_032087.1__M__100,M,100,1900,virus,0.9753036499023438,0.049201,0.049283,0.333390,0.032731,0.029593,0.505803
NC_032087.1,NC_032087.1__M__50,M,50,1950,virus,0.9697006940841675,0.035393,0.064637,0.338956,0.030568,0.032860,0.497586
NC_032087.1,NC_032087.1__M__1,M,1,1999,virus,0.979397714138031,0.030074,0.059929,0.143995,0.025332,0.026317,0.714354
NC_031691.1,NC_031691.1__none__0,none,0,2000,virus,0.8714778423309326,0.011528,0.016003,0.011942,0.012969,0.013602,0.933956
NC_031691.1,NC_031691.1__M__500,M,500,1500,virus,0.9922997951507568,0.031521,0.022681,0.032702,0.022686,0.015610,0.874799
NC_031691.1,NC_031691.1__M__450,M,450,1550,virus,0.9962994456291199,0.014366,0.016898,0.019613,0.015138,0.013627,0.920358
NC_031691.1,NC_031691.1__M__400,M,400,1600,virus,0.9950641989707947,0.011361,0.015693,0.014340,0.013288,0.012984,0.932333
NC_031691.1,NC_031691.1__M__350,M,350,1650,virus,0.9935979843139648,0.014646,0.015356,0.015893,0.013189,0.011597,0.929320
NC_031691.1,NC_031691.1__M__300,M,300,1700,virus,0.9894172549247742,0.014761,0.015896,0.014106,0.013657,0.011584,0.929997
NC_031691.1,NC_031691.1__M__250,M,250,1750,virus,0.9911426305770874,0.013773,0.016249,0.014063,0.013443,0.011644,0.930828
NC_031691.1,NC_031691.1__M__200,M,200,1800,virus,0.9899682402610779,0.013266,0.016638,0.014424,0.013890,0.012492,0.929292
NC_031691.1,NC_031691.1__M__150,M,150,1850,virus,0.9926855564117432,0.011929,0.016182,0.013958,0.013452,0.013156,0.931323
NC_031691.1,NC_031691.1__M__100,M,100,1900,virus,0.9831485748291016,0.012108,0.016423,0.014136,0.013505,0.013383,0.930445
NC_031691.1,NC_031691.1__M__50,M,50,1950,virus,0.9293432235717773,0.011634,0.015711,0.011952,0.012879,0.013532,0.934292
NC_031691.1,NC_031691.1__M__1,M,1,1999,virus,0.8721307516098022,0.011531,0.016001,0.011948,0.012974,0.013603,0.933943
NC_031282.1,NC_031282.1__none__0,none,0,2000,virus,0.9978554844856262,0.015455,0.078397,0.042484,0.018940,0.018301,0.826422
NC_031282.1,NC_031282.1__M__500,M,500,1500,virus,0.9965409636497498,0.042656,0.071409,0.039756,0.032980,0.024552,0.788648
NC_031282.1,NC_031282.1__M__450,M,450,1550,virus,0.998302698135376,0.131865,0.219364,0.070540,0.070096,0.055775,0.452361
NC_031282.1,NC_031282.1__M__400,M,400,1600,virus,0.9990487694740295,0.072155,0.154959,0.062297,0.052321,0.034613,0.623655
NC_031282.1,NC_031282.1__M__350,M,350,1650,virus,0.9986656904220581,0.035109,0.057895,0.044647,0.031173,0.023580,0.807596
NC_031282.1,NC_031282.1__M__300,M,300,1700,virus,0.9988318085670471,0.025132,0.038617,0.030078,0.023566,0.019511,0.863096
NC_031282.1,NC_031282.1__M__250,M,250,1750,virus,0.9986812472343445,0.030952,0.049945,0.031692,0.027663,0.023255,0.836493
NC_031282.1,NC_031282.1__M__200,M,200,1800,virus,0.9982755184173584,0.049726,0.096566,0.046328,0.045668,0.035646,0.726066
NC_031282.1,NC_031282.1__M__150,M,150,1850,virus,0.9968134760856628,0.029267,0.076356,0.039592,0.039271,0.028510,0.787004
NC_031282.1,NC_031282.1__M__100,M,100,1900,virus,0.9952861666679382,0.026936,0.127112,0.050312,0.042039,0.031364,0.722237
NC_031282.1,NC_031282.1__M__50,M,50,1950,virus,0.9969956874847412,0.017077,0.100688,0.047575,0.023973,0.021192,0.789495
NC_031282.1,NC_031282.1__M__1,M,1,1999,virus,0.9978578686714172,0.015441,0.078293,0.042438,0.018910,0.018270,0.826648
NC_031079.1,NC_031079.1__none__0,none,0,2000,virus,0.9941709637641907,0.014543,0.022809,0.051564,0.014699,0.020063,0.876322
NC_031079.1,NC_031079.1__M__500,M,500,1500,virus,0.9992305040359497,0.075677,0.025932,0.031374,0.024700,0.016043,0.826274
NC_031079.1,NC_031079.1__M__450,M,450,1550,virus,0.9992940425872803,0.101698,0.031989,0.036677,0.028445,0.017872,0.783319
NC_031079.1,NC_031079.1__M__400,M,400,1600,virus,0.999401330947876,0.239129,0.045704,0.043260,0.039504,0.026024,0.606379
NC_031079.1,NC_031079.1__M__350,M,350,1650,virus,0.9992457628250122,0.253698,0.037622,0.041620,0.035447,0.022552,0.609060
NC_031079.1,NC_031079.1__M__300,M,300,1700,virus,0.9992407560348511,0.341302,0.045036,0.039551,0.040992,0.028149,0.504969
NC_031079.1,NC_031079.1__M__250,M,250,1750,virus,0.9990482926368713,0.112097,0.027708,0.033471,0.026689,0.016595,0.783441
NC_031079.1,NC_031079.1__M__200,M,200,1800,virus,0.9990310668945312,0.130792,0.029981,0.034066,0.026592,0.019099,0.759471
NC_031079.1,NC_031079.1__M__150,M,150,1850,virus,0.998492956161499,0.069109,0.032578,0.032337,0.026480,0.019354,0.820143
NC_031079.1,NC_031079.1__M__100,M,100,1900,virus,0.9973714351654053,0.063870,0.058207,0.044236,0.039304,0.036337,0.758046
NC_031079.1,NC_031079.1__M__50,M,50,1950,virus,0.9936813116073608,0.019379,0.023834,0.068742,0.018406,0.019675,0.849963
NC_031079.1,NC_031079.1__M__1,M,1,1999,virus,0.9941803216934204,0.014528,0.022793,0.051381,0.014686,0.020045,0.876568
NC_031143.1,NC_031143.1__none__0,none,0,2000,virus,0.9985858201980591,0.019220,0.031696,0.019087,0.016145,0.015552,0.898301
NC_031143.1,NC_031143.1__M__500,M,500,1500,bacteria,0.9992603659629822,0.470247,0.068244,0.029776,0.043533,0.025171,0.363030
NC_031143.1,NC_031143.1__M__450,M,450,1550,bacteria,0.9994707703590393,0.532236,0.061070,0.028277,0.042726,0.027574,0.308117
NC_031143.1,NC_031143.1__M__400,M,400,1600,virus,0.9996371269226074,0.383302,0.059316,0.032725,0.045800,0.024587,0.454270
NC_031143.1,NC_031143.1__M__350,M,350,1650,virus,0.999634861946106,0.391637,0.050934,0.030892,0.043873,0.023865,0.458799
NC_031143.1,NC_031143.1__M__300,M,300,1700,virus,0.9997460246086121,0.303409,0.052211,0.032381,0.046880,0.022912,0.542208
NC_031143.1,NC_031143.1__M__250,M,250,1750,virus,0.9996154308319092,0.192628,0.042979,0.034399,0.038603,0.018882,0.672510
NC_031143.1,NC_031143.1__M__200,M,200,1800,virus,0.9996930360794067,0.136166,0.045448,0.032622,0.038719,0.018428,0.728616
NC_031143.1,NC_031143.1__M__150,M,150,1850,virus,0.9996699094772339,0.155656,0.137453,0.030881,0.055941,0.028374,0.591696
NC_031143.1,NC_031143.1__M__100,M,100,1900,virus,0.9993684887886047,0.055239,0.057452,0.024432,0.033340,0.021120,0.808417
NC_031143.1,NC_031143.1__M__50,M,50,1950,virus,0.9987719655036926,0.025484,0.047845,0.024296,0.021696,0.016912,0.863767
NC_031143.1,NC_031143.1__M__1,M,1,1999,virus,0.9985880255699158,0.019166,0.031649,0.019064,0.016120,0.015537,0.898463
NC_030746.1,NC_030746.1__none__0,none,0,2000,virus,0.9798627495765686,0.018904,0.022710,0.057311,0.017063,0.016304,0.867708
NC_030746.1,NC_030746.1__M__500,M,500,1500,virus,0.9968202114105225,0.046091,0.018487,0.030340,0.018271,0.013664,0.873148
NC_030746.1,NC_030746.1__M__450,M,450,1550,virus,0.9976620674133301,0.030538,0.015387,0.022601,0.014616,0.010562,0.906297
NC_030746.1,NC_030746.1__M__400,M,400,1600,virus,0.9971953630447388,0.067711,0.022919,0.055980,0.023091,0.015288,0.815011
NC_030746.1,NC_030746.1__M__350,M,350,1650,virus,0.9968723654747009,0.032194,0.016309,0.034057,0.015797,0.010667,0.890975
NC_030746.1,NC_030746.1__M__300,M,300,1700,virus,0.9973430037498474,0.047542,0.018175,0.032287,0.018126,0.011350,0.872520
NC_030746.1,NC_030746.1__M__250,M,250,1750,virus,0.9976515173912048,0.040116,0.019895,0.043220,0.019078,0.012316,0.865375
NC_030746.1,NC_030746.1__M__200,M,200,1800,virus,0.9975662231445312,0.044865,0.023138,0.048624,0.021468,0.015782,0.846123
NC_030746.1,NC_030746.1__M__150,M,150,1850,virus,0.9970903396606445,0.134855,0.059192,0.135875,0.050322,0.046503,0.573252
NC_030746.1,NC_030746.1__M__100,M,100,1900,virus,0.9939123392105103,0.050525,0.038038,0.136713,0.033469,0.029959,0.711297
NC_030746.1,NC_030746.1__M__50,M,50,1950,virus,0.9747558832168579,0.026557,0.026904,0.079736,0.020135,0.017731,0.828937
NC_030746.1,NC_030746.1__M__1,M,1,1999,virus,0.9798488020896912,0.018926,0.022773,0.057444,0.017096,0.016331,0.867430
NC_030446.1,NC_030446.1__none__0,none,0,2000,virus,0.9823513031005859,0.013982,0.011479,0.013649,0.010515,0.007720,0.942655
NC_030446.1,NC_030446.1__M__500,M,500,1500,virus,0.9751166701316833,0.109367,0.026870,0.032602,0.025749,0.018234,0.787179
NC_030446.1,NC_030446.1__M__450,M,450,1550,virus,0.9893514513969421,0.245498,0.046621,0.041869,0.036983,0.030110,0.598919
NC_030446.1,NC_030446.1__M__400,M,400,1600,virus,0.9893274307250977,0.063818,0.021993,0.026212,0.018585,0.013695,0.855697
NC_030446.1,NC_030446.1__M__350,M,350,1650,virus,0.9910187721252441,0.204800,0.030516,0.036392,0.027108,0.026837,0.674347
NC_030446.1,NC_030446.1__M__300,M,300,1700,virus,0.9872739315032959,0.189664,0.026796,0.039879,0.029936,0.017578,0.696146
NC_030446.1,NC_030446.1__M__250,M,250,1750,virus,0.9885141253471375,0.220195,0.025307,0.040431,0.030357,0.018006,0.665703
NC_030446.1,NC_030446.1__M__200,M,200,1800,virus,0.987627387046814,0.121056,0.023757,0.029847,0.022534,0.016034,0.786773
NC_030446.1,NC_030446.1__M__150,M,150,1850,virus,0.9831488132476807,0.087819,0.022856,0.029409,0.020587,0.011996,0.827333
NC_030446.1,NC_030446.1__M__100,M,100,1900,virus,0.9784449934959412,0.047386,0.019796,0.023621,0.017215,0.010995,0.880986
NC_030446.1,NC_030446.1__M__50,M,50,1950,virus,0.9825022220611572,0.028057,0.014927,0.019645,0.017535,0.009928,0.909909
NC_030446.1,NC_030446.1__M__1,M,1,1999,virus,0.9823926687240601,0.013995,0.011484,0.013657,0.010522,0.007722,0.942621
NC_030294.1,NC_030294.1__none__0,none,0,2000,virus,0.9999632835388184,0.010105,0.014302,0.010794,0.009923,0.013302,0.941575
NC_030294.1,NC_030294.1__M__500,M,500,1500,virus,0.9999637603759766,0.015982,0.014513,0.014474,0.012996,0.012083,0.929952
NC_030294.1,NC_030294.1__M__450,M,450,1550,virus,0.9999685287475586,0.014411,0.014014,0.012604,0.012406,0.012713,0.933853
NC_030294.1,NC_030294.1__M__400,M,400,1600,virus,0.9999632835388184,0.013377,0.013438,0.012689,0.012356,0.012396,0.935745
NC_030294.1,NC_030294.1__M__350,M,350,1650,virus,0.9999600648880005,0.015172,0.014153,0.014970,0.013129,0.012063,0.930514
NC_030294.1,NC_030294.1__M__300,M,300,1700,virus,0.999954104423523,0.020647,0.013912,0.014104,0.013989,0.012047,0.925301
NC_030294.1,NC_030294.1__M__250,M,250,1750,virus,0.9999649524688721,0.015468,0.014515,0.013224,0.014118,0.014262,0.928414
NC_030294.1,NC_030294.1__M__200,M,200,1800,virus,0.9999547004699707,0.015525,0.015361,0.013268,0.014933,0.014708,0.926205
NC_030294.1,NC_030294.1__M__150,M,150,1850,virus,0.9999334812164307,0.015362,0.013972,0.013396,0.014348,0.015438,0.927483
NC_030294.1,NC_030294.1__M__100,M,100,1900,virus,0.9999014139175415,0.013578,0.014602,0.015139,0.013978,0.014558,0.928146
NC_030294.1,NC_030294.1__M__50,M,50,1950,virus,0.9999469518661499,0.009885,0.013358,0.010577,0.010103,0.012435,0.943641
NC_030294.1,NC_030294.1__M__1,M,1,1999,virus,0.9999631643295288,0.010112,0.014402,0.010845,0.009933,0.013331,0.941376
NC_029991.1,NC_029991.1__none__0,none,0,2000,bacteria,0.9999358654022217,0.321172,0.288878,0.088858,0.066118,0.131274,0.103700
NC_029991.1,NC_029991.1__M__500,M,500,1500,bacteria,0.9997096657752991,0.827777,0.081802,0.019400,0.025179,0.023911,0.021931
NC_029991.1,NC_029991.1__M__450,M,450,1550,bacteria,0.9997988343238831,0.882367,0.045951,0.015169,0.019968,0.020022,0.016523
NC_029991.1,NC_029991.1__M__400,M,400,1600,bacteria,0.9998414516448975,0.902844,0.032975,0.013193,0.018273,0.019179,0.013535
NC_029991.1,NC_029991.1__M__350,M,350,1650,bacteria,0.9998779296875,0.845425,0.060660,0.018205,0.025953,0.026808,0.022948
NC_029991.1,NC_029991.1__M__300,M,300,1700,bacteria,0.9999139308929443,0.879246,0.041331,0.015408,0.022100,0.023512,0.018402
NC_029991.1,NC_029991.1__M__250,M,250,1750,bacteria,0.9999521970748901,0.866891,0.048829,0.018481,0.025678,0.022460,0.017661
NC_029991.1,NC_029991.1__M__200,M,200,1800,bacteria,0.9999582767486572,0.866580,0.037144,0.023143,0.028377,0.023591,0.021166
NC_029991.1,NC_029991.1__M__150,M,150,1850,bacteria,0.999950647354126,0.784190,0.072001,0.030952,0.040981,0.035315,0.036561
NC_029991.1,NC_029991.1__M__100,M,100,1900,bacteria,0.9999253749847412,0.768288,0.085537,0.029009,0.043665,0.041180,0.032322
NC_029991.1,NC_029991.1__M__50,M,50,1950,bacteria,0.9999285936355591,0.416067,0.276951,0.079681,0.065715,0.084751,0.076835
NC_029991.1,NC_029991.1__M__1,M,1,1999,bacteria,0.9999358654022217,0.320178,0.289157,0.089186,0.066237,0.131083,0.104158
NC_029556.1,NC_029556.1__none__0,none,0,2000,virus,0.9999406337738037,0.010449,0.011717,0.014192,0.012019,0.010967,0.940658
NC_029556.1,NC_029556.1__M__500,M,500,1500,virus,0.9998519420623779,0.025808,0.021787,0.029656,0.020114,0.013144,0.889490
NC_029556.1,NC_029556.1__M__450,M,450,1550,virus,0.9999181032180786,0.018909,0.017645,0.018962,0.015552,0.011477,0.917455
NC_029556.1,NC_029556.1__M__400,M,400,1600,virus,0.9998611211776733,0.017903,0.017551,0.020772,0.015239,0.011221,0.917313
NC_029556.1,NC_029556.1__M__350,M,350,1650,virus,0.9999269247055054,0.020975,0.017291,0.019423,0.015593,0.010494,0.916224
NC_029556.1,NC_029556.1__M__300,M,300,1700,virus,0.9999241828918457,0.020455,0.015352,0.017037,0.014909,0.009968,0.922279
NC_029556.1,NC_029556.1__M__250,M,250,1750,virus,0.999908447265625,0.032116,0.024726,0.027403,0.022440,0.013413,0.879903
NC_029556.1,NC_029556.1__M__200,M,200,1800,virus,0.9999314546585083,0.022056,0.017142,0.023159,0.016584,0.010795,0.910262
NC_029556.1,NC_029556.1__M__150,M,150,1850,virus,0.999879002571106,0.021355,0.021263,0.035238,0.021252,0.015646,0.885246
NC_029556.1,NC_029556.1__M__100,M,100,1900,virus,0.9998667240142822,0.013483,0.015759,0.018446,0.014570,0.012370,0.925372
NC_029556.1,NC_029556.1__M__50,M,50,1950,virus,0.9999402761459351,0.010678,0.012360,0.015739,0.012941,0.011149,0.937132
NC_029556.1,NC_029556.1__M__1,M,1,1999,virus,0.9999403953552246,0.010454,0.011735,0.014204,0.012024,0.010970,0.940615
NC_029565.1,NC_029565.1__none__0,none,0,2000,virus,0.9999599456787109,0.035739,0.058839,0.028562,0.312658,0.033922,0.530280
NC_029565.1,NC_029565.1__M__500,M,500,1500,virus,0.9998924732208252,0.069090,0.048350,0.030927,0.072723,0.017785,0.761125
NC_029565.1,NC_029565.1__M__450,M,450,1550,virus,0.9999306201934814,0.082135,0.056190,0.036192,0.149540,0.019791,0.656151
NC_029565.1,NC_029565.1__M__400,M,400,1600,virus,0.9999427795410156,0.107637,0.059628,0.031424,0.070931,0.018615,0.711764
NC_029565.1,NC_029565.1__M__350,M,350,1650,virus,0.9999285936355591,0.079319,0.049478,0.031818,0.100875,0.018638,0.719873
NC_029565.1,NC_029565.1__M__300,M,300,1700,virus,0.9999125003814697,0.055783,0.036126,0.027747,0.059062,0.016023,0.805259
NC_029565.1,NC_029565.1__M__250,M,250,1750,virus,0.9999045133590698,0.063485,0.050536,0.027196,0.100960,0.022006,0.735818
NC_029565.1,NC_029565.1__M__200,M,200,1800,virus,0.9999232292175293,0.060652,0.047589,0.032184,0.126415,0.021691,0.711469
NC_029565.1,NC_029565.1__M__150,M,150,1850,virus,0.9999417066574097,0.048212,0.042970,0.032791,0.191303,0.025460,0.659265
NC_029565.1,NC_029565.1__M__100,M,100,1900,virus,0.9999258518218994,0.041787,0.049033,0.030296,0.190310,0.028780,0.659793
NC_029565.1,NC_029565.1__M__50,M,50,1950,archaea,0.9999501705169678,0.036757,0.056086,0.028225,0.493980,0.032064,0.352887
NC_029565.1,NC_029565.1__M__1,M,1,1999,virus,0.9999598264694214,0.035724,0.058802,0.028570,0.312479,0.033918,0.530508
NC_029082.1,NC_029082.1__none__0,none,0,2000,virus,0.999990701675415,0.010420,0.016816,0.017193,0.011896,0.011297,0.932378
NC_029082.1,NC_029082.1__M__500,M,500,1500,virus,0.999964714050293,0.050150,0.021465,0.029223,0.021169,0.007088,0.870905
NC_029082.1,NC_029082.1__M__450,M,450,1550,virus,0.999976396560669,0.081274,0.027261,0.038750,0.029552,0.008235,0.814928
NC_029082.1,NC_029082.1__M__400,M,400,1600,virus,0.9999814033508301,0.066067,0.022866,0.033501,0.020716,0.007489,0.849361
NC_029082.1,NC_029082.1__M__350,M,350,1650,virus,0.999987006187439,0.073646,0.021441,0.033567,0.020068,0.006881,0.844397
NC_029082.1,NC_029082.1__M__300,M,300,1700,virus,0.9999886751174927,0.049149,0.020989,0.028374,0.020258,0.007634,0.873596
NC_029082.1,NC_029082.1__M__250,M,250,1750,virus,0.9999897480010986,0.040263,0.019594,0.026405,0.018231,0.007769,0.887738
NC_029082.1,NC_029082.1__M__200,M,200,1800,virus,0.9999912977218628,0.060088,0.026303,0.035507,0.023258,0.009123,0.845720
NC_029082.1,NC_029082.1__M__150,M,150,1850,virus,0.9999932050704956,0.039956,0.027126,0.031749,0.021780,0.009962,0.869427
NC_029082.1,NC_029082.1__M__100,M,100,1900,virus,0.9999924898147583,0.030985,0.026140,0.027842,0.020825,0.010760,0.883447
NC_029082.1,NC_029082.1__M__50,M,50,1950,virus,0.9999856948852539,0.016540,0.033353,0.026129,0.017602,0.013915,0.892461
NC_029082.1,NC_029082.1__M__1,M,1,1999,virus,0.9999908208847046,0.010423,0.016872,0.017213,0.011899,0.011314,0.932278
NC_028902.1,NC_028902.1__none__0,none,0,2000,phage,0.9999539852142334,0.021980,0.906138,0.012365,0.017413,0.021099,0.021005
NC_028902.1,NC_028902.1__M__500,M,500,1500,bacteria,0.9998725652694702,0.909532,0.028373,0.013352,0.017340,0.014838,0.016564
NC_028902.1,NC_028902.1__M__450,M,450,1550,bacteria,0.999920129776001,0.910897,0.025307,0.015430,0.017376,0.015887,0.015104
NC_028902.1,NC_028902.1__M__400,M,400,1600,bacteria,0.9998735189437866,0.921286,0.023496,0.013439,0.014981,0.014355,0.012443
NC_028902.1,NC_028902.1__M__350,M,350,1650,bacteria,0.9998865127563477,0.850756,0.066490,0.014658,0.021774,0.022546,0.023776
NC_028902.1,NC_028902.1__M__300,M,300,1700,bacteria,0.9999148845672607,0.857583,0.059000,0.014304,0.023084,0.020585,0.025443
NC_028902.1,NC_028902.1__M__250,M,250,1750,bacteria,0.9999364614486694,0.794987,0.103179,0.016258,0.027927,0.022884,0.034765
NC_028902.1,NC_028902.1__M__200,M,200,1800,bacteria,0.9999575614929199,0.552028,0.332656,0.019982,0.032139,0.030451,0.032744
NC_028902.1,NC_028902.1__M__150,M,150,1850,phage,0.9999299049377441,0.302864,0.586678,0.020256,0.030114,0.030140,0.029948
NC_028902.1,NC_028902.1__M__100,M,100,1900,phage,0.9998897314071655,0.177083,0.729319,0.018290,0.023829,0.027080,0.024399
NC_028902.1,NC_028902.1__M__50,M,50,1950,phage,0.9999163150787354,0.020619,0.913427,0.011771,0.016070,0.019153,0.018960
NC_028902.1,NC_028902.1__M__1,M,1,1999,phage,0.9999538660049438,0.021978,0.906176,0.012356,0.017419,0.021037,0.021035
NC_028097.1,NC_028097.1__none__0,none,0,2000,virus,0.9982825517654419,0.038462,0.042590,0.292643,0.037168,0.048447,0.540690
NC_028097.1,NC_028097.1__M__500,M,500,1500,virus,0.9990348815917969,0.167809,0.021577,0.054676,0.025966,0.021293,0.708679
NC_028097.1,NC_028097.1__M__450,M,450,1550,virus,0.9991687536239624,0.258200,0.031610,0.088677,0.033303,0.032037,0.556173
NC_028097.1,NC_028097.1__M__400,M,400,1600,virus,0.9993723034858704,0.157030,0.024064,0.060538,0.024385,0.027619,0.706364
NC_028097.1,NC_028097.1__M__350,M,350,1650,virus,0.9992792010307312,0.164769,0.026344,0.076719,0.028798,0.025822,0.677548
NC_028097.1,NC_028097.1__M__300,M,300,1700,virus,0.9992460012435913,0.080810,0.022825,0.123215,0.024936,0.025760,0.722454
NC_028097.1,NC_028097.1__M__250,M,250,1750,virus,0.999445378780365,0.076767,0.020713,0.077320,0.022425,0.020325,0.782451
NC_028097.1,NC_028097.1__M__200,M,200,1800,virus,0.9994414448738098,0.120879,0.026846,0.100711,0.028568,0.021811,0.701184
NC_028097.1,NC_028097.1__M__150,M,150,1850,virus,0.9994039535522461,0.135271,0.037184,0.171243,0.036339,0.031314,0.588649
NC_028097.1,NC_028097.1__M__100,M,100,1900,virus,0.9989570379257202,0.053107,0.034992,0.285455,0.036513,0.035847,0.554086
NC_028097.1,NC_028097.1__M__50,M,50,1950,virus,0.997913658618927,0.036029,0.038610,0.328253,0.033991,0.042084,0.521034
NC_028097.1,NC_028097.1__M__1,M,1,1999,virus,0.9982806444168091,0.038433,0.042578,0.292919,0.037156,0.048478,0.540435
NC_027811.2,NC_027811.2__none__0,none,0,2000,phage,0.9995360374450684,0.050779,0.502369,0.043211,0.029883,0.286857,0.086902
NC_027811.2,NC_027811.2__M__500,M,500,1500,bacteria,0.999251663684845,0.661375,0.093573,0.031392,0.030617,0.075943,0.107101
NC_027811.2,NC_027811.2__M__450,M,450,1550,bacteria,0.9994433522224426,0.670192,0.089104,0.027630,0.032618,0.063675,0.116782
NC_027811.2,NC_027811.2__M__400,M,400,1600,bacteria,0.9994537234306335,0.552777,0.077445,0.035054,0.035787,0.061850,0.237088
NC_027811.2,NC_027811.2__M__350,M,350,1650,bacteria,0.9990611672401428,0.623916,0.064058,0.033145,0.032443,0.065000,0.181438
NC_027811.2,NC_027811.2__M__300,M,300,1700,bacteria,0.9992103576660156,0.641794,0.095396,0.030461,0.032230,0.078696,0.121423
NC_027811.2,NC_027811.2__M__250,M,250,1750,bacteria,0.999535083770752,0.548714,0.112383,0.039199,0.035739,0.091833,0.172133
NC_027811.2,NC_027811.2__M__200,M,200,1800,bacteria,0.9995243549346924,0.702547,0.083396,0.023977,0.026955,0.116347,0.046778
NC_027811.2,NC_027811.2__M__150,M,150,1850,bacteria,0.9996422529220581,0.460460,0.299061,0.020985,0.031862,0.159403,0.028229
NC_027811.2,NC_027811.2__M__100,M,100,1900,bacteria,0.9990872144699097,0.335869,0.315595,0.034284,0.037638,0.198629,0.077984
NC_027811.2,NC_027811.2__M__50,M,50,1950,phage,0.9988549947738647,0.080426,0.479923,0.037313,0.032007,0.297675,0.072656
NC_027811.2,NC_027811.2__M__1,M,1,1999,phage,0.9995355606079102,0.050759,0.503215,0.043204,0.029880,0.285898,0.087044
NC_027720.1,NC_027720.1__none__0,none,0,2000,virus,0.9999152421951294,0.020164,0.021060,0.078419,0.027841,0.020427,0.832089
NC_027720.1,NC_027720.1__M__500,M,500,1500,virus,0.9999299049377441,0.041683,0.033176,0.192194,0.032564,0.026283,0.674099
NC_027720.1,NC_027720.1__M__450,M,450,1550,virus,0.999963641166687,0.051975,0.040161,0.145930,0.035847,0.026806,0.699282
NC_027720.1,NC_027720.1__M__400,M,400,1600,virus,0.9999662637710571,0.042071,0.034403,0.147298,0.030743,0.024479,0.721006
NC_027720.1,NC_027720.1__M__350,M,350,1650,virus,0.9999738931655884,0.048071,0.029476,0.111006,0.027692,0.020006,0.763748
NC_027720.1,NC_027720.1__M__300,M,300,1700,virus,0.9999767541885376,0.030991,0.025332,0.066984,0.022443,0.016233,0.838016
NC_027720.1,NC_027720.1__M__250,M,250,1750,virus,0.9999773502349854,0.023021,0.020743,0.051507,0.020998,0.016534,0.867197
NC_027720.1,NC_027720.1__M__200,M,200,1800,virus,0.9999799728393555,0.023070,0.021024,0.048264,0.021465,0.015577,0.870599
NC_027720.1,NC_027720.1__M__150,M,150,1850,virus,0.9999711513519287,0.023603,0.020576,0.043072,0.022765,0.015209,0.874774
NC_027720.1,NC_027720.1__M__100,M,100,1900,virus,0.9999604225158691,0.033223,0.032954,0.096382,0.039165,0.026164,0.772112
NC_027720.1,NC_027720.1__M__50,M,50,1950,virus,0.9999030828475952,0.024970,0.025210,0.113938,0.035091,0.024236,0.776555
NC_027720.1,NC_027720.1__M__1,M,1,1999,virus,0.9999151229858398,0.020188,0.021081,0.078727,0.027898,0.020457,0.831649
NC_026624.1,NC_026624.1__none__0,none,0,2000,virus,0.9980581402778625,0.014716,0.017424,0.025755,0.016697,0.014919,0.910488
NC_026624.1,NC_026624.1__M__500,M,500,1500,virus,0.9992629885673523,0.015472,0.014624,0.017441,0.015240,0.013339,0.923885
NC_026624.1,NC_026624.1__M__450,M,450,1550,virus,0.9995087385177612,0.015148,0.014015,0.017531,0.015221,0.013215,0.924869
NC_026624.1,NC_026624.1__M__400,M,400,1600,virus,0.9991839528083801,0.019143,0.013630,0.018059,0.015409,0.012294,0.921465
NC_026624.1,NC_026624.1__M__350,M,350,1650,virus,0.9992514252662659,0.020368,0.014718,0.019465,0.016439,0.013795,0.915216
NC_026624.1,NC_026624.1__M__300,M,300,1700,virus,0.9989727735519409,0.019478,0.014173,0.018400,0.015411,0.012943,0.919595
NC_026624.1,NC_026624.1__M__250,M,250,1750,virus,0.9989218711853027,0.014518,0.014088,0.016496,0.014616,0.012995,0.927288
NC_026624.1,NC_026624.1__M__200,M,200,1800,virus,0.9986298084259033,0.021707,0.016411,0.026891,0.018192,0.016379,0.900420
NC_026624.1,NC_026624.1__M__150,M,150,1850,virus,0.9978016018867493,0.017577,0.017262,0.025573,0.018158,0.016869,0.904560
NC_026624.1,NC_026624.1__M__100,M,100,1900,virus,0.9971179962158203,0.016790,0.017448,0.028905,0.018107,0.017266,0.901484
NC_026624.1,NC_026624.1__M__50,M,50,1950,virus,0.9970405697822571,0.015199,0.017325,0.026071,0.017038,0.015259,0.909108
NC_026624.1,NC_026624.1__M__1,M,1,1999,virus,0.9980564713478088,0.014719,0.017425,0.025755,0.016699,0.014918,0.910484
NC_026424.1,NC_026424.1__none__0,none,0,2000,virus,0.9997912049293518,0.010004,0.012360,0.014574,0.011463,0.009945,0.941653
NC_026424.1,NC_026424.1__M__500,M,500,1500,virus,0.9999353885650635,0.070420,0.025614,0.033968,0.032456,0.011741,0.825800
NC_026424.1,NC_026424.1__M__450,M,450,1550,virus,0.999954342842102,0.094474,0.028758,0.036568,0.030907,0.012722,0.796570
NC_026424.1,NC_026424.1__M__400,M,400,1600,virus,0.9999465942382812,0.055668,0.020224,0.027173,0.020525,0.011082,0.865329
NC_026424.1,NC_026424.1__M__350,M,350,1650,virus,0.9999246597290039,0.029255,0.013747,0.018621,0.013942,0.010275,0.914160
NC_026424.1,NC_026424.1__M__300,M,300,1700,virus,0.9998828172683716,0.023639,0.011975,0.015979,0.012575,0.009395,0.926437
NC_026424.1,NC_026424.1__M__250,M,250,1750,virus,0.9998817443847656,0.013827,0.012030,0.013728,0.010822,0.008464,0.941129
NC_026424.1,NC_026424.1__M__200,M,200,1800,virus,0.999885082244873,0.023415,0.015387,0.020997,0.014167,0.010391,0.915642
NC_026424.1,NC_026424.1__M__150,M,150,1850,virus,0.9998500347137451,0.023480,0.013929,0.017941,0.013171,0.009672,0.921807
NC_026424.1,NC_026424.1__M__100,M,100,1900,virus,0.9997760653495789,0.022297,0.016834,0.020402,0.015012,0.011277,0.914178
NC_026424.1,NC_026424.1__M__50,M,50,1950,virus,0.9997090697288513,0.010035,0.011735,0.014327,0.010840,0.008900,0.944163
NC_026424.1,NC_026424.1__M__1,M,1,1999,virus,0.9997904896736145,0.010002,0.012362,0.014571,0.011462,0.009945,0.941657
NC_025390.1,NC_025390.1__none__0,none,0,2000,phage,0.9982820749282837,0.031633,0.670403,0.044231,0.033041,0.028164,0.192529
NC_025390.1,NC_025390.1__M__500,M,500,1500,phage,0.9991037249565125,0.304345,0.408147,0.032879,0.054713,0.052540,0.147375
NC_025390.1,NC_025390.1__M__450,M,450,1550,bacteria,0.9991487264633179,0.394443,0.369077,0.037402,0.050856,0.038690,0.109531
NC_025390.1,NC_025390.1__M__400,M,400,1600,bacteria,0.9992434978485107,0.450838,0.294278,0.040450,0.056116,0.037171,0.121146
NC_025390.1,NC_025390.1__M__350,M,350,1650,bacteria,0.9992964267730713,0.528569,0.294386,0.034665,0.042232,0.031630,0.068519
NC_025390.1,NC_025390.1__M__300,M,300,1700,bacteria,0.9994619488716125,0.471643,0.251656,0.049231,0.050192,0.040819,0.136459
NC_025390.1,NC_025390.1__M__250,M,250,1750,bacteria,0.9994614720344543,0.603677,0.217057,0.037497,0.040625,0.042609,0.058535
NC_025390.1,NC_025390.1__M__200,M,200,1800,bacteria,0.9995133876800537,0.516026,0.184045,0.057207,0.051427,0.039787,0.151507
NC_025390.1,NC_025390.1__M__150,M,150,1850,phage,0.9993871450424194,0.298025,0.510121,0.035476,0.044741,0.035166,0.076470
NC_025390.1,NC_025390.1__M__100,M,100,1900,phage,0.9988032579421997,0.214937,0.578167,0.043948,0.044657,0.034317,0.083974
NC_025390.1,NC_025390.1__M__50,M,50,1950,phage,0.9983057975769043,0.050133,0.701374,0.048132,0.036310,0.027590,0.136460
NC_025390.1,NC_025390.1__M__1,M,1,1999,phage,0.9982847571372986,0.031609,0.670162,0.044233,0.033037,0.028152,0.192807
NC_025393.1,NC_025393.1__none__0,none,0,2000,virus,0.999744713306427,0.022408,0.134195,0.034453,0.026416,0.025783,0.756746
NC_025393.1,NC_025393.1__M__500,M,500,1500,virus,0.9991713762283325,0.041647,0.031908,0.044964,0.156265,0.022074,0.703141
NC_025393.1,NC_025393.1__M__450,M,450,1550,virus,0.9992037415504456,0.057291,0.036591,0.062473,0.209872,0.023064,0.610709
NC_025393.1,NC_025393.1__M__400,M,400,1600,virus,0.999510645866394,0.042417,0.031863,0.050179,0.339404,0.022019,0.514118
NC_025393.1,NC_025393.1__M__350,M,350,1650,virus,0.9996912479400635,0.065306,0.028054,0.042787,0.074480,0.014848,0.774525
NC_025393.1,NC_025393.1__M__300,M,300,1700,virus,0.9995909333229065,0.051100,0.029032,0.038089,0.060275,0.015731,0.805772
NC_025393.1,NC_025393.1__M__250,M,250,1750,virus,0.9995408058166504,0.088698,0.085504,0.044419,0.127512,0.036268,0.617600
NC_025393.1,NC_025393.1__M__200,M,200,1800,virus,0.999553382396698,0.032897,0.032831,0.028368,0.060020,0.023217,0.822667
NC_025393.1,NC_025393.1__M__150,M,150,1850,virus,0.999548614025116,0.044120,0.045954,0.034444,0.118608,0.031241,0.725632
NC_025393.1,NC_025393.1__M__100,M,100,1900,virus,0.9993632435798645,0.040103,0.048755,0.035294,0.104504,0.034733,0.736611
NC_025393.1,NC_025393.1__M__50,M,50,1950,virus,0.9995230436325073,0.027202,0.092640,0.031551,0.058038,0.032188,0.758382
NC_025393.1,NC_025393.1__M__1,M,1,1999,virus,0.9997437596321106,0.022516,0.136018,0.034649,0.026710,0.025841,0.754265
NC_025340.1,NC_025340.1__none__0,none,0,2000,virus,0.9806761741638184,0.013547,0.130272,0.044800,0.025661,0.043547,0.742174
NC_025340.1,NC_025340.1__M__500,M,500,1500,virus,0.9983720183372498,0.097715,0.043484,0.049799,0.038630,0.032873,0.737499
NC_025340.1,NC_025340.1__M__450,M,450,1550,virus,0.9996823072433472,0.269023,0.072461,0.064207,0.049875,0.045547,0.498886
NC_025340.1,NC_025340.1__M__400,M,400,1600,virus,0.9997442364692688,0.206316,0.057139,0.043073,0.039857,0.034713,0.618903
NC_025340.1,NC_025340.1__M__350,M,350,1650,virus,0.9993457198143005,0.109313,0.041837,0.049883,0.032395,0.030347,0.736224
NC_025340.1,NC_025340.1__M__300,M,300,1700,bacteria,0.9992877840995789,0.434486,0.103612,0.076277,0.057733,0.066008,0.261883
NC_025340.1,NC_025340.1__M__250,M,250,1750,virus,0.9987553358078003,0.111090,0.072538,0.060873,0.046167,0.032305,0.677028
NC_025340.1,NC_025340.1__M__200,M,200,1800,virus,0.997750461101532,0.049492,0.062894,0.052535,0.037452,0.028080,0.769546
NC_025340.1,NC_025340.1__M__150,M,150,1850,virus,0.9982024431228638,0.044337,0.102395,0.044129,0.041132,0.044328,0.723680
NC_025340.1,NC_025340.1__M__100,M,100,1900,virus,0.9939999580383301,0.033803,0.101387,0.055662,0.039331,0.044756,0.725062
NC_025340.1,NC_025340.1__M__50,M,50,1950,virus,0.9756531119346619,0.016192,0.245163,0.048489,0.028430,0.043926,0.617801
NC_025340.1,NC_025340.1__M__1,M,1,1999,virus,0.9806045293807983,0.013549,0.130397,0.044742,0.025664,0.043681,0.741967
NC_024686.1,NC_024686.1__none__0,none,0,2000,eukarya,0.9983439445495605,0.058051,0.052372,0.410866,0.065437,0.059224,0.354050
NC_024686.1,NC_024686.1__M__500,M,500,1500,bacteria,0.9976385831832886,0.468586,0.058570,0.109847,0.227475,0.023362,0.112160
NC_024686.1,NC_024686.1__M__450,M,450,1550,bacteria,0.9989238381385803,0.548225,0.055894,0.075394,0.183715,0.019969,0.116803
NC_024686.1,NC_024686.1__M__400,M,400,1600,bacteria,0.9989665746688843,0.601895,0.047600,0.067140,0.200369,0.019788,0.063209
NC_024686.1,NC_024686.1__M__350,M,350,1650,bacteria,0.998236894607544,0.631449,0.046627,0.096429,0.146672,0.021444,0.057379
NC_024686.1,NC_024686.1__M__300,M,300,1700,bacteria,0.9973669648170471,0.583330,0.051171,0.102507,0.162251,0.022537,0.078204
NC_024686.1,NC_024686.1__M__250,M,250,1750,bacteria,0.9981217980384827,0.478164,0.053833,0.193214,0.132107,0.024967,0.117714
NC_024686.1,NC_024686.1__M__200,M,200,1800,bacteria,0.9979614019393921,0.536267,0.056674,0.173167,0.085878,0.026351,0.121663
NC_024686.1,NC_024686.1__M__150,M,150,1850,bacteria,0.9977935552597046,0.338972,0.080622,0.169240,0.253085,0.033060,0.125020
NC_024686.1,NC_024686.1__M__100,M,100,1900,eukarya,0.9961863160133362,0.124455,0.065582,0.459015,0.126238,0.044711,0.179999
NC_024686.1,NC_024686.1__M__50,M,50,1950,eukarya,0.9973376393318176,0.055859,0.046294,0.625570,0.060090,0.036996,0.175192
NC_024686.1,NC_024686.1__M__1,M,1,1999,eukarya,0.9983502626419067,0.058025,0.052358,0.410253,0.065392,0.059142,0.354829
NC_024458.1,NC_024458.1__none__0,none,0,2000,virus,0.9992903470993042,0.091804,0.095970,0.151015,0.063089,0.111171,0.486950
NC_024458.1,NC_024458.1__M__500,M,500,1500,bacteria,0.9998462200164795,0.808899,0.040152,0.028821,0.033766,0.029707,0.058656
NC_024458.1,NC_024458.1__M__450,M,450,1550,bacteria,0.9998400211334229,0.826503,0.037477,0.027027,0.031976,0.026384,0.050632
NC_024458.1,NC_024458.1__M__400,M,400,1600,bacteria,0.9998544454574585,0.637009,0.048537,0.062445,0.045244,0.030649,0.176116
NC_024458.1,NC_024458.1__M__350,M,350,1650,bacteria,0.9998955726623535,0.741567,0.037774,0.035003,0.031872,0.031779,0.122004
NC_024458.1,NC_024458.1__M__300,M,300,1700,bacteria,0.9998975992202759,0.542073,0.059722,0.052623,0.049014,0.034069,0.262498
NC_024458.1,NC_024458.1__M__250,M,250,1750,virus,0.999822199344635,0.281405,0.052322,0.075587,0.049278,0.038438,0.502969
NC_024458.1,NC_024458.1__M__200,M,200,1800,bacteria,0.9997482895851135,0.540012,0.063449,0.067987,0.057293,0.042605,0.228655
NC_024458.1,NC_024458.1__M__150,M,150,1850,virus,0.9995909333229065,0.237669,0.080462,0.077111,0.060819,0.053004,0.490934
NC_024458.1,NC_024458.1__M__100,M,100,1900,virus,0.9992989301681519,0.146695,0.087014,0.091907,0.059982,0.048328,0.566073
NC_024458.1,NC_024458.1__M__50,M,50,1950,virus,0.9993365406990051,0.092540,0.104741,0.138133,0.061139,0.105620,0.497827
NC_024458.1,NC_024458.1__M__1,M,1,1999,virus,0.9992923736572266,0.091914,0.096181,0.151093,0.063153,0.111444,0.486215
NC_024297.1,NC_024297.1__none__0,none,0,2000,virus,0.9976056814193726,0.017677,0.017882,0.035690,0.018282,0.018091,0.892378
NC_024297.1,NC_024297.1__M__500,M,500,1500,virus,0.9985040426254272,0.041597,0.017295,0.026168,0.016481,0.010033,0.888425
NC_024297.1,NC_024297.1__M__450,M,450,1550,virus,0.9984093308448792,0.027882,0.015895,0.019497,0.014564,0.010275,0.911886
NC_024297.1,NC_024297.1__M__400,M,400,1600,virus,0.9984470009803772,0.036620,0.018235,0.025142,0.017356,0.010455,0.892191
NC_024297.1,NC_024297.1__M__350,M,350,1650,virus,0.9981720447540283,0.022944,0.015140,0.020013,0.014536,0.010728,0.916640
NC_024297.1,NC_024297.1__M__300,M,300,1700,virus,0.9975389242172241,0.029232,0.016983,0.029727,0.017116,0.011884,0.895058
NC_024297.1,NC_024297.1__M__250,M,250,1750,virus,0.9973340034484863,0.024830,0.016462,0.027217,0.015986,0.012083,0.903423
NC_024297.1,NC_024297.1__M__200,M,200,1800,virus,0.9983508586883545,0.027706,0.017754,0.031724,0.018078,0.011650,0.893088
NC_024297.1,NC_024297.1__M__150,M,150,1850,virus,0.9988282322883606,0.018477,0.015745,0.020418,0.014537,0.010148,0.920676
NC_024297.1,NC_024297.1__M__100,M,100,1900,virus,0.9979580640792847,0.017374,0.016016,0.023707,0.015630,0.010766,0.916507
NC_024297.1,NC_024297.1__M__50,M,50,1950,virus,0.997035026550293,0.016509,0.016599,0.035020,0.017272,0.016485,0.898116
NC_024297.1,NC_024297.1__M__1,M,1,1999,virus,0.9976149797439575,0.017657,0.017869,0.035624,0.018261,0.018067,0.892522
NC_023760.1,NC_023760.1__none__0,none,0,2000,virus,0.9999973773956299,0.024400,0.024466,0.055700,0.021096,0.018217,0.856120
NC_023760.1,NC_023760.1__M__500,M,500,1500,bacteria,0.9999963045120239,0.588066,0.059018,0.054713,0.050934,0.035573,0.211695
NC_023760.1,NC_023760.1__M__450,M,450,1550,bacteria,0.9999972581863403,0.519746,0.062649,0.074421,0.050227,0.034450,0.258508
NC_023760.1,NC_023760.1__M__400,M,400,1600,virus,0.999997615814209,0.294836,0.051421,0.078383,0.043032,0.025852,0.506476
NC_023760.1,NC_023760.1__M__350,M,350,1650,virus,0.999997615814209,0.144146,0.033855,0.051603,0.027864,0.017786,0.724746
NC_023760.1,NC_023760.1__M__300,M,300,1700,virus,0.9999972581863403,0.079002,0.026888,0.043202,0.023702,0.012684,0.814522
NC_023760.1,NC_023760.1__M__250,M,250,1750,virus,0.9999967813491821,0.059407,0.026731,0.049787,0.021827,0.013284,0.828964
NC_023760.1,NC_023760.1__M__200,M,200,1800,virus,0.9999970197677612,0.087800,0.032977,0.086131,0.027174,0.013604,0.752314
NC_023760.1,NC_023760.1__M__150,M,150,1850,virus,0.9999958276748657,0.135487,0.057499,0.134740,0.042489,0.025591,0.604194
NC_023760.1,NC_023760.1__M__100,M,100,1900,virus,0.9999940395355225,0.060743,0.036669,0.084295,0.030853,0.018667,0.768773
NC_023760.1,NC_023760.1__M__50,M,50,1950,virus,0.9999972581863403,0.033798,0.029524,0.087519,0.025651,0.020205,0.803304
NC_023760.1,NC_023760.1__M__1,M,1,1999,virus,0.9999973773956299,0.024427,0.024475,0.055718,0.021105,0.018219,0.856055
NC_023684.1,NC_023684.1__none__0,none,0,2000,virus,0.9999352693557739,0.022125,0.018518,0.021172,0.014457,0.011420,0.912308
NC_023684.1,NC_023684.1__M__500,M,500,1500,bacteria,0.9999046325683594,0.425461,0.034207,0.121453,0.040330,0.038326,0.340223
NC_023684.1,NC_023684.1__M__450,M,450,1550,bacteria,0.9999507665634155,0.565203,0.031027,0.060921,0.035393,0.038819,0.268637
NC_023684.1,NC_023684.1__M__400,M,400,1600,bacteria,0.9999469518661499,0.536319,0.029880,0.051691,0.035647,0.037556,0.308907
NC_023684.1,NC_023684.1__M__350,M,350,1650,bacteria,0.9999603033065796,0.671770,0.032551,0.038345,0.035981,0.043364,0.177989
NC_023684.1,NC_023684.1__M__300,M,300,1700,bacteria,0.9999665021896362,0.687490,0.031885,0.047475,0.035653,0.042362,0.155134
NC_023684.1,NC_023684.1__M__250,M,250,1750,bacteria,0.9999567270278931,0.537744,0.036767,0.051700,0.038184,0.041252,0.294352
NC_023684.1,NC_023684.1__M__200,M,200,1800,bacteria,0.9999599456787109,0.629524,0.036621,0.047765,0.036747,0.043901,0.205442
NC_023684.1,NC_023684.1__M__150,M,150,1850,bacteria,0.999946117401123,0.532054,0.054508,0.060317,0.045979,0.049365,0.257777
NC_023684.1,NC_023684.1__M__100,M,100,1900,bacteria,0.9999240636825562,0.630180,0.056532,0.048227,0.045773,0.045176,0.174112
NC_023684.1,NC_023684.1__M__50,M,50,1950,virus,0.9999126195907593,0.071423,0.027013,0.040220,0.025287,0.016273,0.819784
NC_023684.1,NC_023684.1__M__1,M,1,1999,virus,0.9999339580535889,0.022241,0.018570,0.021218,0.014503,0.011448,0.912020
NC_023424.1,NC_023424.1__none__0,none,0,2000,virus,0.9976370334625244,0.014764,0.013682,0.015922,0.011648,0.010394,0.933589
NC_023424.1,NC_023424.1__M__500,M,500,1500,virus,0.9994496703147888,0.058143,0.020160,0.031514,0.023452,0.010981,0.855750
NC_023424.1,NC_023424.1__M__450,M,450,1550,virus,0.9996960163116455,0.074206,0.022727,0.034724,0.024961,0.011224,0.832158
NC_023424.1,NC_023424.1__M__400,M,400,1600,virus,0.9995588660240173,0.073121,0.021721,0.032486,0.025700,0.011301,0.835672
NC_023424.1,NC_023424.1__M__350,M,350,1650,virus,0.9995494484901428,0.089719,0.026306,0.039908,0.030160,0.013023,0.800884
NC_023424.1,NC_023424.1__M__300,M,300,1700,virus,0.9995884299278259,0.087080,0.025731,0.036715,0.028577,0.012364,0.809534
NC_023424.1,NC_023424.1__M__250,M,250,1750,virus,0.9997425675392151,0.103244,0.028751,0.043351,0.032821,0.013010,0.778823
NC_023424.1,NC_023424.1__M__200,M,200,1800,virus,0.9996218681335449,0.081060,0.025960,0.036260,0.026158,0.010875,0.819688
NC_023424.1,NC_023424.1__M__150,M,150,1850,virus,0.9994756579399109,0.052603,0.020452,0.027197,0.018924,0.010018,0.870806
NC_023424.1,NC_023424.1__M__100,M,100,1900,virus,0.9988993406295776,0.035171,0.017351,0.022082,0.015228,0.009076,0.901092
NC_023424.1,NC_023424.1__M__50,M,50,1950,virus,0.9980531930923462,0.037127,0.021341,0.031923,0.018975,0.013398,0.877235
NC_023424.1,NC_023424.1__M__1,M,1,1999,virus,0.9976626634597778,0.014754,0.013679,0.015898,0.011647,0.010400,0.933621
NC_023021.1,NC_023021.1__none__0,none,0,2000,virus,0.9959996938705444,0.009771,0.023393,0.015788,0.012147,0.011964,0.926937
NC_023021.1,NC_023021.1__M__500,M,500,1500,virus,0.9929848313331604,0.244504,0.040667,0.044163,0.037588,0.024716,0.608361
NC_023021.1,NC_023021.1__M__450,M,450,1550,virus,0.9958134293556213,0.093593,0.037502,0.039615,0.033101,0.017999,0.778189
NC_023021.1,NC_023021.1__M__400,M,400,1600,virus,0.9971603155136108,0.061728,0.024641,0.030496,0.024818,0.014383,0.843933
NC_023021.1,NC_023021.1__M__350,M,350,1650,virus,0.9968922734260559,0.039449,0.021629,0.023034,0.019551,0.013703,0.882633
NC_023021.1,NC_023021.1__M__300,M,300,1700,virus,0.9964097142219543,0.020601,0.016375,0.017044,0.014571,0.012662,0.918747
NC_023021.1,NC_023021.1__M__250,M,250,1750,virus,0.9962188601493835,0.029518,0.019520,0.030045,0.017779,0.014730,0.888408
NC_023021.1,NC_023021.1__M__200,M,200,1800,virus,0.995205819606781,0.015920,0.016928,0.025886,0.015418,0.012826,0.913022
NC_023021.1,NC_023021.1__M__150,M,150,1850,virus,0.9942160248756409,0.015135,0.021096,0.027692,0.015871,0.013457,0.906749
NC_023021.1,NC_023021.1__M__100,M,100,1900,virus,0.991891622543335,0.015053,0.022720,0.028533,0.016568,0.015043,0.902082
NC_023021.1,NC_023021.1__M__50,M,50,1950,virus,0.9950733780860901,0.011146,0.021422,0.023243,0.013341,0.013052,0.917796
NC_023021.1,NC_023021.1__M__1,M,1,1999,virus,0.9960123300552368,0.009770,0.023369,0.015793,0.012139,0.011959,0.926971
NC_022801.1,NC_022801.1__none__0,none,0,2000,virus,0.9999210834503174,0.029905,0.029215,0.066617,0.027445,0.022729,0.824088
NC_022801.1,NC_022801.1__M__500,M,500,1500,virus,0.9997592568397522,0.021346,0.013727,0.018444,0.014988,0.011033,0.920461
NC_022801.1,NC_022801.1__M__450,M,450,1550,virus,0.9998753070831299,0.028653,0.014615,0.019517,0.016453,0.012123,0.908639
NC_022801.1,NC_022801.1__M__400,M,400,1600,virus,0.9998676776885986,0.064554,0.017668,0.023602,0.018950,0.017489,0.857737
NC_022801.1,NC_022801.1__M__350,M,350,1650,virus,0.9998633861541748,0.058723,0.019251,0.029542,0.021059,0.019657,0.851768
NC_022801.1,NC_022801.1__M__300,M,300,1700,virus,0.9998452663421631,0.023248,0.017229,0.030139,0.018267,0.015430,0.895687
NC_022801.1,NC_022801.1__M__250,M,250,1750,virus,0.9998478889465332,0.021980,0.018478,0.029019,0.018594,0.015565,0.896364
NC_022801.1,NC_022801.1__M__200,M,200,1800,virus,0.9998730421066284,0.028247,0.021362,0.038122,0.021775,0.019310,0.871185
NC_022801.1,NC_022801.1__M__150,M,150,1850,virus,0.9998453855514526,0.020959,0.021901,0.038656,0.020831,0.016686,0.880966
NC_022801.1,NC_022801.1__M__100,M,100,1900,virus,0.9997188448905945,0.021611,0.023818,0.048998,0.022216,0.018259,0.865098
NC_022801.1,NC_022801.1__M__50,M,50,1950,virus,0.9999173879623413,0.021332,0.022557,0.037393,0.021250,0.016803,0.880665
NC_022801.1,NC_022801.1__M__1,M,1,1999,virus,0.9999212026596069,0.029965,0.029258,0.066966,0.027500,0.022784,0.823527
NC_022639.1,NC_022639.1__none__0,none,0,2000,virus,0.9998078942298889,0.018242,0.025156,0.020362,0.017993,0.013242,0.905007
NC_022639.1,NC_022639.1__M__500,M,500,1500,virus,0.9995825886726379,0.191030,0.022721,0.036369,0.032978,0.019179,0.697722
NC_022639.1,NC_022639.1__M__450,M,450,1550,virus,0.9997280240058899,0.226061,0.042005,0.036397,0.040993,0.026559,0.627985
NC_022639.1,NC_022639.1__M__400,M,400,1600,virus,0.9997013211250305,0.146209,0.029989,0.032810,0.031311,0.019299,0.740381
NC_022639.1,NC_022639.1__M__350,M,350,1650,virus,0.9996858835220337,0.068220,0.021661,0.025491,0.021086,0.016969,0.846573
NC_022639.1,NC_022639.1__M__300,M,300,1700,virus,0.9997268319129944,0.057650,0.015932,0.023607,0.019546,0.014097,0.869167
NC_022639.1,NC_022639.1__M__250,M,250,1750,virus,0.9997366070747375,0.063860,0.015394,0.023280,0.018554,0.015711,0.863201
NC_022639.1,NC_022639.1__M__200,M,200,1800,virus,0.9996694326400757,0.053872,0.019235,0.023370,0.018588,0.017365,0.867570
NC_022639.1,NC_022639.1__M__150,M,150,1850,virus,0.9995728135108948,0.040056,0.019623,0.024583,0.019826,0.016838,0.879073
NC_022639.1,NC_022639.1__M__100,M,100,1900,virus,0.9993742108345032,0.030126,0.024786,0.024697,0.021354,0.017605,0.881433
NC_022639.1,NC_022639.1__M__50,M,50,1950,virus,0.9997228980064392,0.022168,0.024800,0.020495,0.018406,0.013713,0.900418
NC_022639.1,NC_022639.1__M__1,M,1,1999,virus,0.9998071789741516,0.018197,0.025293,0.020365,0.018013,0.013254,0.904879
NC_021626.1,NC_021626.1__none__0,none,0,2000,virus,0.9999878406524658,0.020161,0.129185,0.027847,0.021723,0.019971,0.781113
NC_021626.1,NC_021626.1__M__500,M,500,1500,bacteria,0.9999841451644897,0.565712,0.050714,0.026815,0.038348,0.051099,0.267312
NC_021626.1,NC_021626.1__M__450,M,450,1550,bacteria,0.9999864101409912,0.479389,0.054240,0.036145,0.045916,0.047855,0.336456
NC_021626.1,NC_021626.1__M__400,M,400,1600,virus,0.9999884366989136,0.363114,0.044394,0.036690,0.037330,0.053211,0.465261
NC_021626.1,NC_021626.1__M__350,M,350,1650,bacteria,0.9999935626983643,0.440700,0.055504,0.032458,0.044294,0.053320,0.373724
NC_021626.1,NC_021626.1__M__300,M,300,1700,virus,0.999992847442627,0.338905,0.063605,0.036615,0.044337,0.045143,0.471394
NC_021626.1,NC_021626.1__M__250,M,250,1750,virus,0.9999920129776001,0.369277,0.048068,0.035610,0.045398,0.047513,0.454133
NC_021626.1,NC_021626.1__M__200,M,200,1800,virus,0.9999903440475464,0.274785,0.070301,0.037193,0.045443,0.049977,0.522302
NC_021626.1,NC_021626.1__M__150,M,150,1850,virus,0.9999828338623047,0.188620,0.111009,0.035890,0.042628,0.060859,0.560994
NC_021626.1,NC_021626.1__M__100,M,100,1900,virus,0.9999663829803467,0.059733,0.112087,0.037836,0.034870,0.039039,0.716435
NC_021626.1,NC_021626.1__M__50,M,50,1950,virus,0.9999796152114868,0.022710,0.137240,0.028336,0.023179,0.022114,0.766421
NC_021626.1,NC_021626.1__M__1,M,1,1999,virus,0.9999878406524658,0.020093,0.128208,0.027773,0.021651,0.019920,0.782354
NC_021220.1,NC_021220.1__none__0,none,0,2000,phage,0.9849255681037903,0.222508,0.238197,0.104766,0.073268,0.212356,0.148904
NC_021220.1,NC_021220.1__M__500,M,500,1500,bacteria,0.9960939288139343,0.912372,0.021302,0.012336,0.016334,0.025733,0.011923
NC_021220.1,NC_021220.1__M__450,M,450,1550,bacteria,0.9965302348136902,0.873864,0.029197,0.020888,0.019658,0.037511,0.018881
NC_021220.1,NC_021220.1__M__400,M,400,1600,bacteria,0.997902512550354,0.890584,0.024000,0.017543,0.019104,0.030540,0.018228
NC_021220.1,NC_021220.1__M__350,M,350,1650,bacteria,0.9977693557739258,0.878016,0.023363,0.019344,0.020195,0.034960,0.024122
NC_021220.1,NC_021220.1__M__300,M,300,1700,bacteria,0.9965730905532837,0.657622,0.041345,0.069500,0.030837,0.073821,0.126876
NC_021220.1,NC_021220.1__M__250,M,250,1750,bacteria,0.9964575171470642,0.749553,0.038002,0.058363,0.029073,0.063018,0.061991
NC_021220.1,NC_021220.1__M__200,M,200,1800,bacteria,0.9949613809585571,0.668602,0.053506,0.063160,0.033005,0.110805,0.070921
NC_021220.1,NC_021220.1__M__150,M,150,1850,bacteria,0.9950671195983887,0.619878,0.079067,0.056680,0.046891,0.124800,0.072684
NC_021220.1,NC_021220.1__M__100,M,100,1900,bacteria,0.9926928281784058,0.570969,0.107143,0.062553,0.063715,0.128286,0.067334
NC_021220.1,NC_021220.1__M__50,M,50,1950,phage,0.9817281365394592,0.207480,0.266766,0.086047,0.066723,0.204786,0.168198
NC_021220.1,NC_021220.1__M__1,M,1,1999,phage,0.984904944896698,0.222334,0.238188,0.104900,0.073305,0.211704,0.149570
NC_020999.1,NC_020999.1__none__0,none,0,2000,phage,0.9998778104782104,0.126613,0.673281,0.018039,0.021508,0.140185,0.020374
NC_020999.1,NC_020999.1__M__500,M,500,1500,bacteria,0.9999653100967407,0.702149,0.183965,0.023365,0.026903,0.035388,0.028230
NC_020999.1,NC_020999.1__M__450,M,450,1550,bacteria,0.9999655485153198,0.808397,0.087241,0.019626,0.023694,0.033703,0.027338
NC_020999.1,NC_020999.1__M__400,M,400,1600,bacteria,0.9999773502349854,0.798733,0.097695,0.018991,0.022297,0.038927,0.023356
NC_020999.1,NC_020999.1__M__350,M,350,1650,bacteria,0.9999736547470093,0.864359,0.051266,0.016930,0.020734,0.025650,0.021061
NC_020999.1,NC_020999.1__M__300,M,300,1700,bacteria,0.9999690055847168,0.865329,0.051936,0.017381,0.021670,0.023042,0.020641
NC_020999.1,NC_020999.1__M__250,M,250,1750,bacteria,0.9999769926071167,0.843961,0.069819,0.016860,0.021801,0.028290,0.019269
NC_020999.1,NC_020999.1__M__200,M,200,1800,bacteria,0.9999698400497437,0.777159,0.114145,0.019050,0.024029,0.042333,0.023284
NC_020999.1,NC_020999.1__M__150,M,150,1850,bacteria,0.9999487400054932,0.622505,0.226834,0.022502,0.027997,0.074010,0.026152
NC_020999.1,NC_020999.1__M__100,M,100,1900,bacteria,0.999889612197876,0.485390,0.331961,0.024390,0.029723,0.100617,0.027918
NC_020999.1,NC_020999.1__M__50,M,50,1950,phage,0.9998703002929688,0.179716,0.659732,0.018324,0.021849,0.099494,0.020885
NC_020999.1,NC_020999.1__M__1,M,1,1999,phage,0.9998776912689209,0.127664,0.672525,0.018062,0.021539,0.139828,0.020381
NC_019920.1,NC_019920.1__none__0,none,0,2000,phage,0.9999746084213257,0.015879,0.914950,0.014868,0.015416,0.021855,0.017033
NC_019920.1,NC_019920.1__M__500,M,500,1500,bacteria,0.9999113082885742,0.700631,0.181221,0.023023,0.025414,0.046617,0.023094
NC_019920.1,NC_019920.1__M__450,M,450,1550,bacteria,0.9999589920043945,0.697513,0.188095,0.022703,0.025832,0.041907,0.023950
NC_019920.1,NC_019920.1__M__400,M,400,1600,bacteria,0.9999572038650513,0.699000,0.171011,0.024808,0.027475,0.050542,0.027165
NC_019920.1,NC_019920.1__M__350,M,350,1650,bacteria,0.9999504089355469,0.767896,0.119696,0.021546,0.024724,0.042837,0.023302
NC_019920.1,NC_019920.1__M__300,M,300,1700,bacteria,0.999970555305481,0.524838,0.337550,0.026400,0.026568,0.056633,0.028011
NC_019920.1,NC_019920.1__M__250,M,250,1750,bacteria,0.9999769926071167,0.558309,0.309922,0.027088,0.026534,0.050568,0.027579
NC_019920.1,NC_019920.1__M__200,M,200,1800,phage,0.9999703168869019,0.321262,0.554528,0.026103,0.023733,0.046449,0.027925
NC_019920.1,NC_019920.1__M__150,M,150,1850,phage,0.9999617338180542,0.172118,0.725120,0.021052,0.019474,0.040132,0.022104
NC_019920.1,NC_019920.1__M__100,M,100,1900,phage,0.9999220371246338,0.077921,0.845348,0.015788,0.013745,0.030143,0.017056
NC_019920.1,NC_019920.1__M__50,M,50,1950,phage,0.9999725818634033,0.020953,0.911621,0.014068,0.013877,0.022882,0.016598
NC_019920.1,NC_019920.1__M__1,M,1,1999,phage,0.9999746084213257,0.015879,0.914943,0.014870,0.015415,0.021857,0.017036
NC_019409.1,NC_019409.1__none__0,none,0,2000,virus,0.9989503026008606,0.018158,0.091581,0.028186,0.021224,0.026475,0.814377
NC_019409.1,NC_019409.1__M__500,M,500,1500,bacteria,0.9998034834861755,0.900253,0.020340,0.012597,0.017734,0.025713,0.023364
NC_019409.1,NC_019409.1__M__450,M,450,1550,bacteria,0.999829888343811,0.842360,0.028981,0.018530,0.024786,0.027074,0.058269
NC_019409.1,NC_019409.1__M__400,M,400,1600,bacteria,0.9998465776443481,0.881557,0.025321,0.014131,0.022386,0.022863,0.033741
NC_019409.1,NC_019409.1__M__350,M,350,1650,bacteria,0.9997665286064148,0.811246,0.041801,0.022595,0.028397,0.030485,0.065476
NC_019409.1,NC_019409.1__M__300,M,300,1700,bacteria,0.9995972514152527,0.615380,0.042609,0.038155,0.036290,0.032779,0.234787
NC_019409.1,NC_019409.1__M__250,M,250,1750,virus,0.9995649456977844,0.393741,0.045453,0.052868,0.038611,0.048006,0.421321
NC_019409.1,NC_019409.1__M__200,M,200,1800,virus,0.9992110729217529,0.171457,0.058366,0.045715,0.036976,0.051185,0.636302
NC_019409.1,NC_019409.1__M__150,M,150,1850,virus,0.9992554783821106,0.069384,0.060241,0.038700,0.028245,0.037583,0.765847
NC_019409.1,NC_019409.1__M__100,M,100,1900,virus,0.9991732239723206,0.069315,0.101888,0.049061,0.033428,0.050210,0.696099
NC_019409.1,NC_019409.1__M__50,M,50,1950,virus,0.9984775185585022,0.023200,0.205480,0.037925,0.027338,0.052681,0.653377
NC_019409.1,NC_019409.1__M__1,M,1,1999,virus,0.9989402890205383,0.018162,0.091374,0.028163,0.021217,0.026456,0.814629
NC_018478.1,NC_018478.1__none__0,none,0,2000,virus,0.9999408721923828,0.046017,0.078143,0.033134,0.041420,0.037067,0.764219
NC_018478.1,NC_018478.1__M__500,M,500,1500,virus,0.9998950958251953,0.182392,0.036401,0.030131,0.035569,0.031824,0.683684
NC_018478.1,NC_018478.1__M__450,M,450,1550,bacteria,0.9999473094940186,0.478485,0.057494,0.027221,0.044884,0.046103,0.345813
NC_018478.1,NC_018478.1__M__400,M,400,1600,virus,0.9999598264694214,0.394652,0.068031,0.030110,0.053013,0.046492,0.407701
NC_018478.1,NC_018478.1__M__350,M,350,1650,virus,0.9999659061431885,0.375531,0.060723,0.027717,0.047579,0.048137,0.440313
NC_018478.1,NC_018478.1__M__300,M,300,1700,bacteria,0.999962329864502,0.437439,0.076691,0.027412,0.051836,0.057922,0.348701
NC_018478.1,NC_018478.1__M__250,M,250,1750,bacteria,0.9999525547027588,0.392726,0.083895,0.034566,0.055422,0.063114,0.370277
NC_018478.1,NC_018478.1__M__200,M,200,1800,virus,0.9999585151672363,0.161531,0.068294,0.040220,0.048637,0.050038,0.631280
NC_018478.1,NC_018478.1__M__150,M,150,1850,virus,0.9999319314956665,0.104139,0.098841,0.050456,0.059254,0.057539,0.629770
NC_018478.1,NC_018478.1__M__100,M,100,1900,virus,0.9999126195907593,0.142045,0.127269,0.054879,0.073833,0.072528,0.529445
NC_018478.1,NC_018478.1__M__50,M,50,1950,virus,0.9999078512191772,0.046340,0.077287,0.034548,0.042018,0.035320,0.764485
NC_018478.1,NC_018478.1__M__1,M,1,1999,virus,0.999941349029541,0.046306,0.078755,0.033252,0.041579,0.037283,0.762825
NC_018384.1,NC_018384.1__none__0,none,0,2000,virus,0.9871131777763367,0.026552,0.088398,0.378907,0.031724,0.036387,0.438031
NC_018384.1,NC_018384.1__M__500,M,500,1500,virus,0.9910179376602173,0.210823,0.112647,0.075021,0.050212,0.030532,0.520766
NC_018384.1,NC_018384.1__M__450,M,450,1550,virus,0.9937922358512878,0.257958,0.142385,0.123064,0.060825,0.029639,0.386130
NC_018384.1,NC_018384.1__M__400,M,400,1600,virus,0.9951567053794861,0.226047,0.130586,0.151056,0.053954,0.029195,0.409161
NC_018384.1,NC_018384.1__M__350,M,350,1650,virus,0.9931960105895996,0.260684,0.125759,0.147308,0.054342,0.036171,0.375736
NC_018384.1,NC_018384.1__M__300,M,300,1700,virus,0.9914044141769409,0.106814,0.090944,0.175921,0.044199,0.022799,0.559324
NC_018384.1,NC_018384.1__M__250,M,250,1750,virus,0.9946817755699158,0.067342,0.085455,0.224353,0.039741,0.025199,0.557909
NC_018384.1,NC_018384.1__M__200,M,200,1800,virus,0.9952335953712463,0.128135,0.135524,0.181916,0.058049,0.037787,0.458590
NC_018384.1,NC_018384.1__M__150,M,150,1850,eukarya,0.9921844601631165,0.119748,0.195906,0.288502,0.065223,0.046657,0.283964
NC_018384.1,NC_018384.1__M__100,M,100,1900,eukarya,0.9904285669326782,0.076619,0.195387,0.414514,0.056020,0.040336,0.217125
NC_018384.1,NC_018384.1__M__50,M,50,1950,eukarya,0.9768848419189453,0.029531,0.086694,0.495070,0.032043,0.034419,0.322245
NC_018384.1,NC_018384.1__M__1,M,1,1999,virus,0.9871168732643127,0.026545,0.088322,0.378739,0.031720,0.036358,0.438316
NC_016441.1,NC_016441.1__none__0,none,0,2000,virus,0.9977520108222961,0.013633,0.013729,0.014941,0.016668,0.016521,0.924509
NC_016441.1,NC_016441.1__M__500,M,500,1500,virus,0.9983914494514465,0.026403,0.013551,0.013511,0.012786,0.010063,0.923685
NC_016441.1,NC_016441.1__M__450,M,450,1550,virus,0.999515175819397,0.029923,0.015892,0.014024,0.014090,0.011382,0.914690
NC_016441.1,NC_016441.1__M__400,M,400,1600,virus,0.9995213747024536,0.027618,0.014955,0.012997,0.013044,0.011353,0.920033
NC_016441.1,NC_016441.1__M__350,M,350,1650,virus,0.9996646642684937,0.031764,0.015689,0.016570,0.014296,0.011323,0.910358
NC_016441.1,NC_016441.1__M__300,M,300,1700,virus,0.999629020690918,0.045041,0.015997,0.018505,0.017594,0.011355,0.891508
NC_016441.1,NC_016441.1__M__250,M,250,1750,virus,0.9997075200080872,0.037101,0.016961,0.017487,0.017363,0.012459,0.898628
NC_016441.1,NC_016441.1__M__200,M,200,1800,virus,0.9997223019599915,0.031351,0.017073,0.015556,0.015178,0.013724,0.907118
NC_016441.1,NC_016441.1__M__150,M,150,1850,virus,0.9995658993721008,0.029495,0.013538,0.015595,0.013590,0.012875,0.914907
NC_016441.1,NC_016441.1__M__100,M,100,1900,virus,0.9993135929107666,0.022765,0.014444,0.014253,0.013230,0.014756,0.920552
NC_016441.1,NC_016441.1__M__50,M,50,1950,virus,0.9977793097496033,0.013395,0.013949,0.015135,0.015256,0.016033,0.926233
NC_016441.1,NC_016441.1__M__1,M,1,1999,virus,0.9977555871009827,0.013638,0.013727,0.014946,0.016673,0.016526,0.924490
NC_015639.1,NC_015639.1__none__0,none,0,2000,virus,0.9952270984649658,0.019967,0.043230,0.027970,0.083289,0.026441,0.799101
NC_015639.1,NC_015639.1__M__500,M,500,1500,virus,0.998796820640564,0.060697,0.047150,0.039873,0.114251,0.018897,0.719133
NC_015639.1,NC_015639.1__M__450,M,450,1550,virus,0.9988077878952026,0.053350,0.052168,0.040326,0.172403,0.024910,0.656843
NC_015639.1,NC_015639.1__M__400,M,400,1600,virus,0.9984946250915527,0.045825,0.052678,0.035403,0.163301,0.028991,0.673803
NC_015639.1,NC_015639.1__M__350,M,350,1650,virus,0.9987615346908569,0.056330,0.056660,0.034856,0.167323,0.026700,0.658130
NC_015639.1,NC_015639.1__M__300,M,300,1700,virus,0.9987687468528748,0.054291,0.041643,0.027427,0.058347,0.018941,0.799350
NC_015639.1,NC_015639.1__M__250,M,250,1750,virus,0.9987038373947144,0.058921,0.048694,0.033504,0.080327,0.020776,0.757777
NC_015639.1,NC_015639.1__M__200,M,200,1800,virus,0.9989714622497559,0.051253,0.042119,0.031814,0.072486,0.018541,0.783787
NC_015639.1,NC_015639.1__M__150,M,150,1850,virus,0.9980642199516296,0.027719,0.032204,0.026860,0.053552,0.019784,0.839881
NC_015639.1,NC_015639.1__M__100,M,100,1900,virus,0.9962449669837952,0.024412,0.034058,0.026575,0.061366,0.022136,0.831454
NC_015639.1,NC_015639.1__M__50,M,50,1950,virus,0.9939563870429993,0.023681,0.041269,0.030055,0.109262,0.026157,0.769577
NC_015639.1,NC_015639.1__M__1,M,1,1999,virus,0.9952293634414673,0.019962,0.043360,0.027959,0.083368,0.026476,0.798876
NC_015521.1,NC_015521.1__none__0,none,0,2000,virus,0.9999041557312012,0.012655,0.019361,0.019852,0.014470,0.013298,0.920365
NC_015521.1,NC_015521.1__M__500,M,500,1500,virus,0.9998689889907837,0.060896,0.024453,0.027316,0.021160,0.014999,0.851176
NC_015521.1,NC_015521.1__M__450,M,450,1550,virus,0.9999233484268188,0.042105,0.019442,0.023618,0.017472,0.012601,0.884762
NC_015521.1,NC_015521.1__M__400,M,400,1600,virus,0.9999442100524902,0.061151,0.023108,0.027219,0.020560,0.013182,0.854779
NC_015521.1,NC_015521.1__M__350,M,350,1650,virus,0.9999381303787231,0.061715,0.023260,0.029285,0.022618,0.012854,0.850268
NC_015521.1,NC_015521.1__M__300,M,300,1700,virus,0.9999375343322754,0.067769,0.026796,0.030103,0.025968,0.015602,0.833763
NC_015521.1,NC_015521.1__M__250,M,250,1750,virus,0.9999409914016724,0.036139,0.021024,0.022464,0.018879,0.013407,0.888086
NC_015521.1,NC_015521.1__M__200,M,200,1800,virus,0.9999256134033203,0.049442,0.024582,0.028163,0.022493,0.012259,0.863060
NC_015521.1,NC_015521.1__M__150,M,150,1850,virus,0.9999063014984131,0.057262,0.031422,0.033369,0.027236,0.014009,0.836702
NC_015521.1,NC_015521.1__M__100,M,100,1900,virus,0.9998804330825806,0.032092,0.030102,0.028160,0.023256,0.016463,0.869927
NC_015521.1,NC_015521.1__M__50,M,50,1950,virus,0.9998595714569092,0.015799,0.021079,0.022074,0.016172,0.014297,0.910580
NC_015521.1,NC_015521.1__M__1,M,1,1999,virus,0.9999045133590698,0.012673,0.019383,0.019891,0.014493,0.013313,0.920246
NC_014904.1,NC_014904.1__none__0,none,0,2000,virus,0.999815046787262,0.012959,0.016692,0.028071,0.016532,0.015871,0.909874
NC_014904.1,NC_014904.1__M__500,M,500,1500,virus,0.9998644590377808,0.027359,0.016375,0.022188,0.016309,0.012368,0.905400
NC_014904.1,NC_014904.1__M__450,M,450,1550,virus,0.9999210834503174,0.024867,0.015627,0.022758,0.016031,0.011962,0.908756
NC_014904.1,NC_014904.1__M__400,M,400,1600,virus,0.9999425411224365,0.037734,0.018012,0.029247,0.019046,0.012647,0.883314
NC_014904.1,NC_014904.1__M__350,M,350,1650,virus,0.9999369382858276,0.042346,0.021458,0.044289,0.024277,0.016687,0.850943
NC_014904.1,NC_014904.1__M__300,M,300,1700,virus,0.9999208450317383,0.022599,0.015833,0.023928,0.016533,0.013636,0.907469
NC_014904.1,NC_014904.1__M__250,M,250,1750,virus,0.9999388456344604,0.021234,0.016510,0.023014,0.016276,0.013702,0.909265
NC_014904.1,NC_014904.1__M__200,M,200,1800,virus,0.9999330043792725,0.022128,0.015397,0.022463,0.015653,0.013638,0.910720
NC_014904.1,NC_014904.1__M__150,M,150,1850,virus,0.9999096393585205,0.020488,0.019621,0.028179,0.018725,0.015720,0.897267
NC_014904.1,NC_014904.1__M__100,M,100,1900,virus,0.9998958110809326,0.019856,0.019736,0.027535,0.018690,0.015455,0.898728
NC_014904.1,NC_014904.1__M__50,M,50,1950,virus,0.999859094619751,0.015377,0.019223,0.030017,0.017516,0.016722,0.901146
NC_014904.1,NC_014904.1__M__1,M,1,1999,virus,0.999815046787262,0.012936,0.016673,0.027963,0.016502,0.015844,0.910081
NC_014511.1,NC_014511.1__none__0,none,0,2000,virus,0.9999953508377075,0.101569,0.120198,0.081719,0.033046,0.042239,0.621229
NC_014511.1,NC_014511.1__M__500,M,500,1500,bacteria,0.999980092048645,0.805973,0.030770,0.028191,0.025523,0.028801,0.080743
NC_014511.1,NC_014511.1__M__450,M,450,1550,bacteria,0.9999842643737793,0.737640,0.037444,0.030636,0.031094,0.036810,0.126376
NC_014511.1,NC_014511.1__M__400,M,400,1600,bacteria,0.999984622001648,0.572697,0.059897,0.065649,0.037329,0.041281,0.223147
NC_014511.1,NC_014511.1__M__350,M,350,1650,bacteria,0.9999864101409912,0.482575,0.050425,0.070591,0.040427,0.041726,0.314256
NC_014511.1,NC_014511.1__M__300,M,300,1700,bacteria,0.9999880790710449,0.544159,0.051873,0.049913,0.040424,0.041906,0.271726
NC_014511.1,NC_014511.1__M__250,M,250,1750,bacteria,0.9999876022338867,0.521864,0.055240,0.069582,0.039874,0.050800,0.262639
NC_014511.1,NC_014511.1__M__200,M,200,1800,bacteria,0.9999901056289673,0.585522,0.056048,0.055965,0.039216,0.054989,0.208260
NC_014511.1,NC_014511.1__M__150,M,150,1850,bacteria,0.9999864101409912,0.444285,0.084741,0.080881,0.050755,0.062162,0.277175
NC_014511.1,NC_014511.1__M__100,M,100,1900,virus,0.9999867677688599,0.314088,0.138542,0.103266,0.058052,0.065060,0.320991
NC_014511.1,NC_014511.1__M__50,M,50,1950,virus,0.9999923706054688,0.117353,0.142251,0.078516,0.034470,0.050169,0.577241
NC_014511.1,NC_014511.1__M__1,M,1,1999,virus,0.9999953508377075,0.101530,0.120094,0.081687,0.033043,0.042207,0.621439
NC_014512.1,NC_014512.1__none__0,none,0,2000,virus,0.9999532699584961,0.036295,0.075563,0.271832,0.034390,0.029926,0.551994
NC_014512.1,NC_014512.1__M__500,M,500,1500,bacteria,0.9999446868896484,0.638196,0.041898,0.057226,0.033136,0.044024,0.185520
NC_014512.1,NC_014512.1__M__450,M,450,1550,bacteria,0.9999555349349976,0.519318,0.050357,0.066491,0.034338,0.068985,0.260511
NC_014512.1,NC_014512.1__M__400,M,400,1600,virus,0.9999569654464722,0.294512,0.054015,0.070171,0.033891,0.066285,0.481126
NC_014512.1,NC_014512.1__M__350,M,350,1650,virus,0.9999589920043945,0.223235,0.069675,0.062963,0.035513,0.073683,0.534930
NC_014512.1,NC_014512.1__M__300,M,300,1700,virus,0.9999620914459229,0.176950,0.072787,0.091652,0.036330,0.075344,0.546938
NC_014512.1,NC_014512.1__M__250,M,250,1750,virus,0.9999713897705078,0.171330,0.062600,0.116576,0.035748,0.075607,0.538138
NC_014512.1,NC_014512.1__M__200,M,200,1800,virus,0.999972939491272,0.232040,0.095726,0.134874,0.045551,0.101556,0.390253
NC_014512.1,NC_014512.1__M__150,M,150,1850,virus,0.9999608993530273,0.126402,0.156701,0.129661,0.053171,0.090192,0.443873
NC_014512.1,NC_014512.1__M__100,M,100,1900,virus,0.9999513626098633,0.099667,0.160722,0.125756,0.061079,0.079140,0.473637
NC_014512.1,NC_014512.1__M__50,M,50,1950,virus,0.9999617338180542,0.041101,0.112936,0.204899,0.039497,0.036400,0.565167
NC_014512.1,NC_014512.1__M__1,M,1,1999,virus,0.9999532699584961,0.036225,0.075486,0.269608,0.034369,0.029928,0.554383
NC_014514.1,NC_014514.1__none__0,none,0,2000,virus,0.9998661279678345,0.014486,0.025866,0.023724,0.017409,0.017765,0.900751
NC_014514.1,NC_014514.1__M__500,M,500,1500,virus,0.9998064637184143,0.029457,0.019170,0.018133,0.017993,0.019631,0.895616
NC_014514.1,NC_014514.1__M__450,M,450,1550,virus,0.9998412132263184,0.043820,0.026793,0.020537,0.022888,0.025433,0.860528
NC_014514.1,NC_014514.1__M__400,M,400,1600,virus,0.9998700618743896,0.035683,0.021739,0.018848,0.020727,0.023616,0.879388
NC_014514.1,NC_014514.1__M__350,M,350,1650,virus,0.9998853206634521,0.060848,0.029623,0.021022,0.024804,0.036218,0.827486
NC_014514.1,NC_014514.1__M__300,M,300,1700,virus,0.9998805522918701,0.030524,0.019719,0.017908,0.018291,0.022762,0.890796
NC_014514.1,NC_014514.1__M__250,M,250,1750,virus,0.9998611211776733,0.027000,0.020041,0.018872,0.018680,0.022083,0.893324
NC_014514.1,NC_014514.1__M__200,M,200,1800,virus,0.9998562335968018,0.024349,0.020923,0.020761,0.019156,0.021848,0.892963
NC_014514.1,NC_014514.1__M__150,M,150,1850,virus,0.9998329877853394,0.026580,0.029790,0.023232,0.022532,0.027309,0.870557
NC_014514.1,NC_014514.1__M__100,M,100,1900,virus,0.9996376037597656,0.020866,0.025578,0.026152,0.021486,0.024596,0.881322
NC_014514.1,NC_014514.1__M__50,M,50,1950,virus,0.9997345805168152,0.017881,0.030709,0.031231,0.020835,0.022139,0.877205
NC_014514.1,NC_014514.1__M__1,M,1,1999,virus,0.9998657703399658,0.014423,0.025758,0.023633,0.017368,0.017692,0.901126
NC_014397.1,NC_014397.1__none__0,none,0,2000,virus,0.9998119473457336,0.012037,0.019937,0.022472,0.015464,0.015789,0.914302
NC_014397.1,NC_014397.1__M__500,M,500,1500,virus,0.9997109770774841,0.044416,0.022498,0.027417,0.019973,0.010367,0.875330
NC_014397.1,NC_014397.1__M__450,M,450,1550,virus,0.999880313873291,0.046962,0.027541,0.031678,0.026513,0.012165,0.855142
NC_014397.1,NC_014397.1__M__400,M,400,1600,virus,0.9998841285705566,0.045841,0.024959,0.030105,0.021986,0.010797,0.866312
NC_014397.1,NC_014397.1__M__350,M,350,1650,virus,0.9998812675476074,0.039375,0.022822,0.027145,0.018562,0.010013,0.882082
NC_014397.1,NC_014397.1__M__300,M,300,1700,virus,0.999808132648468,0.044380,0.021626,0.030210,0.018803,0.010004,0.874978
NC_014397.1,NC_014397.1__M__250,M,250,1750,virus,0.9998290538787842,0.037844,0.021295,0.034844,0.018512,0.011189,0.876316
NC_014397.1,NC_014397.1__M__200,M,200,1800,virus,0.9998200535774231,0.031387,0.021491,0.030122,0.018196,0.013586,0.885219
NC_014397.1,NC_014397.1__M__150,M,150,1850,virus,0.9998716115951538,0.026360,0.021794,0.031178,0.018541,0.013492,0.888635
NC_014397.1,NC_014397.1__M__100,M,100,1900,virus,0.9998338222503662,0.016963,0.019718,0.026246,0.016387,0.013889,0.906796
NC_014397.1,NC_014397.1__M__50,M,50,1950,virus,0.9997521042823792,0.013285,0.020775,0.025697,0.016293,0.017131,0.906819
NC_014397.1,NC_014397.1__M__1,M,1,1999,virus,0.9998112320899963,0.012039,0.019941,0.022505,0.015469,0.015789,0.914257
NC_013109.1,NC_013109.1__none__0,none,0,2000,virus,0.9995360374450684,0.020111,0.025588,0.088193,0.017906,0.019636,0.828566
NC_013109.1,NC_013109.1__M__500,M,500,1500,virus,0.9971694350242615,0.043444,0.018563,0.052483,0.019295,0.018342,0.847873
NC_013109.1,NC_013109.1__M__450,M,450,1550,virus,0.9981928467750549,0.056785,0.022622,0.075858,0.023490,0.023943,0.797301
NC_013109.1,NC_013109.1__M__400,M,400,1600,virus,0.9987679123878479,0.092618,0.026377,0.087621,0.028070,0.025933,0.739381
NC_013109.1,NC_013109.1__M__350,M,350,1650,virus,0.9991540908813477,0.076772,0.024790,0.083638,0.027410,0.023627,0.763763
NC_013109.1,NC_013109.1__M__300,M,300,1700,virus,0.9995051622390747,0.050789,0.020768,0.056570,0.022591,0.022131,0.827151
NC_013109.1,NC_013109.1__M__250,M,250,1750,virus,0.9995802044868469,0.078606,0.025179,0.082477,0.028809,0.022197,0.762732
NC_013109.1,NC_013109.1__M__200,M,200,1800,virus,0.9995222091674805,0.048586,0.021996,0.063019,0.023197,0.022171,0.821031
NC_013109.1,NC_013109.1__M__150,M,150,1850,virus,0.99912029504776,0.045312,0.022131,0.077984,0.024189,0.020109,0.810274
NC_013109.1,NC_013109.1__M__100,M,100,1900,virus,0.9987401366233826,0.036010,0.020981,0.049034,0.021847,0.017545,0.854583
NC_013109.1,NC_013109.1__M__50,M,50,1950,virus,0.9994285702705383,0.019473,0.021595,0.061929,0.016596,0.016141,0.864266
NC_013109.1,NC_013109.1__M__1,M,1,1999,virus,0.9995348453521729,0.020167,0.025674,0.088850,0.017966,0.019691,0.827651
NC_012135.1,NC_012135.1__none__0,none,0,2000,eukarya,0.9999662637710571,0.028265,0.048562,0.574323,0.031336,0.029241,0.288272
NC_012135.1,NC_012135.1__M__500,M,500,1500,virus,0.9999858140945435,0.048555,0.039222,0.089384,0.030119,0.012623,0.780096
NC_012135.1,NC_012135.1__M__450,M,450,1550,virus,0.9999890327453613,0.090052,0.037411,0.084684,0.035887,0.012596,0.739370
NC_012135.1,NC_012135.1__M__400,M,400,1600,virus,0.9999912977218628,0.068680,0.031188,0.058454,0.030541,0.011107,0.800029
NC_012135.1,NC_012135.1__M__350,M,350,1650,virus,0.9999860525131226,0.058855,0.026811,0.057276,0.027724,0.010345,0.818989
NC_012135.1,NC_012135.1__M__300,M,300,1700,virus,0.9999845027923584,0.043891,0.034343,0.103133,0.029263,0.013765,0.775605
NC_012135.1,NC_012135.1__M__250,M,250,1750,virus,0.9999881982803345,0.051118,0.048022,0.257993,0.035967,0.017594,0.589306
NC_012135.1,NC_012135.1__M__200,M,200,1800,virus,0.9999833106994629,0.047606,0.037686,0.110584,0.030899,0.013763,0.759461
NC_012135.1,NC_012135.1__M__150,M,150,1850,virus,0.9999693632125854,0.037296,0.041829,0.142087,0.030712,0.016975,0.731102
NC_012135.1,NC_012135.1__M__100,M,100,1900,virus,0.9999545812606812,0.025310,0.047994,0.145181,0.027481,0.022677,0.731356
NC_012135.1,NC_012135.1__M__50,M,50,1950,eukarya,0.9999628067016602,0.028833,0.058881,0.427589,0.032045,0.031832,0.420819
NC_012135.1,NC_012135.1__M__1,M,1,1999,eukarya,0.9999662637710571,0.028289,0.048606,0.572972,0.031359,0.029272,0.289503
NC_011544.1,NC_011544.1__none__0,none,0,2000,eukarya,0.9991742968559265,0.028481,0.023971,0.785181,0.024237,0.017244,0.120887
NC_011544.1,NC_011544.1__M__500,M,500,1500,bacteria,0.9995484948158264,0.783855,0.030261,0.052647,0.022229,0.016083,0.094925
NC_011544.1,NC_011544.1__M__450,M,450,1550,bacteria,0.999768078327179,0.690128,0.037450,0.058647,0.029608,0.019009,0.165158
NC_011544.1,NC_011544.1__M__400,M,400,1600,bacteria,0.9997661709785461,0.537536,0.049746,0.110128,0.050279,0.018381,0.233930
NC_011544.1,NC_011544.1__M__350,M,350,1650,bacteria,0.9998646974563599,0.506893,0.040777,0.070912,0.029219,0.016640,0.335560
NC_011544.1,NC_011544.1__M__300,M,300,1700,virus,0.9997850060462952,0.344143,0.041660,0.125106,0.029523,0.013151,0.446418
NC_011544.1,NC_011544.1__M__250,M,250,1750,virus,0.9997047781944275,0.284167,0.040335,0.169984,0.030342,0.012552,0.462619
NC_011544.1,NC_011544.1__M__200,M,200,1800,virus,0.9995390176773071,0.175378,0.031078,0.155901,0.027439,0.010256,0.599949
NC_011544.1,NC_011544.1__M__150,M,150,1850,virus,0.99919193983078,0.179665,0.052659,0.177162,0.039953,0.012903,0.537658
NC_011544.1,NC_011544.1__M__100,M,100,1900,virus,0.9988952279090881,0.210556,0.079424,0.235506,0.047859,0.016205,0.410450
NC_011544.1,NC_011544.1__M__50,M,50,1950,eukarya,0.9988285899162292,0.032496,0.024527,0.788437,0.024761,0.014206,0.115573
NC_011544.1,NC_011544.1__M__1,M,1,1999,eukarya,0.9991734623908997,0.028384,0.023894,0.786708,0.024150,0.017207,0.119657
NC_010809.1,NC_010809.1__none__0,none,0,2000,eukarya,0.9993646740913391,0.033058,0.071008,0.675908,0.030777,0.025349,0.163900
NC_010809.1,NC_010809.1__M__500,M,500,1500,bacteria,0.9978255033493042,0.439115,0.026635,0.074900,0.033540,0.019556,0.406252
NC_010809.1,NC_010809.1__M__450,M,450,1550,bacteria,0.9986024498939514,0.617227,0.025793,0.064375,0.027966,0.022211,0.242427
NC_010809.1,NC_010809.1__M__400,M,400,1600,bacteria,0.9991577863693237,0.559800,0.032933,0.144414,0.031904,0.022791,0.208158
NC_010809.1,NC_010809.1__M__350,M,350,1650,bacteria,0.9989431500434875,0.539154,0.030865,0.106581,0.030867,0.019455,0.273078
NC_010809.1,NC_010809.1__M__300,M,300,1700,virus,0.9986288547515869,0.365608,0.031401,0.146594,0.034239,0.016709,0.405449
NC_010809.1,NC_010809.1__M__250,M,250,1750,bacteria,0.9992040991783142,0.451635,0.034088,0.195420,0.034910,0.017632,0.266315
NC_010809.1,NC_010809.1__M__200,M,200,1800,bacteria,0.9992977380752563,0.354572,0.038898,0.211647,0.042090,0.017711,0.335083
NC_010809.1,NC_010809.1__M__150,M,150,1850,virus,0.9993535876274109,0.259764,0.042132,0.229298,0.044173,0.019540,0.405093
NC_010809.1,NC_010809.1__M__100,M,100,1900,eukarya,0.9989529848098755,0.183692,0.050469,0.413001,0.053005,0.025274,0.274558
NC_010809.1,NC_010809.1__M__50,M,50,1950,eukarya,0.9991549253463745,0.028850,0.037840,0.834100,0.022781,0.016421,0.060008
NC_010809.1,NC_010809.1__M__1,M,1,1999,eukarya,0.999365508556366,0.032977,0.070850,0.676551,0.030728,0.025330,0.163564
NC_010748.1,NC_010748.1__none__0,none,0,2000,virus,0.9999586343765259,0.035677,0.079837,0.048520,0.035797,0.090719,0.709450
NC_010748.1,NC_010748.1__M__500,M,500,1500,bacteria,0.9999440908432007,0.800909,0.055174,0.019920,0.025506,0.052168,0.046323
NC_010748.1,NC_010748.1__M__450,M,450,1550,bacteria,0.9999698400497437,0.787911,0.064585,0.017161,0.028347,0.049754,0.052242
NC_010748.1,NC_010748.1__M__400,M,400,1600,bacteria,0.9999762773513794,0.750981,0.055225,0.016327,0.027238,0.079635,0.070594
NC_010748.1,NC_010748.1__M__350,M,350,1650,bacteria,0.9999654293060303,0.765841,0.040735,0.017947,0.028029,0.053862,0.093586
NC_010748.1,NC_010748.1__M__300,M,300,1700,bacteria,0.9999655485153198,0.725060,0.040776,0.025841,0.028303,0.066068,0.113952
NC_010748.1,NC_010748.1__M__250,M,250,1750,bacteria,0.9999750852584839,0.627642,0.066441,0.030210,0.034921,0.079845,0.160941
NC_010748.1,NC_010748.1__M__200,M,200,1800,bacteria,0.9999780654907227,0.465628,0.060282,0.036952,0.036808,0.087143,0.313186
NC_010748.1,NC_010748.1__M__150,M,150,1850,bacteria,0.9999573230743408,0.368506,0.128247,0.048945,0.054738,0.133836,0.265727
NC_010748.1,NC_010748.1__M__100,M,100,1900,virus,0.9999345541000366,0.197127,0.199329,0.050914,0.060846,0.136976,0.354807
NC_010748.1,NC_010748.1__M__50,M,50,1950,virus,0.9999632835388184,0.057566,0.156646,0.052394,0.049762,0.143561,0.540071
NC_010748.1,NC_010748.1__M__1,M,1,1999,virus,0.9999586343765259,0.035746,0.080026,0.048546,0.035836,0.091060,0.708787
NC_010708.1,NC_010708.1__none__0,none,0,2000,virus,0.9671949744224548,0.017371,0.023571,0.019381,0.017899,0.019840,0.901940
NC_010708.1,NC_010708.1__M__500,M,500,1500,virus,0.9838823080062866,0.021076,0.019485,0.018356,0.016324,0.014056,0.910703
NC_010708.1,NC_010708.1__M__450,M,450,1550,virus,0.9895170331001282,0.025758,0.020441,0.022197,0.018355,0.013692,0.899556
NC_010708.1,NC_010708.1__M__400,M,400,1600,virus,0.9866122007369995,0.023984,0.019505,0.020418,0.017354,0.013973,0.904765
NC_010708.1,NC_010708.1__M__350,M,350,1650,virus,0.9893175959587097,0.025644,0.020165,0.022359,0.018994,0.014527,0.898312
NC_010708.1,NC_010708.1__M__300,M,300,1700,virus,0.9812661409378052,0.024353,0.020348,0.022003,0.019010,0.014785,0.899501
NC_010708.1,NC_010708.1__M__250,M,250,1750,virus,0.9804379940032959,0.021796,0.020493,0.022253,0.017978,0.014641,0.902840
NC_010708.1,NC_010708.1__M__200,M,200,1800,virus,0.9848394989967346,0.022622,0.020948,0.024224,0.018433,0.014486,0.899286
NC_010708.1,NC_010708.1__M__150,M,150,1850,virus,0.9835242033004761,0.018299,0.021026,0.020888,0.016620,0.015451,0.907717
NC_010708.1,NC_010708.1__M__100,M,100,1900,virus,0.966956615447998,0.018052,0.021560,0.020978,0.017146,0.016669,0.905594
NC_010708.1,NC_010708.1__M__50,M,50,1950,virus,0.9689638614654541,0.016415,0.022431,0.019308,0.016922,0.018644,0.906280
NC_010708.1,NC_010708.1__M__1,M,1,1999,virus,0.9669318795204163,0.017370,0.023566,0.019378,0.017898,0.019836,0.901952
NC_008311.1,NC_008311.1__none__0,none,0,2000,virus,0.9999308586120605,0.044544,0.076788,0.071837,0.043426,0.032047,0.731359
NC_008311.1,NC_008311.1__M__500,M,500,1500,bacteria,0.9999622106552124,0.469353,0.132854,0.082169,0.081260,0.036783,0.197581
NC_008311.1,NC_008311.1__M__450,M,450,1550,bacteria,0.9999651908874512,0.379047,0.138604,0.103624,0.088818,0.028735,0.261172
NC_008311.1,NC_008311.1__M__400,M,400,1600,bacteria,0.999958872795105,0.481437,0.116496,0.093183,0.080849,0.028596,0.199439
NC_008311.1,NC_008311.1__M__350,M,350,1650,bacteria,0.999967098236084,0.387676,0.123194,0.101149,0.082044,0.029050,0.276887
NC_008311.1,NC_008311.1__M__300,M,300,1700,bacteria,0.9999532699584961,0.438937,0.126701,0.100399,0.097479,0.038297,0.198188
NC_008311.1,NC_008311.1__M__250,M,250,1750,virus,0.9999587535858154,0.178671,0.090823,0.132158,0.072492,0.025218,0.500638
NC_008311.1,NC_008311.1__M__200,M,200,1800,virus,0.999954104423523,0.137244,0.089734,0.109831,0.069759,0.025223,0.568209
NC_008311.1,NC_008311.1__M__150,M,150,1850,virus,0.9999511241912842,0.111554,0.098028,0.113829,0.070797,0.030832,0.574960
NC_008311.1,NC_008311.1__M__100,M,100,1900,virus,0.9999330043792725,0.085994,0.095250,0.129694,0.067499,0.035479,0.586085
NC_008311.1,NC_008311.1__M__50,M,50,1950,virus,0.9999204874038696,0.086193,0.129600,0.159409,0.069535,0.047420,0.507842
NC_008311.1,NC_008311.1__M__1,M,1,1999,virus,0.999930739402771,0.043647,0.075642,0.070575,0.042745,0.031611,0.735779
NC_007731.1,NC_007731.1__none__0,none,0,2000,virus,0.9992750287055969,0.028144,0.029073,0.124855,0.028528,0.024181,0.765219
NC_007731.1,NC_007731.1__M__500,M,500,1500,virus,0.9992250204086304,0.067593,0.022054,0.041596,0.018675,0.008459,0.841624
NC_007731.1,NC_007731.1__M__450,M,450,1550,virus,0.9996871948242188,0.102716,0.024359,0.041198,0.021843,0.009402,0.800481
NC_007731.1,NC_007731.1__M__400,M,400,1600,virus,0.9998021721839905,0.077622,0.021854,0.037412,0.018903,0.007626,0.836583
NC_007731.1,NC_007731.1__M__350,M,350,1650,virus,0.999758780002594,0.093252,0.021526,0.040737,0.021404,0.008333,0.814747
NC_007731.1,NC_007731.1__M__300,M,300,1700,virus,0.9997283816337585,0.093092,0.022322,0.055268,0.023353,0.009266,0.796699
NC_007731.1,NC_007731.1__M__250,M,250,1750,virus,0.9997028708457947,0.134337,0.036274,0.147481,0.030980,0.012533,0.638396
NC_007731.1,NC_007731.1__M__200,M,200,1800,virus,0.9997196793556213,0.104530,0.041608,0.249975,0.037053,0.015787,0.551047
NC_007731.1,NC_007731.1__M__150,M,150,1850,virus,0.9994170665740967,0.061453,0.038417,0.238332,0.037177,0.017520,0.607100
NC_007731.1,NC_007731.1__M__100,M,100,1900,virus,0.9988235831260681,0.050359,0.030934,0.171252,0.034524,0.017385,0.695547
NC_007731.1,NC_007731.1__M__50,M,50,1950,virus,0.9986597299575806,0.040916,0.036076,0.339910,0.038892,0.026539,0.517667
NC_007731.1,NC_007731.1__M__1,M,1,1999,virus,0.9992744326591492,0.028138,0.029072,0.124858,0.028524,0.024185,0.765222
NC_007158.1,NC_007158.1__none__0,none,0,2000,virus,0.9997373223304749,0.010807,0.018790,0.014870,0.012212,0.011586,0.931736
NC_007158.1,NC_007158.1__M__500,M,500,1500,virus,0.9993007183074951,0.099463,0.028991,0.031858,0.025779,0.024499,0.789409
NC_007158.1,NC_007158.1__M__450,M,450,1550,virus,0.999528169631958,0.081297,0.020526,0.029188,0.023762,0.020740,0.824487
NC_007158.1,NC_007158.1__M__400,M,400,1600,virus,0.999692440032959,0.056876,0.016854,0.023400,0.019289,0.015324,0.868257
NC_007158.1,NC_007158.1__M__350,M,350,1650,virus,0.999783456325531,0.069638,0.016540,0.024554,0.021472,0.017260,0.850535
NC_007158.1,NC_007158.1__M__300,M,300,1700,virus,0.9997000694274902,0.050914,0.020950,0.026523,0.020468,0.018487,0.862658
NC_007158.1,NC_007158.1__M__250,M,250,1750,virus,0.9997487664222717,0.083418,0.027331,0.036932,0.023289,0.022599,0.806431
NC_007158.1,NC_007158.1__M__200,M,200,1800,virus,0.9997442364692688,0.059612,0.023401,0.028206,0.021302,0.019748,0.847732
NC_007158.1,NC_007158.1__M__150,M,150,1850,virus,0.9996439218521118,0.052490,0.024698,0.028609,0.021007,0.019453,0.853743
NC_007158.1,NC_007158.1__M__100,M,100,1900,virus,0.9996054768562317,0.021199,0.020799,0.021625,0.015818,0.014490,0.906068
NC_007158.1,NC_007158.1__M__50,M,50,1950,virus,0.9997498393058777,0.011142,0.020236,0.015358,0.012642,0.011829,0.928793
NC_007158.1,NC_007158.1__M__1,M,1,1999,virus,0.9997367262840271,0.010802,0.018730,0.014852,0.012213,0.011571,0.931832
NC_006875.1,NC_006875.1__none__0,none,0,2000,virus,0.9995763897895813,0.019650,0.009600,0.011899,0.011383,0.010122,0.937347
NC_006875.1,NC_006875.1__M__500,M,500,1500,virus,0.999037504196167,0.049377,0.019925,0.029514,0.021658,0.008529,0.870996
NC_006875.1,NC_006875.1__M__450,M,450,1550,virus,0.9995256662368774,0.054320,0.022869,0.033381,0.023947,0.008546,0.856936
NC_006875.1,NC_006875.1__M__400,M,400,1600,virus,0.9997081160545349,0.053076,0.021155,0.029622,0.021981,0.007821,0.866345
NC_006875.1,NC_006875.1__M__350,M,350,1650,virus,0.9995730519294739,0.056322,0.019391,0.028252,0.019932,0.007022,0.869081
NC_006875.1,NC_006875.1__M__300,M,300,1700,virus,0.9995892643928528,0.051916,0.019276,0.025158,0.019830,0.008067,0.875754
NC_006875.1,NC_006875.1__M__250,M,250,1750,virus,0.9996480941772461,0.042697,0.018880,0.020843,0.018210,0.009017,0.890353
NC_006875.1,NC_006875.1__M__200,M,200,1800,virus,0.9996761083602905,0.047870,0.020625,0.024872,0.020409,0.008716,0.877507
NC_006875.1,NC_006875.1__M__150,M,150,1850,virus,0.999749481678009,0.043980,0.018595,0.024620,0.019692,0.008884,0.884230
NC_006875.1,NC_006875.1__M__100,M,100,1900,virus,0.9994974136352539,0.036274,0.015654,0.022182,0.017695,0.009122,0.899073
NC_006875.1,NC_006875.1__M__50,M,50,1950,virus,0.9994301199913025,0.020832,0.010112,0.012518,0.011809,0.010040,0.934688
NC_006875.1,NC_006875.1__M__1,M,1,1999,virus,0.9995762705802917,0.019659,0.009584,0.011910,0.011389,0.010111,0.937347
NC_005990.1,NC_005990.1__none__0,none,0,2000,phage,0.9998787641525269,0.111427,0.613904,0.056036,0.049904,0.051011,0.117717
NC_005990.1,NC_005990.1__M__500,M,500,1500,bacteria,0.999855637550354,0.679607,0.087050,0.034066,0.039781,0.041971,0.117525
NC_005990.1,NC_005990.1__M__450,M,450,1550,bacteria,0.9998904466629028,0.802640,0.060557,0.022120,0.028243,0.030620,0.055819
NC_005990.1,NC_005990.1__M__400,M,400,1600,bacteria,0.9999024868011475,0.785287,0.050159,0.023962,0.028539,0.030376,0.081676
NC_005990.1,NC_005990.1__M__350,M,350,1650,bacteria,0.9999130964279175,0.531874,0.086403,0.059654,0.051027,0.040085,0.230955
NC_005990.1,NC_005990.1__M__300,M,300,1700,bacteria,0.9999287128448486,0.503096,0.086901,0.072847,0.055603,0.048969,0.232583
NC_005990.1,NC_005990.1__M__250,M,250,1750,virus,0.999910831451416,0.325473,0.093444,0.116628,0.064545,0.055805,0.344105
NC_005990.1,NC_005990.1__M__200,M,200,1800,bacteria,0.9999071359634399,0.442359,0.142791,0.077266,0.066139,0.058718,0.212727
NC_005990.1,NC_005990.1__M__150,M,150,1850,virus,0.9998492002487183,0.254774,0.188212,0.071214,0.067479,0.055430,0.362890
NC_005990.1,NC_005990.1__M__100,M,100,1900,virus,0.9997870326042175,0.175128,0.188354,0.070460,0.058380,0.058583,0.449094
NC_005990.1,NC_005990.1__M__50,M,50,1950,phage,0.9997718930244446,0.219259,0.437859,0.073129,0.083163,0.061389,0.125202
NC_005990.1,NC_005990.1__M__1,M,1,1999,phage,0.999879002571106,0.111405,0.614085,0.056016,0.049841,0.050978,0.117674
NC_005235.1,NC_005235.1__none__0,none,0,2000,virus,0.9974468946456909,0.015514,0.016876,0.020512,0.014717,0.009965,0.922415
NC_005235.1,NC_005235.1__M__500,M,500,1500,bacteria,0.9990664124488831,0.856728,0.027109,0.015313,0.023009,0.020122,0.057719
NC_005235.1,NC_005235.1__M__450,M,450,1550,bacteria,0.9986903071403503,0.854895,0.030220,0.015683,0.027748,0.020668,0.050787
NC_005235.1,NC_005235.1__M__400,M,400,1600,bacteria,0.9994938373565674,0.880059,0.029206,0.013548,0.022556,0.021335,0.033297
NC_005235.1,NC_005235.1__M__350,M,350,1650,bacteria,0.9992886781692505,0.726236,0.038748,0.026955,0.048831,0.021905,0.137324
NC_005235.1,NC_005235.1__M__300,M,300,1700,bacteria,0.9992444515228271,0.526935,0.040543,0.040404,0.051162,0.023555,0.317401
NC_005235.1,NC_005235.1__M__250,M,250,1750,virus,0.9988052845001221,0.315465,0.044113,0.058779,0.086541,0.018794,0.476308
NC_005235.1,NC_005235.1__M__200,M,200,1800,virus,0.9992325305938721,0.207704,0.044314,0.062532,0.091051,0.017190,0.577209
NC_005235.1,NC_005235.1__M__150,M,150,1850,virus,0.9992768168449402,0.100920,0.041632,0.049190,0.140549,0.016799,0.650910
NC_005235.1,NC_005235.1__M__100,M,100,1900,virus,0.9985135197639465,0.040077,0.023295,0.032886,0.035612,0.011206,0.856924
NC_005235.1,NC_005235.1__M__50,M,50,1950,virus,0.9976043105125427,0.015932,0.017928,0.022995,0.016312,0.010884,0.915949
NC_005235.1,NC_005235.1__M__1,M,1,1999,virus,0.9974440336227417,0.015532,0.016891,0.020554,0.014743,0.009973,0.922307
NC_005238.1,NC_005238.1__none__0,none,0,2000,virus,0.9980124235153198,0.008405,0.013181,0.013035,0.008474,0.009934,0.946972
NC_005238.1,NC_005238.1__M__500,M,500,1500,virus,0.9968262910842896,0.308791,0.056719,0.027049,0.041539,0.026084,0.539818
NC_005238.1,NC_005238.1__M__450,M,450,1550,virus,0.9954505562782288,0.245696,0.052068,0.030000,0.061240,0.022994,0.588002
NC_005238.1,NC_005238.1__M__400,M,400,1600,virus,0.996862530708313,0.119369,0.037820,0.027941,0.046913,0.017034,0.750923
NC_005238.1,NC_005238.1__M__350,M,350,1650,virus,0.9976922273635864,0.119273,0.034876,0.028051,0.042904,0.017572,0.757324
NC_005238.1,NC_005238.1__M__300,M,300,1700,virus,0.9973560571670532,0.074170,0.027579,0.025234,0.024314,0.012865,0.835838
NC_005238.1,NC_005238.1__M__250,M,250,1750,virus,0.9975011944770813,0.042134,0.026285,0.023688,0.021171,0.012698,0.874023
NC_005238.1,NC_005238.1__M__200,M,200,1800,virus,0.9985007047653198,0.024269,0.019303,0.018178,0.017753,0.010884,0.909612
NC_005238.1,NC_005238.1__M__150,M,150,1850,virus,0.9988535642623901,0.016086,0.018780,0.016842,0.015851,0.014226,0.918215
NC_005238.1,NC_005238.1__M__100,M,100,1900,virus,0.9986706972122192,0.011774,0.016702,0.016691,0.013127,0.012853,0.928853
NC_005238.1,NC_005238.1__M__50,M,50,1950,virus,0.9977476000785828,0.008779,0.012337,0.013950,0.009014,0.009472,0.946449
NC_005238.1,NC_005238.1__M__1,M,1,1999,virus,0.9979817867279053,0.008411,0.013186,0.013073,0.008482,0.009940,0.946908
NC_004912.1,NC_004912.1__none__0,none,0,2000,virus,0.9999197721481323,0.011196,0.014258,0.013739,0.012230,0.013236,0.935340
NC_004912.1,NC_004912.1__M__500,M,500,1500,virus,0.9999291896820068,0.078258,0.038144,0.058407,0.212290,0.015662,0.597240
NC_004912.1,NC_004912.1__M__450,M,450,1550,virus,0.9999551773071289,0.072584,0.036210,0.054427,0.211757,0.015458,0.609563
NC_004912.1,NC_004912.1__M__400,M,400,1600,virus,0.9999521970748901,0.060243,0.024366,0.035100,0.067893,0.010249,0.802148
NC_004912.1,NC_004912.1__M__350,M,350,1650,virus,0.9999486207962036,0.040916,0.017111,0.022770,0.018186,0.008062,0.892955
NC_004912.1,NC_004912.1__M__300,M,300,1700,virus,0.9999449253082275,0.029955,0.015662,0.017350,0.015050,0.009187,0.912796
NC_004912.1,NC_004912.1__M__250,M,250,1750,virus,0.9999297857284546,0.020046,0.014134,0.015399,0.012281,0.008641,0.929500
NC_004912.1,NC_004912.1__M__200,M,200,1800,virus,0.9999507665634155,0.018127,0.014318,0.014477,0.012350,0.009891,0.930837
NC_004912.1,NC_004912.1__M__150,M,150,1850,virus,0.9999336004257202,0.019820,0.014436,0.015506,0.013112,0.010791,0.926334
NC_004912.1,NC_004912.1__M__100,M,100,1900,virus,0.9999083280563354,0.015933,0.015392,0.016997,0.013525,0.012401,0.925750
NC_004912.1,NC_004912.1__M__50,M,50,1950,virus,0.9998433589935303,0.010857,0.013984,0.013859,0.012198,0.011652,0.937451
NC_004912.1,NC_004912.1__M__1,M,1,1999,virus,0.9999198913574219,0.011197,0.014256,0.013744,0.012226,0.013232,0.935345
NC_004169.1,NC_004169.1__none__0,none,0,2000,phage,0.9998325109481812,0.032739,0.458657,0.043972,0.379494,0.033828,0.051311
NC_004169.1,NC_004169.1__M__500,M,500,1500,bacteria,0.9998718500137329,0.518875,0.327509,0.037767,0.048332,0.029935,0.037581
NC_004169.1,NC_004169.1__M__450,M,450,1550,bacteria,0.999895453453064,0.507508,0.296151,0.046596,0.070693,0.030697,0.048356
NC_004169.1,NC_004169.1__M__400,M,400,1600,bacteria,0.9998786449432373,0.310558,0.290422,0.078905,0.204706,0.033889,0.081519
NC_004169.1,NC_004169.1__M__350,M,350,1650,bacteria,0.9999107122421265,0.314892,0.301683,0.072448,0.188355,0.034869,0.087753
NC_004169.1,NC_004169.1__M__300,M,300,1700,phage,0.9998633861541748,0.244684,0.365452,0.082949,0.170124,0.034110,0.102681
NC_004169.1,NC_004169.1__M__250,M,250,1750,phage,0.9998880624771118,0.253360,0.349675,0.097745,0.128410,0.041183,0.129626
NC_004169.1,NC_004169.1__M__200,M,200,1800,phage,0.9998874664306641,0.258334,0.301584,0.104610,0.174634,0.042643,0.118195
NC_004169.1,NC_004169.1__M__150,M,150,1850,phage,0.9998841285705566,0.171944,0.393728,0.066968,0.258107,0.035352,0.073901
NC_004169.1,NC_004169.1__M__100,M,100,1900,archaea,0.9998382329940796,0.114117,0.299340,0.066387,0.419113,0.034447,0.066596
NC_004169.1,NC_004169.1__M__50,M,50,1950,phage,0.9997585415840149,0.033213,0.492172,0.040756,0.351178,0.032299,0.050382
NC_004169.1,NC_004169.1__M__1,M,1,1999,phage,0.9998325109481812,0.032504,0.456004,0.043818,0.382740,0.033757,0.051178
NC_004186.1,NC_004186.1__none__0,none,0,2000,virus,0.9997101426124573,0.266636,0.069524,0.082633,0.049594,0.151951,0.379661
NC_004186.1,NC_004186.1__M__500,M,500,1500,bacteria,0.9998797178268433,0.831627,0.023802,0.022804,0.022101,0.050963,0.048703
NC_004186.1,NC_004186.1__M__450,M,450,1550,bacteria,0.9998594522476196,0.736106,0.027247,0.027102,0.024043,0.065132,0.120370
NC_004186.1,NC_004186.1__M__400,M,400,1600,bacteria,0.9999074935913086,0.626610,0.034241,0.039402,0.031577,0.062827,0.205344
NC_004186.1,NC_004186.1__M__350,M,350,1650,bacteria,0.9999063014984131,0.735860,0.032465,0.029026,0.025451,0.084190,0.093008
NC_004186.1,NC_004186.1__M__300,M,300,1700,bacteria,0.9998917579650879,0.843648,0.020333,0.019413,0.018813,0.057541,0.040251
NC_004186.1,NC_004186.1__M__250,M,250,1750,bacteria,0.9998294115066528,0.804462,0.021982,0.025365,0.020028,0.066354,0.061809
NC_004186.1,NC_004186.1__M__200,M,200,1800,bacteria,0.9997366070747375,0.682031,0.027086,0.030919,0.027692,0.073518,0.158753
NC_004186.1,NC_004186.1__M__150,M,150,1850,bacteria,0.9997746348381042,0.622422,0.038625,0.040484,0.033087,0.114999,0.150384
NC_004186.1,NC_004186.1__M__100,M,100,1900,bacteria,0.9995852112770081,0.413209,0.057387,0.052293,0.044272,0.151371,0.281467
NC_004186.1,NC_004186.1__M__50,M,50,1950,bacteria,0.9996163845062256,0.353084,0.077434,0.071601,0.049591,0.176019,0.272271
NC_004186.1,NC_004186.1__M__1,M,1,1999,virus,0.9997097849845886,0.265031,0.069314,0.083033,0.049651,0.151042,0.381927
NC_001964.1,NC_001964.1__none__0,none,0,2000,eukarya,0.9996626377105713,0.166853,0.139361,0.241824,0.057524,0.193712,0.200725
NC_001964.1,NC_001964.1__M__500,M,500,1500,bacteria,0.999914288520813,0.922603,0.022825,0.010212,0.013492,0.020757,0.010110
NC_001964.1,NC_001964.1__M__450,M,450,1550,bacteria,0.9999295473098755,0.931402,0.018339,0.009671,0.012226,0.019455,0.008906
NC_001964.1,NC_001964.1__M__400,M,400,1600,bacteria,0.9999361038208008,0.932416,0.020022,0.008472,0.011396,0.018881,0.008813
NC_001964.1,NC_001964.1__M__350,M,350,1650,bacteria,0.9999350309371948,0.934135,0.017437,0.008974,0.012264,0.017545,0.009645
NC_001964.1,NC_001964.1__M__300,M,300,1700,bacteria,0.9999334812164307,0.934281,0.016864,0.008843,0.013560,0.017371,0.009083
NC_001964.1,NC_001964.1__M__250,M,250,1750,bacteria,0.9999392032623291,0.927908,0.016610,0.009515,0.014675,0.020481,0.010812
NC_001964.1,NC_001964.1__M__200,M,200,1800,bacteria,0.9998964071273804,0.882739,0.028742,0.016306,0.017696,0.037195,0.017322
NC_001964.1,NC_001964.1__M__150,M,150,1850,bacteria,0.9998856782913208,0.766166,0.092240,0.017421,0.025303,0.072057,0.026813
NC_001964.1,NC_001964.1__M__100,M,100,1900,bacteria,0.9997867941856384,0.647210,0.166786,0.024848,0.033211,0.094033,0.033912
NC_001964.1,NC_001964.1__M__50,M,50,1950,eukarya,0.9995487332344055,0.223127,0.164680,0.283493,0.059796,0.142516,0.126388
NC_001964.1,NC_001964.1__M__1,M,1,1999,eukarya,0.9996622800827026,0.167175,0.139558,0.241182,0.057541,0.193811,0.200734
NC_003511.1,NC_003511.1__none__0,none,0,2000,virus,0.9989216327667236,0.142378,0.057046,0.050720,0.033085,0.033504,0.683267
NC_003511.1,NC_003511.1__M__500,M,500,1500,bacteria,0.9993410706520081,0.539350,0.028028,0.033988,0.038239,0.026262,0.334132
NC_003511.1,NC_003511.1__M__450,M,450,1550,bacteria,0.9995324611663818,0.665204,0.029367,0.026418,0.036624,0.029086,0.213301
NC_003511.1,NC_003511.1__M__400,M,400,1600,bacteria,0.9997372031211853,0.730466,0.027166,0.021940,0.033081,0.025448,0.161899
NC_003511.1,NC_003511.1__M__350,M,350,1650,bacteria,0.9997918009757996,0.710157,0.025781,0.026025,0.031115,0.024050,0.182872
NC_003511.1,NC_003511.1__M__300,M,300,1700,bacteria,0.9997270703315735,0.582983,0.027968,0.028082,0.037260,0.024131,0.299576
NC_003511.1,NC_003511.1__M__250,M,250,1750,virus,0.9997275471687317,0.366288,0.024851,0.031349,0.036420,0.022663,0.518428
NC_003511.1,NC_003511.1__M__200,M,200,1800,virus,0.999663233757019,0.404870,0.024830,0.033061,0.033777,0.023663,0.479799
NC_003511.1,NC_003511.1__M__150,M,150,1850,bacteria,0.9995889067649841,0.569136,0.053731,0.035103,0.043297,0.037365,0.261368
NC_003511.1,NC_003511.1__M__100,M,100,1900,virus,0.9988247752189636,0.353373,0.038127,0.041944,0.038304,0.033411,0.494842
NC_003511.1,NC_003511.1__M__50,M,50,1950,virus,0.9983150959014893,0.205968,0.061016,0.052556,0.037373,0.035100,0.607986
NC_003511.1,NC_003511.1__M__1,M,1,1999,virus,0.9989280104637146,0.141884,0.056955,0.050655,0.033041,0.033361,0.684104
NC_001940.1,NC_001940.1__none__0,none,0,2000,virus,0.9244908690452576,0.012993,0.015724,0.011741,0.010862,0.011305,0.937375
NC_001940.1,NC_001940.1__M__500,M,500,1500,virus,0.9947199821472168,0.067142,0.026435,0.031213,0.023919,0.009675,0.841616
NC_001940.1,NC_001940.1__M__450,M,450,1550,virus,0.9919641017913818,0.049976,0.021626,0.024344,0.020811,0.009963,0.873280
NC_001940.1,NC_001940.1__M__400,M,400,1600,virus,0.9881703853607178,0.027047,0.020021,0.020020,0.015651,0.009800,0.907461
NC_001940.1,NC_001940.1__M__350,M,350,1650,virus,0.9931091070175171,0.033134,0.019314,0.023585,0.017600,0.010671,0.895695
NC_001940.1,NC_001940.1__M__300,M,300,1700,virus,0.995554506778717,0.039388,0.019582,0.023700,0.018468,0.008579,0.890282
NC_001940.1,NC_001940.1__M__250,M,250,1750,virus,0.995037853717804,0.033677,0.024268,0.025286,0.019862,0.010012,0.886894
NC_001940.1,NC_001940.1__M__200,M,200,1800,virus,0.99277663230896,0.049102,0.024812,0.030494,0.021649,0.012007,0.861936
NC_001940.1,NC_001940.1__M__150,M,150,1850,virus,0.9831289649009705,0.031533,0.031720,0.027544,0.022371,0.014713,0.872120
NC_001940.1,NC_001940.1__M__100,M,100,1900,virus,0.9468281865119934,0.018874,0.024376,0.026714,0.017813,0.013070,0.899152
NC_001940.1,NC_001940.1__M__50,M,50,1950,virus,0.9043940901756287,0.013927,0.017214,0.013082,0.011209,0.010564,0.934005
NC_001940.1,NC_001940.1__M__1,M,1,1999,virus,0.9242151975631714,0.012988,0.015720,0.011735,0.010858,0.011307,0.937393
NC_001841.1,NC_001841.1__none__0,none,0,2000,virus,0.9999005794525146,0.031386,0.037408,0.392743,0.035047,0.034388,0.469028
NC_001841.1,NC_001841.1__M__500,M,500,1500,virus,0.9999346733093262,0.078561,0.049698,0.197306,0.052363,0.017899,0.604173
NC_001841.1,NC_001841.1__M__450,M,450,1550,virus,0.999941349029541,0.037487,0.027257,0.047832,0.022194,0.012346,0.852885
NC_001841.1,NC_001841.1__M__400,M,400,1600,virus,0.9999470710754395,0.037686,0.029302,0.041007,0.023183,0.012993,0.855831
NC_001841.1,NC_001841.1__M__350,M,350,1650,virus,0.999955415725708,0.030980,0.024179,0.034812,0.019860,0.011613,0.878558
NC_001841.1,NC_001841.1__M__300,M,300,1700,virus,0.9999595880508423,0.038590,0.026077,0.041033,0.023064,0.010907,0.860328
NC_001841.1,NC_001841.1__M__250,M,250,1750,virus,0.9999580383300781,0.050945,0.034934,0.075743,0.030712,0.012898,0.794768
NC_001841.1,NC_001841.1__M__200,M,200,1800,virus,0.9999518394470215,0.035720,0.027595,0.054714,0.024306,0.012194,0.845472
NC_001841.1,NC_001841.1__M__150,M,150,1850,virus,0.9999396800994873,0.039109,0.034874,0.087867,0.030770,0.016336,0.791044
NC_001841.1,NC_001841.1__M__100,M,100,1900,virus,0.9999011754989624,0.026253,0.034903,0.089599,0.028944,0.019924,0.800376
NC_001841.1,NC_001841.1__M__50,M,50,1950,eukarya,0.9998852014541626,0.028247,0.035268,0.581524,0.032652,0.029472,0.292837
NC_001841.1,NC_001841.1__M__1,M,1,1999,virus,0.9999001026153564,0.031361,0.037432,0.392637,0.035062,0.034329,0.469179
NC_001793.1,NC_001793.1__none__0,none,0,2000,virus,0.9994432330131531,0.013784,0.017947,0.032223,0.012858,0.013877,0.909312
NC_001793.1,NC_001793.1__M__500,M,500,1500,virus,0.9996719360351562,0.230423,0.038403,0.097114,0.036816,0.033537,0.563707
NC_001793.1,NC_001793.1__M__450,M,450,1550,virus,0.9997140765190125,0.132280,0.029161,0.131877,0.031554,0.025416,0.649712
NC_001793.1,NC_001793.1__M__400,M,400,1600,virus,0.9997463822364807,0.102635,0.029538,0.146551,0.029678,0.020711,0.670887
NC_001793.1,NC_001793.1__M__350,M,350,1650,virus,0.9996423721313477,0.064226,0.028883,0.203623,0.028274,0.022803,0.652192
NC_001793.1,NC_001793.1__M__300,M,300,1700,virus,0.9996107220649719,0.078531,0.029170,0.189488,0.029818,0.023997,0.648997
NC_001793.1,NC_001793.1__M__250,M,250,1750,virus,0.9994959831237793,0.089690,0.021110,0.080705,0.024285,0.018605,0.765605
NC_001793.1,NC_001793.1__M__200,M,200,1800,virus,0.9995538592338562,0.060532,0.018203,0.047602,0.020256,0.017330,0.836078
NC_001793.1,NC_001793.1__M__150,M,150,1850,virus,0.9996356964111328,0.033319,0.017840,0.048357,0.017744,0.014347,0.868392
NC_001793.1,NC_001793.1__M__100,M,100,1900,virus,0.9994322657585144,0.022250,0.018462,0.049131,0.017614,0.015789,0.876752
NC_001793.1,NC_001793.1__M__50,M,50,1950,virus,0.9995610117912292,0.020546,0.021036,0.059005,0.017240,0.016853,0.865319
NC_001793.1,NC_001793.1__M__1,M,1,1999,virus,0.9994438290596008,0.013790,0.017952,0.032235,0.012859,0.013880,0.909285
NC_004146.1,NC_004146.1__none__0,none,0,2000,phage,0.9999905824661255,0.064569,0.829518,0.018142,0.024639,0.036527,0.026604
NC_004146.1,NC_004146.1__M__500,M,500,1500,bacteria,0.9999948740005493,0.702801,0.155689,0.025884,0.038733,0.035167,0.041726
NC_004146.1,NC_004146.1__M__450,M,450,1550,bacteria,0.9999957084655762,0.799978,0.071659,0.024785,0.033203,0.033702,0.036674
NC_004146.1,NC_004146.1__M__400,M,400,1600,bacteria,0.9999958276748657,0.813780,0.064609,0.023583,0.031302,0.032436,0.034288
NC_004146.1,NC_004146.1__M__350,M,350,1650,bacteria,0.9999954700469971,0.819355,0.060472,0.023331,0.030806,0.034954,0.031083
NC_004146.1,NC_004146.1__M__300,M,300,1700,bacteria,0.9999918937683105,0.802709,0.075155,0.022452,0.032165,0.037304,0.030215
NC_004146.1,NC_004146.1__M__250,M,250,1750,bacteria,0.9999905824661255,0.793246,0.078089,0.022874,0.034595,0.039048,0.032149
NC_004146.1,NC_004146.1__M__200,M,200,1800,bacteria,0.9999909400939941,0.698842,0.146072,0.025699,0.039330,0.052506,0.037551
NC_004146.1,NC_004146.1__M__150,M,150,1850,bacteria,0.9999911785125732,0.722071,0.125885,0.026019,0.037523,0.055373,0.033129
NC_004146.1,NC_004146.1__M__100,M,100,1900,bacteria,0.9999879598617554,0.629693,0.201747,0.031735,0.044939,0.052922,0.038964
NC_004146.1,NC_004146.1__M__50,M,50,1950,phage,0.9999878406524658,0.097911,0.779784,0.021190,0.029264,0.041221,0.030630
NC_004146.1,NC_004146.1__M__1,M,1,1999,phage,0.999990701675415,0.064697,0.829326,0.018167,0.024677,0.036486,0.026646
NC_003616.1,NC_003616.1__none__0,none,0,2000,virus,0.9999244213104248,0.010644,0.015700,0.019873,0.013578,0.014635,0.925571
NC_003616.1,NC_003616.1__M__500,M,500,1500,virus,0.9998131394386292,0.055476,0.036244,0.112947,0.035930,0.016219,0.743184
NC_003616.1,NC_003616.1__M__450,M,450,1550,virus,0.9998525381088257,0.034220,0.024654,0.090750,0.026194,0.014659,0.809523
NC_003616.1,NC_003616.1__M__400,M,400,1600,virus,0.9999029636383057,0.025119,0.019997,0.033827,0.017759,0.010702,0.892596
NC_003616.1,NC_003616.1__M__350,M,350,1650,virus,0.9999312162399292,0.020057,0.017160,0.025777,0.015314,0.009961,0.911730
NC_003616.1,NC_003616.1__M__300,M,300,1700,virus,0.9999271631240845,0.021849,0.017520,0.025241,0.014815,0.009332,0.911243
NC_003616.1,NC_003616.1__M__250,M,250,1750,virus,0.999914288520813,0.031939,0.024339,0.056094,0.022300,0.014189,0.851139
NC_003616.1,NC_003616.1__M__200,M,200,1800,virus,0.9999449253082275,0.028811,0.019913,0.033021,0.019466,0.011987,0.886801
NC_003616.1,NC_003616.1__M__150,M,150,1850,virus,0.9999340772628784,0.015897,0.016597,0.022749,0.016003,0.011100,0.917654
NC_003616.1,NC_003616.1__M__100,M,100,1900,virus,0.9998897314071655,0.016767,0.020754,0.035555,0.021770,0.014322,0.890832
NC_003616.1,NC_003616.1__M__50,M,50,1950,virus,0.9998989105224609,0.012071,0.015526,0.022390,0.015114,0.013859,0.921041
NC_003616.1,NC_003616.1__M__1,M,1,1999,virus,0.9999240636825562,0.010640,0.015664,0.019833,0.013569,0.014623,0.925672
NC_003693.1,NC_003693.1__none__0,none,0,2000,virus,0.9995063543319702,0.019039,0.015792,0.022409,0.016469,0.014053,0.912238
NC_003693.1,NC_003693.1__M__500,M,500,1500,virus,0.9992903470993042,0.275072,0.025744,0.044335,0.030530,0.017738,0.606581
NC_003693.1,NC_003693.1__M__450,M,450,1550,virus,0.99958735704422,0.284004,0.028774,0.042757,0.033557,0.021124,0.589783
NC_003693.1,NC_003693.1__M__400,M,400,1600,virus,0.9995983242988586,0.181968,0.023462,0.039311,0.030060,0.018757,0.706442
NC_003693.1,NC_003693.1__M__350,M,350,1650,virus,0.99964439868927,0.245628,0.026384,0.040791,0.033111,0.020471,0.633616
NC_003693.1,NC_003693.1__M__300,M,300,1700,virus,0.9994127750396729,0.145501,0.023710,0.039359,0.029739,0.014999,0.746692
NC_003693.1,NC_003693.1__M__250,M,250,1750,virus,0.9995808005332947,0.089409,0.019809,0.030724,0.023357,0.012994,0.823708
NC_003693.1,NC_003693.1__M__200,M,200,1800,virus,0.999603807926178,0.031754,0.014837,0.019227,0.016111,0.010702,0.907369
NC_003693.1,NC_003693.1__M__150,M,150,1850,virus,0.9996140599250793,0.029012,0.014648,0.019858,0.015949,0.011105,0.909428
NC_003693.1,NC_003693.1__M__100,M,100,1900,virus,0.9992387294769287,0.019373,0.015423,0.021448,0.016270,0.013017,0.914469
NC_003693.1,NC_003693.1__M__50,M,50,1950,virus,0.9993057250976562,0.032909,0.018527,0.030331,0.020450,0.018570,0.879213
NC_003693.1,NC_003693.1__M__1,M,1,1999,virus,0.9995079040527344,0.019111,0.015811,0.022468,0.016503,0.014060,0.912046
NC_001739.2,NC_001739.2__none__0,none,0,2000,virus,0.9999501705169678,0.150957,0.252623,0.041895,0.131216,0.110243,0.313066
NC_001739.2,NC_001739.2__M__500,M,500,1500,bacteria,0.9998619556427002,0.882042,0.026053,0.014211,0.019702,0.019925,0.038067
NC_001739.2,NC_001739.2__M__450,M,450,1550,bacteria,0.9999001026153564,0.914555,0.017891,0.010335,0.017663,0.017383,0.022172
NC_001739.2,NC_001739.2__M__400,M,400,1600,bacteria,0.9998974800109863,0.872959,0.026964,0.014104,0.029375,0.028571,0.028027
NC_001739.2,NC_001739.2__M__350,M,350,1650,bacteria,0.9999011754989624,0.869066,0.025515,0.014844,0.022776,0.018651,0.049148
NC_001739.2,NC_001739.2__M__300,M,300,1700,bacteria,0.9999096393585205,0.865561,0.026106,0.015091,0.020231,0.021827,0.051183
NC_001739.2,NC_001739.2__M__250,M,250,1750,bacteria,0.9999475479125977,0.868385,0.024872,0.014344,0.018968,0.020383,0.053048
NC_001739.2,NC_001739.2__M__200,M,200,1800,bacteria,0.9999252557754517,0.818635,0.036152,0.018998,0.026716,0.027712,0.071787
NC_001739.2,NC_001739.2__M__150,M,150,1850,bacteria,0.9998942613601685,0.679545,0.060953,0.027352,0.058854,0.048399,0.124897
NC_001739.2,NC_001739.2__M__100,M,100,1900,bacteria,0.9998468160629272,0.440045,0.108484,0.039103,0.081311,0.055829,0.275229
NC_001739.2,NC_001739.2__M__50,M,50,1950,virus,0.9999510049819946,0.095151,0.212767,0.046504,0.123945,0.067791,0.453842
NC_001739.2,NC_001739.2__M__1,M,1,1999,virus,0.9999500513076782,0.150869,0.252741,0.041921,0.130941,0.110378,0.313149
