contig_id,frag_id,pad_char,pad_len,real_len,pred_class,reliability,prob_bacteria,prob_phage,prob_eukarya,prob_archaea,prob_plasmid,prob_virus
NC_139368.1,NC_139368.1__none__0,none,0,2000,virus,0.9998496770858765,0.010492,0.020143,0.024039,0.013169,0.012007,0.920150
NC_139368.1,NC_139368.1__M__500,M,500,1500,eukarya,0.9994035959243774,0.023237,0.070887,0.508559,0.052696,0.027376,0.317246
NC_139368.1,NC_139368.1__M__450,M,450,1550,eukarya,0.9994091987609863,0.022262,0.059901,0.595535,0.052220,0.025946,0.244136
NC_139368.1,NC_139368.1__M__400,M,400,1600,virus,0.9995161294937134,0.023624,0.064548,0.361531,0.048959,0.028322,0.473017
NC_139368.1,NC_139368.1__M__350,M,350,1650,virus,0.9996292591094971,0.023267,0.046667,0.417824,0.032796,0.026661,0.452785
NC_139368.1,NC_139368.1__M__300,M,300,1700,virus,0.9996877908706665,0.022293,0.048161,0.349335,0.032376,0.026818,0.521016
NC_139368.1,NC_139368.1__M__250,M,250,1750,virus,0.9996659755706787,0.019838,0.052148,0.203917,0.028352,0.023195,0.672550
NC_139368.1,NC_139368.1__M__200,M,200,1800,virus,0.9997411370277405,0.018181,0.034331,0.127442,0.023801,0.020969,0.775275
NC_139368.1,NC_139368.1__M__150,M,150,1850,virus,0.9997084736824036,0.020335,0.054180,0.203650,0.027145,0.021164,0.673525
NC_139368.1,NC_139368.1__M__100,M,100,1900,virus,0.9998201727867126,0.012138,0.022746,0.036774,0.015301,0.013086,0.899954
NC_139368.1,NC_139368.1__M__50,M,50,1950,virus,0.9998575448989868,0.012395,0.022337,0.038216,0.016896,0.013695,0.896461
NC_139368.1,NC_139368.1__M__1,M,1,1999,virus,0.9998500347137451,0.010488,0.020116,0.024005,0.013157,0.012002,0.920232
NC_139181.1,NC_139181.1__none__0,none,0,2000,phage,0.9946932196617126,0.021283,0.912282,0.014161,0.016014,0.019502,0.016759
NC_139181.1,NC_139181.1__M__500,M,500,1500,phage,0.9675328135490417,0.040215,0.882563,0.015731,0.019828,0.021750,0.019913
NC_139181.1,NC_139181.1__M__450,M,450,1550,phage,0.9698155522346497,0.038989,0.884608,0.014587,0.018732,0.023653,0.019431
NC_139181.1,NC_139181.1__M__400,M,400,1600,phage,0.9757158756256104,0.042089,0.887613,0.014451,0.017972,0.019752,0.018124
NC_139181.1,NC_139181.1__M__350,M,350,1650,phage,0.9873024225234985,0.044795,0.884802,0.013365,0.017001,0.022325,0.017712
NC_139181.1,NC_139181.1__M__300,M,300,1700,phage,0.9904754757881165,0.030879,0.897659,0.015489,0.017386,0.020483,0.018104
NC_139181.1,NC_139181.1__M__250,M,250,1750,phage,0.988324761390686,0.026796,0.903199,0.014858,0.016538,0.020994,0.017615
NC_139181.1,NC_139181.1__M__200,M,200,1800,phage,0.9918670058250427,0.025128,0.906140,0.014221,0.015809,0.021915,0.016788
NC_139181.1,NC_139181.1__M__150,M,150,1850,phage,0.9913553595542908,0.025606,0.905418,0.014230,0.016299,0.021548,0.016900
NC_139181.1,NC_139181.1__M__100,M,100,1900,phage,0.9923075437545776,0.024111,0.909859,0.013561,0.016039,0.019697,0.016734
NC_139181.1,NC_139181.1__M__50,M,50,1950,phage,0.9944161176681519,0.020789,0.912785,0.014219,0.016186,0.018966,0.017054
NC_139181.1,NC_139181.1__M__1,M,1,1999,phage,0.9947029948234558,0.021273,0.912273,0.014164,0.016017,0.019512,0.016762
NC_138481.1,NC_138481.1__none__0,none,0,2000,eukarya,0.9993276596069336,0.016259,0.014471,0.927509,0.014334,0.011569,0.015859
NC_138481.1,NC_138481.1__M__500,M,500,1500,eukarya,0.9994522929191589,0.016649,0.013152,0.930988,0.013284,0.010665,0.015262
NC_138481.1,NC_138481.1__M__450,M,450,1550,eukarya,0.99907386302948,0.015362,0.012890,0.933840,0.012506,0.010989,0.014414
NC_138481.1,NC_138481.1__M__400,M,400,1600,eukarya,0.9992314577102661,0.018175,0.013233,0.930779,0.012882,0.009941,0.014991
NC_138481.1,NC_138481.1__M__350,M,350,1650,eukarya,0.9993799924850464,0.015222,0.014365,0.928519,0.013957,0.012794,0.015142
NC_138481.1,NC_138481.1__M__300,M,300,1700,eukarya,0.9991814494132996,0.015604,0.015787,0.922824,0.015473,0.014155,0.016157
NC_138481.1,NC_138481.1__M__250,M,250,1750,eukarya,0.9991814494132996,0.016169,0.016065,0.922458,0.015521,0.013775,0.016012
NC_138481.1,NC_138481.1__M__200,M,200,1800,eukarya,0.9992762207984924,0.018086,0.015220,0.922998,0.015581,0.011553,0.016561
NC_138481.1,NC_138481.1__M__150,M,150,1850,eukarya,0.9991198182106018,0.017126,0.015250,0.922859,0.015804,0.012450,0.016513
NC_138481.1,NC_138481.1__M__100,M,100,1900,eukarya,0.9990435242652893,0.018987,0.015684,0.921745,0.015476,0.011401,0.016707
NC_138481.1,NC_138481.1__M__50,M,50,1950,eukarya,0.9992190599441528,0.017546,0.014944,0.924797,0.015003,0.011625,0.016084
NC_138481.1,NC_138481.1__M__1,M,1,1999,eukarya,0.9993263483047485,0.016265,0.014474,0.927496,0.014338,0.011568,0.015859
NC_137529.1,NC_137529.1__none__0,none,0,2000,phage,0.9969333410263062,0.130033,0.738954,0.020624,0.021921,0.066823,0.021644
NC_137529.1,NC_137529.1__M__500,M,500,1500,bacteria,0.8427221775054932,0.395937,0.267904,0.026502,0.030038,0.250525,0.029094
NC_137529.1,NC_137529.1__M__450,M,450,1550,phage,0.8941344022750854,0.304451,0.330873,0.026022,0.029655,0.280289,0.028710
NC_137529.1,NC_137529.1__M__400,M,400,1600,bacteria,0.8722724318504333,0.400150,0.301005,0.026295,0.029718,0.213756,0.029076
NC_137529.1,NC_137529.1__M__350,M,350,1650,phage,0.9393534064292908,0.109658,0.703930,0.018829,0.023240,0.122109,0.022234
NC_137529.1,NC_137529.1__M__300,M,300,1700,phage,0.9666112065315247,0.203089,0.487500,0.022950,0.026036,0.235910,0.024516
NC_137529.1,NC_137529.1__M__250,M,250,1750,phage,0.972939133644104,0.204457,0.499433,0.023912,0.026886,0.220462,0.024849
NC_137529.1,NC_137529.1__M__200,M,200,1800,phage,0.9863946437835693,0.262165,0.503687,0.025750,0.027419,0.155837,0.025141
NC_137529.1,NC_137529.1__M__150,M,150,1850,bacteria,0.9865477681159973,0.380624,0.317416,0.028363,0.029905,0.216257,0.027435
NC_137529.1,NC_137529.1__M__100,M,100,1900,bacteria,0.9920170307159424,0.503741,0.302513,0.025764,0.028668,0.114066,0.025248
NC_137529.1,NC_137529.1__M__50,M,50,1950,phage,0.9962934851646423,0.246552,0.600049,0.023111,0.025581,0.081286,0.023421
NC_137529.1,NC_137529.1__M__1,M,1,1999,phage,0.9969308972358704,0.130340,0.738699,0.020631,0.021935,0.066738,0.021657
NC_117365.1,NC_117365.1__none__0,none,0,2000,virus,0.9997894167900085,0.010539,0.015577,0.017714,0.012970,0.013306,0.929894
NC_117365.1,NC_117365.1__M__500,M,500,1500,virus,0.9996654987335205,0.009127,0.013372,0.015600,0.010298,0.008871,0.942731
NC_117365.1,NC_117365.1__M__450,M,450,1550,virus,0.9997455477714539,0.011136,0.019333,0.022928,0.012852,0.012330,0.921421
NC_117365.1,NC_117365.1__M__400,M,400,1600,virus,0.9997953772544861,0.011683,0.018174,0.021139,0.013304,0.013246,0.922454
NC_117365.1,NC_117365.1__M__350,M,350,1650,virus,0.9998024106025696,0.010124,0.016026,0.017646,0.012835,0.013260,0.930109
NC_117365.1,NC_117365.1__M__300,M,300,1700,virus,0.999761164188385,0.009446,0.014515,0.016186,0.011364,0.010502,0.937987
NC_117365.1,NC_117365.1__M__250,M,250,1750,virus,0.999707043170929,0.009541,0.013710,0.016262,0.011487,0.010372,0.938627
NC_117365.1,NC_117365.1__M__200,M,200,1800,virus,0.9998143315315247,0.010265,0.014669,0.017839,0.012684,0.011553,0.932989
NC_117365.1,NC_117365.1__M__150,M,150,1850,virus,0.9998873472213745,0.010112,0.014870,0.017172,0.012417,0.012073,0.933356
NC_117365.1,NC_117365.1__M__100,M,100,1900,virus,0.9998553991317749,0.010504,0.015261,0.017056,0.012362,0.012453,0.932364
NC_117365.1,NC_117365.1__M__50,M,50,1950,virus,0.999804675579071,0.010693,0.016144,0.018223,0.013054,0.013490,0.928396
NC_117365.1,NC_117365.1__M__1,M,1,1999,virus,0.9997888207435608,0.010577,0.015575,0.017776,0.013005,0.013291,0.929776
NC_078320.1,NC_078320.1__none__0,none,0,2000,virus,0.9991931319236755,0.028464,0.027757,0.112463,0.026359,0.031194,0.773764
NC_078320.1,NC_078320.1__M__500,M,500,1500,virus,0.9989744424819946,0.025887,0.024598,0.124123,0.023689,0.028529,0.773174
NC_078320.1,NC_078320.1__M__450,M,450,1550,virus,0.9987180233001709,0.031439,0.029827,0.206355,0.028576,0.035349,0.668454
NC_078320.1,NC_078320.1__M__400,M,400,1600,virus,0.9988008737564087,0.028833,0.028838,0.181334,0.028112,0.033176,0.699707
NC_078320.1,NC_078320.1__M__350,M,350,1650,eukarya,0.9987978935241699,0.038058,0.038389,0.426168,0.038928,0.039449,0.419008
NC_078320.1,NC_078320.1__M__300,M,300,1700,eukarya,0.9989198446273804,0.037518,0.036860,0.443353,0.039411,0.040780,0.402076
NC_078320.1,NC_078320.1__M__250,M,250,1750,eukarya,0.9989492297172546,0.037466,0.037483,0.495093,0.039287,0.042072,0.348599
NC_078320.1,NC_078320.1__M__200,M,200,1800,virus,0.9991217255592346,0.037991,0.036923,0.383128,0.038056,0.041682,0.462219
NC_078320.1,NC_078320.1__M__150,M,150,1850,virus,0.9992889165878296,0.037146,0.036300,0.368256,0.036776,0.039764,0.481757
NC_078320.1,NC_078320.1__M__100,M,100,1900,virus,0.9991770386695862,0.036959,0.036987,0.291742,0.036482,0.040940,0.556891
NC_078320.1,NC_078320.1__M__50,M,50,1950,virus,0.9992326498031616,0.034414,0.034390,0.218050,0.032895,0.037926,0.642325
NC_078320.1,NC_078320.1__M__1,M,1,1999,virus,0.9991922974586487,0.028446,0.027740,0.112366,0.026343,0.031182,0.773922
NC_078100.1,NC_078100.1__none__0,none,0,2000,virus,0.9999668598175049,0.014544,0.022081,0.023454,0.017989,0.016767,0.905166
NC_078100.1,NC_078100.1__M__500,M,500,1500,virus,0.9999316930770874,0.027280,0.039861,0.055749,0.029443,0.024099,0.823567
NC_078100.1,NC_078100.1__M__450,M,450,1550,virus,0.9999362230300903,0.031628,0.047284,0.073603,0.034913,0.028806,0.783765
NC_078100.1,NC_078100.1__M__400,M,400,1600,virus,0.9999393224716187,0.030689,0.045764,0.079322,0.039033,0.032798,0.772395
NC_078100.1,NC_078100.1__M__350,M,350,1650,virus,0.9999573230743408,0.017671,0.029694,0.041739,0.023599,0.019459,0.867838
NC_078100.1,NC_078100.1__M__300,M,300,1700,virus,0.9999737739562988,0.016925,0.029058,0.034711,0.022352,0.018848,0.878105
NC_078100.1,NC_078100.1__M__250,M,250,1750,virus,0.9999731779098511,0.018765,0.031466,0.039217,0.025258,0.021610,0.863684
NC_078100.1,NC_078100.1__M__200,M,200,1800,virus,0.999969482421875,0.017254,0.027243,0.033743,0.023061,0.020132,0.878567
NC_078100.1,NC_078100.1__M__150,M,150,1850,virus,0.9999626874923706,0.015558,0.024100,0.027534,0.019756,0.017775,0.895276
NC_078100.1,NC_078100.1__M__100,M,100,1900,virus,0.9999701976776123,0.016034,0.025318,0.028652,0.020116,0.017983,0.891896
NC_078100.1,NC_078100.1__M__50,M,50,1950,virus,0.9999599456787109,0.016613,0.025603,0.029497,0.021281,0.018654,0.888352
NC_078100.1,NC_078100.1__M__1,M,1,1999,virus,0.9999666213989258,0.014553,0.022104,0.023480,0.018008,0.016789,0.905066
NC_078225.1,NC_078225.1__none__0,none,0,2000,virus,0.9996260404586792,0.010487,0.012369,0.012616,0.011174,0.011692,0.941662
NC_078225.1,NC_078225.1__M__500,M,500,1500,virus,0.999330997467041,0.012211,0.011816,0.017938,0.010529,0.011766,0.935740
NC_078225.1,NC_078225.1__M__450,M,450,1550,virus,0.9992777705192566,0.011479,0.012016,0.017273,0.010630,0.012208,0.936394
NC_078225.1,NC_078225.1__M__400,M,400,1600,virus,0.9989854693412781,0.012082,0.012344,0.016966,0.010642,0.011164,0.936802
NC_078225.1,NC_078225.1__M__350,M,350,1650,virus,0.9989472031593323,0.011552,0.012696,0.016120,0.010773,0.012196,0.936663
NC_078225.1,NC_078225.1__M__300,M,300,1700,virus,0.9990031123161316,0.010845,0.014117,0.013840,0.011174,0.011066,0.938958
NC_078225.1,NC_078225.1__M__250,M,250,1750,virus,0.9990994930267334,0.010877,0.013486,0.014199,0.011422,0.011774,0.938243
NC_078225.1,NC_078225.1__M__200,M,200,1800,virus,0.9991185069084167,0.011287,0.013755,0.015103,0.011647,0.012610,0.935598
NC_078225.1,NC_078225.1__M__150,M,150,1850,virus,0.9993612170219421,0.011997,0.013615,0.017206,0.012127,0.013066,0.931989
NC_078225.1,NC_078225.1__M__100,M,100,1900,virus,0.9995195865631104,0.011352,0.013525,0.015107,0.011700,0.011947,0.936369
NC_078225.1,NC_078225.1__M__50,M,50,1950,virus,0.9995554089546204,0.010531,0.012331,0.012389,0.011238,0.011104,0.942407
NC_078225.1,NC_078225.1__M__1,M,1,1999,virus,0.999625563621521,0.010483,0.012378,0.012617,0.011183,0.011693,0.941645
NC_078270.1,NC_078270.1__none__0,none,0,2000,virus,0.9999383687973022,0.032806,0.135589,0.038686,0.030393,0.025144,0.737382
NC_078270.1,NC_078270.1__M__500,M,500,1500,phage,0.9998025298118591,0.122390,0.436999,0.051414,0.127681,0.053727,0.207789
NC_078270.1,NC_078270.1__M__450,M,450,1550,phage,0.9997603297233582,0.115876,0.363690,0.062326,0.142094,0.051237,0.264777
NC_078270.1,NC_078270.1__M__400,M,400,1600,phage,0.9998021721839905,0.112518,0.380848,0.073671,0.112040,0.047464,0.273458
NC_078270.1,NC_078270.1__M__350,M,350,1650,virus,0.9997937083244324,0.054797,0.330296,0.071621,0.048902,0.027118,0.467266
NC_078270.1,NC_078270.1__M__300,M,300,1700,virus,0.9998217225074768,0.046281,0.372085,0.047748,0.037419,0.027296,0.469170
NC_078270.1,NC_078270.1__M__250,M,250,1750,virus,0.9998804330825806,0.040806,0.280944,0.042750,0.035252,0.027992,0.572257
NC_078270.1,NC_078270.1__M__200,M,200,1800,virus,0.9999045133590698,0.036739,0.203522,0.038321,0.032951,0.025974,0.662492
NC_078270.1,NC_078270.1__M__150,M,150,1850,virus,0.9998992681503296,0.038852,0.280934,0.040824,0.034253,0.028059,0.577078
NC_078270.1,NC_078270.1__M__100,M,100,1900,virus,0.9999203681945801,0.035946,0.214832,0.040953,0.032960,0.027870,0.647440
NC_078270.1,NC_078270.1__M__50,M,50,1950,virus,0.9999356269836426,0.032961,0.153300,0.038974,0.030714,0.026588,0.717463
NC_078270.1,NC_078270.1__M__1,M,1,1999,virus,0.9999384880065918,0.032771,0.135322,0.038615,0.030366,0.025122,0.737803
NC_078409.1,NC_078409.1__none__0,none,0,2000,virus,0.9964233040809631,0.020197,0.044909,0.088481,0.027924,0.027233,0.791256
NC_078409.1,NC_078409.1__M__500,M,500,1500,virus,0.9974406957626343,0.026526,0.072687,0.075275,0.063126,0.032024,0.730363
NC_078409.1,NC_078409.1__M__450,M,450,1550,virus,0.9972587823867798,0.028749,0.090129,0.093298,0.084712,0.037488,0.665626
NC_078409.1,NC_078409.1__M__400,M,400,1600,virus,0.9950599074363708,0.030381,0.080843,0.094834,0.084049,0.039264,0.670629
NC_078409.1,NC_078409.1__M__350,M,350,1650,virus,0.9936745166778564,0.033564,0.091391,0.172446,0.088304,0.042516,0.571780
NC_078409.1,NC_078409.1__M__300,M,300,1700,virus,0.9917457699775696,0.024556,0.045784,0.193221,0.039495,0.031089,0.665855
NC_078409.1,NC_078409.1__M__250,M,250,1750,virus,0.988444447517395,0.024173,0.049460,0.160247,0.036493,0.031802,0.697825
NC_078409.1,NC_078409.1__M__200,M,200,1800,virus,0.9905911087989807,0.026214,0.055572,0.198598,0.039395,0.034215,0.646006
NC_078409.1,NC_078409.1__M__150,M,150,1850,virus,0.9942402839660645,0.026324,0.056985,0.201052,0.039671,0.034484,0.641485
NC_078409.1,NC_078409.1__M__100,M,100,1900,virus,0.9949523210525513,0.026405,0.053413,0.176434,0.039361,0.034826,0.669562
NC_078409.1,NC_078409.1__M__50,M,50,1950,virus,0.9959976673126221,0.024267,0.056264,0.146153,0.035841,0.031270,0.706204
NC_078409.1,NC_078409.1__M__1,M,1,1999,virus,0.9964380264282227,0.020208,0.044919,0.088459,0.027920,0.027245,0.791249
NC_078484.1,NC_078484.1__none__0,none,0,2000,virus,0.9592286348342896,0.025049,0.029131,0.091016,0.027145,0.024350,0.803309
NC_078484.1,NC_078484.1__M__500,M,500,1500,virus,0.9936249256134033,0.033096,0.035375,0.286073,0.039106,0.032224,0.574126
NC_078484.1,NC_078484.1__M__450,M,450,1550,virus,0.9938380122184753,0.033385,0.032829,0.223499,0.037700,0.029915,0.642672
NC_078484.1,NC_078484.1__M__400,M,400,1600,virus,0.9932798743247986,0.033394,0.035299,0.242486,0.038815,0.032090,0.617917
NC_078484.1,NC_078484.1__M__350,M,350,1650,virus,0.991152822971344,0.035017,0.036921,0.283611,0.040410,0.031821,0.572220
NC_078484.1,NC_078484.1__M__300,M,300,1700,virus,0.9835963249206543,0.031806,0.033619,0.178697,0.035514,0.028736,0.691627
NC_078484.1,NC_078484.1__M__250,M,250,1750,virus,0.9747045040130615,0.028024,0.031384,0.127384,0.030036,0.025666,0.757506
NC_078484.1,NC_078484.1__M__200,M,200,1800,virus,0.9633001089096069,0.024669,0.028123,0.087088,0.025958,0.022365,0.811797
NC_078484.1,NC_078484.1__M__150,M,150,1850,virus,0.9731351733207703,0.021002,0.025057,0.058818,0.023135,0.019621,0.852366
NC_078484.1,NC_078484.1__M__100,M,100,1900,virus,0.9691886901855469,0.019861,0.023844,0.051787,0.022173,0.018879,0.863456
NC_078484.1,NC_078484.1__M__50,M,50,1950,virus,0.9653823375701904,0.023836,0.027442,0.082104,0.026429,0.022948,0.817241
NC_078484.1,NC_078484.1__M__1,M,1,1999,virus,0.9592670202255249,0.025067,0.029161,0.091236,0.027174,0.024363,0.802998
NC_078627.1,NC_078627.1__none__0,none,0,2000,virus,0.9987937211990356,0.036061,0.022162,0.028781,0.022636,0.011493,0.878868
NC_078627.1,NC_078627.1__M__500,M,500,1500,eukarya,0.9994245767593384,0.156118,0.100721,0.326449,0.108947,0.039252,0.268513
NC_078627.1,NC_078627.1__M__450,M,450,1550,virus,0.9995206594467163,0.141138,0.082009,0.206205,0.073351,0.035380,0.461917
NC_078627.1,NC_078627.1__M__400,M,400,1600,virus,0.9994551539421082,0.105255,0.087236,0.240676,0.058584,0.033531,0.474718
NC_078627.1,NC_078627.1__M__350,M,350,1650,virus,0.999534010887146,0.069353,0.058965,0.140303,0.043109,0.026774,0.661497
NC_078627.1,NC_078627.1__M__300,M,300,1700,virus,0.9995564818382263,0.127528,0.071702,0.134263,0.054773,0.029573,0.582161
NC_078627.1,NC_078627.1__M__250,M,250,1750,virus,0.9994723200798035,0.097227,0.057755,0.105520,0.044131,0.022226,0.673141
NC_078627.1,NC_078627.1__M__200,M,200,1800,virus,0.9992733597755432,0.073397,0.040107,0.105217,0.040957,0.019096,0.721226
NC_078627.1,NC_078627.1__M__150,M,150,1850,virus,0.9992547631263733,0.132369,0.047475,0.126716,0.062648,0.021542,0.609250
NC_078627.1,NC_078627.1__M__100,M,100,1900,virus,0.9991710186004639,0.113777,0.045635,0.104292,0.065470,0.020630,0.650197
NC_078627.1,NC_078627.1__M__50,M,50,1950,virus,0.9990253448486328,0.053966,0.031792,0.046080,0.034012,0.015025,0.819126
NC_078627.1,NC_078627.1__M__1,M,1,1999,virus,0.9987926483154297,0.036231,0.022163,0.028848,0.022701,0.011494,0.878563
NC_078670.1,NC_078670.1__none__0,none,0,2000,virus,0.999987006187439,0.014473,0.021588,0.019435,0.013486,0.012233,0.918786
NC_078670.1,NC_078670.1__M__500,M,500,1500,virus,0.9999862909317017,0.031705,0.040892,0.031420,0.017028,0.024046,0.854908
NC_078670.1,NC_078670.1__M__450,M,450,1550,virus,0.9999829530715942,0.023284,0.044154,0.030844,0.016422,0.029679,0.855617
NC_078670.1,NC_078670.1__M__400,M,400,1600,virus,0.9999860525131226,0.014581,0.024053,0.025512,0.013430,0.016549,0.905875
NC_078670.1,NC_078670.1__M__350,M,350,1650,virus,0.9999901056289673,0.012815,0.018931,0.020100,0.012619,0.013090,0.922445
NC_078670.1,NC_078670.1__M__300,M,300,1700,virus,0.9999922513961792,0.011424,0.019394,0.018435,0.012740,0.015522,0.922485
NC_078670.1,NC_078670.1__M__250,M,250,1750,virus,0.999993085861206,0.009616,0.015892,0.016459,0.011239,0.010429,0.936365
NC_078670.1,NC_078670.1__M__200,M,200,1800,virus,0.9999909400939941,0.010410,0.017385,0.019016,0.011528,0.011489,0.930172
NC_078670.1,NC_078670.1__M__150,M,150,1850,virus,0.9999914169311523,0.012334,0.023196,0.023840,0.013699,0.014906,0.912025
NC_078670.1,NC_078670.1__M__100,M,100,1900,virus,0.9999864101409912,0.012360,0.025637,0.020707,0.012903,0.013660,0.914733
NC_078670.1,NC_078670.1__M__50,M,50,1950,virus,0.9999827146530151,0.016145,0.021649,0.020339,0.013495,0.012526,0.915846
NC_078670.1,NC_078670.1__M__1,M,1,1999,virus,0.9999868869781494,0.014478,0.021588,0.019440,0.013482,0.012228,0.918784
NC_078676.1,NC_078676.1__none__0,none,0,2000,virus,0.9999436140060425,0.017797,0.036045,0.020894,0.029999,0.017166,0.878100
NC_078676.1,NC_078676.1__M__500,M,500,1500,virus,0.9998224377632141,0.034613,0.146047,0.068353,0.081548,0.039843,0.629597
NC_078676.1,NC_078676.1__M__450,M,450,1550,virus,0.9998133778572083,0.037901,0.164269,0.066281,0.107891,0.044722,0.578937
NC_078676.1,NC_078676.1__M__400,M,400,1600,virus,0.9998327493667603,0.034389,0.156687,0.062846,0.072867,0.035263,0.637949
NC_078676.1,NC_078676.1__M__350,M,350,1650,virus,0.9998681545257568,0.025520,0.099516,0.041206,0.046412,0.025170,0.762176
NC_078676.1,NC_078676.1__M__300,M,300,1700,virus,0.9998799562454224,0.034360,0.179008,0.044898,0.048933,0.032494,0.660307
NC_078676.1,NC_078676.1__M__250,M,250,1750,virus,0.999887228012085,0.035739,0.212911,0.044790,0.049752,0.034069,0.622740
NC_078676.1,NC_078676.1__M__200,M,200,1800,virus,0.9998956918716431,0.032764,0.196164,0.039166,0.049379,0.031131,0.651395
NC_078676.1,NC_078676.1__M__150,M,150,1850,virus,0.999901533126831,0.025496,0.102285,0.033358,0.048885,0.025443,0.764534
NC_078676.1,NC_078676.1__M__100,M,100,1900,virus,0.9999204874038696,0.019962,0.056226,0.024587,0.030746,0.022674,0.845805
NC_078676.1,NC_078676.1__M__50,M,50,1950,virus,0.999919056892395,0.016200,0.037296,0.020674,0.023328,0.017226,0.885276
NC_078676.1,NC_078676.1__M__1,M,1,1999,virus,0.999943733215332,0.017744,0.035816,0.020849,0.030044,0.017133,0.878414
NC_078823.1,NC_078823.1__none__0,none,0,2000,virus,0.9322004318237305,0.020078,0.019787,0.018443,0.017482,0.017821,0.906389
NC_078823.1,NC_078823.1__M__500,M,500,1500,virus,0.6765384078025818,0.016295,0.018591,0.023499,0.016384,0.017140,0.908091
NC_078823.1,NC_078823.1__M__450,M,450,1550,virus,0.7305019497871399,0.017499,0.018774,0.022903,0.016816,0.017185,0.906823
NC_078823.1,NC_078823.1__M__400,M,400,1600,virus,0.8010038137435913,0.013650,0.017236,0.019344,0.016493,0.015294,0.917983
NC_078823.1,NC_078823.1__M__350,M,350,1650,virus,0.8444066047668457,0.015677,0.017209,0.019358,0.016723,0.015414,0.915618
NC_078823.1,NC_078823.1__M__300,M,300,1700,virus,0.8869417309761047,0.013170,0.016087,0.019007,0.015917,0.014010,0.921809
NC_078823.1,NC_078823.1__M__250,M,250,1750,virus,0.8688386678695679,0.013777,0.017628,0.019781,0.015793,0.015614,0.917407
NC_078823.1,NC_078823.1__M__200,M,200,1800,virus,0.9039912819862366,0.019796,0.020325,0.020947,0.017715,0.019231,0.901986
NC_078823.1,NC_078823.1__M__150,M,150,1850,virus,0.9279471635818481,0.018957,0.021006,0.021294,0.018058,0.018783,0.901902
NC_078823.1,NC_078823.1__M__100,M,100,1900,virus,0.9278594851493835,0.018152,0.022790,0.021553,0.018411,0.019045,0.900048
NC_078823.1,NC_078823.1__M__50,M,50,1950,virus,0.9363077878952026,0.022677,0.023972,0.021999,0.019337,0.019682,0.892333
NC_078823.1,NC_078823.1__M__1,M,1,1999,virus,0.9320825934410095,0.020078,0.019793,0.018440,0.017480,0.017830,0.906379
NC_078826.1,NC_078826.1__none__0,none,0,2000,virus,0.9988571405410767,0.017440,0.017783,0.032470,0.016376,0.015127,0.900803
NC_078826.1,NC_078826.1__M__500,M,500,1500,virus,0.9995266199111938,0.014823,0.015543,0.021193,0.015116,0.013728,0.919597
NC_078826.1,NC_078826.1__M__450,M,450,1550,virus,0.9993804693222046,0.016167,0.016829,0.026804,0.015727,0.015052,0.909422
NC_078826.1,NC_078826.1__M__400,M,400,1600,virus,0.9992870688438416,0.016918,0.017067,0.030530,0.015686,0.014017,0.905782
NC_078826.1,NC_078826.1__M__350,M,350,1650,virus,0.9993273019790649,0.018677,0.018860,0.037216,0.016746,0.016222,0.892280
NC_078826.1,NC_078826.1__M__300,M,300,1700,virus,0.99949049949646,0.017315,0.018998,0.039276,0.016627,0.015252,0.892532
NC_078826.1,NC_078826.1__M__250,M,250,1750,virus,0.9994359612464905,0.016166,0.017468,0.033613,0.016158,0.014291,0.902304
NC_078826.1,NC_078826.1__M__200,M,200,1800,virus,0.9993835687637329,0.015726,0.017192,0.030081,0.015653,0.013896,0.907452
NC_078826.1,NC_078826.1__M__150,M,150,1850,virus,0.999250590801239,0.015138,0.017620,0.029467,0.015808,0.014156,0.907810
NC_078826.1,NC_078826.1__M__100,M,100,1900,virus,0.9992583394050598,0.017763,0.019594,0.041198,0.017400,0.016606,0.887439
NC_078826.1,NC_078826.1__M__50,M,50,1950,virus,0.9992817044258118,0.018229,0.018878,0.037524,0.016926,0.015437,0.893006
NC_078826.1,NC_078826.1__M__1,M,1,1999,virus,0.9988555908203125,0.017485,0.017807,0.032619,0.016398,0.015145,0.900545
NC_078867.1,NC_078867.1__none__0,none,0,2000,archaea,0.9998979568481445,0.025641,0.109820,0.059934,0.706576,0.031789,0.066240
NC_078867.1,NC_078867.1__M__500,M,500,1500,archaea,0.9998682737350464,0.037732,0.146297,0.217063,0.319112,0.028607,0.251189
NC_078867.1,NC_078867.1__M__450,M,450,1550,virus,0.999849796295166,0.034843,0.121202,0.256259,0.267691,0.026263,0.293741
NC_078867.1,NC_078867.1__M__400,M,400,1600,archaea,0.9998098015785217,0.034273,0.094730,0.314581,0.317494,0.027151,0.211770
NC_078867.1,NC_078867.1__M__350,M,350,1650,virus,0.9997764229774475,0.038401,0.099164,0.170446,0.180168,0.028565,0.483256
NC_078867.1,NC_078867.1__M__300,M,300,1700,virus,0.9998055100440979,0.037356,0.115092,0.192555,0.135636,0.033813,0.485546
NC_078867.1,NC_078867.1__M__250,M,250,1750,virus,0.9997573494911194,0.038274,0.111073,0.193307,0.277586,0.037820,0.341941
NC_078867.1,NC_078867.1__M__200,M,200,1800,virus,0.9997645020484924,0.040986,0.111601,0.185785,0.282350,0.037817,0.341461
NC_078867.1,NC_078867.1__M__150,M,150,1850,archaea,0.9998263716697693,0.039659,0.152400,0.165929,0.345335,0.039951,0.256727
NC_078867.1,NC_078867.1__M__100,M,100,1900,archaea,0.9998517036437988,0.038011,0.145379,0.107190,0.547742,0.037955,0.123722
NC_078867.1,NC_078867.1__M__50,M,50,1950,archaea,0.9998722076416016,0.037908,0.174757,0.101985,0.538921,0.038647,0.107781
NC_078867.1,NC_078867.1__M__1,M,1,1999,archaea,0.999897837638855,0.025667,0.109755,0.059932,0.706703,0.031808,0.066135
NC_078917.1,NC_078917.1__none__0,none,0,2000,virus,0.9996707439422607,0.014394,0.024948,0.022002,0.016100,0.015816,0.906740
NC_078917.1,NC_078917.1__M__500,M,500,1500,virus,0.9992172718048096,0.024287,0.084511,0.038132,0.020602,0.021046,0.811422
NC_078917.1,NC_078917.1__M__450,M,450,1550,virus,0.9992994070053101,0.025943,0.095361,0.050403,0.023598,0.023454,0.781242
NC_078917.1,NC_078917.1__M__400,M,400,1600,virus,0.9992627501487732,0.020548,0.047926,0.050362,0.021237,0.018615,0.841312
NC_078917.1,NC_078917.1__M__350,M,350,1650,virus,0.9993323683738708,0.018705,0.048173,0.042570,0.020171,0.017303,0.853077
NC_078917.1,NC_078917.1__M__300,M,300,1700,virus,0.9994768500328064,0.013412,0.033174,0.020958,0.013726,0.013560,0.905170
NC_078917.1,NC_078917.1__M__250,M,250,1750,virus,0.9996534585952759,0.013829,0.027719,0.018899,0.014522,0.013307,0.911722
NC_078917.1,NC_078917.1__M__200,M,200,1800,virus,0.999504566192627,0.013857,0.027022,0.018508,0.014344,0.013020,0.913248
NC_078917.1,NC_078917.1__M__150,M,150,1850,virus,0.9994012117385864,0.016090,0.029892,0.020569,0.016554,0.014248,0.902647
NC_078917.1,NC_078917.1__M__100,M,100,1900,virus,0.9995713829994202,0.015695,0.025164,0.024285,0.017944,0.015257,0.901655
NC_078917.1,NC_078917.1__M__50,M,50,1950,virus,0.9996138215065002,0.015327,0.026321,0.023122,0.017092,0.015708,0.902429
NC_078917.1,NC_078917.1__M__1,M,1,1999,virus,0.9996693134307861,0.014406,0.024959,0.022012,0.016114,0.015828,0.906681
NC_079036.1,NC_079036.1__none__0,none,0,2000,virus,0.9995899796485901,0.013625,0.022891,0.021042,0.015313,0.018305,0.908824
NC_079036.1,NC_079036.1__M__500,M,500,1500,virus,0.999690055847168,0.036928,0.058175,0.113113,0.115071,0.050408,0.626305
NC_079036.1,NC_079036.1__M__450,M,450,1550,virus,0.9997870326042175,0.039457,0.084303,0.083221,0.125085,0.057385,0.610549
NC_079036.1,NC_079036.1__M__400,M,400,1600,virus,0.9997702240943909,0.039475,0.077558,0.066404,0.080173,0.054960,0.681431
NC_079036.1,NC_079036.1__M__350,M,350,1650,virus,0.9997830986976624,0.044467,0.094739,0.074114,0.100609,0.059049,0.627022
NC_079036.1,NC_079036.1__M__300,M,300,1700,virus,0.9998145699501038,0.046278,0.103350,0.074789,0.078448,0.066736,0.630399
NC_079036.1,NC_079036.1__M__250,M,250,1750,virus,0.999790370464325,0.045734,0.103039,0.073464,0.061988,0.061611,0.654163
NC_079036.1,NC_079036.1__M__200,M,200,1800,virus,0.9997397065162659,0.039430,0.112335,0.071242,0.058255,0.061344,0.657394
NC_079036.1,NC_079036.1__M__150,M,150,1850,virus,0.9996867179870605,0.038707,0.106220,0.065808,0.059461,0.055247,0.674558
NC_079036.1,NC_079036.1__M__100,M,100,1900,virus,0.9997000694274902,0.026390,0.060594,0.042373,0.033030,0.040656,0.796957
NC_079036.1,NC_079036.1__M__50,M,50,1950,virus,0.9996418952941895,0.019046,0.037728,0.033312,0.024570,0.026278,0.859066
NC_079036.1,NC_079036.1__M__1,M,1,1999,virus,0.9995875954627991,0.013658,0.022969,0.021049,0.015318,0.018310,0.908697
NC_079122.1,NC_079122.1__none__0,none,0,2000,virus,0.9999340772628784,0.060474,0.113153,0.103640,0.069702,0.054471,0.598560
NC_079122.1,NC_079122.1__M__500,M,500,1500,virus,0.999971866607666,0.034992,0.055954,0.087960,0.039625,0.031349,0.750120
NC_079122.1,NC_079122.1__M__450,M,450,1550,virus,0.9999656677246094,0.060716,0.119771,0.161654,0.072330,0.054374,0.531154
NC_079122.1,NC_079122.1__M__400,M,400,1600,virus,0.9999445676803589,0.058094,0.148288,0.093204,0.064516,0.056851,0.579047
NC_079122.1,NC_079122.1__M__350,M,350,1650,virus,0.9999511241912842,0.101817,0.186157,0.129487,0.100641,0.082573,0.399325
NC_079122.1,NC_079122.1__M__300,M,300,1700,virus,0.9999475479125977,0.075747,0.247676,0.081379,0.082583,0.069988,0.442626
NC_079122.1,NC_079122.1__M__250,M,250,1750,virus,0.9999485015869141,0.073325,0.190812,0.080687,0.081949,0.065832,0.507394
NC_079122.1,NC_079122.1__M__200,M,200,1800,virus,0.9999524354934692,0.055332,0.154995,0.070700,0.067184,0.054158,0.597632
NC_079122.1,NC_079122.1__M__150,M,150,1850,virus,0.9999418258666992,0.087589,0.201415,0.110046,0.098557,0.073487,0.428905
NC_079122.1,NC_079122.1__M__100,M,100,1900,virus,0.9999505281448364,0.073573,0.186572,0.104361,0.092156,0.066173,0.477165
NC_079122.1,NC_079122.1__M__50,M,50,1950,virus,0.999941349029541,0.081016,0.195822,0.098556,0.092079,0.070242,0.462284
NC_079122.1,NC_079122.1__M__1,M,1,1999,virus,0.9999339580535889,0.060163,0.112724,0.103414,0.069488,0.054303,0.599907
NC_075296.1,NC_075296.1__none__0,none,0,2000,virus,0.9597539901733398,0.023423,0.043943,0.039477,0.028481,0.028831,0.835846
NC_075296.1,NC_075296.1__M__500,M,500,1500,virus,0.9937261939048767,0.033909,0.070736,0.034590,0.028961,0.031441,0.800362
NC_075296.1,NC_075296.1__M__450,M,450,1550,virus,0.9929203391075134,0.034466,0.069494,0.039355,0.031693,0.032766,0.792226
NC_075296.1,NC_075296.1__M__400,M,400,1600,virus,0.9919846653938293,0.070205,0.195647,0.052706,0.044395,0.065511,0.571536
NC_075296.1,NC_075296.1__M__350,M,350,1650,virus,0.9817243814468384,0.029852,0.059118,0.046217,0.032873,0.030724,0.801216
NC_075296.1,NC_075296.1__M__300,M,300,1700,virus,0.9739078283309937,0.033615,0.055874,0.042329,0.035195,0.035534,0.797454
NC_075296.1,NC_075296.1__M__250,M,250,1750,virus,0.9798169732093811,0.028390,0.049432,0.042307,0.032377,0.031773,0.815720
NC_075296.1,NC_075296.1__M__200,M,200,1800,virus,0.9714449644088745,0.019845,0.034267,0.031569,0.024609,0.023978,0.865732
NC_075296.1,NC_075296.1__M__150,M,150,1850,virus,0.974212646484375,0.016060,0.028947,0.026296,0.020816,0.019467,0.888413
NC_075296.1,NC_075296.1__M__100,M,100,1900,virus,0.9613720774650574,0.021994,0.041437,0.033987,0.026231,0.026828,0.849524
NC_075296.1,NC_075296.1__M__50,M,50,1950,virus,0.9518866539001465,0.024292,0.041994,0.038892,0.027950,0.028808,0.838064
NC_075296.1,NC_075296.1__M__1,M,1,1999,virus,0.9595076441764832,0.023430,0.043916,0.039486,0.028484,0.028829,0.835855
NC_076013.1,NC_076013.1__none__0,none,0,2000,virus,0.9918310046195984,0.011150,0.018911,0.019750,0.014823,0.015529,0.919837
NC_076013.1,NC_076013.1__M__500,M,500,1500,virus,0.9646580815315247,0.023225,0.033773,0.148487,0.028713,0.026023,0.739780
NC_076013.1,NC_076013.1__M__450,M,450,1550,virus,0.9764367341995239,0.018554,0.026828,0.079853,0.023211,0.022219,0.829335
NC_076013.1,NC_076013.1__M__400,M,400,1600,virus,0.9845387935638428,0.018339,0.027637,0.076568,0.024166,0.022495,0.830795
NC_076013.1,NC_076013.1__M__350,M,350,1650,virus,0.9825085401535034,0.014510,0.023145,0.040177,0.020144,0.019088,0.882937
NC_076013.1,NC_076013.1__M__300,M,300,1700,virus,0.9750025272369385,0.011136,0.017204,0.019372,0.014445,0.014513,0.923330
NC_076013.1,NC_076013.1__M__250,M,250,1750,virus,0.9762336611747742,0.010756,0.016662,0.017270,0.013816,0.014352,0.927144
NC_076013.1,NC_076013.1__M__200,M,200,1800,virus,0.9783815145492554,0.010667,0.016183,0.016468,0.013564,0.014574,0.928543
NC_076013.1,NC_076013.1__M__150,M,150,1850,virus,0.9806112051010132,0.010961,0.017010,0.016995,0.013952,0.014892,0.926190
NC_076013.1,NC_076013.1__M__100,M,100,1900,virus,0.9880919456481934,0.011088,0.017755,0.017972,0.014168,0.014962,0.924054
NC_076013.1,NC_076013.1__M__50,M,50,1950,virus,0.9903891682624817,0.011256,0.018719,0.018445,0.014603,0.015636,0.921342
NC_076013.1,NC_076013.1__M__1,M,1,1999,virus,0.9919215440750122,0.011155,0.018924,0.019774,0.014832,0.015526,0.919788
NC_076016.1,NC_076016.1__none__0,none,0,2000,virus,0.9997270703315735,0.021696,0.061549,0.025635,0.022754,0.021992,0.846374
NC_076016.1,NC_076016.1__M__500,M,500,1500,virus,0.9997155070304871,0.076780,0.121279,0.035995,0.033207,0.061997,0.670741
NC_076016.1,NC_076016.1__M__450,M,450,1550,virus,0.9997482895851135,0.068387,0.176589,0.038168,0.033901,0.057627,0.625329
NC_076016.1,NC_076016.1__M__400,M,400,1600,virus,0.9997202754020691,0.042344,0.102426,0.029585,0.028387,0.040187,0.757069
NC_076016.1,NC_076016.1__M__350,M,350,1650,virus,0.999600350856781,0.043768,0.072756,0.026373,0.025433,0.034915,0.796754
NC_076016.1,NC_076016.1__M__300,M,300,1700,virus,0.999632716178894,0.034982,0.081444,0.027183,0.026348,0.027892,0.802151
NC_076016.1,NC_076016.1__M__250,M,250,1750,virus,0.9997370839118958,0.038824,0.113663,0.028653,0.033936,0.033083,0.751840
NC_076016.1,NC_076016.1__M__200,M,200,1800,virus,0.9997639060020447,0.022029,0.061312,0.024965,0.021851,0.023181,0.846662
NC_076016.1,NC_076016.1__M__150,M,150,1850,virus,0.9996652603149414,0.022507,0.069242,0.026032,0.022720,0.024101,0.835398
NC_076016.1,NC_076016.1__M__100,M,100,1900,virus,0.999660849571228,0.021379,0.064749,0.024622,0.021444,0.021748,0.846058
NC_076016.1,NC_076016.1__M__50,M,50,1950,virus,0.9996838569641113,0.019483,0.054423,0.024803,0.021171,0.021593,0.858526
NC_076016.1,NC_076016.1__M__1,M,1,1999,virus,0.9997273087501526,0.021740,0.061831,0.025666,0.022787,0.022012,0.845965
NC_076099.1,NC_076099.1__none__0,none,0,2000,virus,0.9764463901519775,0.014791,0.033836,0.036887,0.014419,0.015365,0.884703
NC_076099.1,NC_076099.1__M__500,M,500,1500,virus,0.9333846569061279,0.015461,0.039978,0.033461,0.014778,0.016938,0.879384
NC_076099.1,NC_076099.1__M__450,M,450,1550,virus,0.9373132586479187,0.017002,0.035768,0.039761,0.015204,0.017243,0.875021
NC_076099.1,NC_076099.1__M__400,M,400,1600,virus,0.9277916550636292,0.022618,0.049262,0.053372,0.018128,0.022369,0.834251
NC_076099.1,NC_076099.1__M__350,M,350,1650,virus,0.9374934434890747,0.022753,0.057732,0.050196,0.018294,0.024630,0.826395
NC_076099.1,NC_076099.1__M__300,M,300,1700,virus,0.9451107382774353,0.024762,0.067806,0.069949,0.020103,0.024140,0.793238
NC_076099.1,NC_076099.1__M__250,M,250,1750,virus,0.9485215544700623,0.033263,0.075310,0.093627,0.021960,0.026961,0.748879
NC_076099.1,NC_076099.1__M__200,M,200,1800,virus,0.9562826752662659,0.035346,0.088968,0.107478,0.024202,0.027747,0.716258
NC_076099.1,NC_076099.1__M__150,M,150,1850,virus,0.9638286232948303,0.035382,0.092680,0.126501,0.025457,0.030514,0.689466
NC_076099.1,NC_076099.1__M__100,M,100,1900,virus,0.9685558676719666,0.022349,0.058497,0.091862,0.020246,0.023226,0.783818
NC_076099.1,NC_076099.1__M__50,M,50,1950,virus,0.9719359278678894,0.015190,0.038685,0.042936,0.015632,0.016666,0.870891
NC_076099.1,NC_076099.1__M__1,M,1,1999,virus,0.9761666655540466,0.014836,0.033849,0.037176,0.014444,0.015372,0.884323
NC_076400.1,NC_076400.1__none__0,none,0,2000,eukarya,0.9998258948326111,0.192876,0.046645,0.609952,0.049405,0.030995,0.070127
NC_076400.1,NC_076400.1__M__500,M,500,1500,eukarya,0.9999120235443115,0.059135,0.025190,0.838124,0.027327,0.018097,0.032126
NC_076400.1,NC_076400.1__M__450,M,450,1550,eukarya,0.9999029636383057,0.043156,0.019025,0.875923,0.021859,0.013123,0.026912
NC_076400.1,NC_076400.1__M__400,M,400,1600,eukarya,0.9998335838317871,0.027767,0.015445,0.905952,0.018280,0.011407,0.021148
NC_076400.1,NC_076400.1__M__350,M,350,1650,eukarya,0.9998520612716675,0.086582,0.026862,0.801169,0.030480,0.017017,0.037890
NC_076400.1,NC_076400.1__M__300,M,300,1700,eukarya,0.9998520612716675,0.086582,0.026862,0.801169,0.030480,0.017017,0.037890
NC_076400.1,NC_076400.1__M__250,M,250,1750,eukarya,0.9998520612716675,0.086582,0.026862,0.801169,0.030480,0.017017,0.037890
NC_076400.1,NC_076400.1__M__200,M,200,1800,eukarya,0.9998522996902466,0.086582,0.026862,0.801169,0.030480,0.017017,0.037890
NC_076400.1,NC_076400.1__M__150,M,150,1850,eukarya,0.9998698234558105,0.118557,0.033726,0.740834,0.040770,0.021759,0.044355
NC_076400.1,NC_076400.1__M__100,M,100,1900,eukarya,0.9998658895492554,0.199592,0.047381,0.604187,0.053303,0.031651,0.063887
NC_076400.1,NC_076400.1__M__50,M,50,1950,eukarya,0.9998581409454346,0.175020,0.040555,0.646874,0.044379,0.028626,0.064546
NC_076400.1,NC_076400.1__M__1,M,1,1999,eukarya,0.9998257756233215,0.193246,0.046671,0.609497,0.049407,0.031009,0.070171
NC_076412.1,NC_076412.1__none__0,none,0,2000,virus,0.999618649482727,0.011512,0.019588,0.029336,0.014073,0.013801,0.911691
NC_076412.1,NC_076412.1__M__500,M,500,1500,virus,0.9993035793304443,0.011842,0.021232,0.024948,0.019527,0.014982,0.907470
NC_076412.1,NC_076412.1__M__450,M,450,1550,virus,0.9993588328361511,0.012535,0.023593,0.029101,0.019742,0.015307,0.899722
NC_076412.1,NC_076412.1__M__400,M,400,1600,virus,0.9992621541023254,0.010562,0.019041,0.018956,0.013571,0.012655,0.925215
NC_076412.1,NC_076412.1__M__350,M,350,1650,virus,0.9994795918464661,0.011900,0.016902,0.027905,0.018579,0.014307,0.910406
NC_076412.1,NC_076412.1__M__300,M,300,1700,virus,0.999640941619873,0.011750,0.016112,0.027355,0.016027,0.014448,0.914308
NC_076412.1,NC_076412.1__M__250,M,250,1750,virus,0.9996520280838013,0.011991,0.016828,0.031693,0.016340,0.014892,0.908255
NC_076412.1,NC_076412.1__M__200,M,200,1800,virus,0.9995805621147156,0.014443,0.021754,0.046981,0.020566,0.016538,0.879717
NC_076412.1,NC_076412.1__M__150,M,150,1850,virus,0.9994736313819885,0.012634,0.018563,0.030828,0.015642,0.014488,0.907846
NC_076412.1,NC_076412.1__M__100,M,100,1900,virus,0.9994382262229919,0.011199,0.015941,0.022165,0.013561,0.012820,0.924315
NC_076412.1,NC_076412.1__M__50,M,50,1950,virus,0.999508261680603,0.010016,0.015842,0.019610,0.011906,0.011780,0.930847
NC_076412.1,NC_076412.1__M__1,M,1,1999,virus,0.9996182918548584,0.011597,0.019800,0.030007,0.014187,0.013915,0.910494
NC_076598.1,NC_076598.1__none__0,none,0,2000,virus,0.9934781789779663,0.032766,0.016521,0.036828,0.018161,0.011087,0.884637
NC_076598.1,NC_076598.1__M__500,M,500,1500,virus,0.9962430000305176,0.041016,0.016718,0.048804,0.015067,0.012905,0.865489
NC_076598.1,NC_076598.1__M__450,M,450,1550,virus,0.9946621060371399,0.037841,0.017759,0.061104,0.016444,0.016408,0.850445
NC_076598.1,NC_076598.1__M__400,M,400,1600,virus,0.99604332447052,0.074503,0.024736,0.200462,0.023936,0.017326,0.659038
NC_076598.1,NC_076598.1__M__350,M,350,1650,virus,0.9953405857086182,0.054370,0.021518,0.138171,0.021900,0.015051,0.748990
NC_076598.1,NC_076598.1__M__300,M,300,1700,virus,0.9938405752182007,0.033166,0.016947,0.059063,0.017963,0.012717,0.860145
NC_076598.1,NC_076598.1__M__250,M,250,1750,virus,0.9931312203407288,0.023009,0.013185,0.025675,0.013662,0.009489,0.914979
NC_076598.1,NC_076598.1__M__200,M,200,1800,virus,0.9930586814880371,0.020878,0.014358,0.024348,0.014791,0.010499,0.915125
NC_076598.1,NC_076598.1__M__150,M,150,1850,virus,0.992119550704956,0.024031,0.013914,0.022010,0.015099,0.009815,0.915130
NC_076598.1,NC_076598.1__M__100,M,100,1900,virus,0.992440938949585,0.031066,0.018331,0.048846,0.019462,0.013721,0.868574
NC_076598.1,NC_076598.1__M__50,M,50,1950,virus,0.9941837191581726,0.041053,0.017024,0.037789,0.019125,0.010726,0.874282
NC_076598.1,NC_076598.1__M__1,M,1,1999,virus,0.9934584498405457,0.032717,0.016504,0.036672,0.018129,0.011077,0.884902
NC_076602.1,NC_076602.1__none__0,none,0,2000,phage,0.984241783618927,0.017929,0.913079,0.012036,0.015996,0.024317,0.016642
NC_076602.1,NC_076602.1__M__500,M,500,1500,phage,0.9834330081939697,0.017895,0.897950,0.016101,0.018215,0.017480,0.032358
NC_076602.1,NC_076602.1__M__450,M,450,1550,phage,0.985042929649353,0.017590,0.890020,0.018715,0.018877,0.017491,0.037307
NC_076602.1,NC_076602.1__M__400,M,400,1600,phage,0.9872380495071411,0.021099,0.866483,0.021683,0.019724,0.021696,0.049315
NC_076602.1,NC_076602.1__M__350,M,350,1650,phage,0.988804042339325,0.030012,0.834316,0.026693,0.021854,0.031044,0.056081
NC_076602.1,NC_076602.1__M__300,M,300,1700,phage,0.9894556403160095,0.032343,0.864741,0.019406,0.019037,0.032381,0.032092
NC_076602.1,NC_076602.1__M__250,M,250,1750,phage,0.9880082607269287,0.029492,0.849739,0.021360,0.020440,0.036340,0.042629
NC_076602.1,NC_076602.1__M__200,M,200,1800,phage,0.9872527718544006,0.027519,0.860187,0.019840,0.019805,0.035548,0.037101
NC_076602.1,NC_076602.1__M__150,M,150,1850,phage,0.9793124198913574,0.023248,0.881276,0.017646,0.018282,0.030961,0.028587
NC_076602.1,NC_076602.1__M__100,M,100,1900,phage,0.9813176989555359,0.020203,0.903446,0.013153,0.016157,0.027884,0.019156
NC_076602.1,NC_076602.1__M__50,M,50,1950,phage,0.9860386848449707,0.019295,0.903245,0.013689,0.016514,0.027902,0.019354
NC_076602.1,NC_076602.1__M__1,M,1,1999,phage,0.9841411113739014,0.017941,0.912599,0.012118,0.016042,0.024476,0.016826
NC_076658.1,NC_076658.1__none__0,none,0,2000,virus,0.9736300706863403,0.023412,0.157147,0.134339,0.029529,0.055821,0.599752
NC_076658.1,NC_076658.1__M__500,M,500,1500,phage,0.9769883751869202,0.043413,0.524347,0.081013,0.034388,0.138185,0.178655
NC_076658.1,NC_076658.1__M__450,M,450,1550,phage,0.980491042137146,0.045503,0.366583,0.091483,0.038985,0.150507,0.306940
NC_076658.1,NC_076658.1__M__400,M,400,1600,phage,0.9733828902244568,0.037625,0.465523,0.096149,0.037201,0.094623,0.268879
NC_076658.1,NC_076658.1__M__350,M,350,1650,virus,0.9799273014068604,0.029202,0.254026,0.159833,0.034656,0.072443,0.449841
NC_076658.1,NC_076658.1__M__300,M,300,1700,phage,0.983773946762085,0.030096,0.416596,0.125858,0.035760,0.073951,0.317739
NC_076658.1,NC_076658.1__M__250,M,250,1750,virus,0.9743039608001709,0.027713,0.319305,0.132368,0.035255,0.078789,0.406572
NC_076658.1,NC_076658.1__M__200,M,200,1800,virus,0.9615138173103333,0.026741,0.279948,0.157977,0.034992,0.088941,0.411401
NC_076658.1,NC_076658.1__M__150,M,150,1850,virus,0.9490785002708435,0.027810,0.235728,0.162723,0.035048,0.082020,0.456670
NC_076658.1,NC_076658.1__M__100,M,100,1900,virus,0.9573599696159363,0.037986,0.250031,0.174532,0.040122,0.102215,0.395113
NC_076658.1,NC_076658.1__M__50,M,50,1950,virus,0.9563825130462646,0.035446,0.231647,0.179924,0.038546,0.094358,0.420080
NC_076658.1,NC_076658.1__M__1,M,1,1999,virus,0.9735392332077026,0.023480,0.159529,0.134387,0.029570,0.055624,0.597410
NC_076678.1,NC_076678.1__none__0,none,0,2000,eukarya,0.999442994594574,0.015854,0.048980,0.795996,0.022126,0.023063,0.093980
NC_076678.1,NC_076678.1__M__500,M,500,1500,eukarya,0.9976595640182495,0.028861,0.110131,0.713360,0.029330,0.028511,0.089808
NC_076678.1,NC_076678.1__M__450,M,450,1550,eukarya,0.9973701238632202,0.024667,0.070589,0.748895,0.025680,0.023890,0.106278
NC_076678.1,NC_076678.1__M__400,M,400,1600,eukarya,0.9973686933517456,0.020426,0.049884,0.782158,0.022557,0.022160,0.102815
NC_076678.1,NC_076678.1__M__350,M,350,1650,eukarya,0.9977312684059143,0.019853,0.054772,0.762064,0.023067,0.025723,0.114520
NC_076678.1,NC_076678.1__M__300,M,300,1700,eukarya,0.9973759651184082,0.019576,0.114202,0.717347,0.026227,0.029840,0.092807
NC_076678.1,NC_076678.1__M__250,M,250,1750,eukarya,0.9974104762077332,0.019027,0.113976,0.727031,0.025730,0.028602,0.085634
NC_076678.1,NC_076678.1__M__200,M,200,1800,eukarya,0.9982399940490723,0.018553,0.118602,0.704169,0.026642,0.027962,0.104072
NC_076678.1,NC_076678.1__M__150,M,150,1850,eukarya,0.9987706542015076,0.018193,0.129146,0.651910,0.027775,0.028437,0.144540
NC_076678.1,NC_076678.1__M__100,M,100,1900,eukarya,0.9988920092582703,0.017387,0.102660,0.714389,0.025877,0.025778,0.113910
NC_076678.1,NC_076678.1__M__50,M,50,1950,eukarya,0.9992086291313171,0.016915,0.061415,0.772192,0.023751,0.023104,0.102624
NC_076678.1,NC_076678.1__M__1,M,1,1999,eukarya,0.9994413256645203,0.015839,0.048842,0.796650,0.022091,0.023051,0.093528
NC_076687.1,NC_076687.1__none__0,none,0,2000,eukarya,0.9995664954185486,0.026984,0.024954,0.630167,0.035504,0.032635,0.249756
NC_076687.1,NC_076687.1__M__500,M,500,1500,eukarya,0.9978061318397522,0.040384,0.024116,0.501667,0.077185,0.029694,0.326954
NC_076687.1,NC_076687.1__M__450,M,450,1550,eukarya,0.9985696077346802,0.035723,0.022278,0.553077,0.097558,0.029412,0.261951
NC_076687.1,NC_076687.1__M__400,M,400,1600,eukarya,0.9983986020088196,0.028901,0.019605,0.715497,0.049164,0.025243,0.161590
NC_076687.1,NC_076687.1__M__350,M,350,1650,eukarya,0.9989683628082275,0.035335,0.022399,0.534247,0.118029,0.031802,0.258187
NC_076687.1,NC_076687.1__M__300,M,300,1700,eukarya,0.9988693594932556,0.030319,0.020715,0.607771,0.102950,0.029990,0.208254
NC_076687.1,NC_076687.1__M__250,M,250,1750,eukarya,0.9988788962364197,0.032668,0.023805,0.457239,0.094696,0.033433,0.358159
NC_076687.1,NC_076687.1__M__200,M,200,1800,virus,0.998802661895752,0.033938,0.024895,0.357812,0.084114,0.034805,0.464435
NC_076687.1,NC_076687.1__M__150,M,150,1850,eukarya,0.9990422129631042,0.030019,0.024655,0.554126,0.056151,0.033287,0.301762
NC_076687.1,NC_076687.1__M__100,M,100,1900,virus,0.9994645714759827,0.030410,0.025742,0.409007,0.043106,0.035389,0.456346
NC_076687.1,NC_076687.1__M__50,M,50,1950,eukarya,0.9994088411331177,0.028188,0.024225,0.578811,0.040071,0.032463,0.296242
NC_076687.1,NC_076687.1__M__1,M,1,1999,eukarya,0.9995649456977844,0.027042,0.025010,0.628431,0.035607,0.032736,0.251174
NC_076725.1,NC_076725.1__none__0,none,0,2000,virus,0.6462830901145935,0.040647,0.017575,0.021673,0.017203,0.012160,0.890741
NC_076725.1,NC_076725.1__M__500,M,500,1500,virus,0.2869509756565094,0.160663,0.050606,0.113586,0.033718,0.044940,0.596486
NC_076725.1,NC_076725.1__M__450,M,450,1550,virus,0.30402499437332153,0.220356,0.055507,0.097026,0.035856,0.068803,0.522452
NC_076725.1,NC_076725.1__M__400,M,400,1600,virus,0.35443419218063354,0.219530,0.080815,0.107562,0.039002,0.102268,0.450822
NC_076725.1,NC_076725.1__M__350,M,350,1650,virus,0.37412866950035095,0.125762,0.072189,0.074141,0.034222,0.081998,0.611688
NC_076725.1,NC_076725.1__M__300,M,300,1700,virus,0.4161626100540161,0.086413,0.047048,0.041223,0.027309,0.040390,0.757617
NC_076725.1,NC_076725.1__M__250,M,250,1750,virus,0.42552581429481506,0.061541,0.037907,0.037472,0.023698,0.025742,0.813641
NC_076725.1,NC_076725.1__M__200,M,200,1800,virus,0.521615207195282,0.063533,0.032390,0.042758,0.022810,0.024094,0.814416
NC_076725.1,NC_076725.1__M__150,M,150,1850,virus,0.5618304014205933,0.079516,0.035084,0.044330,0.024364,0.019940,0.796765
NC_076725.1,NC_076725.1__M__100,M,100,1900,virus,0.5861296653747559,0.065302,0.033915,0.036500,0.022152,0.019566,0.822565
NC_076725.1,NC_076725.1__M__50,M,50,1950,virus,0.6538840532302856,0.060999,0.022612,0.027227,0.019719,0.014427,0.855016
NC_076725.1,NC_076725.1__M__1,M,1,1999,virus,0.6449393630027771,0.040868,0.017602,0.021733,0.017228,0.012165,0.890404
NC_076729.1,NC_076729.1__none__0,none,0,2000,virus,0.3934318721294403,0.015902,0.029939,0.034466,0.014246,0.015282,0.890165
NC_076729.1,NC_076729.1__M__500,M,500,1500,eukarya,0.22192037105560303,0.034566,0.043493,0.481817,0.037875,0.023024,0.379225
NC_076729.1,NC_076729.1__M__450,M,450,1550,virus,0.2899734079837799,0.033641,0.033477,0.244864,0.028849,0.022683,0.636487
NC_076729.1,NC_076729.1__M__400,M,400,1600,virus,0.4098377823829651,0.027750,0.025625,0.145824,0.019725,0.020951,0.760125
NC_076729.1,NC_076729.1__M__350,M,350,1650,virus,0.5127139687538147,0.031903,0.031146,0.206167,0.022215,0.023371,0.685198
NC_076729.1,NC_076729.1__M__300,M,300,1700,virus,0.5160840749740601,0.031965,0.026195,0.160651,0.022657,0.019726,0.738806
NC_076729.1,NC_076729.1__M__250,M,250,1750,virus,0.6050896644592285,0.026272,0.029780,0.141457,0.022350,0.021804,0.758337
NC_076729.1,NC_076729.1__M__200,M,200,1800,virus,0.5363078713417053,0.031140,0.027674,0.127369,0.027532,0.018417,0.767868
NC_076729.1,NC_076729.1__M__150,M,150,1850,virus,0.4948887526988983,0.026424,0.036910,0.113373,0.022812,0.019494,0.780987
NC_076729.1,NC_076729.1__M__100,M,100,1900,virus,0.5816355347633362,0.018943,0.035160,0.056246,0.016127,0.017642,0.855881
NC_076729.1,NC_076729.1__M__50,M,50,1950,virus,0.4523073434829712,0.015470,0.025352,0.029678,0.013607,0.014244,0.901648
NC_076729.1,NC_076729.1__M__1,M,1,1999,virus,0.3926129937171936,0.015940,0.030006,0.034648,0.014284,0.015304,0.889818
NC_076823.1,NC_076823.1__none__0,none,0,2000,virus,0.9997256398200989,0.138749,0.026574,0.051735,0.027791,0.013455,0.741696
NC_076823.1,NC_076823.1__M__500,M,500,1500,virus,0.9992478489875793,0.129116,0.025851,0.093752,0.022959,0.014759,0.713563
NC_076823.1,NC_076823.1__M__450,M,450,1550,virus,0.9993228912353516,0.178067,0.026675,0.076550,0.023199,0.014807,0.680702
NC_076823.1,NC_076823.1__M__400,M,400,1600,virus,0.9995951056480408,0.165935,0.025272,0.054750,0.021457,0.014104,0.718482
NC_076823.1,NC_076823.1__M__350,M,350,1650,virus,0.9996311664581299,0.227122,0.029831,0.053710,0.025772,0.017079,0.646486
NC_076823.1,NC_076823.1__M__300,M,300,1700,virus,0.999678373336792,0.237562,0.029084,0.048992,0.025349,0.016948,0.642065
NC_076823.1,NC_076823.1__M__250,M,250,1750,virus,0.9995878338813782,0.186020,0.026974,0.043825,0.024275,0.015449,0.703458
NC_076823.1,NC_076823.1__M__200,M,200,1800,virus,0.9994962215423584,0.246302,0.028860,0.049852,0.026583,0.015936,0.632466
NC_076823.1,NC_076823.1__M__150,M,150,1850,virus,0.9995456337928772,0.302793,0.033451,0.050579,0.029897,0.017976,0.565303
NC_076823.1,NC_076823.1__M__100,M,100,1900,virus,0.9996860027313232,0.349973,0.035038,0.054370,0.032500,0.017673,0.510447
NC_076823.1,NC_076823.1__M__50,M,50,1950,virus,0.9996829032897949,0.318336,0.036759,0.062782,0.037811,0.018373,0.525939
NC_076823.1,NC_076823.1__M__1,M,1,1999,virus,0.9997285008430481,0.140815,0.026807,0.052174,0.028014,0.013585,0.738605
NC_076901.1,NC_076901.1__none__0,none,0,2000,virus,0.9950451850891113,0.023656,0.258954,0.093476,0.027217,0.025667,0.571030
NC_076901.1,NC_076901.1__M__500,M,500,1500,virus,0.9925628304481506,0.027921,0.231323,0.263873,0.028412,0.028067,0.420404
NC_076901.1,NC_076901.1__M__450,M,450,1550,phage,0.995073139667511,0.026763,0.399777,0.189546,0.028052,0.025831,0.330030
NC_076901.1,NC_076901.1__M__400,M,400,1600,virus,0.9932635426521301,0.026636,0.371557,0.133840,0.027302,0.024610,0.416055
NC_076901.1,NC_076901.1__M__350,M,350,1650,virus,0.9933980703353882,0.026783,0.297482,0.196977,0.028448,0.025166,0.425144
NC_076901.1,NC_076901.1__M__300,M,300,1700,virus,0.9910749197006226,0.023510,0.245552,0.145137,0.028785,0.025830,0.531186
NC_076901.1,NC_076901.1__M__250,M,250,1750,virus,0.9901186227798462,0.022879,0.261370,0.110452,0.028148,0.025788,0.551363
NC_076901.1,NC_076901.1__M__200,M,200,1800,virus,0.9917728304862976,0.021918,0.287977,0.077123,0.026960,0.024446,0.561575
NC_076901.1,NC_076901.1__M__150,M,150,1850,virus,0.9918027520179749,0.021402,0.188534,0.078014,0.024869,0.024164,0.663018
NC_076901.1,NC_076901.1__M__100,M,100,1900,virus,0.9948674440383911,0.019799,0.126213,0.059718,0.021540,0.021474,0.751255
NC_076901.1,NC_076901.1__M__50,M,50,1950,virus,0.9943284392356873,0.021055,0.271203,0.054810,0.024440,0.023113,0.605378
NC_076901.1,NC_076901.1__M__1,M,1,1999,virus,0.9950613379478455,0.023630,0.258603,0.093312,0.027173,0.025657,0.571626
NC_076937.1,NC_076937.1__none__0,none,0,2000,phage,0.999964714050293,0.028795,0.680803,0.070970,0.065708,0.030442,0.123281
NC_076937.1,NC_076937.1__M__500,M,500,1500,phage,0.9999265670776367,0.055333,0.300506,0.216979,0.246130,0.046180,0.134871
NC_076937.1,NC_076937.1__M__450,M,450,1550,phage,0.999933123588562,0.043286,0.454533,0.131229,0.201228,0.040507,0.129218
NC_076937.1,NC_076937.1__M__400,M,400,1600,phage,0.9999641180038452,0.030258,0.497825,0.071934,0.279264,0.035872,0.084848
NC_076937.1,NC_076937.1__M__350,M,350,1650,phage,0.9999560117721558,0.026873,0.623436,0.075129,0.160083,0.032133,0.082347
NC_076937.1,NC_076937.1__M__300,M,300,1700,phage,0.9999657869338989,0.027150,0.636949,0.082552,0.120988,0.031197,0.101164
NC_076937.1,NC_076937.1__M__250,M,250,1750,phage,0.9999687671661377,0.026688,0.691940,0.062052,0.110219,0.030438,0.078663
NC_076937.1,NC_076937.1__M__200,M,200,1800,phage,0.9999673366546631,0.024073,0.729119,0.053925,0.094803,0.028058,0.070022
NC_076937.1,NC_076937.1__M__150,M,150,1850,phage,0.999974250793457,0.025888,0.675601,0.076175,0.099506,0.028605,0.094225
NC_076937.1,NC_076937.1__M__100,M,100,1900,phage,0.9999650716781616,0.024419,0.723622,0.065363,0.071359,0.026753,0.088483
NC_076937.1,NC_076937.1__M__50,M,50,1950,phage,0.9999650716781616,0.029082,0.728953,0.060751,0.060309,0.029071,0.091835
NC_076937.1,NC_076937.1__M__1,M,1,1999,phage,0.9999648332595825,0.028781,0.682532,0.070657,0.065719,0.030378,0.121933
NC_077019.1,NC_077019.1__none__0,none,0,2000,virus,0.9997250437736511,0.011215,0.033222,0.020312,0.015521,0.020958,0.898772
NC_077019.1,NC_077019.1__M__500,M,500,1500,virus,0.9998646974563599,0.008150,0.010762,0.012691,0.008866,0.011177,0.948354
NC_077019.1,NC_077019.1__M__450,M,450,1550,virus,0.9998319149017334,0.008148,0.011369,0.011913,0.008360,0.011157,0.949054
NC_077019.1,NC_077019.1__M__400,M,400,1600,virus,0.9998514652252197,0.007807,0.011295,0.011297,0.009129,0.011560,0.948912
NC_077019.1,NC_077019.1__M__350,M,350,1650,virus,0.9998669624328613,0.010423,0.021903,0.013988,0.010382,0.014343,0.928961
NC_077019.1,NC_077019.1__M__300,M,300,1700,virus,0.999835729598999,0.011654,0.029481,0.015577,0.012012,0.015851,0.915425
NC_077019.1,NC_077019.1__M__250,M,250,1750,virus,0.9997825026512146,0.011663,0.027815,0.018336,0.013600,0.016589,0.911997
NC_077019.1,NC_077019.1__M__200,M,200,1800,virus,0.9997634291648865,0.011232,0.032753,0.018085,0.014291,0.019283,0.904355
NC_077019.1,NC_077019.1__M__150,M,150,1850,virus,0.9997089505195618,0.010291,0.037368,0.018426,0.014461,0.021380,0.898074
NC_077019.1,NC_077019.1__M__100,M,100,1900,virus,0.9996858835220337,0.010836,0.041777,0.022704,0.015886,0.022016,0.886779
NC_077019.1,NC_077019.1__M__50,M,50,1950,virus,0.999716579914093,0.010103,0.029757,0.019129,0.014386,0.019492,0.907133
NC_077019.1,NC_077019.1__M__1,M,1,1999,virus,0.9997257590293884,0.011220,0.033327,0.020363,0.015548,0.020991,0.898551
NC_077040.1,NC_077040.1__none__0,none,0,2000,virus,0.990494966506958,0.033478,0.030050,0.089833,0.027477,0.035911,0.783251
NC_077040.1,NC_077040.1__M__500,M,500,1500,virus,0.9989314675331116,0.013511,0.014280,0.021820,0.013076,0.015642,0.921671
NC_077040.1,NC_077040.1__M__450,M,450,1550,virus,0.9984277486801147,0.013054,0.015104,0.020981,0.013850,0.016622,0.920389
NC_077040.1,NC_077040.1__M__400,M,400,1600,virus,0.9985187649726868,0.018467,0.020466,0.038635,0.016566,0.024071,0.881795
NC_077040.1,NC_077040.1__M__350,M,350,1650,virus,0.9980871677398682,0.027368,0.028101,0.084706,0.022391,0.034840,0.802594
NC_077040.1,NC_077040.1__M__300,M,300,1700,virus,0.9980999827384949,0.020529,0.020445,0.041461,0.017922,0.025832,0.873812
NC_077040.1,NC_077040.1__M__250,M,250,1750,virus,0.9956246018409729,0.018271,0.019756,0.030142,0.016862,0.021814,0.893155
NC_077040.1,NC_077040.1__M__200,M,200,1800,virus,0.9939374923706055,0.022578,0.021836,0.044842,0.019577,0.026800,0.864367
NC_077040.1,NC_077040.1__M__150,M,150,1850,virus,0.9923811554908752,0.022720,0.023489,0.045323,0.019958,0.026602,0.861908
NC_077040.1,NC_077040.1__M__100,M,100,1900,virus,0.9909663200378418,0.020856,0.023019,0.035027,0.018651,0.023669,0.878777
NC_077040.1,NC_077040.1__M__50,M,50,1950,virus,0.9909358620643616,0.033879,0.030719,0.095065,0.027467,0.036679,0.776190
NC_077040.1,NC_077040.1__M__1,M,1,1999,virus,0.9904746413230896,0.033415,0.030025,0.089593,0.027465,0.035852,0.783650
NC_073802.1,NC_073802.1__none__0,none,0,2000,phage,0.9998738765716553,0.016376,0.916349,0.016141,0.017069,0.017129,0.016937
NC_073802.1,NC_073802.1__M__500,M,500,1500,phage,0.9997040629386902,0.017022,0.916250,0.015025,0.016413,0.017358,0.017933
NC_073802.1,NC_073802.1__M__450,M,450,1550,phage,0.999749481678009,0.016270,0.916727,0.015630,0.016960,0.016449,0.017965
NC_073802.1,NC_073802.1__M__400,M,400,1600,phage,0.9997712969779968,0.017053,0.916767,0.014930,0.016531,0.017205,0.017515
NC_073802.1,NC_073802.1__M__350,M,350,1650,phage,0.9997270703315735,0.017182,0.915973,0.015053,0.016908,0.016878,0.018005
NC_073802.1,NC_073802.1__M__300,M,300,1700,phage,0.9997829794883728,0.016763,0.917436,0.014596,0.016704,0.017121,0.017380
NC_073802.1,NC_073802.1__M__250,M,250,1750,phage,0.9998406171798706,0.015842,0.919745,0.014720,0.016613,0.016160,0.016919
NC_073802.1,NC_073802.1__M__200,M,200,1800,phage,0.9998586177825928,0.016250,0.916656,0.015156,0.016627,0.018485,0.016827
NC_073802.1,NC_073802.1__M__150,M,150,1850,phage,0.9998849630355835,0.015911,0.915320,0.016363,0.017005,0.018465,0.016936
NC_073802.1,NC_073802.1__M__100,M,100,1900,phage,0.999848484992981,0.015881,0.913734,0.016609,0.017278,0.019804,0.016694
NC_073802.1,NC_073802.1__M__50,M,50,1950,phage,0.9998447895050049,0.015793,0.915299,0.016447,0.017400,0.018109,0.016952
NC_073802.1,NC_073802.1__M__1,M,1,1999,phage,0.9998738765716553,0.016383,0.916303,0.016150,0.017072,0.017154,0.016938
NC_073874.1,NC_073874.1__none__0,none,0,2000,phage,0.9983696341514587,0.023575,0.873338,0.016515,0.017533,0.049485,0.019554
NC_073874.1,NC_073874.1__M__500,M,500,1500,phage,0.9932717680931091,0.053179,0.850233,0.014736,0.016312,0.048142,0.017398
NC_073874.1,NC_073874.1__M__450,M,450,1550,phage,0.9946967363357544,0.040299,0.873222,0.014332,0.015211,0.039951,0.016984
NC_073874.1,NC_073874.1__M__400,M,400,1600,phage,0.9951695799827576,0.037318,0.877854,0.013344,0.015061,0.039608,0.016815
NC_073874.1,NC_073874.1__M__350,M,350,1650,phage,0.9961495399475098,0.043824,0.854929,0.014304,0.016792,0.053042,0.017109
NC_073874.1,NC_073874.1__M__300,M,300,1700,phage,0.996313750743866,0.029047,0.889528,0.012730,0.014939,0.037869,0.015887
NC_073874.1,NC_073874.1__M__250,M,250,1750,phage,0.9962205290794373,0.025270,0.888068,0.013905,0.015780,0.040044,0.016934
NC_073874.1,NC_073874.1__M__200,M,200,1800,phage,0.996479332447052,0.026482,0.870119,0.015772,0.016455,0.052562,0.018611
NC_073874.1,NC_073874.1__M__150,M,150,1850,phage,0.9973125457763672,0.037153,0.822672,0.020057,0.020583,0.077199,0.022336
NC_073874.1,NC_073874.1__M__100,M,100,1900,phage,0.9969236254692078,0.045942,0.787379,0.018981,0.021435,0.104751,0.021512
NC_073874.1,NC_073874.1__M__50,M,50,1950,phage,0.9977288842201233,0.044257,0.811129,0.019030,0.020629,0.083608,0.021347
NC_073874.1,NC_073874.1__M__1,M,1,1999,phage,0.9983684420585632,0.023585,0.873351,0.016513,0.017535,0.049467,0.019550
NC_073882.1,NC_073882.1__none__0,none,0,2000,phage,0.9999657869338989,0.017620,0.919289,0.014970,0.016403,0.015818,0.015901
NC_073882.1,NC_073882.1__M__500,M,500,1500,phage,0.999563992023468,0.025934,0.909971,0.013937,0.015162,0.019346,0.015650
NC_073882.1,NC_073882.1__M__450,M,450,1550,phage,0.9996265172958374,0.022728,0.913922,0.013996,0.015512,0.017845,0.015998
NC_073882.1,NC_073882.1__M__400,M,400,1600,phage,0.9996910095214844,0.021139,0.915422,0.014429,0.015785,0.017084,0.016141
NC_073882.1,NC_073882.1__M__350,M,350,1650,phage,0.999848484992981,0.023068,0.913408,0.014625,0.015503,0.017472,0.015924
NC_073882.1,NC_073882.1__M__300,M,300,1700,phage,0.9998944997787476,0.021654,0.915023,0.014979,0.015665,0.017064,0.015615
NC_073882.1,NC_073882.1__M__250,M,250,1750,phage,0.9999253749847412,0.018422,0.919070,0.014651,0.015517,0.016955,0.015385
NC_073882.1,NC_073882.1__M__200,M,200,1800,phage,0.9999405145645142,0.016978,0.920750,0.014940,0.015772,0.016196,0.015363
NC_073882.1,NC_073882.1__M__150,M,150,1850,phage,0.9999569654464722,0.017650,0.917746,0.015121,0.016308,0.017474,0.015701
NC_073882.1,NC_073882.1__M__100,M,100,1900,phage,0.9999575614929199,0.016995,0.920114,0.014868,0.016387,0.016298,0.015337
NC_073882.1,NC_073882.1__M__50,M,50,1950,phage,0.9999608993530273,0.016646,0.920736,0.014952,0.016372,0.015789,0.015504
NC_073882.1,NC_073882.1__M__1,M,1,1999,phage,0.9999657869338989,0.017627,0.919285,0.014968,0.016398,0.015821,0.015901
NC_073952.1,NC_073952.1__none__0,none,0,2000,phage,0.9955819249153137,0.053211,0.874093,0.014732,0.016660,0.023677,0.017625
NC_073952.1,NC_073952.1__M__500,M,500,1500,phage,0.9933381080627441,0.033807,0.886902,0.015228,0.017778,0.028571,0.017714
NC_073952.1,NC_073952.1__M__450,M,450,1550,phage,0.9927833080291748,0.039865,0.882307,0.014957,0.017192,0.028272,0.017408
NC_073952.1,NC_073952.1__M__400,M,400,1600,phage,0.9926274418830872,0.042922,0.884154,0.014454,0.016766,0.024676,0.017027
NC_073952.1,NC_073952.1__M__350,M,350,1650,phage,0.9942578077316284,0.042035,0.875535,0.015280,0.017819,0.031881,0.017449
NC_073952.1,NC_073952.1__M__300,M,300,1700,phage,0.9967638254165649,0.034965,0.896633,0.014398,0.016087,0.021229,0.016689
NC_073952.1,NC_073952.1__M__250,M,250,1750,phage,0.9976149797439575,0.047010,0.877639,0.014599,0.016507,0.027126,0.017119
NC_073952.1,NC_073952.1__M__200,M,200,1800,phage,0.9975589513778687,0.045175,0.882433,0.014567,0.016536,0.024290,0.016999
NC_073952.1,NC_073952.1__M__150,M,150,1850,phage,0.9968410730361938,0.041704,0.888968,0.014699,0.016161,0.021297,0.017171
NC_073952.1,NC_073952.1__M__100,M,100,1900,phage,0.9950708150863647,0.041666,0.889523,0.014718,0.015949,0.020937,0.017208
NC_073952.1,NC_073952.1__M__50,M,50,1950,phage,0.9950230121612549,0.043018,0.884201,0.014696,0.016647,0.024055,0.017384
NC_073952.1,NC_073952.1__M__1,M,1,1999,phage,0.9955892562866211,0.053496,0.873714,0.014735,0.016676,0.023747,0.017632
NC_073983.1,NC_073983.1__none__0,none,0,2000,phage,0.9977121353149414,0.018796,0.888447,0.016778,0.020918,0.034413,0.020649
NC_073983.1,NC_073983.1__M__500,M,500,1500,phage,0.9927619099617004,0.035543,0.774370,0.021593,0.027682,0.106596,0.034216
NC_073983.1,NC_073983.1__M__450,M,450,1550,phage,0.9901650547981262,0.031042,0.805038,0.021130,0.026920,0.082129,0.033741
NC_073983.1,NC_073983.1__M__400,M,400,1600,phage,0.9915226697921753,0.026049,0.815346,0.021228,0.027840,0.070063,0.039475
NC_073983.1,NC_073983.1__M__350,M,350,1650,phage,0.9939537644386292,0.022770,0.846789,0.019890,0.024891,0.050930,0.034731
NC_073983.1,NC_073983.1__M__300,M,300,1700,phage,0.9977104663848877,0.020424,0.866642,0.017743,0.022861,0.047678,0.024652
NC_073983.1,NC_073983.1__M__250,M,250,1750,phage,0.9979454874992371,0.021459,0.862623,0.017758,0.023732,0.051354,0.023075
NC_073983.1,NC_073983.1__M__200,M,200,1800,phage,0.9973065853118896,0.021823,0.856421,0.018532,0.023732,0.056004,0.023487
NC_073983.1,NC_073983.1__M__150,M,150,1850,phage,0.9971454739570618,0.021353,0.864386,0.018310,0.023192,0.049870,0.022889
NC_073983.1,NC_073983.1__M__100,M,100,1900,phage,0.9974609613418579,0.020137,0.876065,0.017452,0.021896,0.043004,0.021445
NC_073983.1,NC_073983.1__M__50,M,50,1950,phage,0.9974114298820496,0.019154,0.884330,0.016982,0.021482,0.036590,0.021463
NC_073983.1,NC_073983.1__M__1,M,1,1999,phage,0.9977079629898071,0.018793,0.888342,0.016771,0.020939,0.034484,0.020670
NC_073999.1,NC_073999.1__none__0,none,0,2000,phage,0.9999524354934692,0.059897,0.818498,0.017840,0.024237,0.039708,0.039820
NC_073999.1,NC_073999.1__M__500,M,500,1500,phage,0.9997842907905579,0.226043,0.609097,0.030559,0.029041,0.061149,0.044111
NC_073999.1,NC_073999.1__M__450,M,450,1550,phage,0.9997676014900208,0.225600,0.589889,0.031112,0.031679,0.068237,0.053483
NC_073999.1,NC_073999.1__M__400,M,400,1600,phage,0.9997326731681824,0.152129,0.694468,0.026867,0.028489,0.055442,0.042605
NC_073999.1,NC_073999.1__M__350,M,350,1650,phage,0.9997798800468445,0.221130,0.591466,0.029616,0.034113,0.075791,0.047884
NC_073999.1,NC_073999.1__M__300,M,300,1700,phage,0.9998549222946167,0.133082,0.732178,0.023521,0.028741,0.045026,0.037452
NC_073999.1,NC_073999.1__M__250,M,250,1750,phage,0.9998828172683716,0.112210,0.763248,0.023079,0.028411,0.034900,0.038152
NC_073999.1,NC_073999.1__M__200,M,200,1800,phage,0.9998729228973389,0.102100,0.778689,0.021729,0.026922,0.034689,0.035871
NC_073999.1,NC_073999.1__M__150,M,150,1850,phage,0.9998769760131836,0.103247,0.775982,0.020832,0.026356,0.035577,0.038007
NC_073999.1,NC_073999.1__M__100,M,100,1900,phage,0.9999024868011475,0.037264,0.877787,0.015026,0.019616,0.024661,0.025646
NC_073999.1,NC_073999.1__M__50,M,50,1950,phage,0.9999521970748901,0.042210,0.853285,0.016178,0.022306,0.028644,0.037377
NC_073999.1,NC_073999.1__M__1,M,1,1999,phage,0.9999525547027588,0.059737,0.818731,0.017832,0.024215,0.039713,0.039771
NC_074034.1,NC_074034.1__none__0,none,0,2000,plasmid,0.9997801184654236,0.027477,0.314638,0.031168,0.031788,0.559332,0.035597
NC_074034.1,NC_074034.1__M__500,M,500,1500,plasmid,0.9997695088386536,0.045918,0.201519,0.024859,0.027818,0.671719,0.028167
NC_074034.1,NC_074034.1__M__450,M,450,1550,plasmid,0.9998204112052917,0.035033,0.177526,0.025745,0.026717,0.706375,0.028603
NC_074034.1,NC_074034.1__M__400,M,400,1600,plasmid,0.9998431205749512,0.035483,0.271792,0.027429,0.028593,0.606390,0.030313
NC_074034.1,NC_074034.1__M__350,M,350,1650,plasmid,0.9998650550842285,0.039923,0.384198,0.030650,0.031425,0.482076,0.031727
NC_074034.1,NC_074034.1__M__300,M,300,1700,plasmid,0.9998772144317627,0.032971,0.345910,0.029651,0.030410,0.529984,0.031073
NC_074034.1,NC_074034.1__M__250,M,250,1750,plasmid,0.9999006986618042,0.028446,0.191746,0.025324,0.025338,0.702825,0.026322
NC_074034.1,NC_074034.1__M__200,M,200,1800,plasmid,0.9998897314071655,0.027084,0.195035,0.025272,0.026122,0.698402,0.028085
NC_074034.1,NC_074034.1__M__150,M,150,1850,plasmid,0.9998961687088013,0.026164,0.181233,0.025999,0.026577,0.709710,0.030317
NC_074034.1,NC_074034.1__M__100,M,100,1900,plasmid,0.9998605251312256,0.024032,0.158992,0.026459,0.026171,0.732902,0.031445
NC_074034.1,NC_074034.1__M__50,M,50,1950,plasmid,0.9998340606689453,0.024410,0.186599,0.027000,0.027198,0.702468,0.032325
NC_074034.1,NC_074034.1__M__1,M,1,1999,plasmid,0.9997789263725281,0.027473,0.314869,0.031187,0.031802,0.559063,0.035608
NC_074251.1,NC_074251.1__none__0,none,0,2000,phage,0.9989151954650879,0.016814,0.912117,0.014743,0.015777,0.023902,0.016647
NC_074251.1,NC_074251.1__M__500,M,500,1500,phage,0.9890118837356567,0.021957,0.908214,0.014127,0.014516,0.023441,0.017745
NC_074251.1,NC_074251.1__M__450,M,450,1550,phage,0.9919822812080383,0.019139,0.903887,0.015110,0.015900,0.027759,0.018205
NC_074251.1,NC_074251.1__M__400,M,400,1600,phage,0.9945547580718994,0.019591,0.905186,0.015080,0.015997,0.026469,0.017677
NC_074251.1,NC_074251.1__M__350,M,350,1650,phage,0.9947817921638489,0.024479,0.904934,0.015039,0.015797,0.021554,0.018198
NC_074251.1,NC_074251.1__M__300,M,300,1700,phage,0.9959253072738647,0.019112,0.912796,0.014393,0.015188,0.021139,0.017372
NC_074251.1,NC_074251.1__M__250,M,250,1750,phage,0.9978684186935425,0.019761,0.909136,0.014831,0.015634,0.023044,0.017593
NC_074251.1,NC_074251.1__M__200,M,200,1800,phage,0.9981122016906738,0.023372,0.899342,0.015087,0.015736,0.028501,0.017961
NC_074251.1,NC_074251.1__M__150,M,150,1850,phage,0.9985696077346802,0.020896,0.902555,0.015252,0.015943,0.027298,0.018057
NC_074251.1,NC_074251.1__M__100,M,100,1900,phage,0.9987549781799316,0.019779,0.902768,0.015132,0.015950,0.028755,0.017616
NC_074251.1,NC_074251.1__M__50,M,50,1950,phage,0.9988508224487305,0.017973,0.908393,0.014803,0.015642,0.026110,0.017079
NC_074251.1,NC_074251.1__M__1,M,1,1999,phage,0.9989097118377686,0.016808,0.912183,0.014747,0.015780,0.023835,0.016646
NC_074274.1,NC_074274.1__none__0,none,0,2000,phage,0.9888871312141418,0.083862,0.701287,0.037762,0.050988,0.095052,0.031049
NC_074274.1,NC_074274.1__M__500,M,500,1500,bacteria,0.9428378939628601,0.245107,0.118123,0.182973,0.219088,0.166761,0.067948
NC_074274.1,NC_074274.1__M__450,M,450,1550,archaea,0.9328774213790894,0.190204,0.128306,0.177736,0.267561,0.168839,0.067355
NC_074274.1,NC_074274.1__M__400,M,400,1600,eukarya,0.8972827196121216,0.102720,0.098565,0.435640,0.180325,0.117950,0.064800
NC_074274.1,NC_074274.1__M__350,M,350,1650,eukarya,0.9212522506713867,0.086927,0.110955,0.476786,0.133952,0.106722,0.084658
NC_074274.1,NC_074274.1__M__300,M,300,1700,phage,0.9434996247291565,0.093406,0.258594,0.228826,0.135011,0.216297,0.067866
NC_074274.1,NC_074274.1__M__250,M,250,1750,phage,0.9701941609382629,0.103106,0.318307,0.145208,0.182875,0.188357,0.062145
NC_074274.1,NC_074274.1__M__200,M,200,1800,phage,0.977294921875,0.077955,0.550335,0.056789,0.126392,0.146610,0.041918
NC_074274.1,NC_074274.1__M__150,M,150,1850,phage,0.9873573780059814,0.076842,0.626701,0.045441,0.095647,0.116633,0.038737
NC_074274.1,NC_074274.1__M__100,M,100,1900,phage,0.9888440370559692,0.087228,0.692170,0.033385,0.057380,0.097018,0.032819
NC_074274.1,NC_074274.1__M__50,M,50,1950,phage,0.9878984093666077,0.074039,0.731383,0.031707,0.047193,0.084892,0.030786
NC_074274.1,NC_074274.1__M__1,M,1,1999,phage,0.9889312982559204,0.084630,0.699144,0.037848,0.051129,0.096137,0.031112
NC_074278.1,NC_074278.1__none__0,none,0,2000,phage,0.9924936294555664,0.212417,0.659633,0.025939,0.027439,0.051000,0.023572
NC_074278.1,NC_074278.1__M__500,M,500,1500,eukarya,0.9496980905532837,0.244730,0.134866,0.506416,0.033573,0.038465,0.041950
NC_074278.1,NC_074278.1__M__450,M,450,1550,eukarya,0.940891444683075,0.224364,0.156563,0.505283,0.034154,0.033448,0.046187
NC_074278.1,NC_074278.1__M__400,M,400,1600,bacteria,0.9695302248001099,0.421212,0.312571,0.139178,0.038012,0.054150,0.034877
NC_074278.1,NC_074278.1__M__350,M,350,1650,bacteria,0.979253888130188,0.521996,0.222388,0.132787,0.036879,0.049909,0.036042
NC_074278.1,NC_074278.1__M__300,M,300,1700,bacteria,0.9842892289161682,0.404183,0.293320,0.185626,0.037582,0.043031,0.036259
NC_074278.1,NC_074278.1__M__250,M,250,1750,phage,0.992302417755127,0.354254,0.501066,0.041278,0.031042,0.047152,0.025208
NC_074278.1,NC_074278.1__M__200,M,200,1800,phage,0.9945350885391235,0.255552,0.611788,0.023505,0.028255,0.058079,0.022821
NC_074278.1,NC_074278.1__M__150,M,150,1850,phage,0.9905139207839966,0.268836,0.585493,0.037975,0.030183,0.051990,0.025524
NC_074278.1,NC_074278.1__M__100,M,100,1900,phage,0.9931322932243347,0.248471,0.582771,0.059677,0.032532,0.045446,0.031103
NC_074278.1,NC_074278.1__M__50,M,50,1950,phage,0.9928613305091858,0.260510,0.584496,0.041766,0.031150,0.053558,0.028520
NC_074278.1,NC_074278.1__M__1,M,1,1999,phage,0.9925219416618347,0.213469,0.658735,0.025781,0.027437,0.051059,0.023519
NC_074318.1,NC_074318.1__none__0,none,0,2000,phage,0.9971087574958801,0.029999,0.631164,0.025829,0.030526,0.249749,0.032732
NC_074318.1,NC_074318.1__M__500,M,500,1500,phage,0.9991022348403931,0.020237,0.911015,0.013876,0.013431,0.019011,0.022430
NC_074318.1,NC_074318.1__M__450,M,450,1550,phage,0.9982669353485107,0.019206,0.908108,0.014761,0.012183,0.020491,0.025251
NC_074318.1,NC_074318.1__M__400,M,400,1600,phage,0.9977102279663086,0.023688,0.865779,0.018174,0.015133,0.048837,0.028389
NC_074318.1,NC_074318.1__M__350,M,350,1650,phage,0.997979462146759,0.020695,0.877457,0.015214,0.015309,0.049021,0.022304
NC_074318.1,NC_074318.1__M__300,M,300,1700,phage,0.9978162050247192,0.024581,0.824285,0.017478,0.018788,0.091576,0.023292
NC_074318.1,NC_074318.1__M__250,M,250,1750,phage,0.9974607229232788,0.028831,0.695237,0.024628,0.026357,0.193665,0.031283
NC_074318.1,NC_074318.1__M__200,M,200,1800,phage,0.9954794645309448,0.027381,0.730564,0.024904,0.025972,0.158295,0.032884
NC_074318.1,NC_074318.1__M__150,M,150,1850,phage,0.9928942322731018,0.032436,0.699360,0.026598,0.024868,0.177792,0.038946
NC_074318.1,NC_074318.1__M__100,M,100,1900,phage,0.9944971203804016,0.028576,0.709718,0.027601,0.025347,0.170499,0.038259
NC_074318.1,NC_074318.1__M__50,M,50,1950,phage,0.9957438111305237,0.029167,0.666614,0.024262,0.030066,0.219134,0.030757
NC_074318.1,NC_074318.1__M__1,M,1,1999,phage,0.9971292614936829,0.030051,0.631610,0.025895,0.030595,0.248990,0.032860
NC_074355.1,NC_074355.1__none__0,none,0,2000,phage,0.9995829463005066,0.020276,0.920026,0.010644,0.014208,0.019662,0.015183
NC_074355.1,NC_074355.1__M__500,M,500,1500,phage,0.9995712637901306,0.048148,0.797607,0.062472,0.025886,0.037745,0.028141
NC_074355.1,NC_074355.1__M__450,M,450,1550,phage,0.9996359348297119,0.040126,0.814367,0.059899,0.023992,0.031546,0.030071
NC_074355.1,NC_074355.1__M__400,M,400,1600,phage,0.9996140599250793,0.038600,0.793497,0.073116,0.025345,0.032070,0.037372
NC_074355.1,NC_074355.1__M__350,M,350,1650,phage,0.9996699094772339,0.028107,0.893984,0.016848,0.018527,0.023210,0.019325
NC_074355.1,NC_074355.1__M__300,M,300,1700,phage,0.9995805621147156,0.019922,0.918145,0.011346,0.016613,0.016276,0.017699
NC_074355.1,NC_074355.1__M__250,M,250,1750,phage,0.9992994070053101,0.020819,0.916547,0.011266,0.016187,0.018174,0.017007
NC_074355.1,NC_074355.1__M__200,M,200,1800,phage,0.9996077418327332,0.021862,0.916113,0.010858,0.015074,0.020497,0.015595
NC_074355.1,NC_074355.1__M__150,M,150,1850,phage,0.9997000694274902,0.018040,0.925998,0.009721,0.014483,0.016947,0.014810
NC_074355.1,NC_074355.1__M__100,M,100,1900,phage,0.9995928406715393,0.020593,0.921491,0.009815,0.014761,0.018240,0.015099
NC_074355.1,NC_074355.1__M__50,M,50,1950,phage,0.9995073080062866,0.020084,0.923724,0.009818,0.013952,0.017644,0.014779
NC_074355.1,NC_074355.1__M__1,M,1,1999,phage,0.9995843768119812,0.020265,0.920049,0.010641,0.014213,0.019650,0.015182
NC_074412.1,NC_074412.1__none__0,none,0,2000,phage,0.9339081645011902,0.056732,0.712735,0.024617,0.031167,0.145968,0.028781
NC_074412.1,NC_074412.1__M__500,M,500,1500,phage,0.9686183929443359,0.050285,0.851152,0.018479,0.018832,0.033485,0.027767
NC_074412.1,NC_074412.1__M__450,M,450,1550,phage,0.9568451642990112,0.083659,0.808573,0.020373,0.020105,0.041828,0.025462
NC_074412.1,NC_074412.1__M__400,M,400,1600,phage,0.9470211267471313,0.108952,0.760851,0.020555,0.021697,0.063637,0.024308
NC_074412.1,NC_074412.1__M__350,M,350,1650,phage,0.9423096179962158,0.084285,0.774730,0.022057,0.022374,0.069345,0.027209
NC_074412.1,NC_074412.1__M__300,M,300,1700,phage,0.9607357978820801,0.049301,0.845357,0.014294,0.017766,0.055228,0.018054
NC_074412.1,NC_074412.1__M__250,M,250,1750,phage,0.937997043132782,0.088262,0.689779,0.018373,0.022483,0.159411,0.021693
NC_074412.1,NC_074412.1__M__200,M,200,1800,phage,0.9514887928962708,0.078920,0.648866,0.019816,0.024253,0.204575,0.023571
NC_074412.1,NC_074412.1__M__150,M,150,1850,phage,0.9468430280685425,0.057495,0.719070,0.016861,0.021893,0.164259,0.020422
NC_074412.1,NC_074412.1__M__100,M,100,1900,phage,0.9467800855636597,0.071449,0.607640,0.021226,0.026741,0.248534,0.024410
NC_074412.1,NC_074412.1__M__50,M,50,1950,phage,0.9560361504554749,0.043416,0.753586,0.019303,0.024693,0.136618,0.022383
NC_074412.1,NC_074412.1__M__1,M,1,1999,phage,0.933785617351532,0.056791,0.711599,0.024637,0.031214,0.146932,0.028827
NC_074484.1,NC_074484.1__none__0,none,0,2000,phage,0.999419093132019,0.025587,0.896820,0.015030,0.016965,0.026637,0.018960
NC_074484.1,NC_074484.1__M__500,M,500,1500,phage,0.9982799291610718,0.040602,0.872625,0.015000,0.016166,0.038581,0.017026
NC_074484.1,NC_074484.1__M__450,M,450,1550,phage,0.9979586601257324,0.036347,0.880848,0.014029,0.015977,0.036206,0.016593
NC_074484.1,NC_074484.1__M__400,M,400,1600,phage,0.9983935952186584,0.028085,0.895751,0.014506,0.016094,0.028266,0.017297
NC_074484.1,NC_074484.1__M__350,M,350,1650,phage,0.998803973197937,0.024118,0.904314,0.013735,0.016353,0.024677,0.016803
NC_074484.1,NC_074484.1__M__300,M,300,1700,phage,0.999330997467041,0.025475,0.907379,0.013284,0.016427,0.020379,0.017055
NC_074484.1,NC_074484.1__M__250,M,250,1750,phage,0.999504804611206,0.019001,0.916754,0.013594,0.016408,0.017063,0.017180
NC_074484.1,NC_074484.1__M__200,M,200,1800,phage,0.9994365572929382,0.018736,0.915982,0.013923,0.016514,0.017103,0.017743
NC_074484.1,NC_074484.1__M__150,M,150,1850,phage,0.9993665814399719,0.019411,0.913355,0.014306,0.016873,0.018082,0.017973
NC_074484.1,NC_074484.1__M__100,M,100,1900,phage,0.9994717240333557,0.020219,0.912647,0.014177,0.016296,0.018569,0.018092
NC_074484.1,NC_074484.1__M__50,M,50,1950,phage,0.9993427395820618,0.025338,0.897902,0.015202,0.017061,0.025249,0.019248
NC_074484.1,NC_074484.1__M__1,M,1,1999,phage,0.9994204044342041,0.025552,0.896961,0.015012,0.016961,0.026548,0.018965
NC_074487.1,NC_074487.1__none__0,none,0,2000,phage,0.9996353387832642,0.015415,0.917896,0.014977,0.016220,0.019922,0.015571
NC_074487.1,NC_074487.1__M__500,M,500,1500,phage,0.9958717226982117,0.035039,0.882740,0.024517,0.017694,0.024990,0.015019
NC_074487.1,NC_074487.1__M__450,M,450,1550,phage,0.9957583546638489,0.027409,0.903749,0.018217,0.015324,0.021098,0.014202
NC_074487.1,NC_074487.1__M__400,M,400,1600,phage,0.9964660406112671,0.025034,0.909347,0.015831,0.014817,0.020642,0.014329
NC_074487.1,NC_074487.1__M__350,M,350,1650,phage,0.9971574544906616,0.019397,0.910493,0.015366,0.016114,0.022990,0.015641
NC_074487.1,NC_074487.1__M__300,M,300,1700,phage,0.9975784420967102,0.018226,0.915972,0.014464,0.015411,0.020072,0.015854
NC_074487.1,NC_074487.1__M__250,M,250,1750,phage,0.9983106851577759,0.017750,0.917885,0.014219,0.015202,0.018808,0.016136
NC_074487.1,NC_074487.1__M__200,M,200,1800,phage,0.9991376399993896,0.019189,0.914713,0.014632,0.015730,0.019207,0.016529
NC_074487.1,NC_074487.1__M__150,M,150,1850,phage,0.9993962049484253,0.021180,0.908991,0.014875,0.016144,0.022577,0.016233
NC_074487.1,NC_074487.1__M__100,M,100,1900,phage,0.9995720982551575,0.016883,0.920062,0.014272,0.015908,0.017157,0.015719
NC_074487.1,NC_074487.1__M__50,M,50,1950,phage,0.9994469285011292,0.017063,0.918601,0.014515,0.016179,0.018089,0.015552
NC_074487.1,NC_074487.1__M__1,M,1,1999,phage,0.9996358156204224,0.015416,0.917875,0.014977,0.016222,0.019940,0.015569
NC_074536.1,NC_074536.1__none__0,none,0,2000,eukarya,0.9540199637413025,0.143851,0.145727,0.580918,0.061548,0.024071,0.043885
NC_074536.1,NC_074536.1__M__500,M,500,1500,eukarya,0.9500064253807068,0.051191,0.161669,0.684323,0.044306,0.018285,0.040226
NC_074536.1,NC_074536.1__M__450,M,450,1550,eukarya,0.935668408870697,0.043158,0.081336,0.801287,0.033226,0.012412,0.028580
NC_074536.1,NC_074536.1__M__400,M,400,1600,eukarya,0.8740414977073669,0.066030,0.115692,0.718473,0.044444,0.016094,0.039266
NC_074536.1,NC_074536.1__M__350,M,350,1650,eukarya,0.7592911124229431,0.043875,0.052377,0.821239,0.034036,0.013269,0.035203
NC_074536.1,NC_074536.1__M__300,M,300,1700,eukarya,0.7717779874801636,0.067111,0.085692,0.713158,0.049339,0.017798,0.066902
NC_074536.1,NC_074536.1__M__250,M,250,1750,eukarya,0.8617079257965088,0.092201,0.124832,0.640668,0.053517,0.020536,0.068247
NC_074536.1,NC_074536.1__M__200,M,200,1800,eukarya,0.8541837334632874,0.133720,0.190127,0.517331,0.070320,0.025661,0.062840
NC_074536.1,NC_074536.1__M__150,M,150,1850,eukarya,0.8783097267150879,0.069806,0.107601,0.714029,0.048496,0.016658,0.043411
NC_074536.1,NC_074536.1__M__100,M,100,1900,eukarya,0.9061510562896729,0.057169,0.103139,0.748577,0.040851,0.014548,0.035716
NC_074536.1,NC_074536.1__M__50,M,50,1950,eukarya,0.9434781670570374,0.109138,0.154186,0.613933,0.057469,0.022192,0.043082
NC_074536.1,NC_074536.1__M__1,M,1,1999,eukarya,0.9539891481399536,0.143960,0.145070,0.581739,0.061397,0.024037,0.043797
NC_074631.1,NC_074631.1__none__0,none,0,2000,phage,0.999903678894043,0.035166,0.910460,0.009821,0.012546,0.018294,0.013713
NC_074631.1,NC_074631.1__M__500,M,500,1500,phage,0.9993769526481628,0.125222,0.787274,0.016950,0.017351,0.034476,0.018726
NC_074631.1,NC_074631.1__M__450,M,450,1550,phage,0.9995397329330444,0.100270,0.821258,0.016229,0.015990,0.027364,0.018889
NC_074631.1,NC_074631.1__M__400,M,400,1600,phage,0.9996854066848755,0.076326,0.849275,0.015329,0.014996,0.026229,0.017845
NC_074631.1,NC_074631.1__M__350,M,350,1650,phage,0.9995823502540588,0.068409,0.864304,0.013008,0.014715,0.023632,0.015933
NC_074631.1,NC_074631.1__M__300,M,300,1700,phage,0.9997135996818542,0.042267,0.901868,0.010988,0.013403,0.016921,0.014554
NC_074631.1,NC_074631.1__M__250,M,250,1750,phage,0.9997292160987854,0.028566,0.918794,0.010008,0.012645,0.016265,0.013721
NC_074631.1,NC_074631.1__M__200,M,200,1800,phage,0.9998061060905457,0.028661,0.918058,0.010258,0.013087,0.015632,0.014305
NC_074631.1,NC_074631.1__M__150,M,150,1850,phage,0.9998039603233337,0.030184,0.916059,0.010307,0.013426,0.015445,0.014579
NC_074631.1,NC_074631.1__M__100,M,100,1900,phage,0.9998384714126587,0.032358,0.912349,0.010591,0.013331,0.016513,0.014858
NC_074631.1,NC_074631.1__M__50,M,50,1950,phage,0.9998180270195007,0.040260,0.902309,0.010490,0.012890,0.019682,0.014370
NC_074631.1,NC_074631.1__M__1,M,1,1999,phage,0.9999035596847534,0.035174,0.910433,0.009823,0.012543,0.018313,0.013714
NC_055111.1,NC_055111.1__none__0,none,0,2000,eukarya,0.9997403025627136,0.031355,0.112256,0.446203,0.035687,0.036400,0.338098
NC_055111.1,NC_055111.1__M__500,M,500,1500,eukarya,0.9994712471961975,0.019135,0.030204,0.780882,0.024281,0.027639,0.117858
NC_055111.1,NC_055111.1__M__450,M,450,1550,eukarya,0.999539852142334,0.020413,0.038449,0.746811,0.023363,0.028981,0.141982
NC_055111.1,NC_055111.1__M__400,M,400,1600,eukarya,0.9993295669555664,0.017976,0.028584,0.824272,0.023364,0.024250,0.081553
NC_055111.1,NC_055111.1__M__350,M,350,1650,eukarya,0.9993429780006409,0.022359,0.047443,0.709608,0.029685,0.028925,0.161981
NC_055111.1,NC_055111.1__M__300,M,300,1700,eukarya,0.9995762705802917,0.022969,0.052015,0.684017,0.026871,0.026231,0.187896
NC_055111.1,NC_055111.1__M__250,M,250,1750,eukarya,0.9996904134750366,0.023342,0.060976,0.632467,0.030211,0.028548,0.224457
NC_055111.1,NC_055111.1__M__200,M,200,1800,eukarya,0.9997139573097229,0.023506,0.065642,0.656885,0.033414,0.029754,0.190799
NC_055111.1,NC_055111.1__M__150,M,150,1850,eukarya,0.999704897403717,0.025845,0.079675,0.585893,0.035734,0.033254,0.239599
NC_055111.1,NC_055111.1__M__100,M,100,1900,eukarya,0.9997172951698303,0.029721,0.082172,0.539174,0.040783,0.033507,0.274644
NC_055111.1,NC_055111.1__M__50,M,50,1950,eukarya,0.9997206330299377,0.032910,0.102649,0.476991,0.042407,0.037629,0.307414
NC_055111.1,NC_055111.1__M__1,M,1,1999,eukarya,0.9997408986091614,0.031333,0.112274,0.445521,0.035638,0.036378,0.338856
NC_055185.1,NC_055185.1__none__0,none,0,2000,virus,0.9999669790267944,0.022307,0.044532,0.105911,0.022321,0.027069,0.777860
NC_055185.1,NC_055185.1__M__500,M,500,1500,phage,0.9999657869338989,0.085779,0.306744,0.208795,0.038182,0.067689,0.292811
NC_055185.1,NC_055185.1__M__450,M,450,1550,phage,0.9999537467956543,0.113950,0.291148,0.247732,0.042121,0.066623,0.238427
NC_055185.1,NC_055185.1__M__400,M,400,1600,phage,0.9999474287033081,0.118177,0.296259,0.209175,0.044426,0.068243,0.263721
NC_055185.1,NC_055185.1__M__350,M,350,1650,virus,0.9999364614486694,0.081557,0.207168,0.265479,0.036678,0.059752,0.349366
NC_055185.1,NC_055185.1__M__300,M,300,1700,virus,0.9999468326568604,0.050395,0.229187,0.164243,0.031504,0.046648,0.478023
NC_055185.1,NC_055185.1__M__250,M,250,1750,virus,0.999954104423523,0.041761,0.267588,0.160102,0.029889,0.043916,0.456744
NC_055185.1,NC_055185.1__M__200,M,200,1800,virus,0.9999648332595825,0.033145,0.184687,0.074052,0.024203,0.038017,0.645896
NC_055185.1,NC_055185.1__M__150,M,150,1850,virus,0.9999589920043945,0.031564,0.203441,0.082745,0.025847,0.037807,0.618596
NC_055185.1,NC_055185.1__M__100,M,100,1900,virus,0.9999568462371826,0.026411,0.119443,0.065055,0.023648,0.032815,0.732628
NC_055185.1,NC_055185.1__M__50,M,50,1950,virus,0.999956488609314,0.021025,0.060472,0.075022,0.020651,0.027440,0.795390
NC_055185.1,NC_055185.1__M__1,M,1,1999,virus,0.9999672174453735,0.022346,0.044596,0.106496,0.022359,0.027109,0.777093
NC_055299.1,NC_055299.1__none__0,none,0,2000,virus,0.999234676361084,0.032129,0.036720,0.251727,0.037314,0.031518,0.610592
NC_055299.1,NC_055299.1__M__500,M,500,1500,virus,0.99880051612854,0.032418,0.028899,0.180424,0.027108,0.028081,0.703071
NC_055299.1,NC_055299.1__M__450,M,450,1550,virus,0.9989225268363953,0.038805,0.034442,0.271204,0.033656,0.030212,0.591681
NC_055299.1,NC_055299.1__M__400,M,400,1600,virus,0.999101996421814,0.036269,0.038516,0.300230,0.035691,0.030076,0.559217
NC_055299.1,NC_055299.1__M__350,M,350,1650,virus,0.9993840456008911,0.034576,0.035362,0.212845,0.030266,0.022282,0.664670
NC_055299.1,NC_055299.1__M__300,M,300,1700,virus,0.9993100166320801,0.042611,0.039580,0.151174,0.030848,0.021748,0.714039
NC_055299.1,NC_055299.1__M__250,M,250,1750,virus,0.999026894569397,0.037370,0.041579,0.280750,0.033555,0.025111,0.581635
NC_055299.1,NC_055299.1__M__200,M,200,1800,virus,0.9992033839225769,0.035280,0.041494,0.267532,0.033407,0.025666,0.596621
NC_055299.1,NC_055299.1__M__150,M,150,1850,virus,0.9995170831680298,0.032569,0.044002,0.197273,0.034225,0.027912,0.664019
NC_055299.1,NC_055299.1__M__100,M,100,1900,virus,0.9993564486503601,0.031892,0.044415,0.403107,0.038662,0.033155,0.448769
NC_055299.1,NC_055299.1__M__50,M,50,1950,virus,0.9992281198501587,0.031940,0.038353,0.266342,0.038711,0.033153,0.591501
NC_055299.1,NC_055299.1__M__1,M,1,1999,virus,0.999235987663269,0.031882,0.036458,0.246607,0.037064,0.031384,0.616606
NC_055368.1,NC_055368.1__none__0,none,0,2000,virus,0.979969322681427,0.024298,0.026794,0.073656,0.026950,0.018516,0.829786
NC_055368.1,NC_055368.1__M__500,M,500,1500,eukarya,0.9835318326950073,0.048278,0.052505,0.582810,0.055069,0.027337,0.234000
NC_055368.1,NC_055368.1__M__450,M,450,1550,virus,0.9809738993644714,0.050672,0.055003,0.377795,0.060047,0.027787,0.428696
NC_055368.1,NC_055368.1__M__400,M,400,1600,virus,0.9847742319107056,0.032202,0.025481,0.073590,0.033748,0.015420,0.819559
NC_055368.1,NC_055368.1__M__350,M,350,1650,virus,0.9806392788887024,0.022043,0.021058,0.047848,0.025008,0.014506,0.869537
NC_055368.1,NC_055368.1__M__300,M,300,1700,virus,0.9811105728149414,0.019112,0.018895,0.041538,0.019508,0.013740,0.887207
NC_055368.1,NC_055368.1__M__250,M,250,1750,virus,0.9854050278663635,0.019572,0.021610,0.050079,0.021777,0.015499,0.871462
NC_055368.1,NC_055368.1__M__200,M,200,1800,virus,0.9865680932998657,0.018674,0.019772,0.044210,0.021703,0.014606,0.881035
NC_055368.1,NC_055368.1__M__150,M,150,1850,virus,0.9831554889678955,0.021490,0.022515,0.055149,0.022871,0.015508,0.862468
NC_055368.1,NC_055368.1__M__100,M,100,1900,virus,0.9796499013900757,0.028496,0.030826,0.128780,0.030972,0.022226,0.758699
NC_055368.1,NC_055368.1__M__50,M,50,1950,virus,0.9774634838104248,0.020529,0.023952,0.053622,0.022768,0.016015,0.863114
NC_055368.1,NC_055368.1__M__1,M,1,1999,virus,0.9799506664276123,0.024346,0.026861,0.074156,0.027009,0.018555,0.829073
NC_055409.1,NC_055409.1__none__0,none,0,2000,virus,0.9997381567955017,0.010591,0.013584,0.019308,0.013216,0.010216,0.933086
NC_055409.1,NC_055409.1__M__500,M,500,1500,virus,0.9996907711029053,0.199401,0.083559,0.185930,0.212707,0.041143,0.277260
NC_055409.1,NC_055409.1__M__450,M,450,1550,virus,0.9996999502182007,0.214165,0.105055,0.213517,0.128900,0.043135,0.295228
NC_055409.1,NC_055409.1__M__400,M,400,1600,bacteria,0.9996821880340576,0.308637,0.148912,0.167950,0.137029,0.054365,0.183107
NC_055409.1,NC_055409.1__M__350,M,350,1650,virus,0.9995927214622498,0.101410,0.070369,0.084534,0.058328,0.031822,0.653538
NC_055409.1,NC_055409.1__M__300,M,300,1700,virus,0.9997085928916931,0.072911,0.069208,0.076604,0.049942,0.037922,0.693413
NC_055409.1,NC_055409.1__M__250,M,250,1750,virus,0.9996675252914429,0.042712,0.043004,0.066271,0.034523,0.030300,0.783189
NC_055409.1,NC_055409.1__M__200,M,200,1800,virus,0.9996986389160156,0.035780,0.035648,0.047689,0.026302,0.023278,0.831303
NC_055409.1,NC_055409.1__M__150,M,150,1850,virus,0.9996597766876221,0.024661,0.025066,0.036708,0.020586,0.017745,0.875234
NC_055409.1,NC_055409.1__M__100,M,100,1900,virus,0.999601423740387,0.012363,0.013924,0.021309,0.013346,0.010374,0.928683
NC_055409.1,NC_055409.1__M__50,M,50,1950,virus,0.999609649181366,0.011463,0.012816,0.018307,0.012586,0.009551,0.935277
NC_055409.1,NC_055409.1__M__1,M,1,1999,virus,0.9997360110282898,0.010628,0.013598,0.019456,0.013236,0.010239,0.932843
NC_055433.1,NC_055433.1__none__0,none,0,2000,phage,0.995022177696228,0.173897,0.589984,0.029423,0.122496,0.053940,0.030260
NC_055433.1,NC_055433.1__M__500,M,500,1500,phage,0.999430239200592,0.131193,0.681040,0.025515,0.081877,0.053570,0.026805
NC_055433.1,NC_055433.1__M__450,M,450,1550,phage,0.9992376565933228,0.118165,0.586635,0.033280,0.177410,0.050991,0.033519
NC_055433.1,NC_055433.1__M__400,M,400,1600,phage,0.9989577531814575,0.106117,0.694930,0.028851,0.088956,0.050643,0.030502
NC_055433.1,NC_055433.1__M__350,M,350,1650,phage,0.9984330534934998,0.141706,0.718898,0.022859,0.048321,0.043470,0.024745
NC_055433.1,NC_055433.1__M__300,M,300,1700,phage,0.9984961748123169,0.140303,0.688207,0.024673,0.074969,0.044955,0.026892
NC_055433.1,NC_055433.1__M__250,M,250,1750,phage,0.997870683670044,0.173398,0.672425,0.023321,0.056013,0.049310,0.025534
NC_055433.1,NC_055433.1__M__200,M,200,1800,phage,0.9977235198020935,0.180180,0.541037,0.033402,0.144733,0.064772,0.035875
NC_055433.1,NC_055433.1__M__150,M,150,1850,phage,0.9972444772720337,0.141263,0.669257,0.025608,0.083104,0.052296,0.028471
NC_055433.1,NC_055433.1__M__100,M,100,1900,phage,0.9971274733543396,0.198155,0.612386,0.026985,0.079626,0.054672,0.028175
NC_055433.1,NC_055433.1__M__50,M,50,1950,phage,0.995793342590332,0.172994,0.657600,0.024752,0.070085,0.048369,0.026202
NC_055433.1,NC_055433.1__M__1,M,1,1999,phage,0.9950262904167175,0.171994,0.594845,0.029216,0.120277,0.053558,0.030111
NC_055454.1,NC_055454.1__none__0,none,0,2000,virus,0.9975774884223938,0.017629,0.032127,0.101745,0.024824,0.019453,0.804221
NC_055454.1,NC_055454.1__M__500,M,500,1500,virus,0.9976193308830261,0.020407,0.048660,0.200007,0.034112,0.021779,0.675035
NC_055454.1,NC_055454.1__M__450,M,450,1550,virus,0.9979702830314636,0.019901,0.058466,0.176594,0.033297,0.020895,0.690848
NC_055454.1,NC_055454.1__M__400,M,400,1600,virus,0.997222900390625,0.017402,0.026925,0.080572,0.022444,0.017897,0.834761
NC_055454.1,NC_055454.1__M__350,M,350,1650,virus,0.9962366223335266,0.014540,0.018927,0.039318,0.016340,0.015982,0.894893
NC_055454.1,NC_055454.1__M__300,M,300,1700,virus,0.9972003698348999,0.013606,0.019563,0.035894,0.014645,0.015049,0.901243
NC_055454.1,NC_055454.1__M__250,M,250,1750,virus,0.9968480467796326,0.013265,0.018625,0.033451,0.015323,0.015508,0.903828
NC_055454.1,NC_055454.1__M__200,M,200,1800,virus,0.9969678521156311,0.014423,0.019271,0.043184,0.017965,0.016096,0.889061
NC_055454.1,NC_055454.1__M__150,M,150,1850,virus,0.9970521926879883,0.015409,0.035807,0.076715,0.026280,0.017607,0.828182
NC_055454.1,NC_055454.1__M__100,M,100,1900,virus,0.997010350227356,0.015476,0.039071,0.078570,0.024840,0.017510,0.824533
NC_055454.1,NC_055454.1__M__50,M,50,1950,virus,0.9973957538604736,0.018239,0.029309,0.101624,0.025321,0.019883,0.805625
NC_055454.1,NC_055454.1__M__1,M,1,1999,virus,0.9975626468658447,0.017736,0.032066,0.103133,0.024942,0.019558,0.802565
NC_055640.1,NC_055640.1__none__0,none,0,2000,virus,0.9866734743118286,0.029298,0.037672,0.283370,0.042517,0.031698,0.575446
NC_055640.1,NC_055640.1__M__500,M,500,1500,eukarya,0.9957655668258667,0.031967,0.065538,0.590377,0.066426,0.022889,0.222803
NC_055640.1,NC_055640.1__M__450,M,450,1550,eukarya,0.9964463114738464,0.026677,0.048842,0.658521,0.040139,0.022285,0.203536
NC_055640.1,NC_055640.1__M__400,M,400,1600,eukarya,0.9958254098892212,0.024384,0.038118,0.729771,0.053463,0.020510,0.133755
NC_055640.1,NC_055640.1__M__350,M,350,1650,eukarya,0.9934245347976685,0.027846,0.045808,0.636626,0.061761,0.022759,0.205200
NC_055640.1,NC_055640.1__M__300,M,300,1700,eukarya,0.9916198253631592,0.030971,0.044437,0.542412,0.051908,0.025941,0.304332
NC_055640.1,NC_055640.1__M__250,M,250,1750,eukarya,0.9933542013168335,0.030864,0.045081,0.452877,0.046207,0.030943,0.394028
NC_055640.1,NC_055640.1__M__200,M,200,1800,virus,0.9931933283805847,0.028175,0.041637,0.339265,0.040336,0.035077,0.515509
NC_055640.1,NC_055640.1__M__150,M,150,1850,virus,0.9926552772521973,0.028691,0.043206,0.383857,0.043604,0.034155,0.466487
NC_055640.1,NC_055640.1__M__100,M,100,1900,virus,0.9896182417869568,0.025755,0.037871,0.237844,0.035332,0.032639,0.630558
NC_055640.1,NC_055640.1__M__50,M,50,1950,virus,0.9885305762290955,0.027001,0.035912,0.229134,0.032352,0.032806,0.642795
NC_055640.1,NC_055640.1__M__1,M,1,1999,virus,0.9866209030151367,0.029286,0.037684,0.283308,0.042510,0.031711,0.575501
NC_048211.1,NC_048211.1__none__0,none,0,2000,virus,0.9999942779541016,0.067827,0.038946,0.089328,0.038211,0.035142,0.730545
NC_048211.1,NC_048211.1__M__500,M,500,1500,virus,0.9999889135360718,0.097569,0.027482,0.168606,0.030311,0.020526,0.655505
NC_048211.1,NC_048211.1__M__450,M,450,1550,virus,0.9999903440475464,0.100518,0.032888,0.288620,0.035033,0.023012,0.519930
NC_048211.1,NC_048211.1__M__400,M,400,1600,virus,0.9999918937683105,0.074144,0.031311,0.188348,0.031982,0.021847,0.652368
NC_048211.1,NC_048211.1__M__350,M,350,1650,virus,0.9999927282333374,0.039374,0.021664,0.061248,0.021264,0.015377,0.841074
NC_048211.1,NC_048211.1__M__300,M,300,1700,virus,0.9999929666519165,0.041927,0.021302,0.046413,0.021518,0.015593,0.853248
NC_048211.1,NC_048211.1__M__250,M,250,1750,virus,0.9999935626983643,0.032817,0.021372,0.041727,0.020824,0.016097,0.867162
NC_048211.1,NC_048211.1__M__200,M,200,1800,virus,0.9999943971633911,0.033395,0.021385,0.042461,0.021014,0.017324,0.864422
NC_048211.1,NC_048211.1__M__150,M,150,1850,virus,0.9999939203262329,0.028403,0.022763,0.048656,0.022381,0.020354,0.857443
NC_048211.1,NC_048211.1__M__100,M,100,1900,virus,0.999992847442627,0.038678,0.028329,0.051385,0.026676,0.024489,0.830443
NC_048211.1,NC_048211.1__M__50,M,50,1950,virus,0.9999938011169434,0.049957,0.028991,0.061535,0.028633,0.026220,0.804664
NC_048211.1,NC_048211.1__M__1,M,1,1999,virus,0.9999942779541016,0.067855,0.038932,0.089390,0.038212,0.035143,0.730468
NC_046958.1,NC_046958.1__none__0,none,0,2000,virus,0.8223286867141724,0.049084,0.030561,0.043936,0.021410,0.018558,0.836451
NC_046958.1,NC_046958.1__M__500,M,500,1500,virus,0.8331968188285828,0.120750,0.068505,0.121954,0.035437,0.053505,0.599849
NC_046958.1,NC_046958.1__M__450,M,450,1550,virus,0.8334589004516602,0.121432,0.062423,0.113730,0.036004,0.051014,0.615398
NC_046958.1,NC_046958.1__M__400,M,400,1600,virus,0.8785876631736755,0.110604,0.052688,0.068065,0.029541,0.044329,0.694773
NC_046958.1,NC_046958.1__M__350,M,350,1650,virus,0.8533493280410767,0.093647,0.041066,0.080053,0.030743,0.031953,0.722539
NC_046958.1,NC_046958.1__M__300,M,300,1700,virus,0.8482186198234558,0.054201,0.030200,0.062960,0.026175,0.023568,0.802897
NC_046958.1,NC_046958.1__M__250,M,250,1750,virus,0.822935163974762,0.041747,0.024626,0.040202,0.020297,0.017757,0.855371
NC_046958.1,NC_046958.1__M__200,M,200,1800,virus,0.778600811958313,0.029574,0.017788,0.031000,0.015561,0.012197,0.893879
NC_046958.1,NC_046958.1__M__150,M,150,1850,virus,0.7912527322769165,0.022977,0.015468,0.023949,0.013294,0.010031,0.914282
NC_046958.1,NC_046958.1__M__100,M,100,1900,virus,0.8054022192955017,0.028760,0.017767,0.027615,0.014340,0.010139,0.901380
NC_046958.1,NC_046958.1__M__50,M,50,1950,virus,0.8101483583450317,0.031650,0.020544,0.035420,0.016146,0.011837,0.884403
NC_046958.1,NC_046958.1__M__1,M,1,1999,virus,0.8227694034576416,0.049176,0.030597,0.044066,0.021437,0.018615,0.836109
NC_046963.1,NC_046963.1__none__0,none,0,2000,virus,0.9960083961486816,0.017906,0.016693,0.035146,0.014221,0.013106,0.902927
NC_046963.1,NC_046963.1__M__500,M,500,1500,eukarya,0.9917008280754089,0.040826,0.056597,0.542887,0.027562,0.031166,0.300961
NC_046963.1,NC_046963.1__M__450,M,450,1550,virus,0.993981659412384,0.040982,0.045810,0.397277,0.027784,0.035416,0.452731
NC_046963.1,NC_046963.1__M__400,M,400,1600,virus,0.9935396313667297,0.038582,0.036393,0.404739,0.026827,0.032065,0.461393
NC_046963.1,NC_046963.1__M__350,M,350,1650,eukarya,0.9931291937828064,0.035908,0.037976,0.486471,0.025965,0.029376,0.384304
NC_046963.1,NC_046963.1__M__300,M,300,1700,eukarya,0.9931309819221497,0.037294,0.037555,0.521443,0.028410,0.028802,0.346495
NC_046963.1,NC_046963.1__M__250,M,250,1750,virus,0.994321346282959,0.037256,0.033183,0.391806,0.029083,0.029421,0.479252
NC_046963.1,NC_046963.1__M__200,M,200,1800,virus,0.994400680065155,0.032666,0.030828,0.198913,0.024545,0.025317,0.687730
NC_046963.1,NC_046963.1__M__150,M,150,1850,virus,0.9945388436317444,0.029997,0.026285,0.154328,0.022418,0.022770,0.744202
NC_046963.1,NC_046963.1__M__100,M,100,1900,virus,0.9962158799171448,0.025395,0.022276,0.093593,0.019358,0.019328,0.820050
NC_046963.1,NC_046963.1__M__50,M,50,1950,virus,0.9954498410224915,0.020824,0.018105,0.048398,0.015699,0.014247,0.882727
NC_046963.1,NC_046963.1__M__1,M,1,1999,virus,0.9960100650787354,0.017781,0.016607,0.034656,0.014150,0.013043,0.903762
NC_043036.1,NC_043036.1__none__0,none,0,2000,virus,0.9985600113868713,0.009910,0.014330,0.016511,0.015505,0.014577,0.929167
NC_043036.1,NC_043036.1__M__500,M,500,1500,virus,0.9991363883018494,0.014568,0.016752,0.024221,0.026657,0.014366,0.903437
NC_043036.1,NC_043036.1__M__450,M,450,1550,virus,0.9990676045417786,0.016394,0.019095,0.035062,0.029758,0.016657,0.883034
NC_043036.1,NC_043036.1__M__400,M,400,1600,virus,0.99901282787323,0.013563,0.016149,0.023140,0.025367,0.015310,0.906472
NC_043036.1,NC_043036.1__M__350,M,350,1650,virus,0.9990332126617432,0.016983,0.019499,0.047191,0.033689,0.017872,0.864767
NC_043036.1,NC_043036.1__M__300,M,300,1700,virus,0.9990077614784241,0.012173,0.015229,0.020772,0.020770,0.014409,0.916646
NC_043036.1,NC_043036.1__M__250,M,250,1750,virus,0.9991592168807983,0.010873,0.014337,0.018506,0.019696,0.014691,0.921897
NC_043036.1,NC_043036.1__M__200,M,200,1800,virus,0.9987021684646606,0.012142,0.015652,0.023257,0.020479,0.016398,0.912073
NC_043036.1,NC_043036.1__M__150,M,150,1850,virus,0.9986439347267151,0.011795,0.015285,0.022454,0.019555,0.016118,0.914793
NC_043036.1,NC_043036.1__M__100,M,100,1900,virus,0.9986371397972107,0.011220,0.015979,0.020644,0.016760,0.015580,0.919816
NC_043036.1,NC_043036.1__M__50,M,50,1950,virus,0.9989523887634277,0.009324,0.014551,0.015258,0.014477,0.014060,0.932331
NC_043036.1,NC_043036.1__M__1,M,1,1999,virus,0.9985656142234802,0.009902,0.014329,0.016483,0.015483,0.014564,0.929239
NC_043510.1,NC_043510.1__none__0,none,0,2000,virus,0.9991093277931213,0.013976,0.030103,0.031918,0.019477,0.019446,0.885080
NC_043510.1,NC_043510.1__M__500,M,500,1500,eukarya,0.998977541923523,0.044927,0.110013,0.421058,0.069276,0.034637,0.320089
NC_043510.1,NC_043510.1__M__450,M,450,1550,eukarya,0.9986956715583801,0.035740,0.124443,0.549940,0.057048,0.029189,0.203640
NC_043510.1,NC_043510.1__M__400,M,400,1600,eukarya,0.9984517097473145,0.031749,0.090151,0.414798,0.048644,0.031187,0.383471
NC_043510.1,NC_043510.1__M__350,M,350,1650,virus,0.9983306527137756,0.015913,0.031011,0.054237,0.023750,0.019259,0.855831
NC_043510.1,NC_043510.1__M__300,M,300,1700,virus,0.9984036087989807,0.016855,0.031459,0.076522,0.022905,0.021265,0.830992
NC_043510.1,NC_043510.1__M__250,M,250,1750,virus,0.9982283711433411,0.018326,0.037763,0.102238,0.025124,0.023712,0.792837
NC_043510.1,NC_043510.1__M__200,M,200,1800,virus,0.9984319806098938,0.018092,0.036151,0.092460,0.024598,0.023723,0.804977
NC_043510.1,NC_043510.1__M__150,M,150,1850,virus,0.99872225522995,0.018077,0.040793,0.078215,0.025845,0.023904,0.813166
NC_043510.1,NC_043510.1__M__100,M,100,1900,virus,0.9990646243095398,0.017884,0.039759,0.069092,0.025214,0.023815,0.824237
NC_043510.1,NC_043510.1__M__50,M,50,1950,virus,0.9992708563804626,0.014603,0.031872,0.039241,0.020222,0.019974,0.874088
NC_043510.1,NC_043510.1__M__1,M,1,1999,virus,0.9991094470024109,0.013970,0.030072,0.031851,0.019457,0.019425,0.885225
NC_043537.1,NC_043537.1__none__0,none,0,2000,virus,0.9851475358009338,0.011312,0.017254,0.015255,0.013362,0.014342,0.928475
NC_043537.1,NC_043537.1__M__500,M,500,1500,virus,0.9744378328323364,0.011532,0.017698,0.018131,0.012205,0.013580,0.926853
NC_043537.1,NC_043537.1__M__450,M,450,1550,virus,0.9771046042442322,0.010903,0.017295,0.018953,0.012372,0.012587,0.927890
NC_043537.1,NC_043537.1__M__400,M,400,1600,virus,0.970669686794281,0.013313,0.021251,0.029925,0.014429,0.015426,0.905656
NC_043537.1,NC_043537.1__M__350,M,350,1650,virus,0.9801777005195618,0.011892,0.017703,0.017813,0.013024,0.013734,0.925833
NC_043537.1,NC_043537.1__M__300,M,300,1700,virus,0.9731874465942383,0.011735,0.018104,0.017435,0.012663,0.014242,0.925822
NC_043537.1,NC_043537.1__M__250,M,250,1750,virus,0.9744962453842163,0.010972,0.017632,0.015592,0.012364,0.014202,0.929238
NC_043537.1,NC_043537.1__M__200,M,200,1800,virus,0.9790138602256775,0.011142,0.018537,0.017257,0.012683,0.014258,0.926123
NC_043537.1,NC_043537.1__M__150,M,150,1850,virus,0.9801102876663208,0.010766,0.017842,0.015988,0.012505,0.014077,0.928822
NC_043537.1,NC_043537.1__M__100,M,100,1900,virus,0.9808066487312317,0.010851,0.016758,0.014974,0.012827,0.013872,0.930717
NC_043537.1,NC_043537.1__M__50,M,50,1950,virus,0.9845358729362488,0.011329,0.017232,0.015147,0.013090,0.014248,0.928955
NC_043537.1,NC_043537.1__M__1,M,1,1999,virus,0.985153079032898,0.011314,0.017252,0.015245,0.013360,0.014344,0.928485
NC_043661.1,NC_043661.1__none__0,none,0,2000,virus,0.996820330619812,0.012235,0.016520,0.015576,0.012103,0.011555,0.932010
NC_043661.1,NC_043661.1__M__500,M,500,1500,virus,0.9986380934715271,0.013235,0.016860,0.025323,0.014406,0.011460,0.918716
NC_043661.1,NC_043661.1__M__450,M,450,1550,virus,0.9983170032501221,0.011933,0.015937,0.019640,0.013487,0.010952,0.928050
NC_043661.1,NC_043661.1__M__400,M,400,1600,virus,0.9980645775794983,0.011378,0.016009,0.014885,0.013067,0.011694,0.932968
NC_043661.1,NC_043661.1__M__350,M,350,1650,virus,0.9969021081924438,0.011766,0.016401,0.013926,0.012771,0.011537,0.933599
NC_043661.1,NC_043661.1__M__300,M,300,1700,virus,0.9966897964477539,0.011319,0.015546,0.014120,0.012399,0.011312,0.935304
NC_043661.1,NC_043661.1__M__250,M,250,1750,virus,0.9963585734367371,0.011739,0.015691,0.015521,0.012322,0.011676,0.933051
NC_043661.1,NC_043661.1__M__200,M,200,1800,virus,0.9969097971916199,0.011571,0.016180,0.014430,0.012468,0.011933,0.933418
NC_043661.1,NC_043661.1__M__150,M,150,1850,virus,0.9973306655883789,0.011688,0.016295,0.015638,0.012474,0.011662,0.932244
NC_043661.1,NC_043661.1__M__100,M,100,1900,virus,0.9975957274436951,0.012010,0.016470,0.015252,0.012144,0.011600,0.932524
NC_043661.1,NC_043661.1__M__50,M,50,1950,virus,0.9975650310516357,0.011745,0.016594,0.015280,0.012115,0.011511,0.932755
NC_043661.1,NC_043661.1__M__1,M,1,1999,virus,0.9968169331550598,0.012239,0.016517,0.015571,0.012103,0.011554,0.932015
NC_040434.1,NC_040434.1__none__0,none,0,2000,virus,0.8109265565872192,0.021378,0.124392,0.039021,0.034861,0.019702,0.760646
NC_040434.1,NC_040434.1__M__500,M,500,1500,phage,0.3742649257183075,0.022153,0.397703,0.131093,0.025696,0.030651,0.392703
NC_040434.1,NC_040434.1__M__450,M,450,1550,virus,0.4516738951206207,0.021667,0.373376,0.127465,0.026384,0.030532,0.420576
NC_040434.1,NC_040434.1__M__400,M,400,1600,virus,0.49066707491874695,0.017590,0.212296,0.076352,0.022734,0.027984,0.643043
NC_040434.1,NC_040434.1__M__350,M,350,1650,virus,0.5067447423934937,0.017122,0.124660,0.066635,0.020454,0.024586,0.746543
NC_040434.1,NC_040434.1__M__300,M,300,1700,virus,0.6371517181396484,0.015728,0.098239,0.054693,0.019853,0.021345,0.790142
NC_040434.1,NC_040434.1__M__250,M,250,1750,virus,0.6886930465698242,0.016949,0.102556,0.068488,0.021664,0.022078,0.768264
NC_040434.1,NC_040434.1__M__200,M,200,1800,virus,0.7016836404800415,0.017010,0.096274,0.059310,0.021096,0.020323,0.785986
NC_040434.1,NC_040434.1__M__150,M,150,1850,virus,0.7317306995391846,0.016165,0.065328,0.045274,0.020070,0.017540,0.835624
NC_040434.1,NC_040434.1__M__100,M,100,1900,virus,0.785836398601532,0.016998,0.100160,0.049994,0.022489,0.019124,0.791234
NC_040434.1,NC_040434.1__M__50,M,50,1950,virus,0.7818710803985596,0.018718,0.166390,0.043519,0.025803,0.019188,0.726382
NC_040434.1,NC_040434.1__M__1,M,1,1999,virus,0.8108676075935364,0.021339,0.124545,0.038981,0.034737,0.019731,0.760667
NC_040443.1,NC_040443.1__none__0,none,0,2000,virus,0.9998301267623901,0.013928,0.020835,0.018888,0.018744,0.016400,0.911206
NC_040443.1,NC_040443.1__M__500,M,500,1500,virus,0.9998902082443237,0.014644,0.046702,0.026004,0.022009,0.035354,0.855288
NC_040443.1,NC_040443.1__M__450,M,450,1550,virus,0.9998753070831299,0.013505,0.031579,0.025041,0.021690,0.033115,0.875070
NC_040443.1,NC_040443.1__M__400,M,400,1600,virus,0.999916672706604,0.013726,0.027229,0.025063,0.022605,0.031906,0.879471
NC_040443.1,NC_040443.1__M__350,M,350,1650,virus,0.9999206066131592,0.013692,0.031230,0.025424,0.023567,0.033248,0.872839
NC_040443.1,NC_040443.1__M__300,M,300,1700,virus,0.9999246597290039,0.013147,0.024877,0.022503,0.021661,0.025049,0.892763
NC_040443.1,NC_040443.1__M__250,M,250,1750,virus,0.9998946189880371,0.012531,0.020248,0.020161,0.019967,0.019784,0.907310
NC_040443.1,NC_040443.1__M__200,M,200,1800,virus,0.9998704195022583,0.012742,0.017605,0.019119,0.018616,0.016882,0.915036
NC_040443.1,NC_040443.1__M__150,M,150,1850,virus,0.9998875856399536,0.013534,0.017340,0.019281,0.018783,0.016599,0.914461
NC_040443.1,NC_040443.1__M__100,M,100,1900,virus,0.9998914003372192,0.013456,0.016690,0.019033,0.018573,0.015667,0.916580
NC_040443.1,NC_040443.1__M__50,M,50,1950,virus,0.9998725652694702,0.013469,0.017340,0.018890,0.018385,0.015209,0.916705
NC_040443.1,NC_040443.1__M__1,M,1,1999,virus,0.9998292922973633,0.013924,0.020837,0.018877,0.018738,0.016402,0.911221
NC_040464.1,NC_040464.1__none__0,none,0,2000,virus,0.9974653720855713,0.059141,0.026157,0.032944,0.025889,0.012923,0.842946
NC_040464.1,NC_040464.1__M__500,M,500,1500,virus,0.9956960678100586,0.053180,0.019209,0.043403,0.019198,0.012578,0.852431
NC_040464.1,NC_040464.1__M__450,M,450,1550,virus,0.9962665438652039,0.046199,0.014290,0.020605,0.014033,0.009615,0.895258
NC_040464.1,NC_040464.1__M__400,M,400,1600,virus,0.9977141618728638,0.039633,0.013803,0.018888,0.013532,0.009064,0.905080
NC_040464.1,NC_040464.1__M__350,M,350,1650,virus,0.9983786344528198,0.020919,0.014158,0.015864,0.013180,0.010614,0.925265
NC_040464.1,NC_040464.1__M__300,M,300,1700,virus,0.9981247782707214,0.023876,0.014616,0.016095,0.013490,0.010427,0.921495
NC_040464.1,NC_040464.1__M__250,M,250,1750,virus,0.9981608986854553,0.028065,0.014872,0.018117,0.014349,0.010036,0.914561
NC_040464.1,NC_040464.1__M__200,M,200,1800,virus,0.9987648725509644,0.033321,0.016119,0.020839,0.016221,0.011211,0.902289
NC_040464.1,NC_040464.1__M__150,M,150,1850,virus,0.9985485672950745,0.032488,0.015817,0.020345,0.015800,0.010907,0.904644
NC_040464.1,NC_040464.1__M__100,M,100,1900,virus,0.9984411597251892,0.035465,0.017226,0.022799,0.016876,0.011434,0.896200
NC_040464.1,NC_040464.1__M__50,M,50,1950,virus,0.9984058737754822,0.038510,0.019466,0.025090,0.018437,0.010475,0.888021
NC_040464.1,NC_040464.1__M__1,M,1,1999,virus,0.9974588751792908,0.059133,0.026151,0.032927,0.025882,0.012918,0.842990
NC_040485.1,NC_040485.1__none__0,none,0,2000,eukarya,0.9998629093170166,0.092746,0.110942,0.299060,0.044532,0.164782,0.287938
NC_040485.1,NC_040485.1__M__500,M,500,1500,virus,0.9998136162757874,0.018211,0.023801,0.055997,0.017969,0.018179,0.865843
NC_040485.1,NC_040485.1__M__450,M,450,1550,virus,0.9998329877853394,0.021263,0.033772,0.086563,0.020971,0.022128,0.815302
NC_040485.1,NC_040485.1__M__400,M,400,1600,virus,0.9998236298561096,0.025166,0.047256,0.164307,0.023851,0.028385,0.711035
NC_040485.1,NC_040485.1__M__350,M,350,1650,virus,0.9998358488082886,0.025940,0.054347,0.184594,0.025141,0.034406,0.675572
NC_040485.1,NC_040485.1__M__300,M,300,1700,virus,0.9998481273651123,0.028351,0.068822,0.268430,0.028845,0.038599,0.566954
NC_040485.1,NC_040485.1__M__250,M,250,1750,virus,0.999811589717865,0.031931,0.060507,0.333643,0.031172,0.054927,0.487819
NC_040485.1,NC_040485.1__M__200,M,200,1800,virus,0.9997679591178894,0.038248,0.056495,0.371310,0.033214,0.064610,0.436123
NC_040485.1,NC_040485.1__M__150,M,150,1850,virus,0.9998192191123962,0.056768,0.061187,0.303310,0.038004,0.081620,0.459110
NC_040485.1,NC_040485.1__M__100,M,100,1900,virus,0.9998179078102112,0.051036,0.062414,0.341475,0.035577,0.075290,0.434207
NC_040485.1,NC_040485.1__M__50,M,50,1950,virus,0.9998094439506531,0.058006,0.077841,0.283053,0.037515,0.102306,0.441279
NC_040485.1,NC_040485.1__M__1,M,1,1999,eukarya,0.9998626708984375,0.092757,0.110935,0.298819,0.044543,0.164654,0.288292
NC_040601.1,NC_040601.1__none__0,none,0,2000,eukarya,0.9955294728279114,0.028694,0.052124,0.467154,0.026562,0.023951,0.401514
NC_040601.1,NC_040601.1__M__500,M,500,1500,eukarya,0.9976709485054016,0.019291,0.028097,0.847901,0.016451,0.016340,0.071920
NC_040601.1,NC_040601.1__M__450,M,450,1550,eukarya,0.9969885945320129,0.023493,0.043654,0.770557,0.019982,0.018479,0.123834
NC_040601.1,NC_040601.1__M__400,M,400,1600,eukarya,0.9964358806610107,0.021971,0.034744,0.787571,0.019190,0.017203,0.119320
NC_040601.1,NC_040601.1__M__350,M,350,1650,eukarya,0.9966127276420593,0.031414,0.045874,0.535644,0.025858,0.024424,0.336787
NC_040601.1,NC_040601.1__M__300,M,300,1700,eukarya,0.9962737560272217,0.026006,0.060595,0.640963,0.023782,0.023198,0.225457
NC_040601.1,NC_040601.1__M__250,M,250,1750,eukarya,0.9947962164878845,0.026479,0.049640,0.655323,0.023811,0.022234,0.222513
NC_040601.1,NC_040601.1__M__200,M,200,1800,eukarya,0.9955580830574036,0.026256,0.048976,0.643765,0.023548,0.021431,0.236025
NC_040601.1,NC_040601.1__M__150,M,150,1850,eukarya,0.9934760928153992,0.025229,0.039322,0.646547,0.023520,0.020610,0.244772
NC_040601.1,NC_040601.1__M__100,M,100,1900,eukarya,0.9940296411514282,0.024013,0.040641,0.675406,0.023250,0.019954,0.216736
NC_040601.1,NC_040601.1__M__50,M,50,1950,eukarya,0.9935923218727112,0.022019,0.039158,0.726331,0.021390,0.018220,0.172881
NC_040601.1,NC_040601.1__M__1,M,1,1999,eukarya,0.9954987168312073,0.028638,0.052071,0.474621,0.026565,0.023912,0.394194
NC_040685.2,NC_040685.2__none__0,none,0,2000,bacteria,0.9999405145645142,0.500348,0.370542,0.017761,0.026569,0.063450,0.021331
NC_040685.2,NC_040685.2__M__500,M,500,1500,phage,0.9997017979621887,0.367097,0.452676,0.022684,0.025313,0.089039,0.043191
NC_040685.2,NC_040685.2__M__450,M,450,1550,phage,0.9997305274009705,0.392511,0.437938,0.021755,0.023781,0.088402,0.035614
NC_040685.2,NC_040685.2__M__400,M,400,1600,phage,0.9997730851173401,0.320978,0.525793,0.018441,0.021511,0.085970,0.027308
NC_040685.2,NC_040685.2__M__350,M,350,1650,phage,0.9997990727424622,0.211692,0.673738,0.015912,0.021816,0.055496,0.021346
NC_040685.2,NC_040685.2__M__300,M,300,1700,phage,0.9998750686645508,0.228834,0.652562,0.016219,0.022888,0.056601,0.022895
NC_040685.2,NC_040685.2__M__250,M,250,1750,phage,0.9998918771743774,0.247692,0.635539,0.016441,0.022185,0.057455,0.020688
NC_040685.2,NC_040685.2__M__200,M,200,1800,phage,0.9998968839645386,0.260274,0.615508,0.016940,0.023284,0.061974,0.022021
NC_040685.2,NC_040685.2__M__150,M,150,1850,phage,0.9999245405197144,0.345898,0.525720,0.016786,0.022670,0.070137,0.018788
NC_040685.2,NC_040685.2__M__100,M,100,1900,phage,0.9999434947967529,0.428845,0.441098,0.017602,0.023796,0.068963,0.019696
NC_040685.2,NC_040685.2__M__50,M,50,1950,bacteria,0.9999426603317261,0.488362,0.380261,0.017140,0.024855,0.068604,0.020778
NC_040685.2,NC_040685.2__M__1,M,1,1999,bacteria,0.9999401569366455,0.497664,0.372900,0.017770,0.026547,0.063731,0.021388
NC_040774.1,NC_040774.1__none__0,none,0,2000,eukarya,0.9995679259300232,0.238367,0.058068,0.411835,0.047549,0.030862,0.213318
NC_040774.1,NC_040774.1__M__500,M,500,1500,eukarya,0.9972966313362122,0.112692,0.038331,0.694118,0.031845,0.019743,0.103271
NC_040774.1,NC_040774.1__M__450,M,450,1550,eukarya,0.9983502626419067,0.134724,0.040015,0.687265,0.031390,0.019698,0.086909
NC_040774.1,NC_040774.1__M__400,M,400,1600,eukarya,0.9988633394241333,0.160061,0.042507,0.643168,0.033228,0.019623,0.101414
NC_040774.1,NC_040774.1__M__350,M,350,1650,eukarya,0.999040424823761,0.076892,0.033748,0.760677,0.029317,0.018206,0.081160
NC_040774.1,NC_040774.1__M__300,M,300,1700,eukarya,0.9991963505744934,0.093901,0.032908,0.736576,0.030396,0.019136,0.087083
NC_040774.1,NC_040774.1__M__250,M,250,1750,eukarya,0.9993554949760437,0.128259,0.040505,0.584689,0.037799,0.025955,0.182793
NC_040774.1,NC_040774.1__M__200,M,200,1800,eukarya,0.9996435642242432,0.174115,0.045803,0.552774,0.039417,0.029168,0.158723
NC_040774.1,NC_040774.1__M__150,M,150,1850,eukarya,0.9996812343597412,0.206615,0.047583,0.492477,0.041704,0.030422,0.181199
NC_040774.1,NC_040774.1__M__100,M,100,1900,bacteria,0.9996238946914673,0.387019,0.056943,0.298957,0.049167,0.034061,0.173853
NC_040774.1,NC_040774.1__M__50,M,50,1950,bacteria,0.99960857629776,0.347047,0.059478,0.302226,0.051121,0.035753,0.204375
NC_040774.1,NC_040774.1__M__1,M,1,1999,eukarya,0.9995669722557068,0.241482,0.058165,0.408837,0.047648,0.031117,0.212751
NC_040795.1,NC_040795.1__none__0,none,0,2000,virus,0.9975334405899048,0.031513,0.256790,0.306611,0.035278,0.030406,0.339401
NC_040795.1,NC_040795.1__M__500,M,500,1500,phage,0.9955524802207947,0.040494,0.645165,0.157360,0.032049,0.028595,0.096337
NC_040795.1,NC_040795.1__M__450,M,450,1550,phage,0.9971963167190552,0.042576,0.668737,0.130543,0.032490,0.028555,0.097100
NC_040795.1,NC_040795.1__M__400,M,400,1600,phage,0.9972476363182068,0.050024,0.600281,0.138081,0.037220,0.032795,0.141600
NC_040795.1,NC_040795.1__M__350,M,350,1650,phage,0.9973576664924622,0.032203,0.611932,0.099238,0.033912,0.027274,0.195442
NC_040795.1,NC_040795.1__M__300,M,300,1700,virus,0.9973766803741455,0.029473,0.393121,0.096885,0.034704,0.028160,0.417658
NC_040795.1,NC_040795.1__M__250,M,250,1750,phage,0.9979355335235596,0.032248,0.452931,0.157428,0.035457,0.028209,0.293726
NC_040795.1,NC_040795.1__M__200,M,200,1800,phage,0.9979978203773499,0.034154,0.437201,0.163509,0.037648,0.029845,0.297642
NC_040795.1,NC_040795.1__M__150,M,150,1850,virus,0.9976116418838501,0.030071,0.343101,0.152105,0.036017,0.029392,0.409314
NC_040795.1,NC_040795.1__M__100,M,100,1900,virus,0.9977529644966125,0.031121,0.280961,0.220303,0.035304,0.029669,0.402642
NC_040795.1,NC_040795.1__M__50,M,50,1950,virus,0.9979220032691956,0.030279,0.218320,0.216685,0.034550,0.029622,0.470543
NC_040795.1,NC_040795.1__M__1,M,1,1999,virus,0.9975368976593018,0.031530,0.256483,0.307456,0.035276,0.030414,0.338841
NC_040813.1,NC_040813.1__none__0,none,0,2000,virus,0.9999172687530518,0.011807,0.021655,0.015045,0.015415,0.014744,0.921335
NC_040813.1,NC_040813.1__M__500,M,500,1500,virus,0.9997610449790955,0.023061,0.045004,0.018117,0.016189,0.017357,0.880273
NC_040813.1,NC_040813.1__M__450,M,450,1550,virus,0.9997634291648865,0.017107,0.031487,0.015181,0.014099,0.014832,0.907295
NC_040813.1,NC_040813.1__M__400,M,400,1600,virus,0.9997782111167908,0.013649,0.029902,0.013945,0.013508,0.013425,0.915571
NC_040813.1,NC_040813.1__M__350,M,350,1650,virus,0.9998432397842407,0.015158,0.039216,0.015404,0.014836,0.016048,0.899338
NC_040813.1,NC_040813.1__M__300,M,300,1700,virus,0.999901533126831,0.016560,0.031606,0.017432,0.016820,0.015829,0.901752
NC_040813.1,NC_040813.1__M__250,M,250,1750,virus,0.9998875856399536,0.015991,0.026245,0.017546,0.016439,0.014388,0.909392
NC_040813.1,NC_040813.1__M__200,M,200,1800,virus,0.9999091625213623,0.014581,0.026365,0.017743,0.016679,0.014879,0.909753
NC_040813.1,NC_040813.1__M__150,M,150,1850,virus,0.999931812286377,0.014218,0.026936,0.017415,0.016651,0.014374,0.910405
NC_040813.1,NC_040813.1__M__100,M,100,1900,virus,0.9999195337295532,0.013917,0.027945,0.017237,0.016683,0.016299,0.907920
NC_040813.1,NC_040813.1__M__50,M,50,1950,virus,0.9999278783798218,0.013147,0.023569,0.015837,0.016023,0.015264,0.916161
NC_040813.1,NC_040813.1__M__1,M,1,1999,virus,0.9999172687530518,0.011811,0.021666,0.015043,0.015412,0.014754,0.921314
NC_040835.1,NC_040835.1__none__0,none,0,2000,virus,0.997492790222168,0.024028,0.062675,0.092504,0.023944,0.021048,0.775800
NC_040835.1,NC_040835.1__M__500,M,500,1500,virus,0.9951436519622803,0.041746,0.073488,0.362767,0.032382,0.027526,0.462091
NC_040835.1,NC_040835.1__M__450,M,450,1550,virus,0.9958289265632629,0.035933,0.090146,0.287959,0.033452,0.027391,0.525119
NC_040835.1,NC_040835.1__M__400,M,400,1600,virus,0.9970826506614685,0.033965,0.092532,0.277725,0.035482,0.029162,0.531134
NC_040835.1,NC_040835.1__M__350,M,350,1650,virus,0.9979019165039062,0.023286,0.071904,0.087551,0.025624,0.021713,0.769923
NC_040835.1,NC_040835.1__M__300,M,300,1700,virus,0.9970574378967285,0.023027,0.059512,0.084350,0.024038,0.020548,0.788525
NC_040835.1,NC_040835.1__M__250,M,250,1750,virus,0.9976202845573425,0.028996,0.061503,0.116358,0.027869,0.023770,0.741503
NC_040835.1,NC_040835.1__M__200,M,200,1800,virus,0.9968926310539246,0.029128,0.057147,0.106104,0.027346,0.023236,0.757039
NC_040835.1,NC_040835.1__M__150,M,150,1850,virus,0.9968112111091614,0.026873,0.058435,0.108400,0.025976,0.022006,0.758310
NC_040835.1,NC_040835.1__M__100,M,100,1900,virus,0.9979115128517151,0.027347,0.060309,0.093602,0.026336,0.022855,0.769551
NC_040835.1,NC_040835.1__M__50,M,50,1950,virus,0.9979332685470581,0.027644,0.075815,0.100822,0.027611,0.023906,0.744202
NC_040835.1,NC_040835.1__M__1,M,1,1999,virus,0.9974914789199829,0.024033,0.062681,0.092556,0.023948,0.021053,0.775728
NC_039476.1,NC_039476.1__none__0,none,0,2000,virus,0.9995483756065369,0.022736,0.030441,0.042538,0.078527,0.020095,0.805663
NC_039476.1,NC_039476.1__M__500,M,500,1500,virus,0.9997376799583435,0.020064,0.030309,0.048567,0.041882,0.021229,0.837948
NC_039476.1,NC_039476.1__M__450,M,450,1550,virus,0.9996483325958252,0.034996,0.058922,0.090543,0.158546,0.036957,0.620037
NC_039476.1,NC_039476.1__M__400,M,400,1600,virus,0.9994298815727234,0.032826,0.056530,0.064889,0.149750,0.037161,0.658845
NC_039476.1,NC_039476.1__M__350,M,350,1650,virus,0.9992133378982544,0.021571,0.032332,0.042547,0.057556,0.022172,0.823823
NC_039476.1,NC_039476.1__M__300,M,300,1700,virus,0.9993311166763306,0.019388,0.027601,0.038822,0.048908,0.020176,0.845106
NC_039476.1,NC_039476.1__M__250,M,250,1750,virus,0.9991077780723572,0.019001,0.027354,0.038984,0.054407,0.019809,0.840445
NC_039476.1,NC_039476.1__M__200,M,200,1800,virus,0.9994009733200073,0.020336,0.029112,0.037430,0.067391,0.020788,0.824944
NC_039476.1,NC_039476.1__M__150,M,150,1850,virus,0.9994133710861206,0.022053,0.031524,0.041340,0.085635,0.021216,0.798232
NC_039476.1,NC_039476.1__M__100,M,100,1900,virus,0.9995498061180115,0.024042,0.035003,0.046346,0.110783,0.022560,0.761266
NC_039476.1,NC_039476.1__M__50,M,50,1950,virus,0.9995630383491516,0.022301,0.030565,0.042887,0.083117,0.020368,0.800762
NC_039476.1,NC_039476.1__M__1,M,1,1999,virus,0.9995482563972473,0.022720,0.030407,0.042510,0.078275,0.020085,0.806004
NC_039199.1,NC_039199.1__none__0,none,0,2000,virus,0.9990664124488831,0.021390,0.017729,0.026632,0.032782,0.013269,0.888199
NC_039199.1,NC_039199.1__M__500,M,500,1500,virus,0.9873806238174438,0.028525,0.022563,0.026838,0.029585,0.013682,0.878808
NC_039199.1,NC_039199.1__M__450,M,450,1550,virus,0.9895011782646179,0.032136,0.029629,0.029298,0.034598,0.016644,0.857695
NC_039199.1,NC_039199.1__M__400,M,400,1600,virus,0.988523542881012,0.035785,0.031622,0.033977,0.034681,0.018058,0.845877
NC_039199.1,NC_039199.1__M__350,M,350,1650,virus,0.9875457882881165,0.027856,0.025613,0.043015,0.047351,0.016080,0.840086
NC_039199.1,NC_039199.1__M__300,M,300,1700,virus,0.992252767086029,0.024693,0.021723,0.036498,0.029295,0.014683,0.873108
NC_039199.1,NC_039199.1__M__250,M,250,1750,virus,0.9954788684844971,0.021141,0.018738,0.031451,0.024674,0.012690,0.891306
NC_039199.1,NC_039199.1__M__200,M,200,1800,virus,0.9965267777442932,0.024146,0.019444,0.032880,0.032179,0.013058,0.878294
NC_039199.1,NC_039199.1__M__150,M,150,1850,virus,0.9969471096992493,0.020019,0.016526,0.027315,0.028981,0.013063,0.894095
NC_039199.1,NC_039199.1__M__100,M,100,1900,virus,0.9973182082176208,0.022211,0.019470,0.031914,0.041568,0.014991,0.869846
NC_039199.1,NC_039199.1__M__50,M,50,1950,virus,0.9985395669937134,0.026440,0.024745,0.033954,0.046439,0.017303,0.851119
NC_039199.1,NC_039199.1__M__1,M,1,1999,virus,0.9990655779838562,0.021409,0.017734,0.026624,0.032797,0.013264,0.888174
NC_038272.1,NC_038272.1__none__0,none,0,2000,virus,0.9985148310661316,0.016384,0.140126,0.047540,0.031894,0.020680,0.743377
NC_038272.1,NC_038272.1__M__500,M,500,1500,virus,0.9979264736175537,0.016405,0.086077,0.024099,0.016415,0.014905,0.842098
NC_038272.1,NC_038272.1__M__450,M,450,1550,virus,0.9982045888900757,0.016761,0.108816,0.028753,0.020639,0.014735,0.810295
NC_038272.1,NC_038272.1__M__400,M,400,1600,virus,0.9985783100128174,0.019599,0.108858,0.044241,0.022723,0.014745,0.789835
NC_038272.1,NC_038272.1__M__350,M,350,1650,virus,0.9987006187438965,0.015244,0.086008,0.029996,0.019718,0.015552,0.833482
NC_038272.1,NC_038272.1__M__300,M,300,1700,virus,0.9982439279556274,0.017255,0.151349,0.038624,0.024433,0.017012,0.751328
NC_038272.1,NC_038272.1__M__250,M,250,1750,virus,0.9978925585746765,0.016110,0.112418,0.035101,0.023661,0.017680,0.795029
NC_038272.1,NC_038272.1__M__200,M,200,1800,virus,0.9984478950500488,0.016351,0.102365,0.040720,0.029106,0.018154,0.793303
NC_038272.1,NC_038272.1__M__150,M,150,1850,virus,0.9988495111465454,0.015320,0.079104,0.035497,0.027301,0.017364,0.825414
NC_038272.1,NC_038272.1__M__100,M,100,1900,virus,0.998315691947937,0.015386,0.083981,0.036166,0.028348,0.017833,0.818287
NC_038272.1,NC_038272.1__M__50,M,50,1950,virus,0.9980946183204651,0.015921,0.107505,0.043035,0.034142,0.020212,0.779186
NC_038272.1,NC_038272.1__M__1,M,1,1999,virus,0.9985117316246033,0.016371,0.139705,0.047464,0.031861,0.020663,0.743936
NC_038287.1,NC_038287.1__none__0,none,0,2000,eukarya,0.9997071623802185,0.029734,0.046953,0.582992,0.030385,0.032715,0.277222
NC_038287.1,NC_038287.1__M__500,M,500,1500,eukarya,0.9996317625045776,0.032718,0.050713,0.646020,0.029323,0.022921,0.218305
NC_038287.1,NC_038287.1__M__450,M,450,1550,eukarya,0.9996428489685059,0.025585,0.059405,0.661228,0.027429,0.023469,0.202884
NC_038287.1,NC_038287.1__M__400,M,400,1600,eukarya,0.9996523857116699,0.031060,0.054105,0.500919,0.029302,0.029287,0.355327
NC_038287.1,NC_038287.1__M__350,M,350,1650,virus,0.9995445609092712,0.033768,0.053176,0.295164,0.027086,0.032702,0.558104
NC_038287.1,NC_038287.1__M__300,M,300,1700,virus,0.9996790885925293,0.030921,0.072685,0.294068,0.029035,0.040144,0.533148
NC_038287.1,NC_038287.1__M__250,M,250,1750,virus,0.9997151494026184,0.031074,0.066939,0.257588,0.029056,0.043015,0.572328
NC_038287.1,NC_038287.1__M__200,M,200,1800,eukarya,0.9997443556785583,0.030391,0.066964,0.476787,0.033014,0.043835,0.349008
NC_038287.1,NC_038287.1__M__150,M,150,1850,virus,0.9997230172157288,0.032068,0.065325,0.376011,0.032464,0.050338,0.443794
NC_038287.1,NC_038287.1__M__100,M,100,1900,virus,0.9997441172599792,0.029946,0.057545,0.297303,0.029161,0.045106,0.540940
NC_038287.1,NC_038287.1__M__50,M,50,1950,eukarya,0.9997630715370178,0.031147,0.051750,0.546343,0.030346,0.032219,0.308195
NC_038287.1,NC_038287.1__M__1,M,1,1999,eukarya,0.9997074007987976,0.029642,0.046844,0.586931,0.030317,0.032629,0.273638
NC_038311.1,NC_038311.1__none__0,none,0,2000,virus,0.9889506697654724,0.013874,0.030259,0.016646,0.013291,0.011848,0.914082
NC_038311.1,NC_038311.1__M__500,M,500,1500,virus,0.9380484223365784,0.014823,0.068874,0.018707,0.011683,0.012833,0.873079
NC_038311.1,NC_038311.1__M__450,M,450,1550,virus,0.963565468788147,0.012347,0.041861,0.016836,0.010168,0.011282,0.907506
NC_038311.1,NC_038311.1__M__400,M,400,1600,virus,0.9715517163276672,0.012637,0.038322,0.015701,0.010123,0.010570,0.912648
NC_038311.1,NC_038311.1__M__350,M,350,1650,virus,0.9773485660552979,0.014420,0.054685,0.018143,0.011919,0.012096,0.888736
NC_038311.1,NC_038311.1__M__300,M,300,1700,virus,0.9760480523109436,0.015253,0.059695,0.018854,0.013107,0.012341,0.880751
NC_038311.1,NC_038311.1__M__250,M,250,1750,virus,0.9839751124382019,0.014531,0.042100,0.017134,0.012511,0.011419,0.902305
NC_038311.1,NC_038311.1__M__200,M,200,1800,virus,0.9856365919113159,0.012708,0.031166,0.014701,0.010230,0.010373,0.920822
NC_038311.1,NC_038311.1__M__150,M,150,1850,virus,0.9863743782043457,0.013206,0.029136,0.015511,0.011715,0.010620,0.919811
NC_038311.1,NC_038311.1__M__100,M,100,1900,virus,0.9894840121269226,0.014474,0.041634,0.017664,0.013775,0.011359,0.901095
NC_038311.1,NC_038311.1__M__50,M,50,1950,virus,0.9905436635017395,0.014131,0.029479,0.015821,0.013465,0.011616,0.915488
NC_038311.1,NC_038311.1__M__1,M,1,1999,virus,0.988964319229126,0.013862,0.030208,0.016634,0.013264,0.011840,0.914192
NC_038317.1,NC_038317.1__none__0,none,0,2000,virus,0.9988515377044678,0.014038,0.012872,0.011425,0.014172,0.012492,0.935000
NC_038317.1,NC_038317.1__M__500,M,500,1500,virus,0.9969149827957153,0.009227,0.015666,0.010516,0.008935,0.008587,0.947069
NC_038317.1,NC_038317.1__M__450,M,450,1550,virus,0.9974730610847473,0.009490,0.015368,0.010667,0.009295,0.008797,0.946383
NC_038317.1,NC_038317.1__M__400,M,400,1600,virus,0.9970831274986267,0.009351,0.016016,0.010835,0.008384,0.008117,0.947297
NC_038317.1,NC_038317.1__M__350,M,350,1650,virus,0.9978103041648865,0.010349,0.012469,0.009949,0.010209,0.009192,0.947832
NC_038317.1,NC_038317.1__M__300,M,300,1700,virus,0.9969340562820435,0.010861,0.011907,0.010832,0.010831,0.009660,0.945908
NC_038317.1,NC_038317.1__M__250,M,250,1750,virus,0.99850994348526,0.011548,0.013769,0.011084,0.012277,0.011519,0.939802
NC_038317.1,NC_038317.1__M__200,M,200,1800,virus,0.9984471201896667,0.012399,0.013705,0.011376,0.012888,0.012159,0.937473
NC_038317.1,NC_038317.1__M__150,M,150,1850,virus,0.9983627200126648,0.013022,0.011899,0.011155,0.013813,0.011667,0.938444
NC_038317.1,NC_038317.1__M__100,M,100,1900,virus,0.9984418749809265,0.013258,0.011156,0.011100,0.013941,0.011367,0.939178
NC_038317.1,NC_038317.1__M__50,M,50,1950,virus,0.9987720847129822,0.013765,0.011597,0.011145,0.014057,0.011892,0.937544
NC_038317.1,NC_038317.1__M__1,M,1,1999,virus,0.9988467693328857,0.014035,0.012914,0.011413,0.014148,0.012503,0.934986
NC_038435.1,NC_038435.1__none__0,none,0,2000,virus,0.9990441203117371,0.015536,0.019593,0.026978,0.015799,0.012818,0.909277
NC_038435.1,NC_038435.1__M__500,M,500,1500,virus,0.9973341226577759,0.030905,0.031185,0.171639,0.026933,0.025638,0.713700
NC_038435.1,NC_038435.1__M__450,M,450,1550,virus,0.9980220794677734,0.027742,0.029539,0.137189,0.026008,0.025065,0.754457
NC_038435.1,NC_038435.1__M__400,M,400,1600,virus,0.998484194278717,0.018663,0.020243,0.045673,0.018156,0.016647,0.880617
NC_038435.1,NC_038435.1__M__350,M,350,1650,virus,0.9985936284065247,0.014311,0.016968,0.023484,0.014467,0.012834,0.917936
NC_038435.1,NC_038435.1__M__300,M,300,1700,virus,0.9981667995452881,0.016095,0.018826,0.032399,0.015821,0.014389,0.902469
NC_038435.1,NC_038435.1__M__250,M,250,1750,virus,0.9985320568084717,0.016264,0.018676,0.030772,0.015787,0.014313,0.904188
NC_038435.1,NC_038435.1__M__200,M,200,1800,virus,0.9987412095069885,0.014959,0.017717,0.023809,0.014724,0.012918,0.915873
NC_038435.1,NC_038435.1__M__150,M,150,1850,virus,0.9989209175109863,0.015145,0.019369,0.027921,0.015008,0.013904,0.908653
NC_038435.1,NC_038435.1__M__100,M,100,1900,virus,0.9990424513816833,0.014483,0.018685,0.022649,0.014343,0.013103,0.916736
NC_038435.1,NC_038435.1__M__50,M,50,1950,virus,0.9990730285644531,0.012867,0.016774,0.017335,0.013462,0.011732,0.927830
NC_038435.1,NC_038435.1__M__1,M,1,1999,virus,0.9990435242652893,0.015547,0.019619,0.027060,0.015812,0.012839,0.909123
NC_038697.1,NC_038697.1__none__0,none,0,2000,virus,0.9999961853027344,0.012597,0.013587,0.013809,0.010413,0.013338,0.936257
NC_038697.1,NC_038697.1__M__500,M,500,1500,virus,0.999997615814209,0.011241,0.014849,0.014070,0.009208,0.014414,0.936218
NC_038697.1,NC_038697.1__M__450,M,450,1550,virus,0.999997615814209,0.012573,0.016736,0.015522,0.010253,0.015109,0.929807
NC_038697.1,NC_038697.1__M__400,M,400,1600,virus,0.9999972581863403,0.011920,0.015652,0.015327,0.009972,0.014170,0.932959
NC_038697.1,NC_038697.1__M__350,M,350,1650,virus,0.9999972581863403,0.012502,0.016664,0.015445,0.010811,0.014788,0.929791
NC_038697.1,NC_038697.1__M__300,M,300,1700,virus,0.9999974966049194,0.013584,0.019343,0.015945,0.011546,0.014209,0.925373
NC_038697.1,NC_038697.1__M__250,M,250,1750,virus,0.9999974966049194,0.013534,0.019312,0.015614,0.011266,0.014151,0.926123
NC_038697.1,NC_038697.1__M__200,M,200,1800,virus,0.9999960660934448,0.013384,0.015675,0.014373,0.010916,0.014147,0.931505
NC_038697.1,NC_038697.1__M__150,M,150,1850,virus,0.9999957084655762,0.013388,0.014938,0.014269,0.011070,0.014266,0.932068
NC_038697.1,NC_038697.1__M__100,M,100,1900,virus,0.9999958276748657,0.013264,0.015383,0.014290,0.011388,0.014413,0.931263
NC_038697.1,NC_038697.1__M__50,M,50,1950,virus,0.9999955892562866,0.012675,0.013828,0.013863,0.010445,0.013566,0.935623
NC_038697.1,NC_038697.1__M__1,M,1,1999,virus,0.9999960660934448,0.012594,0.013590,0.013809,0.010411,0.013341,0.936256
NC_038717.1,NC_038717.1__none__0,none,0,2000,virus,0.9999098777770996,0.031358,0.093794,0.021674,0.035970,0.028939,0.788264
NC_038717.1,NC_038717.1__M__500,M,500,1500,archaea,0.9996631145477295,0.050802,0.116395,0.023032,0.664881,0.034656,0.110234
NC_038717.1,NC_038717.1__M__450,M,450,1550,archaea,0.9997774958610535,0.049096,0.120248,0.024020,0.677873,0.033168,0.095596
NC_038717.1,NC_038717.1__M__400,M,400,1600,archaea,0.9998626708984375,0.063757,0.197652,0.033755,0.459102,0.041091,0.204643
NC_038717.1,NC_038717.1__M__350,M,350,1650,virus,0.9998584985733032,0.067091,0.184412,0.033250,0.312089,0.044314,0.358845
NC_038717.1,NC_038717.1__M__300,M,300,1700,virus,0.9998726844787598,0.048196,0.124623,0.026921,0.112483,0.035783,0.651993
NC_038717.1,NC_038717.1__M__250,M,250,1750,virus,0.9999085664749146,0.050101,0.195453,0.025951,0.086654,0.037874,0.603967
NC_038717.1,NC_038717.1__M__200,M,200,1800,virus,0.9999028444290161,0.044317,0.126990,0.023525,0.068847,0.033111,0.703209
NC_038717.1,NC_038717.1__M__150,M,150,1850,virus,0.9999256134033203,0.041988,0.148623,0.023597,0.058518,0.034767,0.692508
NC_038717.1,NC_038717.1__M__100,M,100,1900,virus,0.9999115467071533,0.036985,0.143304,0.024294,0.048670,0.032604,0.714143
NC_038717.1,NC_038717.1__M__50,M,50,1950,virus,0.9998993873596191,0.039273,0.163206,0.023550,0.045817,0.034300,0.693854
NC_038717.1,NC_038717.1__M__1,M,1,1999,virus,0.9999107122421265,0.031419,0.094190,0.021692,0.036087,0.028970,0.787643
NC_038747.1,NC_038747.1__none__0,none,0,2000,virus,0.9999779462814331,0.043537,0.045265,0.056719,0.043132,0.028068,0.783279
NC_038747.1,NC_038747.1__M__500,M,500,1500,virus,0.9999226331710815,0.042941,0.034646,0.074324,0.034657,0.026199,0.787233
NC_038747.1,NC_038747.1__M__450,M,450,1550,virus,0.9999328851699829,0.057072,0.039491,0.119408,0.048611,0.033190,0.702228
NC_038747.1,NC_038747.1__M__400,M,400,1600,virus,0.999946117401123,0.069652,0.050220,0.185351,0.056832,0.040334,0.597610
NC_038747.1,NC_038747.1__M__350,M,350,1650,virus,0.9999616146087646,0.074132,0.052759,0.181442,0.062840,0.041158,0.587669
NC_038747.1,NC_038747.1__M__300,M,300,1700,virus,0.9999639987945557,0.127269,0.078717,0.151783,0.096824,0.053394,0.492013
NC_038747.1,NC_038747.1__M__250,M,250,1750,virus,0.9999579191207886,0.092346,0.065926,0.124590,0.082408,0.042108,0.592622
NC_038747.1,NC_038747.1__M__200,M,200,1800,virus,0.9999626874923706,0.096164,0.070907,0.150640,0.087819,0.043259,0.551211
NC_038747.1,NC_038747.1__M__150,M,150,1850,virus,0.9999635219573975,0.073723,0.057078,0.138351,0.068714,0.035425,0.626709
NC_038747.1,NC_038747.1__M__100,M,100,1900,virus,0.9999657869338989,0.063368,0.055377,0.101014,0.059857,0.031201,0.689183
NC_038747.1,NC_038747.1__M__50,M,50,1950,virus,0.9999703168869019,0.071783,0.064186,0.097795,0.065310,0.035886,0.665039
NC_038747.1,NC_038747.1__M__1,M,1,1999,virus,0.9999779462814331,0.043684,0.045441,0.056850,0.043340,0.028152,0.782533
NC_038769.1,NC_038769.1__none__0,none,0,2000,archaea,0.9999418258666992,0.037694,0.046307,0.038158,0.536420,0.026319,0.315102
NC_038769.1,NC_038769.1__M__500,M,500,1500,virus,0.9999135732650757,0.036193,0.031507,0.040822,0.195730,0.021684,0.674065
NC_038769.1,NC_038769.1__M__450,M,450,1550,virus,0.9999024868011475,0.040594,0.042279,0.041849,0.168173,0.027894,0.679210
NC_038769.1,NC_038769.1__M__400,M,400,1600,virus,0.9998639822006226,0.031540,0.044118,0.044509,0.209685,0.027543,0.642605
NC_038769.1,NC_038769.1__M__350,M,350,1650,virus,0.9998327493667603,0.025062,0.026886,0.042202,0.173638,0.022542,0.709671
NC_038769.1,NC_038769.1__M__300,M,300,1700,virus,0.9998351335525513,0.027397,0.029551,0.040098,0.149412,0.021605,0.731936
NC_038769.1,NC_038769.1__M__250,M,250,1750,virus,0.9999063014984131,0.033961,0.039378,0.040797,0.183286,0.024094,0.678484
NC_038769.1,NC_038769.1__M__200,M,200,1800,virus,0.9999382495880127,0.045376,0.055847,0.040446,0.166409,0.029310,0.662611
NC_038769.1,NC_038769.1__M__150,M,150,1850,virus,0.9999532699584961,0.047569,0.059564,0.049673,0.318419,0.030034,0.494741
NC_038769.1,NC_038769.1__M__100,M,100,1900,archaea,0.9999468326568604,0.044183,0.059455,0.049537,0.413462,0.029233,0.404130
NC_038769.1,NC_038769.1__M__50,M,50,1950,archaea,0.9999457597732544,0.047034,0.059969,0.047875,0.446867,0.029055,0.369201
NC_038769.1,NC_038769.1__M__1,M,1,1999,archaea,0.9999419450759888,0.037706,0.046306,0.038158,0.536582,0.026309,0.314940
NC_038782.1,NC_038782.1__none__0,none,0,2000,eukarya,0.9906914830207825,0.021631,0.042317,0.837093,0.022516,0.017029,0.059414
NC_038782.1,NC_038782.1__M__500,M,500,1500,eukarya,0.9975572824478149,0.013714,0.021829,0.899193,0.015045,0.011490,0.038729
NC_038782.1,NC_038782.1__M__450,M,450,1550,eukarya,0.9972374439239502,0.012376,0.021464,0.909976,0.014208,0.011046,0.030930
NC_038782.1,NC_038782.1__M__400,M,400,1600,eukarya,0.9968730807304382,0.013884,0.027442,0.884166,0.015965,0.013406,0.045137
NC_038782.1,NC_038782.1__M__350,M,350,1650,eukarya,0.9975624084472656,0.013493,0.021424,0.906277,0.014442,0.012345,0.032018
NC_038782.1,NC_038782.1__M__300,M,300,1700,eukarya,0.9974259734153748,0.016846,0.028170,0.882115,0.017211,0.013776,0.041882
NC_038782.1,NC_038782.1__M__250,M,250,1750,eukarya,0.99552983045578,0.021315,0.038323,0.818820,0.023173,0.018782,0.079587
NC_038782.1,NC_038782.1__M__200,M,200,1800,eukarya,0.995834231376648,0.023071,0.045478,0.797747,0.022811,0.020364,0.090529
NC_038782.1,NC_038782.1__M__150,M,150,1850,eukarya,0.9957774877548218,0.027342,0.067251,0.723774,0.027870,0.022438,0.131325
NC_038782.1,NC_038782.1__M__100,M,100,1900,eukarya,0.9936337471008301,0.030240,0.094575,0.687288,0.031092,0.025310,0.131494
NC_038782.1,NC_038782.1__M__50,M,50,1950,eukarya,0.992107093334198,0.020079,0.063994,0.792802,0.023679,0.018530,0.080915
NC_038782.1,NC_038782.1__M__1,M,1,1999,eukarya,0.9906999468803406,0.021719,0.042519,0.836163,0.022609,0.017094,0.059897
NC_038874.1,NC_038874.1__none__0,none,0,2000,virus,0.9995112419128418,0.012385,0.043658,0.038522,0.018999,0.021414,0.865023
NC_038874.1,NC_038874.1__M__500,M,500,1500,virus,0.9991075396537781,0.017820,0.034983,0.076034,0.021227,0.025589,0.824347
NC_038874.1,NC_038874.1__M__450,M,450,1550,virus,0.9993340373039246,0.015954,0.033181,0.066760,0.019978,0.024298,0.839828
NC_038874.1,NC_038874.1__M__400,M,400,1600,virus,0.9993829727172852,0.014770,0.026608,0.050957,0.017793,0.021575,0.868296
NC_038874.1,NC_038874.1__M__350,M,350,1650,virus,0.9995681643486023,0.016458,0.031874,0.072640,0.020433,0.024879,0.833715
NC_038874.1,NC_038874.1__M__300,M,300,1700,virus,0.9996091723442078,0.014070,0.032709,0.048042,0.018440,0.021895,0.864846
NC_038874.1,NC_038874.1__M__250,M,250,1750,virus,0.9995427131652832,0.013866,0.034770,0.044796,0.018568,0.021530,0.866471
NC_038874.1,NC_038874.1__M__200,M,200,1800,virus,0.9995427131652832,0.012933,0.029376,0.037139,0.016759,0.019991,0.883801
NC_038874.1,NC_038874.1__M__150,M,150,1850,virus,0.9994431138038635,0.011163,0.029694,0.026156,0.015806,0.018325,0.898857
NC_038874.1,NC_038874.1__M__100,M,100,1900,virus,0.9995419979095459,0.011259,0.031506,0.026875,0.015938,0.018453,0.895968
NC_038874.1,NC_038874.1__M__50,M,50,1950,virus,0.9994940757751465,0.012520,0.039464,0.038701,0.018194,0.021124,0.869998
NC_038874.1,NC_038874.1__M__1,M,1,1999,virus,0.9995130300521851,0.012381,0.043698,0.038536,0.018988,0.021412,0.864985
NC_038882.1,NC_038882.1__none__0,none,0,2000,virus,0.8862956166267395,0.010658,0.010964,0.014357,0.012447,0.008176,0.943399
NC_038882.1,NC_038882.1__M__500,M,500,1500,virus,0.5804234147071838,0.016531,0.016112,0.029028,0.013891,0.010753,0.913685
NC_038882.1,NC_038882.1__M__450,M,450,1550,virus,0.6175769567489624,0.019413,0.015638,0.032829,0.014785,0.011176,0.906159
NC_038882.1,NC_038882.1__M__400,M,400,1600,virus,0.7110051512718201,0.017118,0.019268,0.036566,0.016414,0.012540,0.898094
NC_038882.1,NC_038882.1__M__350,M,350,1650,virus,0.7782363295555115,0.027612,0.025637,0.055051,0.022543,0.018983,0.850175
NC_038882.1,NC_038882.1__M__300,M,300,1700,virus,0.8101142048835754,0.013241,0.014173,0.021173,0.014393,0.010339,0.926680
NC_038882.1,NC_038882.1__M__250,M,250,1750,virus,0.7784833312034607,0.021347,0.020002,0.042022,0.019862,0.015399,0.881369
NC_038882.1,NC_038882.1__M__200,M,200,1800,virus,0.8108426928520203,0.013776,0.014211,0.021766,0.014833,0.010492,0.924922
NC_038882.1,NC_038882.1__M__150,M,150,1850,virus,0.8314164876937866,0.012202,0.012497,0.018757,0.013663,0.009418,0.933463
NC_038882.1,NC_038882.1__M__100,M,100,1900,virus,0.8747925758361816,0.010877,0.011450,0.015562,0.012426,0.008267,0.941418
NC_038882.1,NC_038882.1__M__50,M,50,1950,virus,0.8661365509033203,0.010325,0.011145,0.014566,0.012301,0.008249,0.943415
NC_038882.1,NC_038882.1__M__1,M,1,1999,virus,0.8861401677131653,0.010650,0.010958,0.014342,0.012441,0.008172,0.943437
NC_038940.1,NC_038940.1__none__0,none,0,2000,virus,0.9640682935714722,0.012538,0.016030,0.012151,0.013580,0.013878,0.931822
NC_038940.1,NC_038940.1__M__500,M,500,1500,virus,0.9760180711746216,0.012972,0.016411,0.013785,0.014507,0.015399,0.926925
NC_038940.1,NC_038940.1__M__450,M,450,1550,virus,0.9785272479057312,0.013333,0.016686,0.015073,0.014798,0.015373,0.924737
NC_038940.1,NC_038940.1__M__400,M,400,1600,virus,0.9808167815208435,0.013675,0.017112,0.016761,0.015136,0.015808,0.921507
NC_038940.1,NC_038940.1__M__350,M,350,1650,virus,0.979850709438324,0.013452,0.016473,0.014335,0.014801,0.015273,0.925666
NC_038940.1,NC_038940.1__M__300,M,300,1700,virus,0.979090690612793,0.013687,0.016814,0.014019,0.014831,0.015291,0.925358
NC_038940.1,NC_038940.1__M__250,M,250,1750,virus,0.980076253414154,0.013698,0.016857,0.015428,0.015122,0.015104,0.923791
NC_038940.1,NC_038940.1__M__200,M,200,1800,virus,0.9796524047851562,0.012521,0.015949,0.014437,0.014159,0.014323,0.928611
NC_038940.1,NC_038940.1__M__150,M,150,1850,virus,0.9848874807357788,0.012481,0.015617,0.013294,0.013673,0.013670,0.931267
NC_038940.1,NC_038940.1__M__100,M,100,1900,virus,0.9774050116539001,0.012706,0.016032,0.013160,0.014099,0.014286,0.929717
NC_038940.1,NC_038940.1__M__50,M,50,1950,virus,0.9535124897956848,0.012358,0.016000,0.012549,0.013591,0.014031,0.931471
NC_038940.1,NC_038940.1__M__1,M,1,1999,virus,0.9643120169639587,0.012538,0.016028,0.012145,0.013579,0.013879,0.931830
NC_036469.1,NC_036469.1__none__0,none,0,2000,virus,0.999875545501709,0.027769,0.041491,0.222472,0.031497,0.027780,0.648991
NC_036469.1,NC_036469.1__M__500,M,500,1500,eukarya,0.9997559189796448,0.031712,0.044001,0.489555,0.033344,0.034786,0.366603
NC_036469.1,NC_036469.1__M__450,M,450,1550,eukarya,0.9997989535331726,0.030792,0.044188,0.464603,0.032892,0.035376,0.392148
NC_036469.1,NC_036469.1__M__400,M,400,1600,eukarya,0.9998171925544739,0.029266,0.039747,0.507187,0.031578,0.034522,0.357701
NC_036469.1,NC_036469.1__M__350,M,350,1650,virus,0.9998133778572083,0.027519,0.047323,0.296497,0.031679,0.032981,0.564002
NC_036469.1,NC_036469.1__M__300,M,300,1700,virus,0.9998645782470703,0.027738,0.046367,0.274737,0.031202,0.030003,0.589954
NC_036469.1,NC_036469.1__M__250,M,250,1750,virus,0.9999191761016846,0.025083,0.047451,0.192425,0.029894,0.028055,0.677092
NC_036469.1,NC_036469.1__M__200,M,200,1800,virus,0.999944806098938,0.029444,0.053865,0.374456,0.032818,0.031418,0.477999
NC_036469.1,NC_036469.1__M__150,M,150,1850,virus,0.9999257326126099,0.028765,0.044380,0.244335,0.032051,0.031357,0.619113
NC_036469.1,NC_036469.1__M__100,M,100,1900,virus,0.9999035596847534,0.028690,0.043198,0.264950,0.031436,0.028987,0.602740
NC_036469.1,NC_036469.1__M__50,M,50,1950,virus,0.9998716115951538,0.029963,0.042901,0.361466,0.031993,0.029471,0.504205
NC_036469.1,NC_036469.1__M__1,M,1,1999,virus,0.9998751878738403,0.027785,0.041556,0.223466,0.031523,0.027793,0.647878
NC_036476.1,NC_036476.1__none__0,none,0,2000,virus,0.9999245405197144,0.017295,0.017366,0.026975,0.017000,0.016697,0.904668
NC_036476.1,NC_036476.1__M__500,M,500,1500,virus,0.9999340772628784,0.030845,0.032348,0.146306,0.027035,0.028463,0.735003
NC_036476.1,NC_036476.1__M__450,M,450,1550,virus,0.9999204874038696,0.023362,0.025110,0.070808,0.022058,0.023222,0.835440
NC_036476.1,NC_036476.1__M__400,M,400,1600,virus,0.9999294281005859,0.020566,0.021590,0.054594,0.020651,0.021973,0.860624
NC_036476.1,NC_036476.1__M__350,M,350,1650,virus,0.999922513961792,0.019920,0.021251,0.056100,0.019763,0.020335,0.862631
NC_036476.1,NC_036476.1__M__300,M,300,1700,virus,0.9999169111251831,0.019941,0.022194,0.057265,0.020290,0.021498,0.858813
NC_036476.1,NC_036476.1__M__250,M,250,1750,virus,0.9999113082885742,0.018658,0.020558,0.046514,0.019275,0.019318,0.875678
NC_036476.1,NC_036476.1__M__200,M,200,1800,virus,0.999882698059082,0.019010,0.022340,0.047929,0.019530,0.020248,0.870943
NC_036476.1,NC_036476.1__M__150,M,150,1850,virus,0.9998825788497925,0.020817,0.023462,0.053750,0.020231,0.020950,0.860790
NC_036476.1,NC_036476.1__M__100,M,100,1900,virus,0.9999080896377563,0.021079,0.023494,0.052169,0.020089,0.020481,0.862689
NC_036476.1,NC_036476.1__M__50,M,50,1950,virus,0.9999223947525024,0.020242,0.020194,0.038788,0.018993,0.019531,0.882252
NC_036476.1,NC_036476.1__M__1,M,1,1999,virus,0.9999243021011353,0.017305,0.017366,0.026990,0.017005,0.016704,0.904630
NC_035183.1,NC_035183.1__none__0,none,0,2000,virus,0.9997397065162659,0.029419,0.037909,0.154123,0.023778,0.021041,0.733731
NC_035183.1,NC_035183.1__M__500,M,500,1500,virus,0.9995537400245667,0.029509,0.033552,0.174715,0.023259,0.016816,0.722150
NC_035183.1,NC_035183.1__M__450,M,450,1550,virus,0.9995719790458679,0.035580,0.036993,0.214457,0.025484,0.017242,0.670243
NC_035183.1,NC_035183.1__M__400,M,400,1600,virus,0.9996805191040039,0.032965,0.039551,0.221844,0.025653,0.018815,0.661171
NC_035183.1,NC_035183.1__M__350,M,350,1650,virus,0.9996496438980103,0.025629,0.034160,0.137852,0.021341,0.017034,0.763984
NC_035183.1,NC_035183.1__M__300,M,300,1700,virus,0.9995847344398499,0.020859,0.023413,0.057562,0.015930,0.012770,0.869465
NC_035183.1,NC_035183.1__M__250,M,250,1750,virus,0.9995802044868469,0.017332,0.024240,0.048516,0.014495,0.012812,0.882605
NC_035183.1,NC_035183.1__M__200,M,200,1800,virus,0.9995630383491516,0.020859,0.030581,0.088179,0.017875,0.015617,0.826889
NC_035183.1,NC_035183.1__M__150,M,150,1850,virus,0.999636173248291,0.022073,0.033089,0.092738,0.018996,0.016959,0.816145
NC_035183.1,NC_035183.1__M__100,M,100,1900,virus,0.9997197985649109,0.022659,0.032117,0.105340,0.019252,0.018016,0.802616
NC_035183.1,NC_035183.1__M__50,M,50,1950,virus,0.9997327923774719,0.026250,0.033608,0.121058,0.021265,0.018812,0.779006
NC_035183.1,NC_035183.1__M__1,M,1,1999,virus,0.999739944934845,0.029387,0.037877,0.153982,0.023756,0.021026,0.733971
NC_035215.1,NC_035215.1__none__0,none,0,2000,eukarya,0.9929454922676086,0.017525,0.029612,0.853124,0.021704,0.018907,0.059129
NC_035215.1,NC_035215.1__M__500,M,500,1500,eukarya,0.9907733201980591,0.014266,0.032116,0.887188,0.018814,0.015508,0.032108
NC_035215.1,NC_035215.1__M__450,M,450,1550,eukarya,0.9899777173995972,0.013890,0.023955,0.898647,0.017461,0.013984,0.032064
NC_035215.1,NC_035215.1__M__400,M,400,1600,eukarya,0.9911162853240967,0.012653,0.021298,0.914795,0.015495,0.012852,0.022908
NC_035215.1,NC_035215.1__M__350,M,350,1650,eukarya,0.9900079965591431,0.012416,0.027746,0.902131,0.016558,0.014103,0.027046
NC_035215.1,NC_035215.1__M__300,M,300,1700,eukarya,0.989837646484375,0.012802,0.026666,0.900388,0.016641,0.014285,0.029218
NC_035215.1,NC_035215.1__M__250,M,250,1750,eukarya,0.9866034984588623,0.012827,0.026317,0.900446,0.016807,0.014930,0.028672
NC_035215.1,NC_035215.1__M__200,M,200,1800,eukarya,0.9873690009117126,0.012242,0.024153,0.911674,0.016183,0.014520,0.021227
NC_035215.1,NC_035215.1__M__150,M,150,1850,eukarya,0.9872676730155945,0.014171,0.028028,0.889355,0.018697,0.015818,0.033930
NC_035215.1,NC_035215.1__M__100,M,100,1900,eukarya,0.991904079914093,0.013783,0.024324,0.898044,0.017907,0.015128,0.030814
NC_035215.1,NC_035215.1__M__50,M,50,1950,eukarya,0.9928521513938904,0.015289,0.029562,0.874811,0.019860,0.017052,0.043427
NC_035215.1,NC_035215.1__M__1,M,1,1999,eukarya,0.992946207523346,0.017555,0.029648,0.852767,0.021729,0.018919,0.059381
NC_034836.1,NC_034836.1__none__0,none,0,2000,virus,0.9998769760131836,0.018336,0.036036,0.078223,0.020706,0.018274,0.828425
NC_034836.1,NC_034836.1__M__500,M,500,1500,virus,0.999945878982544,0.024513,0.064337,0.180547,0.028240,0.022889,0.679474
NC_034836.1,NC_034836.1__M__450,M,450,1550,virus,0.9999269247055054,0.023164,0.057443,0.170007,0.026818,0.021150,0.701419
NC_034836.1,NC_034836.1__M__400,M,400,1600,virus,0.9999220371246338,0.023475,0.055042,0.166731,0.027189,0.021285,0.706278
NC_034836.1,NC_034836.1__M__350,M,350,1650,virus,0.9999254941940308,0.017844,0.042099,0.084134,0.021420,0.017369,0.817134
NC_034836.1,NC_034836.1__M__300,M,300,1700,virus,0.999907374382019,0.016403,0.039897,0.073053,0.019662,0.018042,0.832943
NC_034836.1,NC_034836.1__M__250,M,250,1750,virus,0.9998596906661987,0.020216,0.045860,0.113228,0.023733,0.021977,0.774986
NC_034836.1,NC_034836.1__M__200,M,200,1800,virus,0.9998512268066406,0.019762,0.043339,0.109243,0.022930,0.019608,0.785118
NC_034836.1,NC_034836.1__M__150,M,150,1850,virus,0.999874472618103,0.016644,0.033551,0.066643,0.019353,0.016288,0.847520
NC_034836.1,NC_034836.1__M__100,M,100,1900,virus,0.9998747110366821,0.018585,0.033629,0.072104,0.020643,0.018451,0.836587
NC_034836.1,NC_034836.1__M__50,M,50,1950,virus,0.9998695850372314,0.016739,0.031255,0.061744,0.018747,0.017245,0.854270
NC_034836.1,NC_034836.1__M__1,M,1,1999,virus,0.9998769760131836,0.018347,0.036050,0.078090,0.020714,0.018274,0.828524
NC_034835.1,NC_034835.1__none__0,none,0,2000,virus,0.9624173045158386,0.010025,0.013082,0.011347,0.009410,0.008840,0.947296
NC_034835.1,NC_034835.1__M__500,M,500,1500,virus,0.8836885690689087,0.010726,0.012275,0.015097,0.009155,0.010689,0.942059
NC_034835.1,NC_034835.1__M__450,M,450,1550,virus,0.9139160513877869,0.011706,0.013397,0.018348,0.010324,0.011294,0.934932
NC_034835.1,NC_034835.1__M__400,M,400,1600,virus,0.9049476981163025,0.012037,0.013738,0.016905,0.011571,0.010908,0.934841
NC_034835.1,NC_034835.1__M__350,M,350,1650,virus,0.9170130491256714,0.011643,0.013824,0.014716,0.011173,0.010725,0.937919
NC_034835.1,NC_034835.1__M__300,M,300,1700,virus,0.9464589953422546,0.011032,0.012943,0.011643,0.010933,0.009141,0.944308
NC_034835.1,NC_034835.1__M__250,M,250,1750,virus,0.9679551124572754,0.010597,0.013087,0.010876,0.010381,0.008790,0.946270
NC_034835.1,NC_034835.1__M__200,M,200,1800,virus,0.972337007522583,0.009925,0.012271,0.010440,0.008862,0.008450,0.950052
NC_034835.1,NC_034835.1__M__150,M,150,1850,virus,0.9539008736610413,0.009971,0.012030,0.010361,0.008996,0.008404,0.950238
NC_034835.1,NC_034835.1__M__100,M,100,1900,virus,0.9567043781280518,0.009783,0.012971,0.010643,0.009161,0.008718,0.948724
NC_034835.1,NC_034835.1__M__50,M,50,1950,virus,0.9650087952613831,0.010133,0.013419,0.011675,0.009650,0.009186,0.945936
NC_034835.1,NC_034835.1__M__1,M,1,1999,virus,0.9624580144882202,0.010022,0.013080,0.011342,0.009407,0.008835,0.947314
NC_034508.1,NC_034508.1__none__0,none,0,2000,virus,0.9998824596405029,0.012705,0.032735,0.017046,0.011707,0.013117,0.912690
NC_034508.1,NC_034508.1__M__500,M,500,1500,virus,0.9997262358665466,0.017521,0.018814,0.021655,0.044925,0.013838,0.883247
NC_034508.1,NC_034508.1__M__450,M,450,1550,virus,0.9996939897537231,0.016355,0.022692,0.024085,0.036804,0.013820,0.886244
NC_034508.1,NC_034508.1__M__400,M,400,1600,virus,0.9996906518936157,0.016059,0.024025,0.021569,0.035702,0.013981,0.888664
NC_034508.1,NC_034508.1__M__350,M,350,1650,virus,0.9997586607933044,0.013184,0.021560,0.018827,0.017851,0.011748,0.916830
NC_034508.1,NC_034508.1__M__300,M,300,1700,virus,0.9998743534088135,0.015711,0.053067,0.022768,0.018809,0.015842,0.873803
NC_034508.1,NC_034508.1__M__250,M,250,1750,virus,0.9998366832733154,0.017964,0.075026,0.025079,0.021318,0.018706,0.841907
NC_034508.1,NC_034508.1__M__200,M,200,1800,virus,0.9997981190681458,0.018984,0.096496,0.027488,0.022531,0.018756,0.815745
NC_034508.1,NC_034508.1__M__150,M,150,1850,virus,0.9998167157173157,0.016990,0.074187,0.024962,0.020572,0.017245,0.846044
NC_034508.1,NC_034508.1__M__100,M,100,1900,virus,0.9998075366020203,0.014206,0.043094,0.021642,0.016041,0.014622,0.890396
NC_034508.1,NC_034508.1__M__50,M,50,1950,virus,0.9998226761817932,0.014277,0.048889,0.019151,0.013105,0.015544,0.889033
NC_034508.1,NC_034508.1__M__1,M,1,1999,virus,0.9998831748962402,0.012709,0.032785,0.017059,0.011723,0.013125,0.912598
NC_034520.1,NC_034520.1__none__0,none,0,2000,virus,0.9996305704116821,0.009035,0.012484,0.014312,0.012451,0.013049,0.938670
NC_034520.1,NC_034520.1__M__500,M,500,1500,virus,0.9993295669555664,0.022500,0.018978,0.098106,0.018429,0.025360,0.816627
NC_034520.1,NC_034520.1__M__450,M,450,1550,virus,0.9994081258773804,0.027271,0.023428,0.185338,0.022963,0.031068,0.709933
NC_034520.1,NC_034520.1__M__400,M,400,1600,virus,0.9993996620178223,0.029204,0.025849,0.244445,0.024559,0.033100,0.642843
NC_034520.1,NC_034520.1__M__350,M,350,1650,virus,0.9992885589599609,0.017504,0.015156,0.050949,0.015338,0.019927,0.881125
NC_034520.1,NC_034520.1__M__300,M,300,1700,virus,0.9993463158607483,0.016142,0.015940,0.044896,0.016457,0.017723,0.888843
NC_034520.1,NC_034520.1__M__250,M,250,1750,virus,0.9995326995849609,0.012761,0.013137,0.028826,0.013852,0.015697,0.915726
NC_034520.1,NC_034520.1__M__200,M,200,1800,virus,0.9994862079620361,0.011194,0.011612,0.021161,0.012235,0.013307,0.930492
NC_034520.1,NC_034520.1__M__150,M,150,1850,virus,0.9995719790458679,0.010500,0.011143,0.016997,0.011465,0.012328,0.937566
NC_034520.1,NC_034520.1__M__100,M,100,1900,virus,0.9996401071548462,0.010476,0.011776,0.018265,0.012095,0.012527,0.934862
NC_034520.1,NC_034520.1__M__50,M,50,1950,virus,0.9996726512908936,0.010117,0.013272,0.017732,0.012624,0.012677,0.933577
NC_034520.1,NC_034520.1__M__1,M,1,1999,virus,0.9996302127838135,0.009030,0.012455,0.014306,0.012433,0.013033,0.938743
NC_034391.1,NC_034391.1__none__0,none,0,2000,virus,0.999799907207489,0.011835,0.014057,0.011971,0.014680,0.014702,0.932754
NC_034391.1,NC_034391.1__M__500,M,500,1500,virus,0.9993733763694763,0.011879,0.015133,0.015234,0.013827,0.013330,0.930596
NC_034391.1,NC_034391.1__M__450,M,450,1550,virus,0.9993916749954224,0.012924,0.015827,0.017356,0.014999,0.015100,0.923795
NC_034391.1,NC_034391.1__M__400,M,400,1600,virus,0.9993947744369507,0.012098,0.015313,0.013955,0.014392,0.014185,0.930057
NC_034391.1,NC_034391.1__M__350,M,350,1650,virus,0.9996121525764465,0.012053,0.015736,0.014593,0.014453,0.014245,0.928920
NC_034391.1,NC_034391.1__M__300,M,300,1700,virus,0.9997178912162781,0.011014,0.015197,0.012783,0.013607,0.014182,0.933218
NC_034391.1,NC_034391.1__M__250,M,250,1750,virus,0.999768078327179,0.010570,0.014487,0.012763,0.013385,0.013920,0.934875
NC_034391.1,NC_034391.1__M__200,M,200,1800,virus,0.9997194409370422,0.011480,0.014486,0.012425,0.014292,0.014586,0.932732
NC_034391.1,NC_034391.1__M__150,M,150,1850,virus,0.999723494052887,0.011865,0.015089,0.012545,0.014912,0.015224,0.930366
NC_034391.1,NC_034391.1__M__100,M,100,1900,virus,0.9997515082359314,0.011457,0.015199,0.012119,0.014191,0.014318,0.932717
NC_034391.1,NC_034391.1__M__50,M,50,1950,virus,0.9997817873954773,0.011435,0.014611,0.011959,0.013820,0.014519,0.933655
NC_034391.1,NC_034391.1__M__1,M,1,1999,virus,0.9998003840446472,0.011840,0.014071,0.011974,0.014681,0.014713,0.932719
NC_033774.1,NC_033774.1__none__0,none,0,2000,virus,0.9998823404312134,0.012017,0.012611,0.015703,0.012878,0.011243,0.935547
NC_033774.1,NC_033774.1__M__500,M,500,1500,virus,0.9998325109481812,0.015483,0.012845,0.019226,0.021429,0.016219,0.914798
NC_033774.1,NC_033774.1__M__450,M,450,1550,virus,0.9998290538787842,0.021129,0.016871,0.027759,0.029310,0.020142,0.884788
NC_033774.1,NC_033774.1__M__400,M,400,1600,virus,0.9998589754104614,0.030441,0.024615,0.032910,0.034644,0.026500,0.850889
NC_033774.1,NC_033774.1__M__350,M,350,1650,virus,0.9998549222946167,0.014510,0.012828,0.015409,0.013838,0.012194,0.931221
NC_033774.1,NC_033774.1__M__300,M,300,1700,virus,0.9998621940612793,0.014446,0.012742,0.015667,0.014242,0.011757,0.931146
NC_033774.1,NC_033774.1__M__250,M,250,1750,virus,0.9998568296432495,0.015540,0.013077,0.015941,0.014520,0.011712,0.929210
NC_033774.1,NC_033774.1__M__200,M,200,1800,virus,0.9998805522918701,0.015870,0.013984,0.016970,0.014794,0.012229,0.926153
NC_033774.1,NC_033774.1__M__150,M,150,1850,virus,0.999847412109375,0.015067,0.014755,0.016628,0.014360,0.012927,0.926264
NC_033774.1,NC_033774.1__M__100,M,100,1900,virus,0.9998356103897095,0.012651,0.013627,0.016733,0.013377,0.012067,0.931545
NC_033774.1,NC_033774.1__M__50,M,50,1950,virus,0.9998966455459595,0.012786,0.013910,0.016449,0.013444,0.012631,0.930778
NC_033774.1,NC_033774.1__M__1,M,1,1999,virus,0.9998823404312134,0.012020,0.012613,0.015702,0.012881,0.011253,0.935530
NC_033480.1,NC_033480.1__none__0,none,0,2000,phage,0.9999817609786987,0.025620,0.561640,0.077820,0.033622,0.042362,0.258936
NC_033480.1,NC_033480.1__M__500,M,500,1500,phage,0.9999802112579346,0.066343,0.474239,0.147481,0.101777,0.063233,0.146928
NC_033480.1,NC_033480.1__M__450,M,450,1550,phage,0.9999780654907227,0.050507,0.554191,0.100695,0.073698,0.057835,0.163074
NC_033480.1,NC_033480.1__M__400,M,400,1600,virus,0.9999732971191406,0.038060,0.310502,0.165784,0.043504,0.043614,0.398537
NC_033480.1,NC_033480.1__M__350,M,350,1650,virus,0.9999791383743286,0.037331,0.305503,0.194498,0.040829,0.044731,0.377107
NC_033480.1,NC_033480.1__M__300,M,300,1700,virus,0.9999774694442749,0.027255,0.171817,0.183310,0.036637,0.036370,0.544611
NC_033480.1,NC_033480.1__M__250,M,250,1750,virus,0.9999768733978271,0.025963,0.126421,0.178274,0.033066,0.036337,0.599939
NC_033480.1,NC_033480.1__M__200,M,200,1800,virus,0.9999808073043823,0.026837,0.149994,0.181598,0.036044,0.041916,0.563612
NC_033480.1,NC_033480.1__M__150,M,150,1850,virus,0.9999849796295166,0.027790,0.250110,0.207529,0.041415,0.048481,0.424675
NC_033480.1,NC_033480.1__M__100,M,100,1900,virus,0.9999803304672241,0.021709,0.394840,0.102789,0.035222,0.040360,0.405081
NC_033480.1,NC_033480.1__M__50,M,50,1950,phage,0.99997878074646,0.023399,0.460851,0.091511,0.034271,0.042826,0.347142
NC_033480.1,NC_033480.1__M__1,M,1,1999,phage,0.9999817609786987,0.025641,0.560472,0.077954,0.033633,0.042373,0.259927
NC_032732.1,NC_032732.1__none__0,none,0,2000,virus,0.9992039799690247,0.024243,0.057619,0.091700,0.045198,0.044139,0.737100
NC_032732.1,NC_032732.1__M__500,M,500,1500,virus,0.9978506565093994,0.060238,0.094473,0.076263,0.041789,0.038228,0.689008
NC_032732.1,NC_032732.1__M__450,M,450,1550,virus,0.9984267950057983,0.049210,0.084192,0.063794,0.055042,0.043602,0.704160
NC_032732.1,NC_032732.1__M__400,M,400,1600,virus,0.9987885355949402,0.047441,0.128839,0.070493,0.065204,0.049758,0.638265
NC_032732.1,NC_032732.1__M__350,M,350,1650,virus,0.9988970756530762,0.062832,0.128965,0.133309,0.117288,0.063894,0.493712
NC_032732.1,NC_032732.1__M__300,M,300,1700,virus,0.9989038705825806,0.072004,0.146492,0.134200,0.112795,0.075655,0.458854
NC_032732.1,NC_032732.1__M__250,M,250,1750,virus,0.9986149072647095,0.082956,0.184867,0.127294,0.104609,0.127100,0.373175
NC_032732.1,NC_032732.1__M__200,M,200,1800,virus,0.998482882976532,0.051482,0.150194,0.124217,0.081252,0.070409,0.522446
NC_032732.1,NC_032732.1__M__150,M,150,1850,virus,0.999064028263092,0.049512,0.134878,0.112907,0.081237,0.070063,0.551404
NC_032732.1,NC_032732.1__M__100,M,100,1900,virus,0.9990105628967285,0.048022,0.141627,0.165218,0.076448,0.069806,0.498879
NC_032732.1,NC_032732.1__M__50,M,50,1950,virus,0.9992545247077942,0.027556,0.076001,0.110155,0.050639,0.042878,0.692771
NC_032732.1,NC_032732.1__M__1,M,1,1999,virus,0.9992020726203918,0.024214,0.057525,0.091411,0.045171,0.044084,0.737595
NC_032780.1,NC_032780.1__none__0,none,0,2000,virus,0.9998904466629028,0.057834,0.161811,0.069937,0.033261,0.024476,0.652681
NC_032780.1,NC_032780.1__M__500,M,500,1500,virus,0.9997320771217346,0.032268,0.129372,0.053910,0.025398,0.018614,0.740439
NC_032780.1,NC_032780.1__M__450,M,450,1550,virus,0.9997401833534241,0.035369,0.126556,0.070223,0.028252,0.019470,0.720131
NC_032780.1,NC_032780.1__M__400,M,400,1600,virus,0.9997712969779968,0.029759,0.099422,0.047725,0.025007,0.016513,0.781575
NC_032780.1,NC_032780.1__M__350,M,350,1650,virus,0.9997676014900208,0.040799,0.098181,0.050345,0.026892,0.017134,0.766648
NC_032780.1,NC_032780.1__M__300,M,300,1700,virus,0.9998354911804199,0.066221,0.231852,0.076502,0.035610,0.024990,0.564825
NC_032780.1,NC_032780.1__M__250,M,250,1750,virus,0.9998589754104614,0.067551,0.239324,0.070574,0.035230,0.023922,0.563400
NC_032780.1,NC_032780.1__M__200,M,200,1800,virus,0.9998733997344971,0.107466,0.271536,0.077964,0.040703,0.034607,0.467724
NC_032780.1,NC_032780.1__M__150,M,150,1850,virus,0.9998612403869629,0.072106,0.234720,0.077551,0.038314,0.030598,0.546710
NC_032780.1,NC_032780.1__M__100,M,100,1900,virus,0.999869704246521,0.076103,0.268169,0.064845,0.039958,0.031720,0.519205
NC_032780.1,NC_032780.1__M__50,M,50,1950,virus,0.9998888969421387,0.047223,0.171804,0.062606,0.031139,0.023623,0.663605
NC_032780.1,NC_032780.1__M__1,M,1,1999,virus,0.9998906850814819,0.058075,0.161597,0.069908,0.033266,0.024486,0.652668
NC_032785.1,NC_032785.1__none__0,none,0,2000,virus,0.9999529123306274,0.058996,0.078836,0.090186,0.044511,0.070511,0.656960
NC_032785.1,NC_032785.1__M__500,M,500,1500,bacteria,0.9998598098754883,0.292986,0.152621,0.056369,0.048446,0.258833,0.190745
NC_032785.1,NC_032785.1__M__450,M,450,1550,plasmid,0.9998511075973511,0.253987,0.141161,0.057163,0.046794,0.307737,0.193158
NC_032785.1,NC_032785.1__M__400,M,400,1600,virus,0.999817430973053,0.174047,0.135540,0.056717,0.046849,0.189720,0.397127
NC_032785.1,NC_032785.1__M__350,M,350,1650,virus,0.9998677968978882,0.178050,0.157658,0.057941,0.046304,0.169489,0.390558
NC_032785.1,NC_032785.1__M__300,M,300,1700,virus,0.9998629093170166,0.079723,0.098598,0.068648,0.038446,0.074226,0.640360
NC_032785.1,NC_032785.1__M__250,M,250,1750,virus,0.9998973608016968,0.099219,0.092938,0.086535,0.043838,0.098832,0.578638
NC_032785.1,NC_032785.1__M__200,M,200,1800,virus,0.9999172687530518,0.109241,0.107309,0.101394,0.049750,0.111947,0.520359
NC_032785.1,NC_032785.1__M__150,M,150,1850,virus,0.9999264478683472,0.071511,0.080072,0.093986,0.043092,0.079278,0.632060
NC_032785.1,NC_032785.1__M__100,M,100,1900,virus,0.9999315738677979,0.103225,0.099306,0.098692,0.049787,0.131700,0.517290
NC_032785.1,NC_032785.1__M__50,M,50,1950,virus,0.9999411106109619,0.065418,0.079394,0.079981,0.043840,0.078604,0.652763
NC_032785.1,NC_032785.1__M__1,M,1,1999,virus,0.9999531507492065,0.058865,0.078664,0.090438,0.044482,0.070338,0.657213
NC_032822.1,NC_032822.1__none__0,none,0,2000,eukarya,0.9999396800994873,0.022107,0.025949,0.700515,0.084561,0.022517,0.144351
NC_032822.1,NC_032822.1__M__500,M,500,1500,eukarya,0.9999653100967407,0.028754,0.036203,0.649361,0.159540,0.026532,0.099609
NC_032822.1,NC_032822.1__M__450,M,450,1550,eukarya,0.9999624490737915,0.020372,0.026535,0.805686,0.060033,0.018398,0.068976
NC_032822.1,NC_032822.1__M__400,M,400,1600,eukarya,0.9999479055404663,0.020631,0.025848,0.783540,0.043663,0.020434,0.105884
NC_032822.1,NC_032822.1__M__350,M,350,1650,eukarya,0.9999382495880127,0.030619,0.044618,0.520836,0.076202,0.028125,0.299599
NC_032822.1,NC_032822.1__M__300,M,300,1700,eukarya,0.9999457597732544,0.027236,0.038313,0.527468,0.069221,0.024895,0.312866
NC_032822.1,NC_032822.1__M__250,M,250,1750,eukarya,0.9999444484710693,0.027211,0.038564,0.488569,0.081973,0.025001,0.338682
NC_032822.1,NC_032822.1__M__200,M,200,1800,eukarya,0.9999276399612427,0.024614,0.030523,0.616769,0.131693,0.023303,0.173098
NC_032822.1,NC_032822.1__M__150,M,150,1850,eukarya,0.999920129776001,0.023857,0.030368,0.624279,0.102132,0.022624,0.196740
NC_032822.1,NC_032822.1__M__100,M,100,1900,eukarya,0.9999299049377441,0.022758,0.031719,0.654125,0.132496,0.022271,0.136631
NC_032822.1,NC_032822.1__M__50,M,50,1950,eukarya,0.9999357461929321,0.020519,0.025556,0.730044,0.084543,0.020681,0.118658
NC_032822.1,NC_032822.1__M__1,M,1,1999,eukarya,0.9999396800994873,0.022093,0.025941,0.700700,0.084643,0.022507,0.144116
NC_032825.1,NC_032825.1__none__0,none,0,2000,virus,0.9827920794487,0.011590,0.020998,0.027737,0.012379,0.013454,0.913841
NC_032825.1,NC_032825.1__M__500,M,500,1500,eukarya,0.7756023406982422,0.019047,0.028905,0.890350,0.017281,0.015102,0.029315
NC_032825.1,NC_032825.1__M__450,M,450,1550,eukarya,0.8849146962165833,0.025873,0.032915,0.784278,0.021223,0.021678,0.114032
NC_032825.1,NC_032825.1__M__400,M,400,1600,virus,0.9384765028953552,0.033089,0.040152,0.281675,0.027326,0.025342,0.592416
NC_032825.1,NC_032825.1__M__350,M,350,1650,virus,0.9523025155067444,0.036909,0.040653,0.243704,0.027704,0.024381,0.626648
NC_032825.1,NC_032825.1__M__300,M,300,1700,virus,0.9667046666145325,0.029611,0.038711,0.296025,0.028240,0.025080,0.582334
NC_032825.1,NC_032825.1__M__250,M,250,1750,virus,0.9733336567878723,0.016524,0.024490,0.057721,0.015854,0.015086,0.870325
NC_032825.1,NC_032825.1__M__200,M,200,1800,virus,0.9748571515083313,0.012334,0.018552,0.030529,0.012325,0.011867,0.914393
NC_032825.1,NC_032825.1__M__150,M,150,1850,virus,0.9728593230247498,0.010688,0.018064,0.022466,0.011223,0.011440,0.926119
NC_032825.1,NC_032825.1__M__100,M,100,1900,virus,0.9758419990539551,0.010404,0.017404,0.020656,0.011155,0.012154,0.928228
NC_032825.1,NC_032825.1__M__50,M,50,1950,virus,0.9821054935455322,0.011347,0.017458,0.024671,0.011954,0.012401,0.922169
NC_032825.1,NC_032825.1__M__1,M,1,1999,virus,0.9828349351882935,0.011590,0.021020,0.027726,0.012379,0.013450,0.913834
NC_032834.1,NC_032834.1__none__0,none,0,2000,virus,0.9966320395469666,0.010702,0.018448,0.016597,0.012788,0.011706,0.929758
NC_032834.1,NC_032834.1__M__500,M,500,1500,virus,0.9932182431221008,0.014899,0.035192,0.027416,0.015961,0.015358,0.891174
NC_032834.1,NC_032834.1__M__450,M,450,1550,virus,0.9918380379676819,0.015851,0.042305,0.029199,0.017674,0.017619,0.877352
NC_032834.1,NC_032834.1__M__400,M,400,1600,virus,0.9886223673820496,0.013979,0.030912,0.025913,0.015157,0.013108,0.900932
NC_032834.1,NC_032834.1__M__350,M,350,1650,virus,0.9936529397964478,0.014641,0.024364,0.024195,0.016599,0.013375,0.906826
NC_032834.1,NC_032834.1__M__300,M,300,1700,virus,0.9928049445152283,0.010656,0.015880,0.016117,0.013176,0.009961,0.934209
NC_032834.1,NC_032834.1__M__250,M,250,1750,virus,0.9916375279426575,0.011212,0.018588,0.017880,0.013986,0.010960,0.927373
NC_032834.1,NC_032834.1__M__200,M,200,1800,virus,0.9908434152603149,0.010858,0.019309,0.017283,0.013564,0.011000,0.927986
NC_032834.1,NC_032834.1__M__150,M,150,1850,virus,0.9940187931060791,0.011069,0.018672,0.018544,0.013977,0.011533,0.926206
NC_032834.1,NC_032834.1__M__100,M,100,1900,virus,0.9939655661582947,0.010884,0.021237,0.018847,0.013613,0.012109,0.923310
NC_032834.1,NC_032834.1__M__50,M,50,1950,virus,0.996002733707428,0.010941,0.020136,0.017671,0.013450,0.012047,0.925755
NC_032834.1,NC_032834.1__M__1,M,1,1999,virus,0.9966502785682678,0.010707,0.018434,0.016594,0.012794,0.011711,0.929760
NC_032867.1,NC_032867.1__none__0,none,0,2000,bacteria,0.995819091796875,0.901692,0.026253,0.012245,0.017336,0.028774,0.013700
NC_032867.1,NC_032867.1__M__500,M,500,1500,bacteria,0.9970351457595825,0.826514,0.052275,0.015990,0.020734,0.055089,0.029399
NC_032867.1,NC_032867.1__M__450,M,450,1550,bacteria,0.9970239996910095,0.906665,0.025007,0.010712,0.014220,0.032374,0.011021
NC_032867.1,NC_032867.1__M__400,M,400,1600,bacteria,0.9978225231170654,0.870809,0.034149,0.017812,0.018170,0.037079,0.021981
NC_032867.1,NC_032867.1__M__350,M,350,1650,bacteria,0.9969283938407898,0.867329,0.036856,0.015962,0.017918,0.041274,0.020662
NC_032867.1,NC_032867.1__M__300,M,300,1700,bacteria,0.9967177510261536,0.891676,0.029252,0.011992,0.015844,0.035863,0.015373
NC_032867.1,NC_032867.1__M__250,M,250,1750,bacteria,0.9959017634391785,0.900699,0.024776,0.011699,0.015192,0.032318,0.015316
NC_032867.1,NC_032867.1__M__200,M,200,1800,bacteria,0.9964476823806763,0.906025,0.021759,0.011218,0.014904,0.029877,0.016217
NC_032867.1,NC_032867.1__M__150,M,150,1850,bacteria,0.9972884654998779,0.903332,0.024464,0.011606,0.015572,0.028749,0.016278
NC_032867.1,NC_032867.1__M__100,M,100,1900,bacteria,0.9969314336776733,0.898578,0.026929,0.011641,0.016141,0.031987,0.014724
NC_032867.1,NC_032867.1__M__50,M,50,1950,bacteria,0.9953308701515198,0.881057,0.038312,0.012299,0.018480,0.036380,0.013471
NC_032867.1,NC_032867.1__M__1,M,1,1999,bacteria,0.9957780838012695,0.901875,0.026186,0.012237,0.017331,0.028687,0.013685
NC_032870.1,NC_032870.1__none__0,none,0,2000,phage,0.9573438763618469,0.036950,0.737652,0.054957,0.028034,0.029907,0.112500
NC_032870.1,NC_032870.1__M__500,M,500,1500,eukarya,0.9579843282699585,0.061696,0.177176,0.583226,0.046025,0.033459,0.098418
NC_032870.1,NC_032870.1__M__450,M,450,1550,phage,0.9619449377059937,0.084356,0.365388,0.340600,0.052182,0.041763,0.115711
NC_032870.1,NC_032870.1__M__400,M,400,1600,phage,0.9586611390113831,0.064666,0.402249,0.251298,0.044376,0.043203,0.194208
NC_032870.1,NC_032870.1__M__350,M,350,1650,phage,0.9675081372261047,0.040112,0.652341,0.110155,0.031251,0.042657,0.123485
NC_032870.1,NC_032870.1__M__300,M,300,1700,phage,0.9432336688041687,0.033748,0.743751,0.059957,0.026163,0.030643,0.105738
NC_032870.1,NC_032870.1__M__250,M,250,1750,phage,0.9449639916419983,0.029118,0.691000,0.062984,0.027182,0.030411,0.159306
NC_032870.1,NC_032870.1__M__200,M,200,1800,phage,0.9644525647163391,0.029201,0.730468,0.052512,0.025988,0.029409,0.132421
NC_032870.1,NC_032870.1__M__150,M,150,1850,phage,0.9523270726203918,0.031069,0.729859,0.053157,0.025806,0.029104,0.131004
NC_032870.1,NC_032870.1__M__100,M,100,1900,phage,0.9617508053779602,0.032183,0.718904,0.068589,0.027485,0.028840,0.124000
NC_032870.1,NC_032870.1__M__50,M,50,1950,phage,0.9646375775337219,0.033997,0.811558,0.040615,0.023618,0.026494,0.063717
NC_032870.1,NC_032870.1__M__1,M,1,1999,phage,0.9581546187400818,0.036776,0.741619,0.053557,0.027800,0.029706,0.110543
NC_032888.1,NC_032888.1__none__0,none,0,2000,eukarya,0.8968685269355774,0.053807,0.034225,0.788248,0.022602,0.027986,0.073132
NC_032888.1,NC_032888.1__M__500,M,500,1500,eukarya,0.7942448258399963,0.084959,0.099574,0.508514,0.030418,0.041493,0.235042
NC_032888.1,NC_032888.1__M__450,M,450,1550,eukarya,0.8244826197624207,0.074202,0.091101,0.574552,0.029007,0.041902,0.189237
NC_032888.1,NC_032888.1__M__400,M,400,1600,eukarya,0.8792372941970825,0.104744,0.073484,0.528351,0.030248,0.043168,0.220005
NC_032888.1,NC_032888.1__M__350,M,350,1650,eukarya,0.8927783370018005,0.176191,0.067500,0.558952,0.028102,0.067817,0.101438
NC_032888.1,NC_032888.1__M__300,M,300,1700,eukarya,0.8868704438209534,0.164214,0.083765,0.561625,0.028333,0.062542,0.099522
NC_032888.1,NC_032888.1__M__250,M,250,1750,eukarya,0.8734106421470642,0.152071,0.084626,0.563452,0.029501,0.059833,0.110517
NC_032888.1,NC_032888.1__M__200,M,200,1800,eukarya,0.8551099300384521,0.071999,0.056470,0.718558,0.025189,0.031959,0.095825
NC_032888.1,NC_032888.1__M__150,M,150,1850,eukarya,0.862244188785553,0.148764,0.068969,0.586573,0.030072,0.054312,0.111311
NC_032888.1,NC_032888.1__M__100,M,100,1900,eukarya,0.8356136083602905,0.061426,0.038718,0.775171,0.022689,0.029313,0.072683
NC_032888.1,NC_032888.1__M__50,M,50,1950,eukarya,0.8943111300468445,0.048280,0.031833,0.809325,0.021349,0.024494,0.064719
NC_032888.1,NC_032888.1__M__1,M,1,1999,eukarya,0.8969171643257141,0.053871,0.034321,0.788005,0.022620,0.028017,0.073166
NC_032940.1,NC_032940.1__none__0,none,0,2000,virus,0.9489713907241821,0.014113,0.080521,0.024588,0.016083,0.016159,0.848536
NC_032940.1,NC_032940.1__M__500,M,500,1500,virus,0.8436452150344849,0.018840,0.225970,0.042895,0.023041,0.040920,0.648334
NC_032940.1,NC_032940.1__M__450,M,450,1550,virus,0.8598358035087585,0.017032,0.153483,0.032207,0.019693,0.027959,0.749627
NC_032940.1,NC_032940.1__M__400,M,400,1600,virus,0.876301109790802,0.017085,0.133072,0.025824,0.017923,0.023642,0.782455
NC_032940.1,NC_032940.1__M__350,M,350,1650,virus,0.9338874816894531,0.015321,0.116342,0.023570,0.016996,0.019595,0.808176
NC_032940.1,NC_032940.1__M__300,M,300,1700,virus,0.9424039721488953,0.015784,0.107276,0.032066,0.018804,0.017864,0.808207
NC_032940.1,NC_032940.1__M__250,M,250,1750,virus,0.938749372959137,0.017211,0.138350,0.038049,0.020697,0.021003,0.764690
NC_032940.1,NC_032940.1__M__200,M,200,1800,virus,0.9396472573280334,0.017873,0.177057,0.048618,0.023189,0.023877,0.709387
NC_032940.1,NC_032940.1__M__150,M,150,1850,virus,0.931257963180542,0.016307,0.113808,0.031666,0.019037,0.019800,0.799382
NC_032940.1,NC_032940.1__M__100,M,100,1900,virus,0.9414606094360352,0.014764,0.103022,0.026409,0.017443,0.019207,0.819156
NC_032940.1,NC_032940.1__M__50,M,50,1950,virus,0.9464660286903381,0.014074,0.097399,0.023065,0.016898,0.017778,0.830785
NC_032940.1,NC_032940.1__M__1,M,1,1999,virus,0.9489825367927551,0.014111,0.080974,0.024509,0.016075,0.016180,0.848151
NC_033164.1,NC_033164.1__none__0,none,0,2000,eukarya,0.5977764129638672,0.057524,0.150429,0.615253,0.032497,0.057161,0.087137
NC_033164.1,NC_033164.1__M__500,M,500,1500,phage,0.08550932258367538,0.158264,0.394881,0.247875,0.040839,0.112962,0.045180
NC_033164.1,NC_033164.1__M__450,M,450,1550,eukarya,0.10215311497449875,0.194949,0.232355,0.376514,0.040315,0.100042,0.055825
NC_033164.1,NC_033164.1__M__400,M,400,1600,bacteria,0.16480493545532227,0.317151,0.199970,0.213895,0.043276,0.142588,0.083120
NC_033164.1,NC_033164.1__M__350,M,350,1650,eukarya,0.18539109826087952,0.208712,0.227042,0.360887,0.040768,0.093980,0.068612
NC_033164.1,NC_033164.1__M__300,M,300,1700,eukarya,0.3373703360557556,0.106283,0.155013,0.599875,0.031109,0.058869,0.048852
NC_033164.1,NC_033164.1__M__250,M,250,1750,eukarya,0.3170866072177887,0.079845,0.159427,0.638748,0.029450,0.055195,0.037335
NC_033164.1,NC_033164.1__M__200,M,200,1800,eukarya,0.37786638736724854,0.088236,0.218588,0.532077,0.032552,0.080542,0.048005
NC_033164.1,NC_033164.1__M__150,M,150,1850,eukarya,0.43636566400527954,0.092067,0.145013,0.592816,0.033646,0.073332,0.063127
NC_033164.1,NC_033164.1__M__100,M,100,1900,eukarya,0.5127068758010864,0.106247,0.160034,0.522477,0.034743,0.090048,0.086451
NC_033164.1,NC_033164.1__M__50,M,50,1950,eukarya,0.5589786171913147,0.083703,0.235579,0.475658,0.037765,0.085177,0.082117
NC_033164.1,NC_033164.1__M__1,M,1,1999,eukarya,0.5982663035392761,0.057113,0.150453,0.614785,0.032547,0.057114,0.087987
NC_033233.1,NC_033233.1__none__0,none,0,2000,virus,0.9902817010879517,0.021923,0.010243,0.025854,0.012624,0.011537,0.917819
NC_033233.1,NC_033233.1__M__500,M,500,1500,virus,0.9860931634902954,0.034856,0.025311,0.272289,0.025614,0.022285,0.619645
NC_033233.1,NC_033233.1__M__450,M,450,1550,virus,0.9813628196716309,0.034997,0.024125,0.220181,0.028846,0.021511,0.670340
NC_033233.1,NC_033233.1__M__400,M,400,1600,virus,0.9807158708572388,0.030313,0.023366,0.085152,0.022477,0.017584,0.821108
NC_033233.1,NC_033233.1__M__350,M,350,1650,virus,0.982324481010437,0.018037,0.010785,0.024202,0.014292,0.012164,0.920519
NC_033233.1,NC_033233.1__M__300,M,300,1700,virus,0.9881442785263062,0.022868,0.011944,0.018659,0.011688,0.010323,0.924518
NC_033233.1,NC_033233.1__M__250,M,250,1750,virus,0.9869846105575562,0.017630,0.010323,0.017581,0.009857,0.010451,0.934158
NC_033233.1,NC_033233.1__M__200,M,200,1800,virus,0.9800688028335571,0.015089,0.009525,0.012080,0.008487,0.010677,0.944142
NC_033233.1,NC_033233.1__M__150,M,150,1850,virus,0.990944504737854,0.018289,0.012859,0.020194,0.010946,0.011870,0.925842
NC_033233.1,NC_033233.1__M__100,M,100,1900,virus,0.9885016679763794,0.020975,0.011530,0.024119,0.012513,0.011539,0.919324
NC_033233.1,NC_033233.1__M__50,M,50,1950,virus,0.9871916770935059,0.025008,0.011233,0.026959,0.014168,0.011325,0.911307
NC_033233.1,NC_033233.1__M__1,M,1,1999,virus,0.9902895092964172,0.021918,0.010280,0.025981,0.012645,0.011562,0.917614
NC_032552.1,NC_032552.1__none__0,none,0,2000,virus,0.9999179840087891,0.069117,0.111417,0.040465,0.052074,0.051503,0.675423
NC_032552.1,NC_032552.1__M__500,M,500,1500,eukarya,0.9993140697479248,0.053101,0.027852,0.813551,0.025381,0.021930,0.058184
NC_032552.1,NC_032552.1__M__450,M,450,1550,eukarya,0.9993234872817993,0.046736,0.025342,0.824605,0.024257,0.018743,0.060318
NC_032552.1,NC_032552.1__M__400,M,400,1600,eukarya,0.9995136260986328,0.036976,0.023011,0.805621,0.024200,0.018989,0.091204
NC_032552.1,NC_032552.1__M__350,M,350,1650,virus,0.9996280670166016,0.089505,0.125018,0.266893,0.056267,0.051964,0.410353
NC_032552.1,NC_032552.1__M__300,M,300,1700,virus,0.9996989965438843,0.095285,0.198074,0.121141,0.061741,0.059770,0.463989
NC_032552.1,NC_032552.1__M__250,M,250,1750,virus,0.9998270869255066,0.087493,0.225705,0.085997,0.062297,0.059341,0.479167
NC_032552.1,NC_032552.1__M__200,M,200,1800,virus,0.9998577833175659,0.103016,0.164403,0.080923,0.062229,0.061809,0.527621
NC_032552.1,NC_032552.1__M__150,M,150,1850,virus,0.9998860359191895,0.083015,0.126965,0.075402,0.057455,0.053942,0.603222
NC_032552.1,NC_032552.1__M__100,M,100,1900,virus,0.9998863935470581,0.083868,0.156493,0.065567,0.061122,0.059143,0.573807
NC_032552.1,NC_032552.1__M__50,M,50,1950,virus,0.9999048709869385,0.063749,0.111416,0.051331,0.051922,0.048692,0.672891
NC_032552.1,NC_032552.1__M__1,M,1,1999,virus,0.99991774559021,0.068743,0.110332,0.040334,0.051816,0.051195,0.677580
NC_032565.1,NC_032565.1__none__0,none,0,2000,virus,0.9968717694282532,0.019211,0.028042,0.017197,0.017617,0.015880,0.902052
NC_032565.1,NC_032565.1__M__500,M,500,1500,virus,0.9972973465919495,0.010853,0.013775,0.013030,0.011259,0.013070,0.938012
NC_032565.1,NC_032565.1__M__450,M,450,1550,virus,0.9971457123756409,0.011266,0.016461,0.014063,0.011429,0.013855,0.932926
NC_032565.1,NC_032565.1__M__400,M,400,1600,virus,0.9963496923446655,0.012215,0.020050,0.013248,0.009745,0.014929,0.929814
NC_032565.1,NC_032565.1__M__350,M,350,1650,virus,0.9959847927093506,0.014109,0.021785,0.013296,0.010716,0.015797,0.924297
NC_032565.1,NC_032565.1__M__300,M,300,1700,virus,0.9966776371002197,0.015336,0.022364,0.014486,0.012500,0.016250,0.919064
NC_032565.1,NC_032565.1__M__250,M,250,1750,virus,0.9976243376731873,0.019682,0.056804,0.022124,0.018676,0.018622,0.864092
NC_032565.1,NC_032565.1__M__200,M,200,1800,virus,0.9976352453231812,0.020803,0.063205,0.023074,0.019747,0.018983,0.854187
NC_032565.1,NC_032565.1__M__150,M,150,1850,virus,0.9976316690444946,0.019905,0.038455,0.019226,0.018717,0.018144,0.885553
NC_032565.1,NC_032565.1__M__100,M,100,1900,virus,0.9973400235176086,0.016935,0.022277,0.015699,0.015188,0.015638,0.914264
NC_032565.1,NC_032565.1__M__50,M,50,1950,virus,0.9971798658370972,0.017093,0.022938,0.015555,0.014865,0.015698,0.913851
NC_032565.1,NC_032565.1__M__1,M,1,1999,virus,0.9968578815460205,0.019207,0.028022,0.017196,0.017617,0.015880,0.902078
NC_032628.1,NC_032628.1__none__0,none,0,2000,virus,0.9999003410339355,0.203378,0.039505,0.066109,0.032398,0.030015,0.628595
NC_032628.1,NC_032628.1__M__500,M,500,1500,bacteria,0.9999431371688843,0.485000,0.060726,0.045573,0.035381,0.080299,0.293021
NC_032628.1,NC_032628.1__M__450,M,450,1550,virus,0.9999525547027588,0.277086,0.053998,0.032889,0.033250,0.068449,0.534328
NC_032628.1,NC_032628.1__M__400,M,400,1600,virus,0.999954342842102,0.083023,0.067325,0.030506,0.027317,0.066897,0.724931
NC_032628.1,NC_032628.1__M__350,M,350,1650,virus,0.9999368190765381,0.151499,0.101691,0.046377,0.036755,0.093711,0.569967
NC_032628.1,NC_032628.1__M__300,M,300,1700,virus,0.9999170303344727,0.140726,0.068939,0.042731,0.034297,0.057897,0.655410
NC_032628.1,NC_032628.1__M__250,M,250,1750,virus,0.9999343156814575,0.259739,0.054382,0.054200,0.036580,0.042795,0.552304
NC_032628.1,NC_032628.1__M__200,M,200,1800,virus,0.9999313354492188,0.325699,0.072195,0.066513,0.039876,0.052852,0.442864
NC_032628.1,NC_032628.1__M__150,M,150,1850,virus,0.9999215602874756,0.281565,0.052928,0.074715,0.036351,0.038126,0.516316
NC_032628.1,NC_032628.1__M__100,M,100,1900,virus,0.9999198913574219,0.194792,0.041167,0.057611,0.032459,0.028148,0.645824
NC_032628.1,NC_032628.1__M__50,M,50,1950,virus,0.9999217987060547,0.223071,0.045821,0.063938,0.034319,0.034414,0.598437
NC_032628.1,NC_032628.1__M__1,M,1,1999,virus,0.999900221824646,0.202028,0.039268,0.065666,0.032259,0.029875,0.630904
NC_032632.1,NC_032632.1__none__0,none,0,2000,virus,0.9175323247909546,0.020387,0.034893,0.034663,0.017253,0.014801,0.878005
NC_032632.1,NC_032632.1__M__500,M,500,1500,virus,0.3677227795124054,0.029825,0.055565,0.219464,0.028488,0.040197,0.626461
NC_032632.1,NC_032632.1__M__450,M,450,1550,eukarya,0.4319484531879425,0.035705,0.054086,0.424420,0.032333,0.059527,0.393928
NC_032632.1,NC_032632.1__M__400,M,400,1600,virus,0.5537961721420288,0.034057,0.063214,0.254211,0.032611,0.069437,0.546471
NC_032632.1,NC_032632.1__M__350,M,350,1650,virus,0.7210332751274109,0.035405,0.048971,0.213637,0.035537,0.052506,0.613943
NC_032632.1,NC_032632.1__M__300,M,300,1700,virus,0.7404263019561768,0.020397,0.031950,0.058179,0.021085,0.024190,0.844200
NC_032632.1,NC_032632.1__M__250,M,250,1750,virus,0.7856172919273376,0.020138,0.029788,0.052997,0.019267,0.018932,0.858878
NC_032632.1,NC_032632.1__M__200,M,200,1800,virus,0.8535171151161194,0.017549,0.029357,0.044696,0.017740,0.017563,0.873096
NC_032632.1,NC_032632.1__M__150,M,150,1850,virus,0.8681049346923828,0.016858,0.027838,0.040611,0.016045,0.014282,0.884367
NC_032632.1,NC_032632.1__M__100,M,100,1900,virus,0.8943073153495789,0.017641,0.027254,0.030788,0.015330,0.012382,0.896605
NC_032632.1,NC_032632.1__M__50,M,50,1950,virus,0.8894144892692566,0.024177,0.037250,0.040014,0.019321,0.017202,0.862036
NC_032632.1,NC_032632.1__M__1,M,1,1999,virus,0.9191537499427795,0.020494,0.035147,0.034897,0.017322,0.014849,0.877290
NC_032635.1,NC_032635.1__none__0,none,0,2000,phage,0.9997459053993225,0.025094,0.396004,0.347938,0.036158,0.033539,0.161267
NC_032635.1,NC_032635.1__M__500,M,500,1500,phage,0.9994304776191711,0.023667,0.421923,0.127437,0.030618,0.029551,0.366804
NC_032635.1,NC_032635.1__M__450,M,450,1550,phage,0.9993608593940735,0.026564,0.509539,0.128153,0.032037,0.027982,0.275726
NC_032635.1,NC_032635.1__M__400,M,400,1600,phage,0.9993823766708374,0.033396,0.506838,0.249382,0.036025,0.030987,0.143371
NC_032635.1,NC_032635.1__M__350,M,350,1650,phage,0.9995176792144775,0.027846,0.371101,0.214376,0.036854,0.033202,0.316621
NC_032635.1,NC_032635.1__M__300,M,300,1700,phage,0.9996199607849121,0.029465,0.360406,0.225597,0.040610,0.036927,0.306994
NC_032635.1,NC_032635.1__M__250,M,250,1750,phage,0.9996232986450195,0.028828,0.389164,0.236773,0.039783,0.035306,0.270146
NC_032635.1,NC_032635.1__M__200,M,200,1800,phage,0.9996371269226074,0.029310,0.384013,0.268973,0.038859,0.034621,0.244224
NC_032635.1,NC_032635.1__M__150,M,150,1850,phage,0.9996365308761597,0.026550,0.454510,0.213622,0.037094,0.031743,0.236480
NC_032635.1,NC_032635.1__M__100,M,100,1900,phage,0.9996862411499023,0.021670,0.516112,0.157185,0.032950,0.031182,0.240901
NC_032635.1,NC_032635.1__M__50,M,50,1950,phage,0.9996874332427979,0.023993,0.438148,0.234379,0.035226,0.033500,0.234753
NC_032635.1,NC_032635.1__M__1,M,1,1999,phage,0.999744713306427,0.025126,0.396463,0.347345,0.036187,0.033561,0.161318
NC_032637.1,NC_032637.1__none__0,none,0,2000,eukarya,0.9760890603065491,0.015321,0.014946,0.920291,0.013937,0.011909,0.023596
NC_032637.1,NC_032637.1__M__500,M,500,1500,eukarya,0.8221116065979004,0.016052,0.013900,0.918821,0.013659,0.018503,0.019065
NC_032637.1,NC_032637.1__M__450,M,450,1550,eukarya,0.8525611162185669,0.014661,0.013614,0.919676,0.013260,0.018053,0.020735
NC_032637.1,NC_032637.1__M__400,M,400,1600,eukarya,0.9048263430595398,0.016585,0.014484,0.907141,0.014233,0.018640,0.028917
NC_032637.1,NC_032637.1__M__350,M,350,1650,eukarya,0.9135038256645203,0.014757,0.013477,0.914990,0.014172,0.015952,0.026652
NC_032637.1,NC_032637.1__M__300,M,300,1700,eukarya,0.9422653913497925,0.013549,0.013376,0.922128,0.013610,0.013237,0.024101
NC_032637.1,NC_032637.1__M__250,M,250,1750,eukarya,0.9492335915565491,0.013864,0.014534,0.919393,0.013559,0.012228,0.026422
NC_032637.1,NC_032637.1__M__200,M,200,1800,eukarya,0.9636695981025696,0.015593,0.014673,0.914686,0.014767,0.012243,0.028038
NC_032637.1,NC_032637.1__M__150,M,150,1850,eukarya,0.9673361778259277,0.015292,0.013798,0.921964,0.014279,0.012000,0.022667
NC_032637.1,NC_032637.1__M__100,M,100,1900,eukarya,0.9724704623222351,0.014821,0.013943,0.922999,0.013900,0.011738,0.022599
NC_032637.1,NC_032637.1__M__50,M,50,1950,eukarya,0.9718959331512451,0.015392,0.014118,0.920718,0.014029,0.011419,0.024325
NC_032637.1,NC_032637.1__M__1,M,1,1999,eukarya,0.9760605692863464,0.015324,0.014927,0.920405,0.013930,0.011889,0.023524
NC_032460.1,NC_032460.1__none__0,none,0,2000,virus,0.5515903830528259,0.035425,0.378862,0.109444,0.041966,0.032168,0.402135
NC_032460.1,NC_032460.1__M__500,M,500,1500,phage,0.6551389098167419,0.086321,0.446081,0.085598,0.045162,0.054688,0.282150
NC_032460.1,NC_032460.1__M__450,M,450,1550,virus,0.7567580342292786,0.037916,0.138482,0.056510,0.027856,0.029843,0.709392
NC_032460.1,NC_032460.1__M__400,M,400,1600,virus,0.8177399039268494,0.031422,0.139008,0.103289,0.027156,0.024775,0.674349
NC_032460.1,NC_032460.1__M__350,M,350,1650,phage,0.864503800868988,0.060021,0.428236,0.085738,0.044670,0.046757,0.334579
NC_032460.1,NC_032460.1__M__300,M,300,1700,phage,0.9016642570495605,0.053180,0.404609,0.081177,0.045885,0.042532,0.372617
NC_032460.1,NC_032460.1__M__250,M,250,1750,phage,0.8440528512001038,0.061898,0.416265,0.118714,0.050278,0.045583,0.307262
NC_032460.1,NC_032460.1__M__200,M,200,1800,virus,0.7553659677505493,0.038990,0.231243,0.080000,0.037592,0.032151,0.580025
NC_032460.1,NC_032460.1__M__150,M,150,1850,phage,0.7156082987785339,0.052350,0.399778,0.093353,0.046918,0.043037,0.364564
NC_032460.1,NC_032460.1__M__100,M,100,1900,virus,0.6294839978218079,0.043381,0.334032,0.110638,0.044857,0.039250,0.427841
NC_032460.1,NC_032460.1__M__50,M,50,1950,virus,0.5952062010765076,0.036751,0.322769,0.123818,0.043614,0.033895,0.439153
NC_032460.1,NC_032460.1__M__1,M,1,1999,virus,0.5497851371765137,0.035450,0.379699,0.110034,0.041993,0.032185,0.400639
NC_032197.1,NC_032197.1__none__0,none,0,2000,virus,0.9986175298690796,0.026397,0.026808,0.120418,0.022655,0.021220,0.782503
NC_032197.1,NC_032197.1__M__500,M,500,1500,eukarya,0.9989840388298035,0.070167,0.035175,0.449631,0.032326,0.039542,0.373158
NC_032197.1,NC_032197.1__M__450,M,450,1550,virus,0.9989173412322998,0.048854,0.034325,0.288950,0.030570,0.032824,0.564477
NC_032197.1,NC_032197.1__M__400,M,400,1600,eukarya,0.9990378618240356,0.050016,0.038041,0.482310,0.032046,0.031274,0.366313
NC_032197.1,NC_032197.1__M__350,M,350,1650,virus,0.9989954829216003,0.049872,0.034030,0.160760,0.026850,0.031062,0.697425
NC_032197.1,NC_032197.1__M__300,M,300,1700,virus,0.998828113079071,0.030436,0.027176,0.117588,0.022882,0.022545,0.779373
NC_032197.1,NC_032197.1__M__250,M,250,1750,virus,0.998278021812439,0.029271,0.025928,0.123283,0.023522,0.019971,0.778025
NC_032197.1,NC_032197.1__M__200,M,200,1800,virus,0.9986341595649719,0.035602,0.028860,0.140130,0.026077,0.024243,0.745088
NC_032197.1,NC_032197.1__M__150,M,150,1850,virus,0.9989498257637024,0.025995,0.026762,0.117526,0.023279,0.024414,0.782024
NC_032197.1,NC_032197.1__M__100,M,100,1900,virus,0.9989622831344604,0.030461,0.031597,0.186180,0.026693,0.028004,0.697064
NC_032197.1,NC_032197.1__M__50,M,50,1950,virus,0.9988551139831543,0.031627,0.031539,0.171070,0.026693,0.024322,0.714750
NC_032197.1,NC_032197.1__M__1,M,1,1999,virus,0.9986187219619751,0.026305,0.026770,0.119599,0.022606,0.021164,0.783555
NC_032277.1,NC_032277.1__none__0,none,0,2000,virus,0.9998961687088013,0.064675,0.097762,0.083579,0.207513,0.057818,0.488653
NC_032277.1,NC_032277.1__M__500,M,500,1500,virus,0.9997238516807556,0.029871,0.032508,0.069298,0.216085,0.025541,0.626697
NC_032277.1,NC_032277.1__M__450,M,450,1550,virus,0.9997727274894714,0.036336,0.041345,0.108535,0.313037,0.033387,0.467360
NC_032277.1,NC_032277.1__M__400,M,400,1600,virus,0.9997510313987732,0.038024,0.046436,0.106870,0.361736,0.037851,0.409083
NC_032277.1,NC_032277.1__M__350,M,350,1650,virus,0.9998067021369934,0.044755,0.050853,0.084283,0.374884,0.040822,0.404403
NC_032277.1,NC_032277.1__M__300,M,300,1700,virus,0.9998339414596558,0.044392,0.047853,0.083101,0.179910,0.037993,0.606750
NC_032277.1,NC_032277.1__M__250,M,250,1750,virus,0.9998352527618408,0.041617,0.048587,0.082100,0.128524,0.040885,0.658287
NC_032277.1,NC_032277.1__M__200,M,200,1800,virus,0.9997897744178772,0.050684,0.058434,0.094907,0.193285,0.049144,0.553544
NC_032277.1,NC_032277.1__M__150,M,150,1850,virus,0.9997841715812683,0.049598,0.058674,0.084513,0.236983,0.045532,0.524701
NC_032277.1,NC_032277.1__M__100,M,100,1900,virus,0.999849796295166,0.049212,0.061030,0.079072,0.224609,0.047593,0.538484
NC_032277.1,NC_032277.1__M__50,M,50,1950,virus,0.9998801946640015,0.057982,0.081540,0.084237,0.187258,0.053561,0.535421
NC_032277.1,NC_032277.1__M__1,M,1,1999,virus,0.9998955726623535,0.064789,0.097991,0.083610,0.207055,0.057861,0.488694
NC_032129.1,NC_032129.1__none__0,none,0,2000,virus,0.8794858455657959,0.065331,0.073606,0.109954,0.037052,0.045536,0.668523
NC_032129.1,NC_032129.1__M__500,M,500,1500,eukarya,0.369096964597702,0.029896,0.093937,0.459539,0.032437,0.037321,0.346870
NC_032129.1,NC_032129.1__M__450,M,450,1550,eukarya,0.38569700717926025,0.033297,0.079278,0.492287,0.032337,0.033654,0.329148
NC_032129.1,NC_032129.1__M__400,M,400,1600,eukarya,0.48306626081466675,0.034741,0.083723,0.483531,0.032319,0.033250,0.332434
NC_032129.1,NC_032129.1__M__350,M,350,1650,eukarya,0.5806075930595398,0.035695,0.080431,0.434758,0.032583,0.033556,0.382978
NC_032129.1,NC_032129.1__M__300,M,300,1700,virus,0.7088765501976013,0.042843,0.071295,0.251616,0.031357,0.035750,0.567138
NC_032129.1,NC_032129.1__M__250,M,250,1750,virus,0.725418210029602,0.040138,0.067103,0.153397,0.029167,0.031237,0.678960
NC_032129.1,NC_032129.1__M__200,M,200,1800,virus,0.7935197353363037,0.039462,0.066600,0.096714,0.025868,0.030701,0.740654
NC_032129.1,NC_032129.1__M__150,M,150,1850,virus,0.8391052484512329,0.043845,0.073709,0.122367,0.028505,0.034504,0.697070
NC_032129.1,NC_032129.1__M__100,M,100,1900,virus,0.8796741366386414,0.043309,0.066862,0.087741,0.028009,0.034437,0.739643
NC_032129.1,NC_032129.1__M__50,M,50,1950,virus,0.8859632015228271,0.047808,0.077557,0.107961,0.032236,0.036824,0.697615
NC_032129.1,NC_032129.1__M__1,M,1,1999,virus,0.8789780735969543,0.064960,0.073392,0.109376,0.036935,0.045321,0.670016
NC_032154.1,NC_032154.1__none__0,none,0,2000,virus,0.9997016787528992,0.023877,0.025355,0.084352,0.043265,0.023833,0.799318
NC_032154.1,NC_032154.1__M__500,M,500,1500,virus,0.9998782873153687,0.030888,0.038059,0.374261,0.057374,0.029464,0.469954
NC_032154.1,NC_032154.1__M__450,M,450,1550,virus,0.9998444318771362,0.029517,0.037878,0.395249,0.059864,0.027314,0.450178
NC_032154.1,NC_032154.1__M__400,M,400,1600,eukarya,0.9997879862785339,0.031053,0.036126,0.493771,0.066145,0.028501,0.344404
NC_032154.1,NC_032154.1__M__350,M,350,1650,virus,0.9997828602790833,0.034734,0.042720,0.363955,0.113200,0.031111,0.414280
NC_032154.1,NC_032154.1__M__300,M,300,1700,virus,0.9997859597206116,0.029976,0.036025,0.352727,0.056378,0.025050,0.499845
NC_032154.1,NC_032154.1__M__250,M,250,1750,virus,0.9997243285179138,0.024537,0.028732,0.144559,0.048705,0.021316,0.732152
NC_032154.1,NC_032154.1__M__200,M,200,1800,virus,0.9996860027313232,0.020782,0.023560,0.084908,0.036227,0.018164,0.816359
NC_032154.1,NC_032154.1__M__150,M,150,1850,virus,0.9997051358222961,0.019414,0.021570,0.065035,0.036418,0.017426,0.840137
NC_032154.1,NC_032154.1__M__100,M,100,1900,virus,0.9996987581253052,0.019878,0.020102,0.057838,0.033353,0.017553,0.851275
NC_032154.1,NC_032154.1__M__50,M,50,1950,virus,0.9996784925460815,0.022078,0.023517,0.078023,0.036038,0.019848,0.820496
NC_032154.1,NC_032154.1__M__1,M,1,1999,virus,0.9997013211250305,0.023957,0.025486,0.085203,0.042941,0.023978,0.798436
NC_032113.1,NC_032113.1__none__0,none,0,2000,virus,0.9897493720054626,0.039699,0.069537,0.337221,0.032521,0.031065,0.489956
NC_032113.1,NC_032113.1__M__500,M,500,1500,eukarya,0.9435471892356873,0.033900,0.120842,0.736377,0.023183,0.028969,0.056729
NC_032113.1,NC_032113.1__M__450,M,450,1550,eukarya,0.9683079719543457,0.033557,0.093789,0.762840,0.021994,0.031372,0.056447
NC_032113.1,NC_032113.1__M__400,M,400,1600,eukarya,0.9834461808204651,0.050759,0.221230,0.550317,0.031500,0.048835,0.097359
NC_032113.1,NC_032113.1__M__350,M,350,1650,eukarya,0.9890453815460205,0.027928,0.113125,0.700187,0.026107,0.031697,0.100956
NC_032113.1,NC_032113.1__M__300,M,300,1700,eukarya,0.9902817010879517,0.032305,0.195312,0.467882,0.034334,0.041173,0.228994
NC_032113.1,NC_032113.1__M__250,M,250,1750,eukarya,0.9840048551559448,0.033054,0.108527,0.483092,0.033019,0.039558,0.302749
NC_032113.1,NC_032113.1__M__200,M,200,1800,eukarya,0.9850686192512512,0.036459,0.084429,0.410892,0.033052,0.032584,0.402584
NC_032113.1,NC_032113.1__M__150,M,150,1850,virus,0.9839525818824768,0.036200,0.080814,0.408057,0.032853,0.031526,0.410550
NC_032113.1,NC_032113.1__M__100,M,100,1900,virus,0.9856581091880798,0.039223,0.077438,0.366987,0.032568,0.032876,0.450908
NC_032113.1,NC_032113.1__M__50,M,50,1950,eukarya,0.9885912537574768,0.038955,0.071629,0.427076,0.031927,0.029807,0.400607
NC_032113.1,NC_032113.1__M__1,M,1,1999,virus,0.9897897839546204,0.039702,0.069661,0.336429,0.032535,0.031089,0.490585
NC_032087.1,NC_032087.1__none__0,none,0,2000,virus,0.9794220924377441,0.030071,0.059887,0.143863,0.025317,0.026313,0.714548
NC_032087.1,NC_032087.1__M__500,M,500,1500,eukarya,0.9067637324333191,0.031331,0.078145,0.545216,0.031448,0.031367,0.282493
NC_032087.1,NC_032087.1__M__450,M,450,1550,eukarya,0.9207165241241455,0.033085,0.074803,0.466166,0.032736,0.033204,0.360007
NC_032087.1,NC_032087.1__M__400,M,400,1600,eukarya,0.9487046599388123,0.031101,0.068214,0.603559,0.032545,0.032218,0.232363
NC_032087.1,NC_032087.1__M__350,M,350,1650,eukarya,0.955452561378479,0.032064,0.060314,0.549998,0.031747,0.031262,0.294615
NC_032087.1,NC_032087.1__M__300,M,300,1700,virus,0.9701219797134399,0.031588,0.048863,0.369016,0.029902,0.033689,0.486942
NC_032087.1,NC_032087.1__M__250,M,250,1750,eukarya,0.9761400818824768,0.032907,0.056206,0.441464,0.031375,0.037123,0.400924
NC_032087.1,NC_032087.1__M__200,M,200,1800,eukarya,0.9816691279411316,0.033237,0.057092,0.525160,0.032574,0.036367,0.315569
NC_032087.1,NC_032087.1__M__150,M,150,1850,eukarya,0.9794635772705078,0.033109,0.051041,0.578709,0.030893,0.032290,0.273958
NC_032087.1,NC_032087.1__M__100,M,100,1900,virus,0.9770258069038391,0.034615,0.065959,0.406092,0.031289,0.034221,0.427825
NC_032087.1,NC_032087.1__M__50,M,50,1950,virus,0.9789912700653076,0.033125,0.071939,0.242063,0.029132,0.030224,0.593517
NC_032087.1,NC_032087.1__M__1,M,1,1999,virus,0.9793990850448608,0.030073,0.059925,0.143994,0.025332,0.026316,0.714360
NC_031691.1,NC_031691.1__none__0,none,0,2000,virus,0.8714812397956848,0.011528,0.016003,0.011944,0.012970,0.013603,0.933952
NC_031691.1,NC_031691.1__M__500,M,500,1500,virus,0.986645519733429,0.017628,0.016922,0.048888,0.013725,0.015663,0.887173
NC_031691.1,NC_031691.1__M__450,M,450,1550,virus,0.9886637330055237,0.013062,0.014494,0.028704,0.013279,0.013486,0.916975
NC_031691.1,NC_031691.1__M__400,M,400,1600,virus,0.9920451641082764,0.013334,0.014780,0.026408,0.013712,0.014112,0.917654
NC_031691.1,NC_031691.1__M__350,M,350,1650,virus,0.9934321045875549,0.012250,0.013614,0.018332,0.012925,0.013323,0.929556
NC_031691.1,NC_031691.1__M__300,M,300,1700,virus,0.9908522963523865,0.010564,0.013669,0.014434,0.011670,0.012056,0.937607
NC_031691.1,NC_031691.1__M__250,M,250,1750,virus,0.9815618395805359,0.010776,0.014587,0.011896,0.011954,0.012542,0.938244
NC_031691.1,NC_031691.1__M__200,M,200,1800,virus,0.9744953513145447,0.010743,0.014691,0.011788,0.011777,0.012738,0.938263
NC_031691.1,NC_031691.1__M__150,M,150,1850,virus,0.969102680683136,0.011058,0.015461,0.011429,0.012069,0.013133,0.936849
NC_031691.1,NC_031691.1__M__100,M,100,1900,virus,0.9458402395248413,0.011677,0.015929,0.011953,0.012782,0.013534,0.934125
NC_031691.1,NC_031691.1__M__50,M,50,1950,virus,0.9296479821205139,0.011675,0.016269,0.011881,0.013189,0.013747,0.933239
NC_031691.1,NC_031691.1__M__1,M,1,1999,virus,0.8720794320106506,0.011531,0.016001,0.011948,0.012974,0.013603,0.933943
NC_031282.1,NC_031282.1__none__0,none,0,2000,virus,0.9978551268577576,0.015453,0.078380,0.042472,0.018935,0.018300,0.826460
NC_031282.1,NC_031282.1__M__500,M,500,1500,virus,0.9965296387672424,0.023335,0.124767,0.115503,0.036389,0.025638,0.674367
NC_031282.1,NC_031282.1__M__450,M,450,1550,virus,0.9964373111724854,0.029391,0.207356,0.085251,0.046605,0.030048,0.601350
NC_031282.1,NC_031282.1__M__400,M,400,1600,virus,0.9965556859970093,0.028332,0.227971,0.073510,0.038845,0.028374,0.602967
NC_031282.1,NC_031282.1__M__350,M,350,1650,virus,0.9971801042556763,0.028946,0.173627,0.067589,0.035972,0.027715,0.666151
NC_031282.1,NC_031282.1__M__300,M,300,1700,virus,0.9974125027656555,0.017063,0.063561,0.036838,0.019358,0.017472,0.845707
NC_031282.1,NC_031282.1__M__250,M,250,1750,virus,0.9977623224258423,0.017436,0.060859,0.041111,0.023020,0.019071,0.838503
NC_031282.1,NC_031282.1__M__200,M,200,1800,virus,0.9976342916488647,0.015086,0.053379,0.033703,0.020226,0.016874,0.860732
NC_031282.1,NC_031282.1__M__150,M,150,1850,virus,0.997858464717865,0.012916,0.040958,0.027535,0.015467,0.014334,0.888790
NC_031282.1,NC_031282.1__M__100,M,100,1900,virus,0.9975010752677917,0.011753,0.047014,0.028038,0.013720,0.012896,0.886579
NC_031282.1,NC_031282.1__M__50,M,50,1950,virus,0.9977355003356934,0.013496,0.063568,0.032847,0.015986,0.016473,0.857630
NC_031282.1,NC_031282.1__M__1,M,1,1999,virus,0.997858464717865,0.015435,0.078239,0.042424,0.018898,0.018264,0.826740
NC_031079.1,NC_031079.1__none__0,none,0,2000,virus,0.9941704869270325,0.014543,0.022814,0.051566,0.014699,0.020063,0.876314
NC_031079.1,NC_031079.1__M__500,M,500,1500,virus,0.997517466545105,0.022942,0.054881,0.200023,0.023242,0.028857,0.670055
NC_031079.1,NC_031079.1__M__450,M,450,1550,virus,0.9974408149719238,0.021731,0.048974,0.167765,0.021244,0.027502,0.712784
NC_031079.1,NC_031079.1__M__400,M,400,1600,virus,0.996729850769043,0.018380,0.037239,0.101721,0.017629,0.023128,0.801903
NC_031079.1,NC_031079.1__M__350,M,350,1650,virus,0.9948704242706299,0.015848,0.035825,0.061258,0.015497,0.022765,0.848807
NC_031079.1,NC_031079.1__M__300,M,300,1700,virus,0.994157075881958,0.010808,0.027514,0.022262,0.011763,0.016992,0.910661
NC_031079.1,NC_031079.1__M__250,M,250,1750,virus,0.9933139681816101,0.011286,0.021440,0.026338,0.012990,0.016709,0.911238
NC_031079.1,NC_031079.1__M__200,M,200,1800,virus,0.9926576018333435,0.013038,0.020307,0.033572,0.013828,0.017524,0.901732
NC_031079.1,NC_031079.1__M__150,M,150,1850,virus,0.9930766820907593,0.010775,0.018149,0.024212,0.012413,0.015576,0.918875
NC_031079.1,NC_031079.1__M__100,M,100,1900,virus,0.9938375353813171,0.011678,0.019699,0.030108,0.013211,0.016323,0.908982
NC_031079.1,NC_031079.1__M__50,M,50,1950,virus,0.9929338693618774,0.010943,0.021083,0.026990,0.012335,0.016406,0.912242
NC_031079.1,NC_031079.1__M__1,M,1,1999,virus,0.9941790103912354,0.014528,0.022794,0.051383,0.014687,0.020046,0.876561
NC_031143.1,NC_031143.1__none__0,none,0,2000,virus,0.9985858201980591,0.019220,0.031699,0.019087,0.016145,0.015551,0.898298
NC_031143.1,NC_031143.1__M__500,M,500,1500,virus,0.9990378618240356,0.046759,0.069598,0.023529,0.029537,0.021444,0.809133
NC_031143.1,NC_031143.1__M__450,M,450,1550,virus,0.99907386302948,0.023580,0.036677,0.019466,0.018097,0.015106,0.887074
NC_031143.1,NC_031143.1__M__400,M,400,1600,virus,0.9992842078208923,0.019850,0.027218,0.018637,0.015297,0.015277,0.903721
NC_031143.1,NC_031143.1__M__350,M,350,1650,virus,0.999433696269989,0.020702,0.024856,0.017655,0.015273,0.015074,0.906440
NC_031143.1,NC_031143.1__M__300,M,300,1700,virus,0.9994920492172241,0.022294,0.031098,0.019811,0.017418,0.017246,0.892133
NC_031143.1,NC_031143.1__M__250,M,250,1750,virus,0.9994753003120422,0.023969,0.039998,0.021069,0.019295,0.018434,0.877236
NC_031143.1,NC_031143.1__M__200,M,200,1800,virus,0.999539852142334,0.022854,0.044514,0.022542,0.019097,0.018706,0.872287
NC_031143.1,NC_031143.1__M__150,M,150,1850,virus,0.999617338180542,0.023577,0.052504,0.023489,0.020379,0.019953,0.860098
NC_031143.1,NC_031143.1__M__100,M,100,1900,virus,0.9991859793663025,0.021584,0.035374,0.021076,0.018176,0.017052,0.886738
NC_031143.1,NC_031143.1__M__50,M,50,1950,virus,0.9990838766098022,0.019891,0.034936,0.020068,0.017041,0.017300,0.890764
NC_031143.1,NC_031143.1__M__1,M,1,1999,virus,0.9985882639884949,0.019169,0.031660,0.019068,0.016123,0.015537,0.898443
NC_030746.1,NC_030746.1__none__0,none,0,2000,virus,0.9798656105995178,0.018905,0.022715,0.057304,0.017064,0.016303,0.867710
NC_030746.1,NC_030746.1__M__500,M,500,1500,virus,0.9883699417114258,0.036451,0.034875,0.371198,0.029031,0.027130,0.501315
NC_030746.1,NC_030746.1__M__450,M,450,1550,eukarya,0.9867129325866699,0.034054,0.037022,0.460535,0.027567,0.028029,0.412793
NC_030746.1,NC_030746.1__M__400,M,400,1600,virus,0.9911399483680725,0.025535,0.029706,0.200024,0.021825,0.024322,0.698588
NC_030746.1,NC_030746.1__M__350,M,350,1650,virus,0.9904944896697998,0.027600,0.031584,0.214231,0.022674,0.026763,0.677149
NC_030746.1,NC_030746.1__M__300,M,300,1700,virus,0.9897264838218689,0.024608,0.027381,0.146414,0.021516,0.023708,0.756371
NC_030746.1,NC_030746.1__M__250,M,250,1750,virus,0.991554319858551,0.027963,0.035134,0.192180,0.023100,0.027500,0.694124
NC_030746.1,NC_030746.1__M__200,M,200,1800,virus,0.9896944761276245,0.026078,0.033396,0.133227,0.021646,0.026175,0.759477
NC_030746.1,NC_030746.1__M__150,M,150,1850,virus,0.9882239103317261,0.026232,0.029448,0.104684,0.021192,0.023052,0.795392
NC_030746.1,NC_030746.1__M__100,M,100,1900,virus,0.9888771176338196,0.023267,0.026676,0.082869,0.020674,0.020963,0.825552
NC_030746.1,NC_030746.1__M__50,M,50,1950,virus,0.9809707999229431,0.025425,0.025683,0.119824,0.021580,0.021630,0.785857
NC_030746.1,NC_030746.1__M__1,M,1,1999,virus,0.9798594117164612,0.018929,0.022777,0.057436,0.017099,0.016334,0.867425
NC_030446.1,NC_030446.1__none__0,none,0,2000,virus,0.9823482632637024,0.013982,0.011478,0.013648,0.010515,0.007721,0.942655
NC_030446.1,NC_030446.1__M__500,M,500,1500,virus,0.910033106803894,0.013895,0.014438,0.018934,0.011905,0.010606,0.930222
NC_030446.1,NC_030446.1__M__450,M,450,1550,virus,0.9258794188499451,0.014570,0.015557,0.019693,0.011641,0.011535,0.927004
NC_030446.1,NC_030446.1__M__400,M,400,1600,virus,0.9485238194465637,0.014379,0.013398,0.016461,0.011213,0.009680,0.934869
NC_030446.1,NC_030446.1__M__350,M,350,1650,virus,0.9705877900123596,0.016949,0.013273,0.019181,0.012835,0.009811,0.927950
NC_030446.1,NC_030446.1__M__300,M,300,1700,virus,0.9614037275314331,0.014663,0.011977,0.017626,0.011421,0.009556,0.934757
NC_030446.1,NC_030446.1__M__250,M,250,1750,virus,0.9612434506416321,0.012948,0.011060,0.016239,0.011377,0.008880,0.939496
NC_030446.1,NC_030446.1__M__200,M,200,1800,virus,0.9682607054710388,0.015630,0.012512,0.017103,0.012148,0.009091,0.933517
NC_030446.1,NC_030446.1__M__150,M,150,1850,virus,0.9769690632820129,0.018856,0.015181,0.019073,0.013323,0.010620,0.922946
NC_030446.1,NC_030446.1__M__100,M,100,1900,virus,0.9783692955970764,0.019068,0.013558,0.015965,0.012668,0.009425,0.929317
NC_030446.1,NC_030446.1__M__50,M,50,1950,virus,0.9827709794044495,0.020693,0.013110,0.016383,0.014095,0.008918,0.926802
NC_030446.1,NC_030446.1__M__1,M,1,1999,virus,0.982390284538269,0.013995,0.011485,0.013657,0.010521,0.007722,0.942620
NC_030294.1,NC_030294.1__none__0,none,0,2000,virus,0.9999632835388184,0.010104,0.014304,0.010793,0.009921,0.013300,0.941578
NC_030294.1,NC_030294.1__M__500,M,500,1500,virus,0.999916672706604,0.010314,0.015246,0.012330,0.009613,0.015283,0.937213
NC_030294.1,NC_030294.1__M__450,M,450,1550,virus,0.9999176263809204,0.010863,0.016149,0.014594,0.009878,0.015704,0.932811
NC_030294.1,NC_030294.1__M__400,M,400,1600,virus,0.9999160766601562,0.009606,0.012122,0.008884,0.008625,0.013233,0.947530
NC_030294.1,NC_030294.1__M__350,M,350,1650,virus,0.9999403953552246,0.010178,0.012167,0.008253,0.008796,0.013677,0.946929
NC_030294.1,NC_030294.1__M__300,M,300,1700,virus,0.9999161958694458,0.009902,0.011051,0.010343,0.010329,0.012298,0.946077
NC_030294.1,NC_030294.1__M__250,M,250,1750,virus,0.999945878982544,0.010392,0.011557,0.010114,0.010741,0.013100,0.944095
NC_030294.1,NC_030294.1__M__200,M,200,1800,virus,0.9999406337738037,0.010352,0.011342,0.010104,0.011012,0.013337,0.943852
NC_030294.1,NC_030294.1__M__150,M,150,1850,virus,0.9999406337738037,0.010255,0.012072,0.010112,0.010266,0.013387,0.943908
NC_030294.1,NC_030294.1__M__100,M,100,1900,virus,0.999932050704956,0.010229,0.013369,0.010129,0.009451,0.013526,0.943296
NC_030294.1,NC_030294.1__M__50,M,50,1950,virus,0.9999473094940186,0.010254,0.014292,0.010609,0.009256,0.013660,0.941928
NC_030294.1,NC_030294.1__M__1,M,1,1999,virus,0.9999631643295288,0.010112,0.014403,0.010845,0.009933,0.013331,0.941376
NC_029991.1,NC_029991.1__none__0,none,0,2000,bacteria,0.9999358654022217,0.321156,0.288912,0.088854,0.066118,0.131262,0.103698
NC_029991.1,NC_029991.1__M__500,M,500,1500,eukarya,0.9996423721313477,0.090393,0.258056,0.395409,0.041400,0.036203,0.178539
NC_029991.1,NC_029991.1__M__450,M,450,1550,eukarya,0.9996798038482666,0.096776,0.266528,0.426615,0.044110,0.040568,0.125402
NC_029991.1,NC_029991.1__M__400,M,400,1600,eukarya,0.9996770620346069,0.091649,0.177911,0.532975,0.043412,0.040557,0.113495
NC_029991.1,NC_029991.1__M__350,M,350,1650,phage,0.999723494052887,0.191786,0.281327,0.185517,0.062853,0.065113,0.213404
NC_029991.1,NC_029991.1__M__300,M,300,1700,phage,0.9998438358306885,0.275230,0.357383,0.110648,0.058607,0.080310,0.117822
NC_029991.1,NC_029991.1__M__250,M,250,1750,phage,0.9998828172683716,0.288567,0.319847,0.118254,0.066730,0.084619,0.121982
NC_029991.1,NC_029991.1__M__200,M,200,1800,phage,0.9999127388000488,0.284615,0.296383,0.137950,0.067622,0.077772,0.135657
NC_029991.1,NC_029991.1__M__150,M,150,1850,bacteria,0.9999299049377441,0.326640,0.284004,0.105422,0.069353,0.081354,0.133227
NC_029991.1,NC_029991.1__M__100,M,100,1900,bacteria,0.9999336004257202,0.332292,0.307856,0.092697,0.064836,0.101242,0.101076
NC_029991.1,NC_029991.1__M__50,M,50,1950,bacteria,0.9999332427978516,0.296000,0.286677,0.113353,0.066659,0.120778,0.116534
NC_029991.1,NC_029991.1__M__1,M,1,1999,bacteria,0.9999358654022217,0.320162,0.289184,0.089186,0.066235,0.131085,0.104148
NC_029556.1,NC_029556.1__none__0,none,0,2000,virus,0.9999406337738037,0.010449,0.011716,0.014192,0.012019,0.010968,0.940656
NC_029556.1,NC_029556.1__M__500,M,500,1500,virus,0.999925971031189,0.020823,0.027851,0.101140,0.025797,0.022580,0.801809
NC_029556.1,NC_029556.1__M__450,M,450,1550,virus,0.9999363422393799,0.018112,0.021480,0.065006,0.021731,0.018874,0.854797
NC_029556.1,NC_029556.1__M__400,M,400,1600,virus,0.9999239444732666,0.016105,0.018291,0.050985,0.020488,0.017425,0.876707
NC_029556.1,NC_029556.1__M__350,M,350,1650,virus,0.9999401569366455,0.012584,0.014772,0.027370,0.016080,0.013587,0.915606
NC_029556.1,NC_029556.1__M__300,M,300,1700,virus,0.9999566078186035,0.012642,0.016222,0.027354,0.015462,0.013309,0.915012
NC_029556.1,NC_029556.1__M__250,M,250,1750,virus,0.999951958656311,0.011764,0.014866,0.022551,0.014392,0.012238,0.924188
NC_029556.1,NC_029556.1__M__200,M,200,1800,virus,0.9999555349349976,0.010708,0.014011,0.018537,0.012985,0.011370,0.932388
NC_029556.1,NC_029556.1__M__150,M,150,1850,virus,0.9999552965164185,0.010455,0.012772,0.017533,0.012803,0.010994,0.935443
NC_029556.1,NC_029556.1__M__100,M,100,1900,virus,0.9999576807022095,0.010613,0.012089,0.014581,0.012195,0.010915,0.939607
NC_029556.1,NC_029556.1__M__50,M,50,1950,virus,0.9999550580978394,0.010438,0.011996,0.014303,0.012261,0.010932,0.940069
NC_029556.1,NC_029556.1__M__1,M,1,1999,virus,0.9999403953552246,0.010454,0.011734,0.014203,0.012023,0.010970,0.940616
NC_029565.1,NC_029565.1__none__0,none,0,2000,virus,0.9999599456787109,0.035737,0.058818,0.028565,0.312702,0.033922,0.530255
NC_029565.1,NC_029565.1__M__500,M,500,1500,archaea,0.999962329864502,0.037170,0.068571,0.033159,0.490226,0.036708,0.334166
NC_029565.1,NC_029565.1__M__450,M,450,1550,virus,0.9999645948410034,0.035955,0.062455,0.031347,0.391385,0.036193,0.442665
NC_029565.1,NC_029565.1__M__400,M,400,1600,archaea,0.999968409538269,0.040767,0.078036,0.035757,0.427278,0.037897,0.380265
NC_029565.1,NC_029565.1__M__350,M,350,1650,virus,0.9999713897705078,0.035965,0.082337,0.034708,0.322378,0.037270,0.487341
NC_029565.1,NC_029565.1__M__300,M,300,1700,virus,0.9999655485153198,0.037451,0.073765,0.030151,0.232587,0.035871,0.590176
NC_029565.1,NC_029565.1__M__250,M,250,1750,virus,0.9999637603759766,0.036969,0.077949,0.028619,0.212073,0.035977,0.608412
NC_029565.1,NC_029565.1__M__200,M,200,1800,virus,0.9999682903289795,0.036706,0.083548,0.029204,0.227784,0.036311,0.586447
NC_029565.1,NC_029565.1__M__150,M,150,1850,virus,0.9999661445617676,0.035639,0.055205,0.028695,0.287555,0.033525,0.559381
NC_029565.1,NC_029565.1__M__100,M,100,1900,virus,0.9999605417251587,0.034463,0.049804,0.028430,0.259608,0.033444,0.594251
NC_029565.1,NC_029565.1__M__50,M,50,1950,virus,0.9999611377716064,0.033868,0.045723,0.031719,0.335938,0.033434,0.519319
NC_029565.1,NC_029565.1__M__1,M,1,1999,virus,0.9999598264694214,0.035720,0.058787,0.028567,0.312489,0.033917,0.530520
NC_029082.1,NC_029082.1__none__0,none,0,2000,virus,0.999990701675415,0.010421,0.016816,0.017196,0.011897,0.011296,0.932373
NC_029082.1,NC_029082.1__M__500,M,500,1500,virus,0.9999759197235107,0.016417,0.037099,0.029298,0.026735,0.015320,0.875130
NC_029082.1,NC_029082.1__M__450,M,450,1550,virus,0.9999750852584839,0.020120,0.041413,0.039616,0.029781,0.015780,0.853291
NC_029082.1,NC_029082.1__M__400,M,400,1600,virus,0.9999699592590332,0.015884,0.022130,0.025544,0.018980,0.011911,0.905551
NC_029082.1,NC_029082.1__M__350,M,350,1650,virus,0.9999749660491943,0.011226,0.016082,0.013913,0.009902,0.009536,0.939340
NC_029082.1,NC_029082.1__M__300,M,300,1700,virus,0.9999821186065674,0.011091,0.026284,0.014769,0.010844,0.011893,0.925118
NC_029082.1,NC_029082.1__M__250,M,250,1750,virus,0.9999783039093018,0.010732,0.019793,0.014467,0.009809,0.010438,0.934760
NC_029082.1,NC_029082.1__M__200,M,200,1800,virus,0.999980092048645,0.013333,0.025376,0.019318,0.015295,0.011879,0.914799
NC_029082.1,NC_029082.1__M__150,M,150,1850,virus,0.9999842643737793,0.010895,0.019237,0.016329,0.012401,0.011140,0.929997
NC_029082.1,NC_029082.1__M__100,M,100,1900,virus,0.9999850988388062,0.009934,0.018311,0.016231,0.011161,0.010948,0.933415
NC_029082.1,NC_029082.1__M__50,M,50,1950,virus,0.9999871253967285,0.011103,0.020364,0.018811,0.012220,0.011466,0.926036
NC_029082.1,NC_029082.1__M__1,M,1,1999,virus,0.9999908208847046,0.010423,0.016873,0.017216,0.011900,0.011315,0.932272
NC_028902.1,NC_028902.1__none__0,none,0,2000,phage,0.9999539852142334,0.021980,0.906129,0.012365,0.017415,0.021101,0.021009
NC_028902.1,NC_028902.1__M__500,M,500,1500,bacteria,0.9997989535331726,0.526286,0.356768,0.021143,0.024174,0.047038,0.024590
NC_028902.1,NC_028902.1__M__450,M,450,1550,phage,0.9998437166213989,0.427811,0.460101,0.021349,0.024729,0.038442,0.027568
NC_028902.1,NC_028902.1__M__400,M,400,1600,phage,0.9998360872268677,0.352649,0.493346,0.020688,0.023926,0.068204,0.041187
NC_028902.1,NC_028902.1__M__350,M,350,1650,phage,0.9998327493667603,0.242315,0.601084,0.021682,0.025184,0.059423,0.050311
NC_028902.1,NC_028902.1__M__300,M,300,1700,phage,0.9998900890350342,0.120002,0.750512,0.016921,0.020909,0.057438,0.034218
NC_028902.1,NC_028902.1__M__250,M,250,1750,phage,0.9998970031738281,0.072234,0.778834,0.016082,0.021925,0.064124,0.046801
NC_028902.1,NC_028902.1__M__200,M,200,1800,phage,0.9999194145202637,0.045723,0.851857,0.012846,0.018376,0.044216,0.026983
NC_028902.1,NC_028902.1__M__150,M,150,1850,phage,0.9999035596847534,0.039056,0.844115,0.012877,0.018756,0.057782,0.027413
NC_028902.1,NC_028902.1__M__100,M,100,1900,phage,0.9999189376831055,0.036016,0.823127,0.013916,0.018771,0.084256,0.023915
NC_028902.1,NC_028902.1__M__50,M,50,1950,phage,0.9999179840087891,0.028955,0.881679,0.012267,0.017481,0.033258,0.026360
NC_028902.1,NC_028902.1__M__1,M,1,1999,phage,0.9999538660049438,0.021978,0.906177,0.012356,0.017419,0.021034,0.021035
NC_028097.1,NC_028097.1__none__0,none,0,2000,virus,0.9982830286026001,0.038466,0.042586,0.292655,0.037170,0.048447,0.540677
NC_028097.1,NC_028097.1__M__500,M,500,1500,eukarya,0.9956222176551819,0.026740,0.030749,0.671851,0.030217,0.042396,0.198048
NC_028097.1,NC_028097.1__M__450,M,450,1550,eukarya,0.9963384866714478,0.024416,0.027477,0.743473,0.026682,0.034518,0.143433
NC_028097.1,NC_028097.1__M__400,M,400,1600,eukarya,0.9962910413742065,0.029536,0.033195,0.614728,0.030189,0.041544,0.250809
NC_028097.1,NC_028097.1__M__350,M,350,1650,eukarya,0.9970715045928955,0.031459,0.034172,0.568057,0.033525,0.040254,0.292533
NC_028097.1,NC_028097.1__M__300,M,300,1700,virus,0.9970941543579102,0.030425,0.034468,0.233094,0.030174,0.041363,0.630476
NC_028097.1,NC_028097.1__M__250,M,250,1750,virus,0.9971764087677002,0.036011,0.036030,0.285932,0.032593,0.064702,0.544733
NC_028097.1,NC_028097.1__M__200,M,200,1800,eukarya,0.9975726008415222,0.041476,0.038396,0.437925,0.036453,0.080311,0.365440
NC_028097.1,NC_028097.1__M__150,M,150,1850,eukarya,0.9977607727050781,0.038733,0.036466,0.530076,0.034271,0.067461,0.292993
NC_028097.1,NC_028097.1__M__100,M,100,1900,virus,0.9978718757629395,0.035628,0.038463,0.413642,0.034785,0.045980,0.431502
NC_028097.1,NC_028097.1__M__50,M,50,1950,virus,0.997961163520813,0.037065,0.041750,0.340303,0.035694,0.046328,0.498861
NC_028097.1,NC_028097.1__M__1,M,1,1999,virus,0.9982805252075195,0.038437,0.042576,0.292943,0.037160,0.048490,0.540393
NC_027811.2,NC_027811.2__none__0,none,0,2000,phage,0.9995360374450684,0.050781,0.502312,0.043202,0.029883,0.286913,0.086908
NC_027811.2,NC_027811.2__M__500,M,500,1500,phage,0.999258816242218,0.028770,0.667003,0.050590,0.026111,0.063270,0.164255
NC_027811.2,NC_027811.2__M__450,M,450,1550,phage,0.999232292175293,0.038722,0.620441,0.050243,0.028703,0.112203,0.149688
NC_027811.2,NC_027811.2__M__400,M,400,1600,phage,0.9990944862365723,0.036305,0.661327,0.050392,0.027672,0.096940,0.127364
NC_027811.2,NC_027811.2__M__350,M,350,1650,phage,0.998993456363678,0.020806,0.743074,0.043758,0.023891,0.050365,0.118106
NC_027811.2,NC_027811.2__M__300,M,300,1700,phage,0.998925507068634,0.034913,0.720811,0.037486,0.024896,0.098195,0.083700
NC_027811.2,NC_027811.2__M__250,M,250,1750,phage,0.998943030834198,0.038317,0.709396,0.048441,0.026882,0.087929,0.089036
NC_027811.2,NC_027811.2__M__200,M,200,1800,phage,0.9991858601570129,0.042419,0.636934,0.050378,0.028263,0.132962,0.109044
NC_027811.2,NC_027811.2__M__150,M,150,1850,phage,0.9993256330490112,0.073344,0.572542,0.043157,0.030138,0.209827,0.070992
NC_027811.2,NC_027811.2__M__100,M,100,1900,phage,0.9995297193527222,0.077233,0.493018,0.034383,0.028392,0.310046,0.056928
NC_027811.2,NC_027811.2__M__50,M,50,1950,phage,0.9992101192474365,0.055950,0.550587,0.040925,0.028963,0.244517,0.079058
NC_027811.2,NC_027811.2__M__1,M,1,1999,phage,0.9995356798171997,0.050778,0.503006,0.043230,0.029887,0.285990,0.087109
NC_027720.1,NC_027720.1__none__0,none,0,2000,virus,0.9999152421951294,0.020167,0.021063,0.078447,0.027848,0.020431,0.832044
NC_027720.1,NC_027720.1__M__500,M,500,1500,eukarya,0.9999469518661499,0.022718,0.026409,0.743747,0.026166,0.021200,0.159760
NC_027720.1,NC_027720.1__M__450,M,450,1550,virus,0.9999535083770752,0.028536,0.036360,0.433665,0.033194,0.027676,0.440570
NC_027720.1,NC_027720.1__M__400,M,400,1600,virus,0.9999488592147827,0.028032,0.036223,0.347079,0.032159,0.026917,0.529591
NC_027720.1,NC_027720.1__M__350,M,350,1650,virus,0.9999418258666992,0.028252,0.035115,0.402001,0.036300,0.027758,0.470573
NC_027720.1,NC_027720.1__M__300,M,300,1700,virus,0.9999525547027588,0.026370,0.032273,0.222855,0.030178,0.026231,0.662093
NC_027720.1,NC_027720.1__M__250,M,250,1750,virus,0.9999653100967407,0.019994,0.022260,0.091392,0.023686,0.020244,0.822424
NC_027720.1,NC_027720.1__M__200,M,200,1800,virus,0.9999556541442871,0.020603,0.026985,0.102098,0.024002,0.021010,0.805302
NC_027720.1,NC_027720.1__M__150,M,150,1850,virus,0.9999558925628662,0.020503,0.024088,0.099146,0.024934,0.021593,0.809736
NC_027720.1,NC_027720.1__M__100,M,100,1900,virus,0.9999444484710693,0.018207,0.020100,0.067373,0.022338,0.018520,0.853463
NC_027720.1,NC_027720.1__M__50,M,50,1950,virus,0.9999271631240845,0.015494,0.016643,0.044189,0.019423,0.015377,0.888874
NC_027720.1,NC_027720.1__M__1,M,1,1999,virus,0.9999151229858398,0.020189,0.021082,0.078737,0.027898,0.020459,0.831634
NC_026624.1,NC_026624.1__none__0,none,0,2000,virus,0.9980583786964417,0.014721,0.017425,0.025760,0.016703,0.014919,0.910473
NC_026624.1,NC_026624.1__M__500,M,500,1500,virus,0.9986465573310852,0.022061,0.029126,0.092536,0.025513,0.022811,0.807952
NC_026624.1,NC_026624.1__M__450,M,450,1550,virus,0.9983470439910889,0.020041,0.026431,0.076313,0.023550,0.021912,0.831753
NC_026624.1,NC_026624.1__M__400,M,400,1600,virus,0.9982743263244629,0.020145,0.025245,0.067320,0.023965,0.021329,0.841997
NC_026624.1,NC_026624.1__M__350,M,350,1650,virus,0.9977339506149292,0.014234,0.018664,0.030608,0.017138,0.014248,0.905108
NC_026624.1,NC_026624.1__M__300,M,300,1700,virus,0.9976429343223572,0.011549,0.016217,0.020635,0.014493,0.012722,0.924385
NC_026624.1,NC_026624.1__M__250,M,250,1750,virus,0.9978868365287781,0.012398,0.016108,0.020881,0.014916,0.013014,0.922683
NC_026624.1,NC_026624.1__M__200,M,200,1800,virus,0.9968249797821045,0.013047,0.016244,0.022500,0.015249,0.013432,0.919528
NC_026624.1,NC_026624.1__M__150,M,150,1850,virus,0.9973220229148865,0.014201,0.016865,0.024641,0.016203,0.013949,0.914141
NC_026624.1,NC_026624.1__M__100,M,100,1900,virus,0.9978365302085876,0.015130,0.018118,0.027783,0.017257,0.015641,0.906071
NC_026624.1,NC_026624.1__M__50,M,50,1950,virus,0.9977641105651855,0.013561,0.016974,0.022989,0.015860,0.014463,0.916153
NC_026624.1,NC_026624.1__M__1,M,1,1999,virus,0.9980565905570984,0.014720,0.017426,0.025757,0.016700,0.014920,0.910477
NC_026424.1,NC_026424.1__none__0,none,0,2000,virus,0.9997912049293518,0.010004,0.012360,0.014574,0.011463,0.009946,0.941654
NC_026424.1,NC_026424.1__M__500,M,500,1500,virus,0.9998160004615784,0.010573,0.015214,0.014890,0.012220,0.009349,0.937754
NC_026424.1,NC_026424.1__M__450,M,450,1550,virus,0.9997850060462952,0.010106,0.015745,0.015034,0.010608,0.008752,0.939755
NC_026424.1,NC_026424.1__M__400,M,400,1600,virus,0.9997746348381042,0.009301,0.011886,0.013777,0.009807,0.008010,0.947219
NC_026424.1,NC_026424.1__M__350,M,350,1650,virus,0.9998181462287903,0.010569,0.012884,0.016531,0.012366,0.008854,0.938797
NC_026424.1,NC_026424.1__M__300,M,300,1700,virus,0.9997946619987488,0.009517,0.011375,0.013798,0.010327,0.008641,0.946343
NC_026424.1,NC_026424.1__M__250,M,250,1750,virus,0.9998338222503662,0.009327,0.012050,0.013998,0.010209,0.009028,0.945388
NC_026424.1,NC_026424.1__M__200,M,200,1800,virus,0.9998390674591064,0.009344,0.011320,0.013717,0.010191,0.009049,0.946379
NC_026424.1,NC_026424.1__M__150,M,150,1850,virus,0.9998376369476318,0.009292,0.011805,0.013382,0.009751,0.008511,0.947259
NC_026424.1,NC_026424.1__M__100,M,100,1900,virus,0.9998326301574707,0.009572,0.012006,0.013558,0.010259,0.009212,0.945393
NC_026424.1,NC_026424.1__M__50,M,50,1950,virus,0.999808132648468,0.009646,0.011858,0.013890,0.010816,0.009417,0.944374
NC_026424.1,NC_026424.1__M__1,M,1,1999,virus,0.9997904896736145,0.010002,0.012363,0.014573,0.011463,0.009947,0.941652
NC_025390.1,NC_025390.1__none__0,none,0,2000,phage,0.9982824325561523,0.031617,0.670564,0.044220,0.033029,0.028154,0.192417
NC_025390.1,NC_025390.1__M__500,M,500,1500,phage,0.9985843896865845,0.038357,0.799281,0.027891,0.046527,0.031254,0.056690
NC_025390.1,NC_025390.1__M__450,M,450,1550,phage,0.9983901977539062,0.025684,0.838760,0.025461,0.030207,0.024518,0.055371
NC_025390.1,NC_025390.1__M__400,M,400,1600,phage,0.9981984496116638,0.021211,0.896251,0.015794,0.019760,0.018508,0.028476
NC_025390.1,NC_025390.1__M__350,M,350,1650,phage,0.9971965551376343,0.026890,0.880631,0.017545,0.021903,0.022043,0.030988
NC_025390.1,NC_025390.1__M__300,M,300,1700,phage,0.9973451495170593,0.025695,0.821718,0.029775,0.025649,0.025337,0.071827
NC_025390.1,NC_025390.1__M__250,M,250,1750,phage,0.9983798265457153,0.027027,0.790387,0.034750,0.027010,0.026035,0.094791
NC_025390.1,NC_025390.1__M__200,M,200,1800,phage,0.9981957077980042,0.032930,0.747964,0.043540,0.030286,0.028592,0.116688
NC_025390.1,NC_025390.1__M__150,M,150,1850,phage,0.9975023865699768,0.036978,0.630486,0.055647,0.033403,0.028990,0.214497
NC_025390.1,NC_025390.1__M__100,M,100,1900,phage,0.9979909658432007,0.034019,0.578598,0.055143,0.033814,0.027790,0.270636
NC_025390.1,NC_025390.1__M__50,M,50,1950,phage,0.9977216124534607,0.034176,0.579948,0.058400,0.034482,0.028223,0.264771
NC_025390.1,NC_025390.1__M__1,M,1,1999,phage,0.9982848763465881,0.031611,0.670229,0.044227,0.033033,0.028149,0.192750
NC_025393.1,NC_025393.1__none__0,none,0,2000,virus,0.9997448325157166,0.022413,0.134304,0.034462,0.026420,0.025791,0.756610
NC_025393.1,NC_025393.1__M__500,M,500,1500,virus,0.9995984435081482,0.025892,0.033648,0.109977,0.257928,0.032882,0.539673
NC_025393.1,NC_025393.1__M__450,M,450,1550,virus,0.9993929862976074,0.024937,0.032114,0.083295,0.345707,0.033439,0.480508
NC_025393.1,NC_025393.1__M__400,M,400,1600,archaea,0.9991900324821472,0.026887,0.034658,0.131415,0.502992,0.036334,0.267715
NC_025393.1,NC_025393.1__M__350,M,350,1650,virus,0.9988775849342346,0.026066,0.055911,0.055670,0.242970,0.035523,0.583861
NC_025393.1,NC_025393.1__M__300,M,300,1700,virus,0.999320387840271,0.030366,0.098419,0.044045,0.138549,0.038115,0.650506
NC_025393.1,NC_025393.1__M__250,M,250,1750,virus,0.999383807182312,0.030976,0.144237,0.042372,0.086930,0.037154,0.658331
NC_025393.1,NC_025393.1__M__200,M,200,1800,virus,0.9996602535247803,0.027972,0.126134,0.039053,0.062029,0.034352,0.710460
NC_025393.1,NC_025393.1__M__150,M,150,1850,virus,0.999652624130249,0.024585,0.134192,0.034332,0.038912,0.032263,0.735717
NC_025393.1,NC_025393.1__M__100,M,100,1900,virus,0.9996936321258545,0.027419,0.203295,0.035510,0.037573,0.033749,0.662454
NC_025393.1,NC_025393.1__M__50,M,50,1950,virus,0.9996671676635742,0.022704,0.107091,0.030989,0.028929,0.027539,0.782749
NC_025393.1,NC_025393.1__M__1,M,1,1999,virus,0.9997437596321106,0.022520,0.136085,0.034644,0.026702,0.025843,0.754207
NC_025340.1,NC_025340.1__none__0,none,0,2000,virus,0.9806752800941467,0.013545,0.130238,0.044803,0.025656,0.043535,0.742223
NC_025340.1,NC_025340.1__M__500,M,500,1500,virus,0.9979801774024963,0.034982,0.053385,0.180174,0.035768,0.046185,0.649506
NC_025340.1,NC_025340.1__M__450,M,450,1550,virus,0.9982903599739075,0.044474,0.085091,0.186157,0.038236,0.065663,0.580379
NC_025340.1,NC_025340.1__M__400,M,400,1600,virus,0.9977213740348816,0.047375,0.120579,0.212659,0.042508,0.132230,0.444649
NC_025340.1,NC_025340.1__M__350,M,350,1650,virus,0.9971064925193787,0.026440,0.088429,0.107869,0.034731,0.086327,0.656205
NC_025340.1,NC_025340.1__M__300,M,300,1700,virus,0.9974551796913147,0.021412,0.130062,0.079574,0.033001,0.073430,0.662521
NC_025340.1,NC_025340.1__M__250,M,250,1750,virus,0.9961614608764648,0.018263,0.299510,0.053062,0.026199,0.045560,0.557405
NC_025340.1,NC_025340.1__M__200,M,200,1800,virus,0.9936739206314087,0.014324,0.155261,0.036870,0.021703,0.035544,0.736299
NC_025340.1,NC_025340.1__M__150,M,150,1850,virus,0.9943159222602844,0.015241,0.208917,0.034695,0.022261,0.037911,0.680974
NC_025340.1,NC_025340.1__M__100,M,100,1900,virus,0.9861857295036316,0.012088,0.101119,0.039548,0.020987,0.039359,0.786899
NC_025340.1,NC_025340.1__M__50,M,50,1950,virus,0.9871174693107605,0.011293,0.085340,0.039137,0.019624,0.032547,0.812059
NC_025340.1,NC_025340.1__M__1,M,1,1999,virus,0.9806052446365356,0.013549,0.130399,0.044745,0.025666,0.043682,0.741958
NC_024686.1,NC_024686.1__none__0,none,0,2000,eukarya,0.998343825340271,0.058050,0.052375,0.411040,0.065442,0.059224,0.353870
NC_024686.1,NC_024686.1__M__500,M,500,1500,eukarya,0.9983431100845337,0.059584,0.050891,0.511588,0.050195,0.032763,0.294979
NC_024686.1,NC_024686.1__M__450,M,450,1550,eukarya,0.9988096952438354,0.092265,0.084274,0.442540,0.070698,0.048511,0.261711
NC_024686.1,NC_024686.1__M__400,M,400,1600,eukarya,0.9988698363304138,0.154420,0.123584,0.303763,0.096261,0.074125,0.247847
NC_024686.1,NC_024686.1__M__350,M,350,1650,eukarya,0.9986031651496887,0.188521,0.121438,0.302840,0.096375,0.078407,0.212418
NC_024686.1,NC_024686.1__M__300,M,300,1700,eukarya,0.9978808760643005,0.089970,0.069137,0.476149,0.096775,0.046153,0.221815
NC_024686.1,NC_024686.1__M__250,M,250,1750,eukarya,0.9973490238189697,0.117786,0.080101,0.337583,0.119309,0.050286,0.294935
NC_024686.1,NC_024686.1__M__200,M,200,1800,eukarya,0.9965618252754211,0.153289,0.096237,0.294713,0.115665,0.054039,0.286056
NC_024686.1,NC_024686.1__M__150,M,150,1850,eukarya,0.9967490434646606,0.075229,0.064929,0.372038,0.078577,0.046585,0.362642
NC_024686.1,NC_024686.1__M__100,M,100,1900,eukarya,0.9977961778640747,0.065268,0.059661,0.383613,0.064717,0.048878,0.377864
NC_024686.1,NC_024686.1__M__50,M,50,1950,virus,0.9983289837837219,0.063178,0.057497,0.304582,0.069840,0.047483,0.457421
NC_024686.1,NC_024686.1__M__1,M,1,1999,eukarya,0.9983502626419067,0.058025,0.052353,0.410509,0.065391,0.059143,0.354580
NC_024458.1,NC_024458.1__none__0,none,0,2000,virus,0.9992903470993042,0.091833,0.096004,0.151007,0.063111,0.111210,0.486836
NC_024458.1,NC_024458.1__M__500,M,500,1500,virus,0.9997467398643494,0.096905,0.072876,0.345843,0.090092,0.045831,0.348454
NC_024458.1,NC_024458.1__M__450,M,450,1550,virus,0.9996706247329712,0.066460,0.054635,0.347830,0.079598,0.039706,0.411771
NC_024458.1,NC_024458.1__M__400,M,400,1600,virus,0.9996980428695679,0.075971,0.067107,0.322251,0.086941,0.045849,0.401880
NC_024458.1,NC_024458.1__M__350,M,350,1650,virus,0.9996111989021301,0.061645,0.060980,0.336576,0.066124,0.056261,0.418414
NC_024458.1,NC_024458.1__M__300,M,300,1700,virus,0.9996610879898071,0.053544,0.075189,0.150536,0.048123,0.067001,0.605607
NC_024458.1,NC_024458.1__M__250,M,250,1750,virus,0.9994450211524963,0.067925,0.096652,0.158660,0.058243,0.093934,0.524586
NC_024458.1,NC_024458.1__M__200,M,200,1800,virus,0.9992371797561646,0.083238,0.100674,0.191381,0.063836,0.110786,0.450087
NC_024458.1,NC_024458.1__M__150,M,150,1850,virus,0.9992142915725708,0.079626,0.091675,0.175105,0.060593,0.116939,0.476063
NC_024458.1,NC_024458.1__M__100,M,100,1900,virus,0.9992664456367493,0.072908,0.079727,0.179936,0.057441,0.098771,0.511217
NC_024458.1,NC_024458.1__M__50,M,50,1950,virus,0.9993938207626343,0.078212,0.081925,0.164586,0.058014,0.088566,0.528698
NC_024458.1,NC_024458.1__M__1,M,1,1999,virus,0.9992924928665161,0.091910,0.096178,0.151085,0.063151,0.111438,0.486238
NC_024297.1,NC_024297.1__none__0,none,0,2000,virus,0.9976059198379517,0.017679,0.017883,0.035697,0.018283,0.018093,0.892365
NC_024297.1,NC_024297.1__M__500,M,500,1500,virus,0.9959852695465088,0.036249,0.033200,0.331696,0.035408,0.033212,0.530236
NC_024297.1,NC_024297.1__M__450,M,450,1550,virus,0.9960781931877136,0.035766,0.031649,0.247721,0.034280,0.031978,0.618605
NC_024297.1,NC_024297.1__M__400,M,400,1600,virus,0.9966030120849609,0.029200,0.025708,0.137994,0.028344,0.027427,0.751327
NC_024297.1,NC_024297.1__M__350,M,350,1650,virus,0.9970149993896484,0.027229,0.023087,0.087655,0.024305,0.024923,0.812801
NC_024297.1,NC_024297.1__M__300,M,300,1700,virus,0.9967471361160278,0.021919,0.019872,0.056661,0.020389,0.021933,0.859226
NC_024297.1,NC_024297.1__M__250,M,250,1750,virus,0.9966051578521729,0.019169,0.018743,0.053005,0.018689,0.020388,0.870006
NC_024297.1,NC_024297.1__M__200,M,200,1800,virus,0.9972520470619202,0.015287,0.015366,0.028515,0.016004,0.016799,0.908030
NC_024297.1,NC_024297.1__M__150,M,150,1850,virus,0.997660756111145,0.014524,0.014942,0.027249,0.015452,0.015477,0.912357
NC_024297.1,NC_024297.1__M__100,M,100,1900,virus,0.9979676604270935,0.013485,0.014316,0.022309,0.014218,0.014133,0.921540
NC_024297.1,NC_024297.1__M__50,M,50,1950,virus,0.9974352717399597,0.018459,0.017545,0.035309,0.018683,0.018226,0.891777
NC_024297.1,NC_024297.1__M__1,M,1,1999,virus,0.997614860534668,0.017658,0.017871,0.035624,0.018261,0.018069,0.892517
NC_023760.1,NC_023760.1__none__0,none,0,2000,virus,0.9999973773956299,0.024400,0.024464,0.055703,0.021098,0.018221,0.856114
NC_023760.1,NC_023760.1__M__500,M,500,1500,virus,0.9999972581863403,0.030060,0.027202,0.230529,0.029432,0.030628,0.652149
NC_023760.1,NC_023760.1__M__450,M,450,1550,virus,0.9999974966049194,0.023901,0.023116,0.122830,0.026909,0.024237,0.779006
NC_023760.1,NC_023760.1__M__400,M,400,1600,virus,0.9999977350234985,0.027097,0.023336,0.126285,0.029765,0.022556,0.770960
NC_023760.1,NC_023760.1__M__350,M,350,1650,virus,0.9999970197677612,0.021079,0.019998,0.100932,0.024885,0.022062,0.811044
NC_023760.1,NC_023760.1__M__300,M,300,1700,virus,0.9999973773956299,0.026124,0.027141,0.103659,0.026205,0.024939,0.791933
NC_023760.1,NC_023760.1__M__250,M,250,1750,virus,0.999997615814209,0.026326,0.028450,0.112372,0.026442,0.025261,0.781148
NC_023760.1,NC_023760.1__M__200,M,200,1800,virus,0.9999979734420776,0.045339,0.037727,0.163954,0.035205,0.028441,0.689334
NC_023760.1,NC_023760.1__M__150,M,150,1850,virus,0.9999977350234985,0.035196,0.031945,0.132949,0.030399,0.026467,0.743043
NC_023760.1,NC_023760.1__M__100,M,100,1900,virus,0.9999974966049194,0.028890,0.029566,0.092537,0.026409,0.024199,0.798400
NC_023760.1,NC_023760.1__M__50,M,50,1950,virus,0.9999977350234985,0.027147,0.025524,0.063639,0.021870,0.018737,0.843084
NC_023760.1,NC_023760.1__M__1,M,1,1999,virus,0.9999973773956299,0.024425,0.024477,0.055714,0.021105,0.018220,0.856058
NC_023684.1,NC_023684.1__none__0,none,0,2000,virus,0.9999352693557739,0.022128,0.018521,0.021173,0.014456,0.011419,0.912303
NC_023684.1,NC_023684.1__M__500,M,500,1500,eukarya,0.999847412109375,0.045083,0.047680,0.595957,0.028647,0.020797,0.261836
NC_023684.1,NC_023684.1__M__450,M,450,1550,eukarya,0.999843955039978,0.049892,0.044572,0.502311,0.029555,0.021260,0.352410
NC_023684.1,NC_023684.1__M__400,M,400,1600,virus,0.9998664855957031,0.046242,0.056399,0.280486,0.026735,0.024531,0.565607
NC_023684.1,NC_023684.1__M__350,M,350,1650,virus,0.9998766183853149,0.050916,0.058481,0.225601,0.027130,0.027337,0.610536
NC_023684.1,NC_023684.1__M__300,M,300,1700,virus,0.9999130964279175,0.035878,0.034451,0.095756,0.022941,0.019035,0.791939
NC_023684.1,NC_023684.1__M__250,M,250,1750,virus,0.9999090433120728,0.036855,0.031139,0.060577,0.021569,0.016625,0.833234
NC_023684.1,NC_023684.1__M__200,M,200,1800,virus,0.9999181032180786,0.046012,0.034999,0.054162,0.023923,0.018728,0.822175
NC_023684.1,NC_023684.1__M__150,M,150,1850,virus,0.9999216794967651,0.046162,0.028554,0.040553,0.023063,0.015577,0.846090
NC_023684.1,NC_023684.1__M__100,M,100,1900,virus,0.999934196472168,0.051909,0.030406,0.038259,0.023423,0.016866,0.839137
NC_023684.1,NC_023684.1__M__50,M,50,1950,virus,0.9999125003814697,0.038985,0.023012,0.030637,0.018895,0.014622,0.873850
NC_023684.1,NC_023684.1__M__1,M,1,1999,virus,0.9999339580535889,0.022244,0.018572,0.021217,0.014503,0.011448,0.912015
NC_023424.1,NC_023424.1__none__0,none,0,2000,virus,0.9976381063461304,0.014766,0.013682,0.015921,0.011648,0.010396,0.933588
NC_023424.1,NC_023424.1__M__500,M,500,1500,virus,0.9987000226974487,0.009592,0.012845,0.014776,0.011024,0.010138,0.941626
NC_023424.1,NC_023424.1__M__450,M,450,1550,virus,0.9981973767280579,0.009989,0.011576,0.013694,0.010305,0.009001,0.945436
NC_023424.1,NC_023424.1__M__400,M,400,1600,virus,0.9980148077011108,0.010775,0.011591,0.013902,0.010618,0.008843,0.944272
NC_023424.1,NC_023424.1__M__350,M,350,1650,virus,0.9980126619338989,0.012537,0.010498,0.012217,0.010332,0.009410,0.945007
NC_023424.1,NC_023424.1__M__300,M,300,1700,virus,0.9985400438308716,0.013809,0.011935,0.013280,0.010716,0.010154,0.940106
NC_023424.1,NC_023424.1__M__250,M,250,1750,virus,0.9987503290176392,0.013716,0.012314,0.014193,0.010888,0.010175,0.938713
NC_023424.1,NC_023424.1__M__200,M,200,1800,virus,0.9983818531036377,0.018868,0.014122,0.016565,0.012636,0.010009,0.927799
NC_023424.1,NC_023424.1__M__150,M,150,1850,virus,0.9982740879058838,0.016691,0.013778,0.015938,0.011657,0.009432,0.932504
NC_023424.1,NC_023424.1__M__100,M,100,1900,virus,0.99856036901474,0.014580,0.012998,0.014711,0.010956,0.009492,0.937263
NC_023424.1,NC_023424.1__M__50,M,50,1950,virus,0.9983899593353271,0.016407,0.014437,0.017635,0.012192,0.010376,0.928954
NC_023424.1,NC_023424.1__M__1,M,1,1999,virus,0.9976627826690674,0.014755,0.013679,0.015896,0.011647,0.010399,0.933623
NC_023021.1,NC_023021.1__none__0,none,0,2000,virus,0.9959994554519653,0.009772,0.023399,0.015792,0.012147,0.011966,0.926924
NC_023021.1,NC_023021.1__M__500,M,500,1500,virus,0.9818515777587891,0.021636,0.077473,0.106368,0.021329,0.026355,0.746838
NC_023021.1,NC_023021.1__M__450,M,450,1550,virus,0.9901512861251831,0.022219,0.057806,0.094865,0.020773,0.027919,0.776417
NC_023021.1,NC_023021.1__M__400,M,400,1600,virus,0.991938054561615,0.021306,0.047501,0.092319,0.020639,0.026585,0.791650
NC_023021.1,NC_023021.1__M__350,M,350,1650,virus,0.9922086000442505,0.020786,0.044025,0.077799,0.019896,0.026017,0.811477
NC_023021.1,NC_023021.1__M__300,M,300,1700,virus,0.9920205473899841,0.013167,0.031361,0.031537,0.014598,0.017337,0.891999
NC_023021.1,NC_023021.1__M__250,M,250,1750,virus,0.9945645332336426,0.014665,0.030652,0.042004,0.015927,0.018008,0.878745
NC_023021.1,NC_023021.1__M__200,M,200,1800,virus,0.9956894516944885,0.015128,0.033275,0.047135,0.016567,0.018257,0.869637
NC_023021.1,NC_023021.1__M__150,M,150,1850,virus,0.9959878325462341,0.014465,0.030515,0.040350,0.016037,0.017250,0.881383
NC_023021.1,NC_023021.1__M__100,M,100,1900,virus,0.9958664178848267,0.010567,0.027414,0.020736,0.012921,0.013795,0.914566
NC_023021.1,NC_023021.1__M__50,M,50,1950,virus,0.9956380724906921,0.010626,0.022916,0.017883,0.012451,0.012765,0.923359
NC_023021.1,NC_023021.1__M__1,M,1,1999,virus,0.9960123300552368,0.009771,0.023376,0.015796,0.012142,0.011961,0.926954
NC_022801.1,NC_022801.1__none__0,none,0,2000,virus,0.9999210834503174,0.029904,0.029213,0.066602,0.027443,0.022725,0.824113
NC_022801.1,NC_022801.1__M__500,M,500,1500,virus,0.9997789263725281,0.013195,0.015573,0.018704,0.013804,0.010779,0.927945
NC_022801.1,NC_022801.1__M__450,M,450,1550,virus,0.9997498393058777,0.013319,0.015197,0.019875,0.013986,0.011767,0.925856
NC_022801.1,NC_022801.1__M__400,M,400,1600,virus,0.9998021721839905,0.013362,0.014747,0.021496,0.014100,0.011754,0.924541
NC_022801.1,NC_022801.1__M__350,M,350,1650,virus,0.9998868703842163,0.013108,0.014378,0.021558,0.013620,0.010648,0.926688
NC_022801.1,NC_022801.1__M__300,M,300,1700,virus,0.9999104738235474,0.013539,0.013904,0.021433,0.014366,0.010442,0.926316
NC_022801.1,NC_022801.1__M__250,M,250,1750,virus,0.9999252557754517,0.014999,0.015518,0.027806,0.015947,0.012350,0.913381
NC_022801.1,NC_022801.1__M__200,M,200,1800,virus,0.999919056892395,0.013668,0.014961,0.022355,0.015004,0.011491,0.922520
NC_022801.1,NC_022801.1__M__150,M,150,1850,virus,0.9999098777770996,0.017663,0.018382,0.031129,0.018495,0.014427,0.899905
NC_022801.1,NC_022801.1__M__100,M,100,1900,virus,0.9998983144760132,0.016978,0.018741,0.031031,0.018266,0.013626,0.901359
NC_022801.1,NC_022801.1__M__50,M,50,1950,virus,0.9999071359634399,0.020714,0.021524,0.036237,0.021132,0.016128,0.884264
NC_022801.1,NC_022801.1__M__1,M,1,1999,virus,0.9999212026596069,0.029966,0.029259,0.066965,0.027501,0.022792,0.823516
NC_022639.1,NC_022639.1__none__0,none,0,2000,virus,0.9998080134391785,0.018240,0.025152,0.020355,0.017992,0.013240,0.905021
NC_022639.1,NC_022639.1__M__500,M,500,1500,virus,0.9997128844261169,0.015836,0.031781,0.018952,0.017009,0.012481,0.903941
NC_022639.1,NC_022639.1__M__450,M,450,1550,virus,0.9997217059135437,0.014700,0.028604,0.018467,0.016312,0.013390,0.908526
NC_022639.1,NC_022639.1__M__400,M,400,1600,virus,0.9996656179428101,0.015348,0.042012,0.020296,0.017105,0.015483,0.889754
NC_022639.1,NC_022639.1__M__350,M,350,1650,virus,0.9996352195739746,0.014411,0.027717,0.018088,0.016077,0.011523,0.912184
NC_022639.1,NC_022639.1__M__300,M,300,1700,virus,0.9995647072792053,0.014481,0.022568,0.017226,0.015957,0.010825,0.918943
NC_022639.1,NC_022639.1__M__250,M,250,1750,virus,0.9996436834335327,0.014166,0.020482,0.017260,0.015665,0.010393,0.922034
NC_022639.1,NC_022639.1__M__200,M,200,1800,virus,0.9997023940086365,0.014575,0.020739,0.017930,0.015824,0.010840,0.920091
NC_022639.1,NC_022639.1__M__150,M,150,1850,virus,0.9997566342353821,0.014499,0.017540,0.017306,0.015146,0.009796,0.925713
NC_022639.1,NC_022639.1__M__100,M,100,1900,virus,0.9997867941856384,0.015691,0.022669,0.018766,0.016493,0.011418,0.914964
NC_022639.1,NC_022639.1__M__50,M,50,1950,virus,0.9997904896736145,0.016802,0.026305,0.019805,0.017903,0.013348,0.905837
NC_022639.1,NC_022639.1__M__1,M,1,1999,virus,0.9998071789741516,0.018201,0.025289,0.020365,0.018013,0.013254,0.904879
NC_021626.1,NC_021626.1__none__0,none,0,2000,virus,0.9999878406524658,0.020160,0.129128,0.027838,0.021721,0.019970,0.781183
NC_021626.1,NC_021626.1__M__500,M,500,1500,virus,0.9999858140945435,0.033692,0.285599,0.037713,0.027343,0.032699,0.582953
NC_021626.1,NC_021626.1__M__450,M,450,1550,virus,0.9999876022338867,0.029950,0.281112,0.034077,0.026628,0.029544,0.598689
NC_021626.1,NC_021626.1__M__400,M,400,1600,virus,0.9999912977218628,0.032430,0.347169,0.033112,0.029271,0.030550,0.527468
NC_021626.1,NC_021626.1__M__350,M,350,1650,virus,0.9999905824661255,0.036843,0.406301,0.034208,0.031937,0.033667,0.457044
NC_021626.1,NC_021626.1__M__300,M,300,1700,virus,0.9999899864196777,0.040980,0.304073,0.037754,0.031999,0.032459,0.552735
NC_021626.1,NC_021626.1__M__250,M,250,1750,virus,0.9999865293502808,0.034528,0.246195,0.035475,0.028285,0.029038,0.626480
NC_021626.1,NC_021626.1__M__200,M,200,1800,virus,0.9999866485595703,0.035721,0.257313,0.034992,0.029939,0.028719,0.613316
NC_021626.1,NC_021626.1__M__150,M,150,1850,virus,0.9999862909317017,0.028915,0.196956,0.032560,0.026639,0.024515,0.690415
NC_021626.1,NC_021626.1__M__100,M,100,1900,virus,0.9999852180480957,0.024970,0.169510,0.030557,0.024408,0.022363,0.728193
NC_021626.1,NC_021626.1__M__50,M,50,1950,virus,0.9999860525131226,0.022372,0.133357,0.027967,0.022652,0.021690,0.771962
NC_021626.1,NC_021626.1__M__1,M,1,1999,virus,0.9999878406524658,0.020095,0.128201,0.027773,0.021652,0.019919,0.782361
NC_021220.1,NC_021220.1__none__0,none,0,2000,phage,0.9849276542663574,0.222537,0.238206,0.104774,0.073270,0.212301,0.148912
NC_021220.1,NC_021220.1__M__500,M,500,1500,phage,0.9597333669662476,0.233446,0.295151,0.151695,0.050117,0.179450,0.090141
NC_021220.1,NC_021220.1__M__450,M,450,1550,phage,0.9651304483413696,0.241023,0.270146,0.125021,0.047240,0.224051,0.092519
NC_021220.1,NC_021220.1__M__400,M,400,1600,phage,0.9722536206245422,0.206726,0.233268,0.184135,0.051843,0.219304,0.104724
NC_021220.1,NC_021220.1__M__350,M,350,1650,bacteria,0.979967474937439,0.364386,0.240700,0.063836,0.048268,0.224456,0.058354
NC_021220.1,NC_021220.1__M__300,M,300,1700,bacteria,0.9817411303520203,0.266801,0.245384,0.096575,0.063824,0.229125,0.098291
NC_021220.1,NC_021220.1__M__250,M,250,1750,bacteria,0.9878509640693665,0.282530,0.248712,0.067820,0.057012,0.258231,0.085694
NC_021220.1,NC_021220.1__M__200,M,200,1800,plasmid,0.9848054051399231,0.273795,0.196678,0.060354,0.053481,0.332398,0.083294
NC_021220.1,NC_021220.1__M__150,M,150,1850,plasmid,0.9846024513244629,0.293721,0.190864,0.066267,0.058314,0.309223,0.081612
NC_021220.1,NC_021220.1__M__100,M,100,1900,bacteria,0.9856178164482117,0.282808,0.228319,0.073306,0.064447,0.247597,0.103524
NC_021220.1,NC_021220.1__M__50,M,50,1950,plasmid,0.9834027290344238,0.220540,0.236134,0.087720,0.066887,0.259710,0.129008
NC_021220.1,NC_021220.1__M__1,M,1,1999,phage,0.9849056601524353,0.222358,0.238219,0.104891,0.073305,0.211649,0.149578
NC_020999.1,NC_020999.1__none__0,none,0,2000,phage,0.9998779296875,0.126611,0.673300,0.018038,0.021507,0.140171,0.020373
NC_020999.1,NC_020999.1__M__500,M,500,1500,phage,0.9998526573181152,0.051718,0.846391,0.013366,0.015978,0.052318,0.020228
NC_020999.1,NC_020999.1__M__450,M,450,1550,phage,0.9998200535774231,0.041909,0.877347,0.011621,0.013625,0.040365,0.015133
NC_020999.1,NC_020999.1__M__400,M,400,1600,phage,0.9998459815979004,0.043265,0.864501,0.012020,0.013828,0.049929,0.016457
NC_020999.1,NC_020999.1__M__350,M,350,1650,phage,0.9998524188995361,0.031795,0.879062,0.011880,0.013616,0.048211,0.015436
NC_020999.1,NC_020999.1__M__300,M,300,1700,phage,0.9998495578765869,0.049150,0.823812,0.013794,0.015573,0.080834,0.016837
NC_020999.1,NC_020999.1__M__250,M,250,1750,phage,0.9998661279678345,0.085958,0.749652,0.015809,0.017869,0.111606,0.019107
NC_020999.1,NC_020999.1__M__200,M,200,1800,phage,0.9998952150344849,0.068093,0.797388,0.014315,0.015970,0.087196,0.017039
NC_020999.1,NC_020999.1__M__150,M,150,1850,phage,0.9998931884765625,0.071703,0.774466,0.014578,0.017007,0.102782,0.019463
NC_020999.1,NC_020999.1__M__100,M,100,1900,phage,0.9998975992202759,0.091365,0.694887,0.016811,0.019859,0.156723,0.020354
NC_020999.1,NC_020999.1__M__50,M,50,1950,phage,0.9998687505722046,0.115175,0.672684,0.017993,0.021483,0.151974,0.020692
NC_020999.1,NC_020999.1__M__1,M,1,1999,phage,0.9998775720596313,0.127598,0.672697,0.018058,0.021533,0.139742,0.020373
NC_019920.1,NC_019920.1__none__0,none,0,2000,phage,0.9999746084213257,0.015880,0.914947,0.014869,0.015416,0.021856,0.017033
NC_019920.1,NC_019920.1__M__500,M,500,1500,phage,0.999845027923584,0.054375,0.811521,0.016333,0.017923,0.081215,0.018633
NC_019920.1,NC_019920.1__M__450,M,450,1550,phage,0.9998756647109985,0.057612,0.818765,0.017875,0.018386,0.067093,0.020269
NC_019920.1,NC_019920.1__M__400,M,400,1600,phage,0.9998970031738281,0.046052,0.861694,0.016457,0.016614,0.039957,0.019226
NC_019920.1,NC_019920.1__M__350,M,350,1650,phage,0.9999274015426636,0.035530,0.874974,0.016168,0.016297,0.037909,0.019121
NC_019920.1,NC_019920.1__M__300,M,300,1700,phage,0.9999657869338989,0.032677,0.871164,0.017736,0.016774,0.041473,0.020176
NC_019920.1,NC_019920.1__M__250,M,250,1750,phage,0.9999719858169556,0.025379,0.895983,0.015809,0.015569,0.028892,0.018369
NC_019920.1,NC_019920.1__M__200,M,200,1800,phage,0.9999752044677734,0.021851,0.908266,0.015145,0.015272,0.022043,0.017424
NC_019920.1,NC_019920.1__M__150,M,150,1850,phage,0.9999722242355347,0.019848,0.910510,0.015055,0.015335,0.021827,0.017424
NC_019920.1,NC_019920.1__M__100,M,100,1900,phage,0.9999772310256958,0.019679,0.908827,0.015240,0.015626,0.022437,0.018190
NC_019920.1,NC_019920.1__M__50,M,50,1950,phage,0.9999749660491943,0.016746,0.915461,0.014775,0.015255,0.020679,0.017085
NC_019920.1,NC_019920.1__M__1,M,1,1999,phage,0.9999746084213257,0.015879,0.914943,0.014870,0.015415,0.021857,0.017036
NC_019409.1,NC_019409.1__none__0,none,0,2000,virus,0.9989503026008606,0.018161,0.091583,0.028184,0.021223,0.026473,0.814377
NC_019409.1,NC_019409.1__M__500,M,500,1500,phage,0.998826801776886,0.155936,0.236604,0.110075,0.042682,0.218219,0.236483
NC_019409.1,NC_019409.1__M__450,M,450,1550,bacteria,0.9987518787384033,0.249617,0.205044,0.077366,0.043339,0.182207,0.242426
NC_019409.1,NC_019409.1__M__400,M,400,1600,phage,0.9987887740135193,0.208370,0.415698,0.047905,0.040159,0.188519,0.099349
NC_019409.1,NC_019409.1__M__350,M,350,1650,phage,0.9989525079727173,0.136683,0.515756,0.042659,0.038129,0.162250,0.104522
NC_019409.1,NC_019409.1__M__300,M,300,1700,phage,0.998715877532959,0.056763,0.408158,0.048253,0.034530,0.103993,0.348303
NC_019409.1,NC_019409.1__M__250,M,250,1750,virus,0.9985525012016296,0.069117,0.357597,0.054909,0.035544,0.106894,0.375938
NC_019409.1,NC_019409.1__M__200,M,200,1800,virus,0.9980705380439758,0.034259,0.205603,0.044487,0.029417,0.090252,0.595982
NC_019409.1,NC_019409.1__M__150,M,150,1850,virus,0.9980481863021851,0.027387,0.244530,0.039328,0.028043,0.062279,0.598434
NC_019409.1,NC_019409.1__M__100,M,100,1900,virus,0.9978734254837036,0.020652,0.152489,0.035347,0.023702,0.057777,0.710034
NC_019409.1,NC_019409.1__M__50,M,50,1950,virus,0.9982604384422302,0.019332,0.124832,0.035146,0.023535,0.047597,0.749558
NC_019409.1,NC_019409.1__M__1,M,1,1999,virus,0.998940646648407,0.018159,0.091363,0.028158,0.021214,0.026449,0.814658
NC_018478.1,NC_018478.1__none__0,none,0,2000,virus,0.9999408721923828,0.046035,0.078177,0.033141,0.041430,0.037080,0.764138
NC_018478.1,NC_018478.1__M__500,M,500,1500,virus,0.9999486207962036,0.024991,0.051311,0.028115,0.024701,0.026906,0.843976
NC_018478.1,NC_018478.1__M__450,M,450,1550,virus,0.9999521970748901,0.035995,0.087728,0.033065,0.033370,0.036616,0.773227
NC_018478.1,NC_018478.1__M__400,M,400,1600,virus,0.9999634027481079,0.036988,0.083805,0.034913,0.033871,0.035725,0.774699
NC_018478.1,NC_018478.1__M__350,M,350,1650,virus,0.9999657869338989,0.043792,0.106839,0.030827,0.036973,0.040582,0.740986
NC_018478.1,NC_018478.1__M__300,M,300,1700,virus,0.9999690055847168,0.067062,0.186570,0.034294,0.047832,0.052507,0.611735
NC_018478.1,NC_018478.1__M__250,M,250,1750,virus,0.9999586343765259,0.059441,0.226737,0.034837,0.046718,0.047865,0.584402
NC_018478.1,NC_018478.1__M__200,M,200,1800,virus,0.9999542236328125,0.035338,0.088162,0.028696,0.033281,0.030384,0.784140
NC_018478.1,NC_018478.1__M__150,M,150,1850,virus,0.9999526739120483,0.027326,0.047125,0.026737,0.028658,0.022909,0.847245
NC_018478.1,NC_018478.1__M__100,M,100,1900,virus,0.9999483823776245,0.030400,0.057347,0.028145,0.031382,0.026637,0.826090
NC_018478.1,NC_018478.1__M__50,M,50,1950,virus,0.9999369382858276,0.026687,0.044085,0.025469,0.027554,0.023389,0.852816
NC_018478.1,NC_018478.1__M__1,M,1,1999,virus,0.999941349029541,0.046298,0.078752,0.033251,0.041579,0.037277,0.762843
NC_018384.1,NC_018384.1__none__0,none,0,2000,virus,0.9871082901954651,0.026549,0.088414,0.378999,0.031721,0.036389,0.437927
NC_018384.1,NC_018384.1__M__500,M,500,1500,virus,0.9709445238113403,0.041571,0.118888,0.197127,0.036305,0.050681,0.555428
NC_018384.1,NC_018384.1__M__450,M,450,1550,virus,0.9811193943023682,0.029761,0.098320,0.191641,0.032301,0.037122,0.610855
NC_018384.1,NC_018384.1__M__400,M,400,1600,virus,0.9794166684150696,0.031919,0.115577,0.203206,0.034453,0.043120,0.571725
NC_018384.1,NC_018384.1__M__350,M,350,1650,virus,0.9831535220146179,0.041585,0.118277,0.266309,0.039144,0.044114,0.490570
NC_018384.1,NC_018384.1__M__300,M,300,1700,virus,0.9828669428825378,0.040631,0.105900,0.326918,0.037205,0.042624,0.446722
NC_018384.1,NC_018384.1__M__250,M,250,1750,virus,0.9796463847160339,0.040727,0.113552,0.324908,0.036997,0.045765,0.438051
NC_018384.1,NC_018384.1__M__200,M,200,1800,virus,0.9835087656974792,0.047486,0.127784,0.268861,0.040271,0.051613,0.463984
NC_018384.1,NC_018384.1__M__150,M,150,1850,virus,0.9846461415290833,0.052033,0.140874,0.347467,0.042418,0.058675,0.358532
NC_018384.1,NC_018384.1__M__100,M,100,1900,eukarya,0.9864307641983032,0.039312,0.112501,0.458344,0.036258,0.043445,0.310140
NC_018384.1,NC_018384.1__M__50,M,50,1950,virus,0.9861104488372803,0.033017,0.098161,0.326400,0.034750,0.040285,0.467388
NC_018384.1,NC_018384.1__M__1,M,1,1999,virus,0.9871200323104858,0.026543,0.088330,0.378965,0.031718,0.036354,0.438090
NC_016441.1,NC_016441.1__none__0,none,0,2000,virus,0.9977518916130066,0.013633,0.013726,0.014940,0.016666,0.016519,0.924517
NC_016441.1,NC_016441.1__M__500,M,500,1500,virus,0.9988409876823425,0.011157,0.009779,0.015658,0.011004,0.012738,0.939665
NC_016441.1,NC_016441.1__M__450,M,450,1550,virus,0.9989895224571228,0.009894,0.008965,0.013179,0.010092,0.011503,0.946368
NC_016441.1,NC_016441.1__M__400,M,400,1600,virus,0.9991496801376343,0.010698,0.010013,0.013248,0.012382,0.013455,0.940203
NC_016441.1,NC_016441.1__M__350,M,350,1650,virus,0.9989066123962402,0.010820,0.011307,0.012523,0.013795,0.012962,0.938593
NC_016441.1,NC_016441.1__M__300,M,300,1700,virus,0.9988635778427124,0.011267,0.011114,0.012047,0.014794,0.013983,0.936795
NC_016441.1,NC_016441.1__M__250,M,250,1750,virus,0.9985401630401611,0.010911,0.010082,0.011634,0.013815,0.012993,0.940565
NC_016441.1,NC_016441.1__M__200,M,200,1800,virus,0.9981550574302673,0.010959,0.009297,0.011803,0.013728,0.013176,0.941037
NC_016441.1,NC_016441.1__M__150,M,150,1850,virus,0.9984762072563171,0.011607,0.010005,0.011651,0.013512,0.013222,0.940003
NC_016441.1,NC_016441.1__M__100,M,100,1900,virus,0.9982115030288696,0.012802,0.011850,0.013593,0.014588,0.014611,0.932556
NC_016441.1,NC_016441.1__M__50,M,50,1950,virus,0.9981032609939575,0.013176,0.013550,0.014622,0.015408,0.016035,0.927209
NC_016441.1,NC_016441.1__M__1,M,1,1999,virus,0.9977557063102722,0.013637,0.013724,0.014946,0.016672,0.016524,0.924497
NC_015639.1,NC_015639.1__none__0,none,0,2000,virus,0.9952269792556763,0.019967,0.043224,0.027967,0.083262,0.026436,0.799143
NC_015639.1,NC_015639.1__M__500,M,500,1500,virus,0.9919939041137695,0.033811,0.063626,0.037103,0.308225,0.028861,0.528374
NC_015639.1,NC_015639.1__M__450,M,450,1550,archaea,0.989617645740509,0.034091,0.075832,0.033856,0.439843,0.030647,0.385731
NC_015639.1,NC_015639.1__M__400,M,400,1600,archaea,0.9910599589347839,0.033823,0.085226,0.030400,0.445754,0.033008,0.371789
NC_015639.1,NC_015639.1__M__350,M,350,1650,virus,0.9897810220718384,0.031802,0.086886,0.031616,0.299127,0.035247,0.515322
NC_015639.1,NC_015639.1__M__300,M,300,1700,virus,0.9918796420097351,0.029680,0.055160,0.035349,0.183482,0.029683,0.666646
NC_015639.1,NC_015639.1__M__250,M,250,1750,virus,0.9936815500259399,0.032624,0.061526,0.036375,0.252753,0.032608,0.584115
NC_015639.1,NC_015639.1__M__200,M,200,1800,virus,0.9953709244728088,0.029682,0.070476,0.039713,0.278362,0.034467,0.547301
NC_015639.1,NC_015639.1__M__150,M,150,1850,virus,0.9951306581497192,0.025815,0.053068,0.034682,0.193215,0.030216,0.663005
NC_015639.1,NC_015639.1__M__100,M,100,1900,virus,0.9949499368667603,0.024210,0.048181,0.034323,0.183310,0.029678,0.680299
NC_015639.1,NC_015639.1__M__50,M,50,1950,virus,0.995323121547699,0.023040,0.051244,0.031970,0.143770,0.029604,0.720373
NC_015639.1,NC_015639.1__M__1,M,1,1999,virus,0.9952282905578613,0.019964,0.043372,0.027959,0.083384,0.026477,0.798844
NC_015521.1,NC_015521.1__none__0,none,0,2000,virus,0.9999041557312012,0.012658,0.019362,0.019857,0.014472,0.013300,0.920351
NC_015521.1,NC_015521.1__M__500,M,500,1500,virus,0.9997689127922058,0.010815,0.014464,0.015485,0.011456,0.010892,0.936888
NC_015521.1,NC_015521.1__M__450,M,450,1550,virus,0.9997841715812683,0.010381,0.013430,0.015055,0.010640,0.010301,0.940193
NC_015521.1,NC_015521.1__M__400,M,400,1600,virus,0.9997760653495789,0.012083,0.014569,0.016724,0.011072,0.010762,0.934791
NC_015521.1,NC_015521.1__M__350,M,350,1650,virus,0.999734103679657,0.014257,0.016467,0.018648,0.012301,0.012392,0.925935
NC_015521.1,NC_015521.1__M__300,M,300,1700,virus,0.9998183846473694,0.016930,0.019511,0.020718,0.013818,0.013243,0.915780
NC_015521.1,NC_015521.1__M__250,M,250,1750,virus,0.9998656511306763,0.018350,0.020233,0.020374,0.014135,0.013448,0.913460
NC_015521.1,NC_015521.1__M__200,M,200,1800,virus,0.9998571872711182,0.015178,0.018931,0.020007,0.013546,0.012641,0.919697
NC_015521.1,NC_015521.1__M__150,M,150,1850,virus,0.9998565912246704,0.013675,0.017715,0.019066,0.013525,0.012702,0.923316
NC_015521.1,NC_015521.1__M__100,M,100,1900,virus,0.9998767375946045,0.012547,0.017349,0.018093,0.013112,0.012465,0.926435
NC_015521.1,NC_015521.1__M__50,M,50,1950,virus,0.9998905658721924,0.013666,0.019833,0.021064,0.015343,0.013984,0.916112
NC_015521.1,NC_015521.1__M__1,M,1,1999,virus,0.9999045133590698,0.012674,0.019385,0.019889,0.014494,0.013314,0.920243
NC_014904.1,NC_014904.1__none__0,none,0,2000,virus,0.999815046787262,0.012959,0.016692,0.028069,0.016531,0.015870,0.909879
NC_014904.1,NC_014904.1__M__500,M,500,1500,virus,0.9998542070388794,0.011035,0.013610,0.021973,0.013278,0.014080,0.926024
NC_014904.1,NC_014904.1__M__450,M,450,1550,virus,0.9998435974121094,0.010350,0.013334,0.018349,0.012604,0.013193,0.932170
NC_014904.1,NC_014904.1__M__400,M,400,1600,virus,0.9998995065689087,0.010461,0.013693,0.015888,0.012761,0.013509,0.933688
NC_014904.1,NC_014904.1__M__350,M,350,1650,virus,0.9999029636383057,0.011569,0.015546,0.020090,0.014418,0.014268,0.924108
NC_014904.1,NC_014904.1__M__300,M,300,1700,virus,0.9999103546142578,0.011827,0.016467,0.022229,0.014940,0.014771,0.919766
NC_014904.1,NC_014904.1__M__250,M,250,1750,virus,0.9999145269393921,0.011476,0.015812,0.021316,0.014491,0.014359,0.922546
NC_014904.1,NC_014904.1__M__200,M,200,1800,virus,0.9998906850814819,0.013043,0.017254,0.026336,0.016108,0.015736,0.911523
NC_014904.1,NC_014904.1__M__150,M,150,1850,virus,0.9998613595962524,0.011655,0.015579,0.020628,0.014510,0.014378,0.923250
NC_014904.1,NC_014904.1__M__100,M,100,1900,virus,0.9998824596405029,0.011434,0.015116,0.020486,0.014112,0.013753,0.925099
NC_014904.1,NC_014904.1__M__50,M,50,1950,virus,0.9998621940612793,0.013356,0.016861,0.028070,0.016461,0.015828,0.909424
NC_014904.1,NC_014904.1__M__1,M,1,1999,virus,0.999815046787262,0.012934,0.016667,0.027953,0.016499,0.015841,0.910106
NC_014511.1,NC_014511.1__none__0,none,0,2000,virus,0.9999953508377075,0.101495,0.120177,0.081680,0.033045,0.042217,0.621387
NC_014511.1,NC_014511.1__M__500,M,500,1500,eukarya,0.999991774559021,0.048949,0.134515,0.446657,0.030385,0.041174,0.298320
NC_014511.1,NC_014511.1__M__450,M,450,1550,eukarya,0.9999918937683105,0.049702,0.107827,0.463479,0.029925,0.041082,0.307984
NC_014511.1,NC_014511.1__M__400,M,400,1600,eukarya,0.9999934434890747,0.050819,0.111464,0.482223,0.030789,0.038525,0.286179
NC_014511.1,NC_014511.1__M__350,M,350,1650,virus,0.9999927282333374,0.081209,0.125768,0.264880,0.034915,0.046161,0.447066
NC_014511.1,NC_014511.1__M__300,M,300,1700,virus,0.9999933242797852,0.084287,0.140425,0.162397,0.033764,0.046747,0.532380
NC_014511.1,NC_014511.1__M__250,M,250,1750,virus,0.9999929666519165,0.094013,0.129252,0.182665,0.034214,0.044833,0.515024
NC_014511.1,NC_014511.1__M__200,M,200,1800,virus,0.9999934434890747,0.123095,0.149355,0.168920,0.035685,0.049213,0.473732
NC_014511.1,NC_014511.1__M__150,M,150,1850,virus,0.9999932050704956,0.093653,0.106030,0.133454,0.032759,0.042174,0.591930
NC_014511.1,NC_014511.1__M__100,M,100,1900,virus,0.9999939203262329,0.102724,0.109053,0.122873,0.034686,0.045649,0.585016
NC_014511.1,NC_014511.1__M__50,M,50,1950,virus,0.9999945163726807,0.102667,0.118306,0.085297,0.033024,0.043480,0.617224
NC_014511.1,NC_014511.1__M__1,M,1,1999,virus,0.9999953508377075,0.101493,0.120060,0.081674,0.033040,0.042199,0.621533
NC_014512.1,NC_014512.1__none__0,none,0,2000,virus,0.9999532699584961,0.036293,0.075550,0.271848,0.034388,0.029919,0.552001
NC_014512.1,NC_014512.1__M__500,M,500,1500,eukarya,0.9999452829360962,0.024788,0.032573,0.733629,0.022665,0.018344,0.168001
NC_014512.1,NC_014512.1__M__450,M,450,1550,eukarya,0.9999454021453857,0.027567,0.035890,0.704002,0.024308,0.019902,0.188331
NC_014512.1,NC_014512.1__M__400,M,400,1600,eukarya,0.9999452829360962,0.033413,0.038827,0.575419,0.028184,0.022895,0.301263
NC_014512.1,NC_014512.1__M__350,M,350,1650,eukarya,0.9999611377716064,0.032261,0.043225,0.458078,0.028712,0.022178,0.415545
NC_014512.1,NC_014512.1__M__300,M,300,1700,virus,0.9999622106552124,0.041801,0.086763,0.342346,0.033262,0.027732,0.468096
NC_014512.1,NC_014512.1__M__250,M,250,1750,eukarya,0.999962568283081,0.044883,0.091786,0.410492,0.034484,0.030596,0.387758
NC_014512.1,NC_014512.1__M__200,M,200,1800,virus,0.9999567270278931,0.043257,0.111321,0.315078,0.037024,0.031596,0.461724
NC_014512.1,NC_014512.1__M__150,M,150,1850,virus,0.9999597072601318,0.036795,0.109351,0.277723,0.035680,0.029852,0.510601
NC_014512.1,NC_014512.1__M__100,M,100,1900,virus,0.9999570846557617,0.035960,0.087446,0.270813,0.035435,0.030241,0.540104
NC_014512.1,NC_014512.1__M__50,M,50,1950,virus,0.9999567270278931,0.035776,0.075868,0.310729,0.035600,0.030060,0.511967
NC_014512.1,NC_014512.1__M__1,M,1,1999,virus,0.9999532699584961,0.036225,0.075468,0.269504,0.034362,0.029929,0.554513
NC_014514.1,NC_014514.1__none__0,none,0,2000,virus,0.9998660087585449,0.014488,0.025873,0.023731,0.017410,0.017769,0.900728
NC_014514.1,NC_014514.1__M__500,M,500,1500,virus,0.9998714923858643,0.011509,0.021815,0.023986,0.015255,0.017556,0.909880
NC_014514.1,NC_014514.1__M__450,M,450,1550,virus,0.9998561143875122,0.011407,0.020983,0.020882,0.015343,0.017677,0.913706
NC_014514.1,NC_014514.1__M__400,M,400,1600,virus,0.9998602867126465,0.010352,0.020491,0.016779,0.014738,0.015628,0.922013
NC_014514.1,NC_014514.1__M__350,M,350,1650,virus,0.9998966455459595,0.010932,0.023680,0.017585,0.015133,0.015380,0.917290
NC_014514.1,NC_014514.1__M__300,M,300,1700,virus,0.9998892545700073,0.011922,0.027019,0.019924,0.015434,0.015385,0.910317
NC_014514.1,NC_014514.1__M__250,M,250,1750,virus,0.9998626708984375,0.011946,0.023259,0.021382,0.015222,0.014558,0.913632
NC_014514.1,NC_014514.1__M__200,M,200,1800,virus,0.9998441934585571,0.011983,0.020899,0.019760,0.015202,0.014646,0.917512
NC_014514.1,NC_014514.1__M__150,M,150,1850,virus,0.9998859167098999,0.014263,0.025016,0.027155,0.017244,0.016968,0.899354
NC_014514.1,NC_014514.1__M__100,M,100,1900,virus,0.9998321533203125,0.012561,0.022277,0.023345,0.015935,0.015835,0.910047
NC_014514.1,NC_014514.1__M__50,M,50,1950,virus,0.9998430013656616,0.012700,0.023090,0.022506,0.016288,0.016313,0.909103
NC_014514.1,NC_014514.1__M__1,M,1,1999,virus,0.9998657703399658,0.014422,0.025756,0.023632,0.017367,0.017693,0.901129
NC_014397.1,NC_014397.1__none__0,none,0,2000,virus,0.9998119473457336,0.012038,0.019938,0.022478,0.015466,0.015791,0.914290
NC_014397.1,NC_014397.1__M__500,M,500,1500,virus,0.9997217059135437,0.013658,0.014021,0.024439,0.022349,0.015987,0.909545
NC_014397.1,NC_014397.1__M__450,M,450,1550,virus,0.999699592590332,0.014202,0.013359,0.028948,0.023351,0.016813,0.903327
NC_014397.1,NC_014397.1__M__400,M,400,1600,virus,0.9996986389160156,0.011804,0.014290,0.021950,0.015646,0.013999,0.922311
NC_014397.1,NC_014397.1__M__350,M,350,1650,virus,0.9997259974479675,0.011662,0.015257,0.020925,0.015639,0.014561,0.921955
NC_014397.1,NC_014397.1__M__300,M,300,1700,virus,0.9996882677078247,0.011325,0.016680,0.019860,0.015054,0.013872,0.923209
NC_014397.1,NC_014397.1__M__250,M,250,1750,virus,0.9997004270553589,0.011802,0.017572,0.020830,0.015300,0.014280,0.920217
NC_014397.1,NC_014397.1__M__200,M,200,1800,virus,0.9997100234031677,0.011373,0.017574,0.019627,0.014792,0.014060,0.922575
NC_014397.1,NC_014397.1__M__150,M,150,1850,virus,0.9997908473014832,0.011977,0.018187,0.019831,0.014266,0.013658,0.922081
NC_014397.1,NC_014397.1__M__100,M,100,1900,virus,0.9997866749763489,0.011965,0.019242,0.020724,0.014637,0.014202,0.919231
NC_014397.1,NC_014397.1__M__50,M,50,1950,virus,0.9997945427894592,0.011700,0.019306,0.019972,0.014767,0.015070,0.919185
NC_014397.1,NC_014397.1__M__1,M,1,1999,virus,0.9998112320899963,0.012041,0.019943,0.022514,0.015472,0.015792,0.914239
NC_013109.1,NC_013109.1__none__0,none,0,2000,virus,0.9995360374450684,0.020112,0.025602,0.088245,0.017916,0.019639,0.828487
NC_013109.1,NC_013109.1__M__500,M,500,1500,eukarya,0.9982170462608337,0.032941,0.030669,0.488179,0.025543,0.026588,0.396080
NC_013109.1,NC_013109.1__M__450,M,450,1550,virus,0.998578667640686,0.030449,0.031365,0.304346,0.024276,0.027630,0.581933
NC_013109.1,NC_013109.1__M__400,M,400,1600,virus,0.9989290833473206,0.026523,0.027740,0.181418,0.021027,0.024441,0.718850
NC_013109.1,NC_013109.1__M__350,M,350,1650,virus,0.9988693594932556,0.027199,0.029624,0.190276,0.022378,0.027030,0.703494
NC_013109.1,NC_013109.1__M__300,M,300,1700,virus,0.999133288860321,0.025880,0.030707,0.207671,0.022852,0.027198,0.685693
NC_013109.1,NC_013109.1__M__250,M,250,1750,virus,0.999414324760437,0.023016,0.031088,0.142800,0.020539,0.024026,0.758530
NC_013109.1,NC_013109.1__M__200,M,200,1800,virus,0.9993990659713745,0.024531,0.034651,0.191452,0.022824,0.026314,0.700228
NC_013109.1,NC_013109.1__M__150,M,150,1850,virus,0.9995107650756836,0.022085,0.027858,0.117168,0.020136,0.022679,0.790075
NC_013109.1,NC_013109.1__M__100,M,100,1900,virus,0.9994738698005676,0.021026,0.024431,0.093335,0.018569,0.020611,0.822028
NC_013109.1,NC_013109.1__M__50,M,50,1950,virus,0.9995854496955872,0.025088,0.029218,0.138238,0.021612,0.023228,0.762616
NC_013109.1,NC_013109.1__M__1,M,1,1999,virus,0.9995347261428833,0.020167,0.025676,0.088850,0.017966,0.019691,0.827650
NC_012135.1,NC_012135.1__none__0,none,0,2000,eukarya,0.9999662637710571,0.028265,0.048561,0.574324,0.031336,0.029242,0.288272
NC_012135.1,NC_012135.1__M__500,M,500,1500,eukarya,0.9999822378158569,0.026168,0.061510,0.677690,0.025949,0.023779,0.184904
NC_012135.1,NC_012135.1__M__450,M,450,1550,eukarya,0.9999805688858032,0.026349,0.055724,0.615332,0.027297,0.024730,0.250568
NC_012135.1,NC_012135.1__M__400,M,400,1600,eukarya,0.9999887943267822,0.027971,0.055469,0.472033,0.030210,0.026811,0.387505
NC_012135.1,NC_012135.1__M__350,M,350,1650,virus,0.9999786615371704,0.028072,0.046339,0.422144,0.031302,0.028101,0.444042
NC_012135.1,NC_012135.1__M__300,M,300,1700,eukarya,0.9999784231185913,0.028048,0.044601,0.529333,0.031452,0.027729,0.338837
NC_012135.1,NC_012135.1__M__250,M,250,1750,eukarya,0.999976396560669,0.028773,0.049481,0.463917,0.031517,0.029769,0.396542
NC_012135.1,NC_012135.1__M__200,M,200,1800,virus,0.9999756813049316,0.028088,0.051906,0.420770,0.030902,0.030094,0.438239
NC_012135.1,NC_012135.1__M__150,M,150,1850,virus,0.9999709129333496,0.027656,0.052571,0.374865,0.030225,0.030463,0.484219
NC_012135.1,NC_012135.1__M__100,M,100,1900,eukarya,0.9999634027481079,0.027291,0.056343,0.511377,0.031335,0.029021,0.344634
NC_012135.1,NC_012135.1__M__50,M,50,1950,eukarya,0.9999544620513916,0.028316,0.054702,0.501046,0.031858,0.030205,0.353874
NC_012135.1,NC_012135.1__M__1,M,1,1999,eukarya,0.9999662637710571,0.028287,0.048608,0.572973,0.031360,0.029270,0.289503
NC_011544.1,NC_011544.1__none__0,none,0,2000,eukarya,0.9991744160652161,0.028486,0.023972,0.785100,0.024240,0.017246,0.120957
NC_011544.1,NC_011544.1__M__500,M,500,1500,eukarya,0.9992740750312805,0.040465,0.038050,0.811360,0.030261,0.013803,0.066061
NC_011544.1,NC_011544.1__M__450,M,450,1550,eukarya,0.9994039535522461,0.032777,0.026026,0.855292,0.022555,0.012856,0.050493
NC_011544.1,NC_011544.1__M__400,M,400,1600,eukarya,0.9995715022087097,0.045438,0.032000,0.695235,0.033386,0.014594,0.179347
NC_011544.1,NC_011544.1__M__350,M,350,1650,eukarya,0.9995754361152649,0.058419,0.037836,0.461314,0.052289,0.016131,0.374012
NC_011544.1,NC_011544.1__M__300,M,300,1700,eukarya,0.9995878338813782,0.056640,0.046369,0.437921,0.043172,0.015916,0.399983
NC_011544.1,NC_011544.1__M__250,M,250,1750,eukarya,0.9994617104530334,0.047718,0.036445,0.535888,0.036004,0.015768,0.328178
NC_011544.1,NC_011544.1__M__200,M,200,1800,virus,0.9993846416473389,0.044311,0.031585,0.386869,0.038063,0.018879,0.480293
NC_011544.1,NC_011544.1__M__150,M,150,1850,eukarya,0.9988831877708435,0.049692,0.033555,0.506034,0.039577,0.017379,0.353764
NC_011544.1,NC_011544.1__M__100,M,100,1900,eukarya,0.9989553689956665,0.043599,0.030105,0.621054,0.031808,0.017185,0.256250
NC_011544.1,NC_011544.1__M__50,M,50,1950,eukarya,0.999030351638794,0.034652,0.025641,0.750885,0.025835,0.015553,0.147434
NC_011544.1,NC_011544.1__M__1,M,1,1999,eukarya,0.9991734623908997,0.028385,0.023895,0.786724,0.024149,0.017205,0.119643
NC_010809.1,NC_010809.1__none__0,none,0,2000,eukarya,0.9993646740913391,0.033052,0.070989,0.676008,0.030774,0.025344,0.163833
NC_010809.1,NC_010809.1__M__500,M,500,1500,eukarya,0.9983574748039246,0.037081,0.032201,0.704190,0.027091,0.021778,0.177660
NC_010809.1,NC_010809.1__M__450,M,450,1550,eukarya,0.9986535310745239,0.045587,0.038712,0.707348,0.028857,0.023948,0.155549
NC_010809.1,NC_010809.1__M__400,M,400,1600,eukarya,0.9989821314811707,0.047332,0.037274,0.678317,0.031398,0.021183,0.184496
NC_010809.1,NC_010809.1__M__350,M,350,1650,eukarya,0.9987475872039795,0.031769,0.026613,0.786921,0.024097,0.021675,0.108924
NC_010809.1,NC_010809.1__M__300,M,300,1700,eukarya,0.9988595247268677,0.046212,0.030113,0.743396,0.026311,0.021980,0.131988
NC_010809.1,NC_010809.1__M__250,M,250,1750,eukarya,0.9989588260650635,0.065287,0.044516,0.573181,0.032988,0.028929,0.255099
NC_010809.1,NC_010809.1__M__200,M,200,1800,eukarya,0.9990357160568237,0.057274,0.046772,0.562851,0.033145,0.029026,0.270932
NC_010809.1,NC_010809.1__M__150,M,150,1850,eukarya,0.9992546439170837,0.039550,0.045085,0.729446,0.028449,0.023437,0.134033
NC_010809.1,NC_010809.1__M__100,M,100,1900,eukarya,0.9993718266487122,0.036611,0.049316,0.697974,0.030469,0.022881,0.162749
NC_010809.1,NC_010809.1__M__50,M,50,1950,eukarya,0.9993859529495239,0.030216,0.041815,0.764334,0.025989,0.018767,0.118879
NC_010809.1,NC_010809.1__M__1,M,1,1999,eukarya,0.999365508556366,0.032979,0.070853,0.676499,0.030731,0.025334,0.163603
NC_010748.1,NC_010748.1__none__0,none,0,2000,virus,0.9999586343765259,0.035675,0.079863,0.048518,0.035798,0.090727,0.709418
NC_010748.1,NC_010748.1__M__500,M,500,1500,virus,0.999935507774353,0.071704,0.155090,0.087492,0.037930,0.213460,0.434324
NC_010748.1,NC_010748.1__M__450,M,450,1550,virus,0.9999417066574097,0.072374,0.142293,0.080062,0.038388,0.246367,0.420516
NC_010748.1,NC_010748.1__M__400,M,400,1600,plasmid,0.9999474287033081,0.095761,0.170257,0.080408,0.040124,0.358303,0.255146
NC_010748.1,NC_010748.1__M__350,M,350,1650,virus,0.9999361038208008,0.066888,0.208048,0.069988,0.040983,0.198732,0.415362
NC_010748.1,NC_010748.1__M__300,M,300,1700,plasmid,0.9999510049819946,0.115177,0.275496,0.056934,0.047737,0.290625,0.214031
NC_010748.1,NC_010748.1__M__250,M,250,1750,virus,0.9999617338180542,0.115138,0.266836,0.059968,0.049013,0.232051,0.276993
NC_010748.1,NC_010748.1__M__200,M,200,1800,virus,0.9999741315841675,0.092080,0.264983,0.053556,0.048665,0.238376,0.302339
NC_010748.1,NC_010748.1__M__150,M,150,1850,virus,0.9999721050262451,0.085906,0.211689,0.054211,0.050227,0.248208,0.349759
NC_010748.1,NC_010748.1__M__100,M,100,1900,virus,0.9999693632125854,0.059161,0.151090,0.048501,0.047342,0.170011,0.523895
NC_010748.1,NC_010748.1__M__50,M,50,1950,virus,0.9999631643295288,0.035771,0.080810,0.041694,0.038255,0.112123,0.691347
NC_010748.1,NC_010748.1__M__1,M,1,1999,virus,0.9999586343765259,0.035746,0.080014,0.048540,0.035835,0.091045,0.708820
NC_010708.1,NC_010708.1__none__0,none,0,2000,virus,0.9671924114227295,0.017370,0.023571,0.019380,0.017898,0.019840,0.901941
NC_010708.1,NC_010708.1__M__500,M,500,1500,virus,0.9815260171890259,0.015070,0.021348,0.017892,0.016408,0.018445,0.910838
NC_010708.1,NC_010708.1__M__450,M,450,1550,virus,0.9751242995262146,0.014842,0.020635,0.018428,0.016309,0.017782,0.912003
NC_010708.1,NC_010708.1__M__400,M,400,1600,virus,0.9671837687492371,0.013954,0.020645,0.016702,0.015298,0.016142,0.917259
NC_010708.1,NC_010708.1__M__350,M,350,1650,virus,0.9595646262168884,0.014763,0.020889,0.017275,0.015857,0.016535,0.914681
NC_010708.1,NC_010708.1__M__300,M,300,1700,virus,0.9484768509864807,0.016091,0.021691,0.018695,0.017173,0.018334,0.908016
NC_010708.1,NC_010708.1__M__250,M,250,1750,virus,0.960069477558136,0.015670,0.021951,0.019429,0.016563,0.017826,0.908562
NC_010708.1,NC_010708.1__M__200,M,200,1800,virus,0.9494066834449768,0.016352,0.022193,0.019210,0.016975,0.018349,0.906922
NC_010708.1,NC_010708.1__M__150,M,150,1850,virus,0.9603527188301086,0.016296,0.022312,0.019162,0.016944,0.018735,0.906551
NC_010708.1,NC_010708.1__M__100,M,100,1900,virus,0.9517227411270142,0.016439,0.021751,0.018772,0.016776,0.017982,0.908280
NC_010708.1,NC_010708.1__M__50,M,50,1950,virus,0.9542234539985657,0.016598,0.022535,0.018553,0.017042,0.019051,0.906220
NC_010708.1,NC_010708.1__M__1,M,1,1999,virus,0.9669228792190552,0.017369,0.023564,0.019378,0.017898,0.019836,0.901956
NC_008311.1,NC_008311.1__none__0,none,0,2000,virus,0.9999308586120605,0.044542,0.076782,0.071836,0.043425,0.032047,0.731368
NC_008311.1,NC_008311.1__M__500,M,500,1500,virus,0.9999089241027832,0.026700,0.041860,0.152549,0.027125,0.025954,0.725813
NC_008311.1,NC_008311.1__M__450,M,450,1550,virus,0.999909520149231,0.030517,0.048371,0.131491,0.030921,0.027544,0.731155
NC_008311.1,NC_008311.1__M__400,M,400,1600,virus,0.9998809099197388,0.048734,0.064804,0.209725,0.041811,0.034537,0.600388
NC_008311.1,NC_008311.1__M__350,M,350,1650,virus,0.999882698059082,0.050802,0.077314,0.218632,0.045967,0.035826,0.571460
NC_008311.1,NC_008311.1__M__300,M,300,1700,virus,0.9998723268508911,0.078398,0.115894,0.205326,0.061436,0.043718,0.495229
NC_008311.1,NC_008311.1__M__250,M,250,1750,virus,0.9999164342880249,0.062855,0.096793,0.189699,0.056199,0.041556,0.552898
NC_008311.1,NC_008311.1__M__200,M,200,1800,virus,0.9999294281005859,0.050124,0.082251,0.195964,0.050544,0.042008,0.579108
NC_008311.1,NC_008311.1__M__150,M,150,1850,virus,0.9999123811721802,0.040595,0.083528,0.123976,0.043214,0.036203,0.672483
NC_008311.1,NC_008311.1__M__100,M,100,1900,virus,0.9999396800994873,0.030689,0.056582,0.075133,0.032476,0.027283,0.777838
NC_008311.1,NC_008311.1__M__50,M,50,1950,virus,0.9999356269836426,0.034317,0.059375,0.075480,0.034389,0.027719,0.768720
NC_008311.1,NC_008311.1__M__1,M,1,1999,virus,0.999930739402771,0.043644,0.075633,0.070574,0.042744,0.031613,0.735793
NC_007731.1,NC_007731.1__none__0,none,0,2000,virus,0.9992749094963074,0.028141,0.029065,0.124803,0.028525,0.024174,0.765291
NC_007731.1,NC_007731.1__M__500,M,500,1500,eukarya,0.9994603991508484,0.031390,0.033266,0.584009,0.028796,0.030789,0.291749
NC_007731.1,NC_007731.1__M__450,M,450,1550,virus,0.9994515776634216,0.031768,0.035139,0.412902,0.030057,0.036521,0.453613
NC_007731.1,NC_007731.1__M__400,M,400,1600,virus,0.9995796084403992,0.033087,0.029445,0.276460,0.029136,0.033216,0.598657
NC_007731.1,NC_007731.1__M__350,M,350,1650,eukarya,0.9995648264884949,0.027158,0.030199,0.663947,0.028610,0.031035,0.219049
NC_007731.1,NC_007731.1__M__300,M,300,1700,virus,0.9994934797286987,0.033922,0.030471,0.314751,0.033668,0.029531,0.557656
NC_007731.1,NC_007731.1__M__250,M,250,1750,eukarya,0.9993764758110046,0.034214,0.030256,0.464414,0.034138,0.029937,0.407040
NC_007731.1,NC_007731.1__M__200,M,200,1800,eukarya,0.9991798996925354,0.035958,0.031495,0.472899,0.035631,0.031610,0.392408
NC_007731.1,NC_007731.1__M__150,M,150,1850,eukarya,0.9987218976020813,0.036968,0.032530,0.431830,0.036573,0.033403,0.428696
NC_007731.1,NC_007731.1__M__100,M,100,1900,virus,0.9988584518432617,0.035309,0.034932,0.332541,0.037198,0.033745,0.526275
NC_007731.1,NC_007731.1__M__50,M,50,1950,virus,0.9989809393882751,0.033742,0.034619,0.244764,0.034473,0.032293,0.620110
NC_007731.1,NC_007731.1__M__1,M,1,1999,virus,0.9992743134498596,0.028135,0.029066,0.124798,0.028521,0.024178,0.765302
NC_007158.1,NC_007158.1__none__0,none,0,2000,virus,0.9997373223304749,0.010807,0.018788,0.014869,0.012211,0.011584,0.931741
NC_007158.1,NC_007158.1__M__500,M,500,1500,virus,0.9996529817581177,0.013490,0.024668,0.017046,0.013830,0.012484,0.918482
NC_007158.1,NC_007158.1__M__450,M,450,1550,virus,0.999667763710022,0.014837,0.026068,0.017901,0.014219,0.013012,0.913964
NC_007158.1,NC_007158.1__M__400,M,400,1600,virus,0.9996925592422485,0.013072,0.020463,0.016282,0.013309,0.011975,0.924899
NC_007158.1,NC_007158.1__M__350,M,350,1650,virus,0.9997288584709167,0.012494,0.020365,0.015831,0.012810,0.011697,0.926805
NC_007158.1,NC_007158.1__M__300,M,300,1700,virus,0.9997171759605408,0.011500,0.019326,0.015614,0.012122,0.010467,0.930971
NC_007158.1,NC_007158.1__M__250,M,250,1750,virus,0.9995765089988708,0.011588,0.021246,0.015311,0.012445,0.011869,0.927542
NC_007158.1,NC_007158.1__M__200,M,200,1800,virus,0.9994866847991943,0.012135,0.020151,0.015754,0.013005,0.011994,0.926960
NC_007158.1,NC_007158.1__M__150,M,150,1850,virus,0.9996033310890198,0.011124,0.018445,0.015004,0.011955,0.010828,0.932644
NC_007158.1,NC_007158.1__M__100,M,100,1900,virus,0.9996353387832642,0.010868,0.018606,0.014523,0.011864,0.010861,0.933279
NC_007158.1,NC_007158.1__M__50,M,50,1950,virus,0.9997174143791199,0.010783,0.018200,0.014236,0.011982,0.011390,0.933410
NC_007158.1,NC_007158.1__M__1,M,1,1999,virus,0.9997367262840271,0.010803,0.018729,0.014852,0.012214,0.011571,0.931830
NC_006875.1,NC_006875.1__none__0,none,0,2000,virus,0.9995763897895813,0.019648,0.009599,0.011896,0.011382,0.010121,0.937353
NC_006875.1,NC_006875.1__M__500,M,500,1500,virus,0.9992707371711731,0.025199,0.014200,0.032577,0.013847,0.009013,0.905164
NC_006875.1,NC_006875.1__M__450,M,450,1550,virus,0.9992161989212036,0.021411,0.011675,0.020948,0.011858,0.008101,0.926007
NC_006875.1,NC_006875.1__M__400,M,400,1600,virus,0.9992596507072449,0.019701,0.009389,0.016195,0.011921,0.008315,0.934479
NC_006875.1,NC_006875.1__M__350,M,350,1650,virus,0.9991666078567505,0.018397,0.009645,0.014534,0.011599,0.008957,0.936868
NC_006875.1,NC_006875.1__M__300,M,300,1700,virus,0.9993687272071838,0.019796,0.010366,0.014205,0.012173,0.009621,0.933838
NC_006875.1,NC_006875.1__M__250,M,250,1750,virus,0.9995334148406982,0.018716,0.008637,0.013187,0.011655,0.009339,0.938466
NC_006875.1,NC_006875.1__M__200,M,200,1800,virus,0.9995681643486023,0.018261,0.008598,0.012716,0.011548,0.009199,0.939678
NC_006875.1,NC_006875.1__M__150,M,150,1850,virus,0.9995903372764587,0.019047,0.008839,0.012551,0.011927,0.009851,0.937784
NC_006875.1,NC_006875.1__M__100,M,100,1900,virus,0.9996073842048645,0.016686,0.008209,0.011157,0.010552,0.010340,0.943056
NC_006875.1,NC_006875.1__M__50,M,50,1950,virus,0.9995489716529846,0.018220,0.009227,0.011922,0.011071,0.009988,0.939573
NC_006875.1,NC_006875.1__M__1,M,1,1999,virus,0.9995763897895813,0.019657,0.009581,0.011906,0.011388,0.010110,0.937360
NC_005990.1,NC_005990.1__none__0,none,0,2000,phage,0.9998787641525269,0.111420,0.613876,0.056049,0.049914,0.051025,0.117715
NC_005990.1,NC_005990.1__M__500,M,500,1500,phage,0.9999281167984009,0.057951,0.635428,0.042391,0.027318,0.059229,0.177684
NC_005990.1,NC_005990.1__M__450,M,450,1550,phage,0.9999374151229858,0.063689,0.677011,0.037820,0.028144,0.058244,0.135093
NC_005990.1,NC_005990.1__M__400,M,400,1600,phage,0.9998949766159058,0.039793,0.648399,0.047483,0.025851,0.041992,0.196483
NC_005990.1,NC_005990.1__M__350,M,350,1650,phage,0.9998583793640137,0.060744,0.620465,0.055163,0.030817,0.056788,0.176024
NC_005990.1,NC_005990.1__M__300,M,300,1700,phage,0.9998308420181274,0.085783,0.608553,0.045880,0.037209,0.072761,0.149814
NC_005990.1,NC_005990.1__M__250,M,250,1750,phage,0.9998325109481812,0.074492,0.613648,0.053462,0.039279,0.055939,0.163181
NC_005990.1,NC_005990.1__M__200,M,200,1800,phage,0.9998819828033447,0.111111,0.510913,0.063125,0.052491,0.069665,0.192696
NC_005990.1,NC_005990.1__M__150,M,150,1850,phage,0.9998644590377808,0.085539,0.554451,0.058251,0.048760,0.051408,0.201591
NC_005990.1,NC_005990.1__M__100,M,100,1900,phage,0.9998534917831421,0.107792,0.484383,0.056535,0.046392,0.055606,0.249292
NC_005990.1,NC_005990.1__M__50,M,50,1950,phage,0.9998655319213867,0.148327,0.457042,0.055294,0.055951,0.063922,0.219464
NC_005990.1,NC_005990.1__M__1,M,1,1999,phage,0.999879002571106,0.111379,0.614123,0.056020,0.049844,0.050975,0.117658
NC_005235.1,NC_005235.1__none__0,none,0,2000,virus,0.9974467754364014,0.015515,0.016877,0.020512,0.014718,0.009967,0.922410
NC_005235.1,NC_005235.1__M__500,M,500,1500,virus,0.9989604949951172,0.111143,0.074359,0.066353,0.085881,0.050856,0.611408
NC_005235.1,NC_005235.1__M__450,M,450,1550,virus,0.9987529516220093,0.102688,0.071147,0.052060,0.130492,0.049313,0.594299
NC_005235.1,NC_005235.1__M__400,M,400,1600,virus,0.9989377856254578,0.042939,0.033681,0.039253,0.077083,0.020769,0.786274
NC_005235.1,NC_005235.1__M__350,M,350,1650,virus,0.9986013770103455,0.082246,0.057904,0.085166,0.098518,0.038568,0.637598
NC_005235.1,NC_005235.1__M__300,M,300,1700,virus,0.998420000076294,0.048074,0.040448,0.036453,0.064271,0.022352,0.788402
NC_005235.1,NC_005235.1__M__250,M,250,1750,virus,0.9982187151908875,0.046387,0.037874,0.039677,0.074231,0.020358,0.781473
NC_005235.1,NC_005235.1__M__200,M,200,1800,virus,0.9985976815223694,0.042775,0.037958,0.043629,0.063909,0.020903,0.790827
NC_005235.1,NC_005235.1__M__150,M,150,1850,virus,0.9985154271125793,0.040669,0.039915,0.046180,0.079181,0.022347,0.771708
NC_005235.1,NC_005235.1__M__100,M,100,1900,virus,0.9984523057937622,0.031701,0.030396,0.049360,0.051329,0.018270,0.818944
NC_005235.1,NC_005235.1__M__50,M,50,1950,virus,0.9984344840049744,0.019989,0.021447,0.034150,0.022181,0.012927,0.889306
NC_005235.1,NC_005235.1__M__1,M,1,1999,virus,0.9974437952041626,0.015532,0.016891,0.020554,0.014743,0.009973,0.922307
NC_005238.1,NC_005238.1__none__0,none,0,2000,virus,0.9980127811431885,0.008405,0.013181,0.013035,0.008474,0.009934,0.946971
NC_005238.1,NC_005238.1__M__500,M,500,1500,virus,0.9943529367446899,0.020584,0.061651,0.020125,0.023048,0.024885,0.849707
NC_005238.1,NC_005238.1__M__450,M,450,1550,virus,0.9939907789230347,0.018102,0.042265,0.021472,0.026599,0.023030,0.868532
NC_005238.1,NC_005238.1__M__400,M,400,1600,virus,0.9953182339668274,0.012979,0.023755,0.016104,0.017984,0.017483,0.911694
NC_005238.1,NC_005238.1__M__350,M,350,1650,virus,0.9963913559913635,0.013639,0.027748,0.021386,0.026796,0.019999,0.890432
NC_005238.1,NC_005238.1__M__300,M,300,1700,virus,0.9963196516036987,0.012779,0.025252,0.015808,0.018049,0.018016,0.910096
NC_005238.1,NC_005238.1__M__250,M,250,1750,virus,0.9973565340042114,0.010751,0.027103,0.015947,0.012747,0.017088,0.916363
NC_005238.1,NC_005238.1__M__200,M,200,1800,virus,0.998223602771759,0.010259,0.021504,0.015899,0.012217,0.018158,0.921962
NC_005238.1,NC_005238.1__M__150,M,150,1850,virus,0.9977044463157654,0.009045,0.016740,0.014274,0.010011,0.013672,0.936259
NC_005238.1,NC_005238.1__M__100,M,100,1900,virus,0.9974769949913025,0.008363,0.015086,0.013649,0.008828,0.011216,0.942859
NC_005238.1,NC_005238.1__M__50,M,50,1950,virus,0.9973821043968201,0.008276,0.012598,0.012609,0.007819,0.009288,0.949410
NC_005238.1,NC_005238.1__M__1,M,1,1999,virus,0.9979813694953918,0.008411,0.013187,0.013073,0.008481,0.009940,0.946907
NC_004912.1,NC_004912.1__none__0,none,0,2000,virus,0.9999197721481323,0.011197,0.014258,0.013740,0.012231,0.013237,0.935337
NC_004912.1,NC_004912.1__M__500,M,500,1500,virus,0.9998626708984375,0.019705,0.027030,0.033983,0.096421,0.020619,0.802243
NC_004912.1,NC_004912.1__M__450,M,450,1550,virus,0.9998890161514282,0.015567,0.021269,0.026148,0.045825,0.017097,0.874095
NC_004912.1,NC_004912.1__M__400,M,400,1600,virus,0.9998629093170166,0.012473,0.013982,0.019231,0.024140,0.013921,0.916253
NC_004912.1,NC_004912.1__M__350,M,350,1650,virus,0.9998835325241089,0.010236,0.011313,0.013513,0.014474,0.011422,0.939042
NC_004912.1,NC_004912.1__M__300,M,300,1700,virus,0.9999072551727295,0.010470,0.011967,0.014342,0.014451,0.012144,0.936624
NC_004912.1,NC_004912.1__M__250,M,250,1750,virus,0.9999314546585083,0.010982,0.012516,0.013473,0.014595,0.012421,0.936013
NC_004912.1,NC_004912.1__M__200,M,200,1800,virus,0.999927282333374,0.010845,0.012848,0.013703,0.013395,0.012673,0.936536
NC_004912.1,NC_004912.1__M__150,M,150,1850,virus,0.9999350309371948,0.009756,0.012307,0.012796,0.011436,0.011296,0.942409
NC_004912.1,NC_004912.1__M__100,M,100,1900,virus,0.9999257326126099,0.010306,0.012697,0.012508,0.011183,0.011606,0.941700
NC_004912.1,NC_004912.1__M__50,M,50,1950,virus,0.9999064207077026,0.010549,0.013561,0.013581,0.011629,0.012422,0.938258
NC_004912.1,NC_004912.1__M__1,M,1,1999,virus,0.9999198913574219,0.011197,0.014256,0.013744,0.012226,0.013232,0.935345
NC_004169.1,NC_004169.1__none__0,none,0,2000,phage,0.9998325109481812,0.032737,0.458631,0.043970,0.379520,0.033831,0.051311
NC_004169.1,NC_004169.1__M__500,M,500,1500,phage,0.999886155128479,0.032821,0.647334,0.036069,0.211933,0.031301,0.040542
NC_004169.1,NC_004169.1__M__450,M,450,1550,phage,0.9998563528060913,0.030987,0.582006,0.034583,0.281244,0.030022,0.041157
NC_004169.1,NC_004169.1__M__400,M,400,1600,phage,0.9998101592063904,0.033395,0.567942,0.037989,0.287005,0.030840,0.042828
NC_004169.1,NC_004169.1__M__350,M,350,1650,phage,0.9997398257255554,0.025498,0.730485,0.032403,0.142759,0.027571,0.041284
NC_004169.1,NC_004169.1__M__300,M,300,1700,phage,0.9997130036354065,0.023992,0.600186,0.036658,0.261737,0.032206,0.045221
NC_004169.1,NC_004169.1__M__250,M,250,1750,phage,0.9997658133506775,0.025658,0.661498,0.037075,0.198160,0.030709,0.046900
NC_004169.1,NC_004169.1__M__200,M,200,1800,phage,0.9997914433479309,0.027281,0.613331,0.036598,0.245918,0.031762,0.045111
NC_004169.1,NC_004169.1__M__150,M,150,1850,phage,0.9998148083686829,0.024454,0.581974,0.032962,0.287281,0.032522,0.040807
NC_004169.1,NC_004169.1__M__100,M,100,1900,phage,0.9997736811637878,0.026741,0.429082,0.036280,0.428195,0.034383,0.045320
NC_004169.1,NC_004169.1__M__50,M,50,1950,phage,0.9997592568397522,0.028924,0.497295,0.037817,0.355078,0.033489,0.047398
NC_004169.1,NC_004169.1__M__1,M,1,1999,phage,0.9998326301574707,0.032485,0.455573,0.043812,0.383209,0.033745,0.051175
NC_004186.1,NC_004186.1__none__0,none,0,2000,virus,0.9997102618217468,0.266641,0.069511,0.082606,0.049586,0.151950,0.379706
NC_004186.1,NC_004186.1__M__500,M,500,1500,virus,0.9996249675750732,0.031136,0.035983,0.041431,0.028183,0.040947,0.822320
NC_004186.1,NC_004186.1__M__450,M,450,1550,virus,0.9994344115257263,0.053539,0.048257,0.069124,0.038636,0.070077,0.720367
NC_004186.1,NC_004186.1__M__400,M,400,1600,virus,0.9996169805526733,0.042632,0.037925,0.066909,0.034845,0.064564,0.753125
NC_004186.1,NC_004186.1__M__350,M,350,1650,virus,0.9995798468589783,0.044705,0.033695,0.051713,0.029940,0.053728,0.786219
NC_004186.1,NC_004186.1__M__300,M,300,1700,virus,0.9994170665740967,0.114783,0.053822,0.078800,0.041887,0.131170,0.579538
NC_004186.1,NC_004186.1__M__250,M,250,1750,virus,0.9991660118103027,0.148903,0.054620,0.079853,0.041003,0.138265,0.537356
NC_004186.1,NC_004186.1__M__200,M,200,1800,virus,0.9993770718574524,0.128574,0.046358,0.059355,0.036162,0.090436,0.639115
NC_004186.1,NC_004186.1__M__150,M,150,1850,virus,0.9993982315063477,0.104320,0.047684,0.070288,0.038789,0.072666,0.666253
NC_004186.1,NC_004186.1__M__100,M,100,1900,virus,0.9996576309204102,0.244766,0.063718,0.080469,0.047016,0.135808,0.428224
NC_004186.1,NC_004186.1__M__50,M,50,1950,virus,0.9997135996818542,0.193760,0.057801,0.081622,0.045601,0.111369,0.509847
NC_004186.1,NC_004186.1__M__1,M,1,1999,virus,0.9997097849845886,0.265100,0.069301,0.083004,0.049642,0.151094,0.381859
NC_001964.1,NC_001964.1__none__0,none,0,2000,eukarya,0.9996626377105713,0.166868,0.139375,0.241863,0.057518,0.193711,0.200666
NC_001964.1,NC_001964.1__M__500,M,500,1500,eukarya,0.9997237324714661,0.083136,0.056224,0.723519,0.029495,0.065847,0.041778
NC_001964.1,NC_001964.1__M__450,M,450,1550,eukarya,0.999734103679657,0.097483,0.064948,0.671128,0.039326,0.083828,0.043287
NC_001964.1,NC_001964.1__M__400,M,400,1600,eukarya,0.999775230884552,0.197818,0.135492,0.339825,0.058346,0.203158,0.065361
NC_001964.1,NC_001964.1__M__350,M,350,1650,bacteria,0.9998366832733154,0.269723,0.121683,0.234901,0.073190,0.233995,0.066507
NC_001964.1,NC_001964.1__M__300,M,300,1700,bacteria,0.999779999256134,0.264276,0.137994,0.223560,0.062778,0.254595,0.056797
NC_001964.1,NC_001964.1__M__250,M,250,1750,plasmid,0.9998238682746887,0.261886,0.115004,0.251783,0.042390,0.282651,0.046285
NC_001964.1,NC_001964.1__M__200,M,200,1800,eukarya,0.9997745156288147,0.207966,0.094804,0.343804,0.040500,0.255560,0.057366
NC_001964.1,NC_001964.1__M__150,M,150,1850,eukarya,0.9997492432594299,0.174737,0.099246,0.371035,0.043342,0.240205,0.071435
NC_001964.1,NC_001964.1__M__100,M,100,1900,eukarya,0.9997718930244446,0.168285,0.125004,0.348954,0.048965,0.225117,0.083674
NC_001964.1,NC_001964.1__M__50,M,50,1950,eukarya,0.999649167060852,0.190300,0.117343,0.295712,0.049920,0.248695,0.098030
NC_001964.1,NC_001964.1__M__1,M,1,1999,eukarya,0.9996622800827026,0.167188,0.139550,0.241241,0.057540,0.193808,0.200673
NC_003511.1,NC_003511.1__none__0,none,0,2000,virus,0.9989217519760132,0.142103,0.056985,0.050699,0.033063,0.033479,0.683672
NC_003511.1,NC_003511.1__M__500,M,500,1500,virus,0.9977710247039795,0.120003,0.053168,0.056984,0.029685,0.031199,0.708961
NC_003511.1,NC_003511.1__M__450,M,450,1550,virus,0.9988545179367065,0.140016,0.057035,0.053855,0.032505,0.035728,0.680862
NC_003511.1,NC_003511.1__M__400,M,400,1600,virus,0.9993333220481873,0.207307,0.054862,0.052453,0.032654,0.035005,0.617720
NC_003511.1,NC_003511.1__M__350,M,350,1650,virus,0.9994543194770813,0.351670,0.056437,0.096883,0.041483,0.049989,0.403538
NC_003511.1,NC_003511.1__M__300,M,300,1700,virus,0.9994576573371887,0.337832,0.059836,0.068519,0.040608,0.045530,0.447675
NC_003511.1,NC_003511.1__M__250,M,250,1750,virus,0.9989558458328247,0.248900,0.067155,0.070316,0.041713,0.048355,0.523560
NC_003511.1,NC_003511.1__M__200,M,200,1800,virus,0.9983596205711365,0.151215,0.069288,0.062135,0.038104,0.041806,0.637454
NC_003511.1,NC_003511.1__M__150,M,150,1850,virus,0.99869304895401,0.164706,0.070909,0.066302,0.038606,0.042039,0.617438
NC_003511.1,NC_003511.1__M__100,M,100,1900,virus,0.9985529780387878,0.171230,0.063359,0.067530,0.034734,0.040286,0.622860
NC_003511.1,NC_003511.1__M__50,M,50,1950,virus,0.9984128475189209,0.204997,0.071324,0.064546,0.037840,0.046148,0.575145
NC_003511.1,NC_003511.1__M__1,M,1,1999,virus,0.9989280104637146,0.141713,0.056944,0.050655,0.033042,0.033349,0.684296
NC_001940.1,NC_001940.1__none__0,none,0,2000,virus,0.9244873523712158,0.012992,0.015724,0.011741,0.010861,0.011305,0.937377
NC_001940.1,NC_001940.1__M__500,M,500,1500,virus,0.9811878800392151,0.017232,0.021703,0.017824,0.012524,0.012243,0.918475
NC_001940.1,NC_001940.1__M__450,M,450,1550,virus,0.9759553074836731,0.016843,0.022589,0.015983,0.012017,0.012081,0.920486
NC_001940.1,NC_001940.1__M__400,M,400,1600,virus,0.9773942232131958,0.016255,0.022546,0.018959,0.012802,0.014655,0.914783
NC_001940.1,NC_001940.1__M__350,M,350,1650,virus,0.9679409265518188,0.014222,0.017222,0.013063,0.011315,0.012465,0.931713
NC_001940.1,NC_001940.1__M__300,M,300,1700,virus,0.9561861753463745,0.014455,0.014747,0.011596,0.011108,0.011601,0.936493
NC_001940.1,NC_001940.1__M__250,M,250,1750,virus,0.9499444365501404,0.013730,0.015525,0.011799,0.010760,0.011517,0.936669
NC_001940.1,NC_001940.1__M__200,M,200,1800,virus,0.9344690442085266,0.013902,0.020317,0.021721,0.012995,0.013584,0.917482
NC_001940.1,NC_001940.1__M__150,M,150,1850,virus,0.9046763777732849,0.013900,0.020590,0.021218,0.013172,0.014069,0.917051
NC_001940.1,NC_001940.1__M__100,M,100,1900,virus,0.9017893671989441,0.012447,0.017380,0.013435,0.011218,0.011717,0.933802
NC_001940.1,NC_001940.1__M__50,M,50,1950,virus,0.9081488251686096,0.012325,0.016647,0.012881,0.011006,0.011827,0.935314
NC_001940.1,NC_001940.1__M__1,M,1,1999,virus,0.924184262752533,0.012986,0.015717,0.011734,0.010857,0.011306,0.937398
NC_001841.1,NC_001841.1__none__0,none,0,2000,virus,0.9999005794525146,0.031388,0.037406,0.392757,0.035048,0.034389,0.469012
NC_001841.1,NC_001841.1__M__500,M,500,1500,eukarya,0.999932050704956,0.032587,0.045785,0.442514,0.079195,0.023412,0.376506
NC_001841.1,NC_001841.1__M__450,M,450,1550,eukarya,0.9999250173568726,0.030949,0.043620,0.477748,0.058408,0.025552,0.363723
NC_001841.1,NC_001841.1__M__400,M,400,1600,virus,0.9999158382415771,0.029761,0.038629,0.296743,0.038328,0.027216,0.569323
NC_001841.1,NC_001841.1__M__350,M,350,1650,eukarya,0.9999423027038574,0.027911,0.034099,0.638615,0.033366,0.023796,0.242213
NC_001841.1,NC_001841.1__M__300,M,300,1700,virus,0.9999361038208008,0.028018,0.036556,0.247878,0.032640,0.028431,0.626478
NC_001841.1,NC_001841.1__M__250,M,250,1750,virus,0.9999136924743652,0.030131,0.038291,0.270872,0.034172,0.030395,0.596139
NC_001841.1,NC_001841.1__M__200,M,200,1800,virus,0.9999072551727295,0.030947,0.040110,0.341565,0.034503,0.032090,0.520786
NC_001841.1,NC_001841.1__M__150,M,150,1850,eukarya,0.9999032020568848,0.031280,0.041018,0.454917,0.035230,0.032637,0.404917
NC_001841.1,NC_001841.1__M__100,M,100,1900,eukarya,0.9999152421951294,0.030058,0.037481,0.590802,0.034310,0.030612,0.276736
NC_001841.1,NC_001841.1__M__50,M,50,1950,eukarya,0.9999028444290161,0.030222,0.037543,0.531563,0.034202,0.031777,0.334693
NC_001841.1,NC_001841.1__M__1,M,1,1999,virus,0.9999001026153564,0.031363,0.037426,0.392726,0.035066,0.034326,0.469093
NC_001793.1,NC_001793.1__none__0,none,0,2000,virus,0.9994432330131531,0.013784,0.017946,0.032218,0.012857,0.013876,0.909320
NC_001793.1,NC_001793.1__M__500,M,500,1500,virus,0.9993023872375488,0.010755,0.015171,0.021460,0.010852,0.013417,0.928345
NC_001793.1,NC_001793.1__M__450,M,450,1550,virus,0.9993215799331665,0.011869,0.016163,0.027420,0.011165,0.015083,0.918301
NC_001793.1,NC_001793.1__M__400,M,400,1600,virus,0.9992672801017761,0.012264,0.015689,0.025069,0.010628,0.013746,0.922605
NC_001793.1,NC_001793.1__M__350,M,350,1650,virus,0.9992490410804749,0.014896,0.017378,0.044873,0.013738,0.014094,0.895021
NC_001793.1,NC_001793.1__M__300,M,300,1700,virus,0.9992363452911377,0.017873,0.020146,0.064108,0.015402,0.016324,0.866147
NC_001793.1,NC_001793.1__M__250,M,250,1750,virus,0.9991532564163208,0.018922,0.022353,0.063053,0.015631,0.016472,0.863570
NC_001793.1,NC_001793.1__M__200,M,200,1800,virus,0.9990398287773132,0.017829,0.020732,0.062514,0.016433,0.018012,0.864481
NC_001793.1,NC_001793.1__M__150,M,150,1850,virus,0.9991113543510437,0.018243,0.019819,0.057274,0.016080,0.017493,0.871092
NC_001793.1,NC_001793.1__M__100,M,100,1900,virus,0.9992863535881042,0.015368,0.018389,0.040133,0.014540,0.014853,0.896718
NC_001793.1,NC_001793.1__M__50,M,50,1950,virus,0.9993915557861328,0.013774,0.018521,0.032058,0.012913,0.013739,0.908994
NC_001793.1,NC_001793.1__M__1,M,1,1999,virus,0.9994437098503113,0.013784,0.017946,0.032203,0.012854,0.013872,0.909341
NC_004146.1,NC_004146.1__none__0,none,0,2000,phage,0.999990701675415,0.064561,0.829537,0.018141,0.024637,0.036521,0.026602
NC_004146.1,NC_004146.1__M__500,M,500,1500,phage,0.9999817609786987,0.066484,0.841016,0.017958,0.023172,0.028712,0.022659
NC_004146.1,NC_004146.1__M__450,M,450,1550,phage,0.9999802112579346,0.041178,0.884564,0.015292,0.019210,0.021738,0.018018
NC_004146.1,NC_004146.1__M__400,M,400,1600,phage,0.9999817609786987,0.029551,0.901047,0.013395,0.017554,0.022359,0.016094
NC_004146.1,NC_004146.1__M__350,M,350,1650,phage,0.9999885559082031,0.120230,0.742637,0.022883,0.029829,0.055295,0.029127
NC_004146.1,NC_004146.1__M__300,M,300,1700,phage,0.9999890327453613,0.078041,0.798225,0.019417,0.026460,0.050498,0.027359
NC_004146.1,NC_004146.1__M__250,M,250,1750,phage,0.9999837875366211,0.071925,0.819901,0.018633,0.025933,0.036331,0.027276
NC_004146.1,NC_004146.1__M__200,M,200,1800,phage,0.9999877214431763,0.072326,0.820477,0.019000,0.026021,0.035202,0.026974
NC_004146.1,NC_004146.1__M__150,M,150,1850,phage,0.9999880790710449,0.086142,0.792670,0.020670,0.027581,0.042374,0.030563
NC_004146.1,NC_004146.1__M__100,M,100,1900,phage,0.9999889135360718,0.080191,0.794844,0.020622,0.027238,0.045667,0.031438
NC_004146.1,NC_004146.1__M__50,M,50,1950,phage,0.99998939037323,0.089413,0.780420,0.022129,0.030029,0.042616,0.035392
NC_004146.1,NC_004146.1__M__1,M,1,1999,phage,0.999990701675415,0.064697,0.829345,0.018166,0.024675,0.036475,0.026642
NC_003616.1,NC_003616.1__none__0,none,0,2000,virus,0.9999244213104248,0.010644,0.015700,0.019873,0.013578,0.014635,0.925570
NC_003616.1,NC_003616.1__M__500,M,500,1500,virus,0.9998737573623657,0.024969,0.035492,0.428467,0.035977,0.028268,0.446828
NC_003616.1,NC_003616.1__M__450,M,450,1550,eukarya,0.9998461008071899,0.024648,0.036721,0.440742,0.034868,0.028365,0.434656
NC_003616.1,NC_003616.1__M__400,M,400,1600,virus,0.9998630285263062,0.024912,0.034009,0.333163,0.031853,0.028948,0.547115
NC_003616.1,NC_003616.1__M__350,M,350,1650,virus,0.9998835325241089,0.025048,0.035701,0.367912,0.034603,0.028593,0.508143
NC_003616.1,NC_003616.1__M__300,M,300,1700,virus,0.9999052286148071,0.020876,0.029962,0.145610,0.029105,0.023996,0.750451
NC_003616.1,NC_003616.1__M__250,M,250,1750,virus,0.9998840093612671,0.021328,0.029613,0.157025,0.033816,0.024616,0.733602
NC_003616.1,NC_003616.1__M__200,M,200,1800,virus,0.9998993873596191,0.016665,0.019662,0.071220,0.025213,0.020559,0.846682
NC_003616.1,NC_003616.1__M__150,M,150,1850,virus,0.9999057054519653,0.014265,0.019593,0.050615,0.020472,0.018576,0.876478
NC_003616.1,NC_003616.1__M__100,M,100,1900,virus,0.9999139308929443,0.011326,0.021265,0.026447,0.016115,0.016412,0.908435
NC_003616.1,NC_003616.1__M__50,M,50,1950,virus,0.9999111890792847,0.010906,0.017699,0.019537,0.013808,0.014926,0.923125
NC_003616.1,NC_003616.1__M__1,M,1,1999,virus,0.9999240636825562,0.010640,0.015664,0.019832,0.013567,0.014624,0.925673
NC_003693.1,NC_003693.1__none__0,none,0,2000,virus,0.9995062351226807,0.019040,0.015793,0.022410,0.016469,0.014053,0.912235
NC_003693.1,NC_003693.1__M__500,M,500,1500,virus,0.9990164041519165,0.021188,0.019838,0.028220,0.016304,0.014959,0.899490
NC_003693.1,NC_003693.1__M__450,M,450,1550,virus,0.9988389611244202,0.016085,0.015305,0.019663,0.013609,0.011855,0.923483
NC_003693.1,NC_003693.1__M__400,M,400,1600,virus,0.9988454580307007,0.015434,0.014157,0.019249,0.013958,0.011882,0.925320
NC_003693.1,NC_003693.1__M__350,M,350,1650,virus,0.9989450573921204,0.011009,0.011350,0.014559,0.011953,0.009244,0.941886
NC_003693.1,NC_003693.1__M__300,M,300,1700,virus,0.9992642998695374,0.017335,0.014003,0.019142,0.015358,0.013538,0.920624
NC_003693.1,NC_003693.1__M__250,M,250,1750,virus,0.9995208978652954,0.022158,0.017529,0.024861,0.019149,0.016450,0.899853
NC_003693.1,NC_003693.1__M__200,M,200,1800,virus,0.9996166229248047,0.021387,0.018001,0.025577,0.019153,0.016163,0.899719
NC_003693.1,NC_003693.1__M__150,M,150,1850,virus,0.9996645450592041,0.019005,0.014851,0.021390,0.015937,0.013478,0.915339
NC_003693.1,NC_003693.1__M__100,M,100,1900,virus,0.9995947480201721,0.016134,0.014344,0.019635,0.014724,0.012242,0.922921
NC_003693.1,NC_003693.1__M__50,M,50,1950,virus,0.9995362758636475,0.021088,0.016146,0.023483,0.016767,0.014460,0.908057
NC_003693.1,NC_003693.1__M__1,M,1,1999,virus,0.9995079040527344,0.019112,0.015812,0.022467,0.016503,0.014060,0.912046
NC_001739.2,NC_001739.2__none__0,none,0,2000,virus,0.9999501705169678,0.150959,0.252632,0.041890,0.131216,0.110235,0.313068
NC_001739.2,NC_001739.2__M__500,M,500,1500,virus,0.9998313188552856,0.126096,0.288133,0.045548,0.147176,0.093366,0.299681
NC_001739.2,NC_001739.2__M__450,M,450,1550,virus,0.9997439980506897,0.129806,0.265594,0.049688,0.176973,0.095082,0.282856
NC_001739.2,NC_001739.2__M__400,M,400,1600,phage,0.9997777342796326,0.124444,0.323489,0.048930,0.133860,0.077602,0.291674
NC_001739.2,NC_001739.2__M__350,M,350,1650,phage,0.9997830986976624,0.122919,0.278181,0.047914,0.194216,0.085757,0.271014
NC_001739.2,NC_001739.2__M__300,M,300,1700,virus,0.9998177886009216,0.121567,0.248673,0.048629,0.156546,0.108441,0.316145
NC_001739.2,NC_001739.2__M__250,M,250,1750,virus,0.9998769760131836,0.094410,0.292731,0.043827,0.132404,0.119035,0.317592
NC_001739.2,NC_001739.2__M__200,M,200,1800,virus,0.9998760223388672,0.128340,0.241278,0.043896,0.191166,0.135793,0.259527
NC_001739.2,NC_001739.2__M__150,M,150,1850,virus,0.9999165534973145,0.096384,0.258069,0.040940,0.181993,0.124947,0.297666
NC_001739.2,NC_001739.2__M__100,M,100,1900,virus,0.9999237060546875,0.101910,0.213707,0.046224,0.156860,0.099054,0.382246
NC_001739.2,NC_001739.2__M__50,M,50,1950,virus,0.9999464750289917,0.107224,0.230761,0.042537,0.125380,0.085697,0.408400
NC_001739.2,NC_001739.2__M__1,M,1,1999,virus,0.9999500513076782,0.150895,0.252783,0.041919,0.130942,0.110357,0.313104
