contig_id,real_len,pred_class,reliability,prob_bacteria,prob_phage,prob_eukarya,prob_archaea,prob_plasmid,prob_virus
NC_135604.1,1405,phage,0.9999761581420898,0.040704,0.810556,0.024086,0.032031,0.024192,0.068430
NC_135605.1,1274,virus,0.9998632669448853,0.019747,0.103683,0.033941,0.024302,0.027150,0.791177
NC_135606.1,1052,virus,0.9995798468589783,0.022698,0.027174,0.050986,0.032763,0.018734,0.847646
NC_135607.1,1037,phage,0.9999830722808838,0.033259,0.714667,0.030016,0.033121,0.023690,0.165248
NC_118824.1,1980,virus,0.9985664486885071,0.009693,0.012223,0.012827,0.009630,0.010412,0.945216
NC_135470.1,1291,virus,0.9919306635856628,0.022810,0.055418,0.089107,0.022027,0.020939,0.789699
NC_135471.1,1330,phage,0.9995711445808411,0.091100,0.714427,0.020399,0.023209,0.112267,0.038599
NC_135472.1,1379,archaea,0.9998390674591064,0.021899,0.075931,0.020757,0.833177,0.014885,0.033352
NC_135474.1,1047,phage,0.9999531507492065,0.046163,0.806436,0.026283,0.039771,0.036048,0.045299
NC_086346.1,1863,virus,0.9981024861335754,0.055283,0.046082,0.040176,0.051605,0.016708,0.790146
NC_077925.1,1003,virus,0.9973813891410828,0.043211,0.047510,0.160020,0.142165,0.024989,0.582105
NC_077930.1,1094,virus,0.9757039546966553,0.058593,0.081988,0.188632,0.083624,0.063627,0.523535
NC_077942.1,1073,phage,0.999629020690918,0.270811,0.518665,0.047284,0.051036,0.073606,0.038598
NC_077948.1,1019,phage,0.9987427592277527,0.191309,0.602935,0.038220,0.065556,0.060122,0.041858
NC_077975.1,1082,eukarya,0.9976334571838379,0.014871,0.044371,0.873813,0.020426,0.016698,0.029821
NC_077980.1,1003,archaea,0.9988704323768616,0.043917,0.224088,0.072711,0.465384,0.143516,0.050384
NC_077982.1,1034,virus,0.9943261742591858,0.052710,0.073073,0.259065,0.041695,0.020680,0.552776
NC_078143.1,1608,virus,0.9997445940971375,0.036010,0.125014,0.042068,0.175062,0.031098,0.590747
NC_078322.1,1452,virus,0.9998077750205994,0.042774,0.061102,0.174080,0.130890,0.028984,0.562170
NC_055940.1,1662,virus,0.9996047616004944,0.069422,0.036226,0.103826,0.071183,0.020458,0.698884
NC_077668.1,1784,virus,0.9903558492660522,0.014909,0.026981,0.044099,0.054866,0.019862,0.839284
NC_077722.1,1900,virus,0.9999359846115112,0.029499,0.270335,0.043500,0.029720,0.039053,0.587893
NC_077723.1,1936,virus,0.9970755577087402,0.031725,0.030738,0.254363,0.032447,0.029418,0.621308
NC_077724.1,1802,eukarya,0.9999545812606812,0.220683,0.051276,0.408976,0.037102,0.079148,0.202815
NC_077752.1,1325,virus,0.9983839988708496,0.041324,0.081435,0.075959,0.047571,0.294007,0.459703
NC_077755.1,1201,virus,0.9996614456176758,0.059618,0.068497,0.362539,0.044491,0.101922,0.362934
NC_077759.1,1637,eukarya,0.9984287619590759,0.020641,0.092812,0.728638,0.028126,0.062816,0.066966
NC_077760.1,1205,virus,0.999649167060852,0.020094,0.146813,0.049113,0.026511,0.026908,0.730561
NC_077837.1,1198,eukarya,0.9997723698616028,0.030465,0.035543,0.603912,0.030066,0.028469,0.271545
NC_077838.1,1196,virus,0.9954333901405334,0.032473,0.044639,0.216895,0.027515,0.034307,0.644171
NC_077844.1,1416,phage,0.9970118999481201,0.037243,0.795116,0.036044,0.032957,0.035410,0.063230
NC_077846.1,1331,virus,0.977735161781311,0.026085,0.069261,0.123960,0.030665,0.018883,0.731147
NC_077869.1,1052,virus,0.9993784427642822,0.044017,0.112408,0.044681,0.307513,0.036933,0.454448
NC_078006.1,1845,eukarya,0.9998372793197632,0.033525,0.026401,0.843329,0.021952,0.012401,0.062392
NC_078010.1,1398,eukarya,0.9992138147354126,0.025311,0.247395,0.447121,0.022624,0.045920,0.211629
NC_078011.1,1794,eukarya,0.9999346733093262,0.115359,0.076976,0.368170,0.181137,0.022537,0.235822
NC_078013.1,1857,virus,0.9997215867042542,0.021872,0.132716,0.170314,0.028491,0.032232,0.614374
NC_078016.1,1716,virus,0.9998583793640137,0.025922,0.353456,0.042333,0.028933,0.031261,0.518096
NC_078017.1,1340,phage,0.9997866749763489,0.158982,0.289353,0.265525,0.054020,0.076640,0.155480
NC_078018.1,1709,archaea,0.9984248876571655,0.138200,0.209949,0.211579,0.270097,0.079079,0.091097
NC_078021.1,1711,phage,0.9998924732208252,0.028335,0.906088,0.010468,0.016072,0.025363,0.013674
NC_078022.1,1525,phage,0.9999563694000244,0.020528,0.719477,0.045705,0.103397,0.026042,0.084850
NC_078023.1,1550,archaea,0.9999898672103882,0.109979,0.228007,0.050757,0.525562,0.040997,0.044698
NC_078024.1,1122,eukarya,0.8265829086303711,0.016546,0.048583,0.845867,0.018932,0.018227,0.051844
NC_078026.1,1299,virus,0.9997798800468445,0.073249,0.229863,0.119324,0.057081,0.060822,0.459662
NC_078027.1,1085,eukarya,0.9731780290603638,0.040340,0.085443,0.698144,0.031119,0.046165,0.098790
NC_078030.1,1053,virus,0.9814414978027344,0.036748,0.054101,0.402689,0.037078,0.024315,0.445070
NC_078032.1,1504,virus,0.9999501705169678,0.019647,0.024116,0.058340,0.049012,0.020667,0.828218
NC_078034.1,1224,eukarya,0.9999771118164062,0.079676,0.093312,0.299009,0.200763,0.079437,0.247803
NC_078035.1,1510,eukarya,0.9998726844787598,0.012301,0.022409,0.917660,0.017595,0.011000,0.019035
NC_078037.1,1968,phage,0.999555766582489,0.030466,0.546951,0.114947,0.230311,0.033965,0.043360
NC_078040.1,1194,phage,0.9985407590866089,0.101671,0.795974,0.015639,0.019696,0.050426,0.016593
NC_078043.1,1798,eukarya,0.9920275807380676,0.114486,0.056122,0.602912,0.066433,0.023231,0.136818
NC_078046.1,1727,virus,0.9985184073448181,0.178901,0.151784,0.074719,0.145647,0.056071,0.392878
NC_078047.1,1718,eukarya,0.9680787920951843,0.033139,0.047442,0.502792,0.048921,0.035467,0.332240
NC_078052.1,1729,virus,0.9993098974227905,0.070859,0.085863,0.153131,0.054888,0.046400,0.588859
NC_078058.1,1838,virus,0.9897856712341309,0.022940,0.027761,0.027463,0.104943,0.017849,0.799044
NC_078059.1,1933,eukarya,0.9996217489242554,0.055665,0.025525,0.803258,0.025741,0.013033,0.076777
NC_078062.1,1753,eukarya,0.9892628788948059,0.038851,0.034769,0.616916,0.147202,0.025273,0.136990
NC_078066.1,1694,virus,0.8056508898735046,0.032341,0.052489,0.129066,0.033848,0.028030,0.724227
NC_078068.1,1878,virus,0.9680581092834473,0.049373,0.052948,0.240970,0.054650,0.042340,0.559719
NC_078076.1,1830,virus,0.9957102537155151,0.072156,0.142136,0.193107,0.164500,0.040959,0.387143
NC_078079.1,1845,bacteria,0.9956806898117065,0.336188,0.136215,0.239279,0.105950,0.093128,0.089240
NC_078080.1,1738,virus,0.8682898283004761,0.016516,0.015058,0.019613,0.013603,0.011144,0.924067
NC_078084.1,1675,virus,0.9977425336837769,0.030641,0.036565,0.045517,0.026327,0.024876,0.836074
NC_078092.1,1815,eukarya,0.9995556473731995,0.013663,0.013383,0.920893,0.015996,0.014040,0.022026
NC_078096.1,1789,phage,0.9935100674629211,0.166465,0.275493,0.201562,0.057873,0.140146,0.158461
NC_078098.1,1704,phage,0.9999856948852539,0.019646,0.904999,0.013270,0.013316,0.033938,0.014832
NC_078099.1,1241,archaea,0.9986748695373535,0.146189,0.193073,0.157860,0.229257,0.068744,0.204877
NC_078111.1,1509,phage,0.9986441731452942,0.059570,0.459016,0.249019,0.040679,0.060196,0.131520
NC_078115.1,1315,phage,0.9856248497962952,0.022075,0.593346,0.095274,0.027061,0.031090,0.231153
NC_078116.1,1274,eukarya,0.9541257619857788,0.030767,0.033400,0.621928,0.030142,0.033243,0.250519
NC_078120.1,1207,virus,0.9919073581695557,0.020140,0.119595,0.264703,0.030168,0.063291,0.502103
NC_078122.1,1980,virus,0.9930735230445862,0.015932,0.015555,0.021093,0.032589,0.015714,0.899117
NC_078125.1,1131,phage,0.9541615843772888,0.412334,0.429229,0.053077,0.028451,0.057256,0.019654
NC_078126.1,1970,phage,0.9998874664306641,0.163470,0.591275,0.032327,0.034359,0.125739,0.052829
NC_078129.1,1694,virus,0.9999375343322754,0.018391,0.030066,0.025200,0.022363,0.012433,0.891547
NC_078131.1,1754,virus,0.9914970993995667,0.017999,0.022420,0.031469,0.018239,0.013888,0.895984
NC_078147.1,1777,archaea,0.9999387264251709,0.056437,0.155375,0.264934,0.321910,0.062153,0.139192
NC_078151.1,1760,virus,0.9999264478683472,0.044689,0.054526,0.034167,0.051921,0.030957,0.783741
NC_078160.1,1485,virus,0.9999306201934814,0.060678,0.143199,0.100116,0.085575,0.046577,0.563855
NC_078169.1,1932,virus,0.9994244575500488,0.045894,0.078150,0.056220,0.275075,0.036667,0.507994
NC_078226.1,1659,virus,0.9997001886367798,0.015709,0.016337,0.020236,0.044145,0.017847,0.885726
NC_078246.1,1704,virus,0.9983254075050354,0.012372,0.017427,0.014199,0.014294,0.012880,0.928828
NC_078250.1,1630,virus,0.9996346235275269,0.018452,0.025589,0.020269,0.023071,0.017224,0.895394
NC_078252.1,1960,virus,0.9934065341949463,0.010831,0.012313,0.014235,0.013031,0.012467,0.937123
NC_078257.1,1946,virus,0.9998893737792969,0.027072,0.041751,0.400961,0.054131,0.037222,0.438864
NC_078259.1,1739,virus,0.9993502497673035,0.027171,0.032399,0.069091,0.031196,0.025032,0.815111
NC_078263.1,1743,virus,0.9994756579399109,0.011445,0.019014,0.023300,0.012549,0.016062,0.917630
NC_078267.1,1729,virus,0.9999217987060547,0.029671,0.025973,0.290374,0.076338,0.033336,0.544307
NC_078269.1,1100,virus,0.9998672008514404,0.027528,0.038592,0.142186,0.038501,0.023353,0.729840
NC_078274.1,1019,phage,0.9999693632125854,0.025091,0.388997,0.381235,0.028251,0.029103,0.147323
NC_078284.1,1950,virus,0.9994805455207825,0.018923,0.024967,0.071607,0.031496,0.022864,0.830144
NC_078285.1,1924,virus,0.9998569488525391,0.017900,0.023662,0.025175,0.036295,0.018940,0.878027
NC_078286.1,1608,virus,0.9990267753601074,0.011161,0.017508,0.028478,0.013438,0.015419,0.913996
NC_078289.1,1630,virus,0.9996877908706665,0.038604,0.022432,0.042690,0.022615,0.015481,0.858178
NC_078296.1,1388,phage,0.999572217464447,0.022311,0.854506,0.034134,0.018623,0.015879,0.054548
NC_078298.1,1309,eukarya,0.9958465695381165,0.022300,0.045404,0.794059,0.030605,0.015950,0.091682
NC_078302.1,1670,virus,0.9995079040527344,0.015520,0.013828,0.012923,0.011257,0.010726,0.935746
NC_078317.1,1931,virus,0.9989480376243591,0.041997,0.044399,0.054443,0.034411,0.029790,0.794960
NC_078319.1,1492,phage,0.999313473701477,0.077782,0.535971,0.155042,0.038295,0.044154,0.148756
NC_078324.1,1458,virus,0.9999616146087646,0.035811,0.031385,0.070834,0.053589,0.033969,0.774411
NC_078328.1,1611,virus,0.99996018409729,0.035608,0.053820,0.087322,0.066199,0.036060,0.720992
NC_078331.1,1054,phage,0.9999427795410156,0.198194,0.536813,0.049492,0.109083,0.068290,0.038128
NC_078333.1,1708,phage,0.9999923706054688,0.135411,0.417886,0.083519,0.169675,0.101057,0.092453
NC_078334.1,1646,virus,0.9999107122421265,0.051690,0.280758,0.094396,0.181298,0.041408,0.350450
NC_078347.1,1874,virus,0.9994231462478638,0.028389,0.036518,0.051404,0.237536,0.021772,0.624382
NC_078351.1,1715,virus,0.9999350309371948,0.040953,0.119882,0.141621,0.043549,0.029985,0.624010
NC_078353.1,1835,virus,0.9842278957366943,0.250633,0.113470,0.167501,0.075636,0.083731,0.309029
NC_078356.1,1722,eukarya,0.999823272228241,0.026415,0.034359,0.810606,0.040406,0.021821,0.066392
NC_078363.1,1529,virus,0.9999066591262817,0.020699,0.037957,0.144772,0.028429,0.017806,0.750337
NC_078364.1,1294,archaea,0.9998383522033691,0.216826,0.048868,0.054173,0.623320,0.023182,0.033632
NC_078365.1,1080,archaea,0.9996528625488281,0.044678,0.078860,0.052322,0.732459,0.021934,0.069747
NC_078367.1,1078,archaea,0.9985582232475281,0.022985,0.023783,0.012878,0.914743,0.013512,0.012099
NC_078370.1,1097,eukarya,0.9997376799583435,0.036831,0.172928,0.379594,0.043135,0.041660,0.325852
NC_078371.1,1050,eukarya,0.9997935891151428,0.027962,0.348796,0.484811,0.033273,0.031324,0.073834
NC_078372.1,1066,phage,0.9997344613075256,0.040361,0.643675,0.052980,0.026572,0.027055,0.209356
NC_078373.1,1128,eukarya,0.9979155659675598,0.037139,0.064978,0.521150,0.079694,0.034851,0.262187
NC_078375.1,1369,phage,0.9999799728393555,0.025111,0.431911,0.030594,0.418208,0.036094,0.058081
NC_078377.1,1478,eukarya,0.999961256980896,0.021415,0.063457,0.779870,0.051997,0.020954,0.062306
NC_078387.1,1267,virus,0.9997532963752747,0.059032,0.122735,0.109249,0.195853,0.036817,0.476314
NC_078389.1,1547,virus,0.9999886751174927,0.022760,0.103439,0.115508,0.119734,0.033760,0.604799
NC_078390.1,1259,archaea,0.9999892711639404,0.019136,0.250949,0.037435,0.613179,0.032614,0.046687
NC_078393.1,1946,eukarya,0.9997937083244324,0.021465,0.186985,0.506797,0.031751,0.030911,0.222091
NC_078396.1,1296,eukarya,0.9992678761482239,0.011193,0.015305,0.933495,0.010726,0.012473,0.016808
NC_078397.1,1543,phage,0.9999865293502808,0.017565,0.747551,0.061151,0.028015,0.023426,0.122291
NC_078399.1,1253,archaea,0.9994983673095703,0.053937,0.077151,0.026121,0.794715,0.019642,0.028434
NC_078402.1,1345,bacteria,0.9971877932548523,0.322466,0.303652,0.063007,0.161066,0.058481,0.091329
NC_078403.1,1456,bacteria,0.999614953994751,0.419106,0.115484,0.071902,0.047115,0.137418,0.208975
NC_078404.1,1554,archaea,0.8144705295562744,0.022434,0.061364,0.067621,0.799340,0.017970,0.031271
NC_078406.1,1612,bacteria,0.9990954399108887,0.439978,0.096252,0.108189,0.134693,0.051047,0.169841
NC_078410.1,1891,virus,0.9980870485305786,0.025923,0.129783,0.060415,0.027587,0.026579,0.729714
NC_078411.1,1335,phage,0.9967355132102966,0.255807,0.464918,0.028559,0.060112,0.127067,0.063537
NC_078412.1,1155,bacteria,0.9983673691749573,0.592183,0.152488,0.015662,0.024354,0.191235,0.024079
NC_078413.1,1297,bacteria,0.9957179427146912,0.313232,0.219295,0.055552,0.241043,0.135602,0.035277
NC_078414.1,1246,bacteria,0.9489637613296509,0.333565,0.077834,0.202269,0.114881,0.108060,0.163392
NC_078416.1,1349,bacteria,0.9995641112327576,0.791734,0.086004,0.016677,0.034717,0.041801,0.029067
NC_078418.1,1474,bacteria,0.9995966553688049,0.510053,0.151379,0.125868,0.035205,0.089705,0.087790
NC_078419.1,1360,phage,0.9997276663780212,0.350561,0.371866,0.027320,0.081213,0.059642,0.109397
NC_078429.1,1154,bacteria,0.9999810457229614,0.771864,0.063384,0.022224,0.082062,0.039367,0.021100
NC_078430.1,1316,archaea,0.9949415326118469,0.099278,0.089562,0.115607,0.421440,0.094809,0.179304
NC_078432.1,1208,virus,0.9999914169311523,0.019423,0.037666,0.043615,0.020109,0.022789,0.856398
NC_078434.1,1664,virus,0.9999057054519653,0.014003,0.071359,0.035677,0.017233,0.018589,0.843139
NC_078436.1,1149,eukarya,0.9999324083328247,0.035808,0.084293,0.420586,0.068783,0.036419,0.354113
NC_078439.1,1039,virus,0.999215841293335,0.064390,0.380185,0.063955,0.038427,0.034248,0.418795
NC_078442.1,1657,eukarya,0.9999963045120239,0.035710,0.227206,0.465632,0.068607,0.054439,0.148407
NC_078444.1,1269,eukarya,0.9998565912246704,0.012672,0.029265,0.909427,0.016188,0.015105,0.017343
NC_078445.1,1557,eukarya,0.9999741315841675,0.017404,0.040915,0.841260,0.018880,0.013137,0.068404
NC_078446.1,1665,virus,0.9998366832733154,0.021862,0.058584,0.040313,0.030129,0.020611,0.828500
NC_078461.1,1859,phage,0.9774687886238098,0.099714,0.637411,0.078819,0.025813,0.128617,0.029627
NC_078464.1,1811,phage,0.9992085099220276,0.047891,0.428569,0.369029,0.038718,0.074009,0.041784
NC_078483.1,1788,virus,0.9952640533447266,0.028303,0.051947,0.178000,0.037049,0.022393,0.682309
NC_078523.1,1495,virus,0.9999222755432129,0.039660,0.091003,0.042866,0.128540,0.027082,0.670848
NC_078525.1,1097,virus,0.9999058246612549,0.036886,0.062948,0.143018,0.170151,0.022905,0.564092
NC_078526.1,1605,virus,0.996582567691803,0.019578,0.233382,0.206583,0.029050,0.032960,0.478447
NC_078527.1,1875,eukarya,0.9999514818191528,0.061064,0.099572,0.504811,0.034343,0.022963,0.277247
NC_078562.1,1078,virus,0.9999301433563232,0.031552,0.153093,0.250010,0.098116,0.042821,0.424407
NC_078565.1,1002,archaea,0.9998210072517395,0.017450,0.032319,0.023836,0.869521,0.017680,0.039194
NC_078570.1,1009,eukarya,0.12976080179214478,0.030578,0.031443,0.724433,0.025093,0.020336,0.168117
NC_078572.1,1048,archaea,0.7298067808151245,0.041616,0.082799,0.058494,0.645397,0.040477,0.131217
NC_078574.1,1367,virus,0.987034261226654,0.022420,0.225285,0.042435,0.027410,0.028287,0.654163
NC_078577.1,1140,virus,0.996005117893219,0.015202,0.077922,0.032740,0.016696,0.016944,0.840495
NC_078578.1,1028,eukarya,0.9932083487510681,0.160776,0.050898,0.366881,0.268199,0.026645,0.126600
NC_078580.1,1319,eukarya,0.9997579455375671,0.016533,0.028578,0.854773,0.018537,0.017781,0.063797
NC_078581.1,1189,virus,0.9982523322105408,0.012994,0.065894,0.029358,0.014914,0.017080,0.859759
NC_078586.1,1588,virus,0.9995197057723999,0.029014,0.016626,0.051444,0.016643,0.011825,0.874447
NC_078587.1,1480,eukarya,0.998346209526062,0.026543,0.022595,0.680912,0.030895,0.032181,0.206875
NC_078588.1,1961,virus,0.99892657995224,0.009883,0.010263,0.014060,0.011664,0.011642,0.942488
NC_078596.1,1596,virus,0.9954231381416321,0.016821,0.013189,0.017414,0.013457,0.010025,0.929095
NC_078598.1,1941,virus,0.9981871247291565,0.012568,0.013958,0.014056,0.013393,0.011225,0.934800
NC_078601.1,1480,virus,0.9953234791755676,0.015384,0.020172,0.028661,0.016295,0.016562,0.902925
NC_078602.1,1694,virus,0.9977120161056519,0.011850,0.014875,0.018609,0.013222,0.011033,0.930411
NC_078603.1,1205,virus,0.9903942942619324,0.022113,0.017171,0.105935,0.021315,0.025203,0.808263
NC_078605.1,1980,virus,0.9992523789405823,0.024704,0.020273,0.103397,0.022674,0.025205,0.803747
NC_078606.1,1022,archaea,0.9998688697814941,0.313330,0.052038,0.176157,0.318578,0.030115,0.109783
NC_078612.1,1496,virus,0.9976645708084106,0.034276,0.027259,0.265325,0.066237,0.027599,0.579304
NC_078614.1,1040,virus,0.9999945163726807,0.034623,0.193173,0.031765,0.321003,0.046400,0.373036
NC_078616.1,1970,virus,0.9837580323219299,0.017247,0.017144,0.033854,0.016412,0.020844,0.894499
NC_078617.1,1618,virus,0.9980713725090027,0.013070,0.016536,0.016907,0.013752,0.015389,0.924345
NC_078621.1,1387,virus,0.9993717074394226,0.029729,0.028966,0.357927,0.028858,0.037152,0.517368
NC_078629.1,1458,virus,0.9997604489326477,0.025683,0.089754,0.038521,0.130978,0.023167,0.691896
NC_078632.1,1695,virus,0.9999159574508667,0.022246,0.062161,0.067662,0.026249,0.026629,0.795054
NC_078633.1,1168,virus,0.9977777600288391,0.015878,0.015373,0.051882,0.017000,0.021379,0.878487
NC_078636.1,1726,virus,0.9995591044425964,0.009249,0.013240,0.017897,0.010442,0.012484,0.936688
NC_078637.1,1091,virus,0.9979864358901978,0.028320,0.023270,0.197468,0.026954,0.026951,0.697037
NC_078640.1,1613,virus,0.9994056224822998,0.023138,0.021735,0.131788,0.025547,0.024225,0.773567
NC_078646.1,1710,virus,0.999471127986908,0.027309,0.045512,0.110201,0.154671,0.038795,0.623511
NC_078652.1,1635,virus,0.9966918230056763,0.012079,0.014976,0.014292,0.011141,0.011689,0.935823
NC_078653.1,1984,virus,0.9996684789657593,0.030542,0.034802,0.214190,0.027276,0.030250,0.662940
NC_078654.1,1542,virus,0.9947591423988342,0.012146,0.011623,0.026872,0.009794,0.015494,0.924071
NC_078663.1,1390,phage,0.9995237588882446,0.055008,0.410350,0.103842,0.058924,0.048149,0.323726
NC_078664.1,1707,phage,0.9998795986175537,0.017118,0.850595,0.017844,0.020315,0.021673,0.072454
NC_078666.1,1154,eukarya,0.9981704950332642,0.031974,0.258453,0.377271,0.034163,0.038246,0.259893
NC_078668.1,1303,phage,0.9999340772628784,0.278359,0.494107,0.043118,0.079209,0.049724,0.055483
NC_078669.1,1215,virus,0.9987208247184753,0.032141,0.174859,0.052548,0.075522,0.029885,0.635045
NC_078675.1,1533,virus,0.9999825954437256,0.057266,0.144727,0.205046,0.207961,0.048980,0.336020
NC_078677.1,1825,virus,0.9999247789382935,0.031464,0.194077,0.034193,0.294215,0.076000,0.370051
NC_078678.1,1525,phage,0.9999204874038696,0.041173,0.500179,0.063637,0.113634,0.041722,0.239656
NC_078680.1,1179,archaea,0.9995771050453186,0.113901,0.300267,0.079425,0.311591,0.079080,0.115736
NC_078728.1,1741,virus,0.9983886480331421,0.218005,0.056214,0.058611,0.052233,0.067535,0.547401
NC_078729.1,1622,eukarya,0.9997128844261169,0.025795,0.047445,0.431480,0.032187,0.051079,0.412014
NC_078769.1,1561,phage,0.9998377561569214,0.070123,0.704029,0.030553,0.035791,0.042412,0.117093
NC_078770.1,1662,virus,0.9997095465660095,0.039325,0.032238,0.121570,0.046084,0.024583,0.736200
NC_078772.1,1009,eukarya,0.9977426528930664,0.133049,0.124597,0.504849,0.094139,0.046252,0.097114
NC_078843.1,1749,virus,0.9996864795684814,0.076740,0.038488,0.075237,0.029682,0.026281,0.753571
NC_078846.1,1587,phage,0.9999074935913086,0.033828,0.337311,0.154576,0.098520,0.039818,0.335946
NC_078849.1,1324,virus,0.9998990297317505,0.024960,0.084260,0.040037,0.031449,0.034756,0.784538
NC_078850.1,1557,virus,0.9977806210517883,0.051045,0.070239,0.249362,0.106274,0.027496,0.495583
NC_078853.1,1338,archaea,0.9999033212661743,0.023001,0.186558,0.106056,0.479151,0.031784,0.173451
NC_078854.1,1411,archaea,0.9999896287918091,0.025904,0.079916,0.272378,0.322922,0.032799,0.266081
NC_078855.1,1030,virus,0.9996165037155151,0.021457,0.101938,0.060279,0.059072,0.026689,0.730565
NC_078856.1,1197,eukarya,0.9994439482688904,0.028741,0.161347,0.507277,0.032526,0.025651,0.244458
NC_078857.1,1939,virus,0.9959391355514526,0.019921,0.034082,0.092285,0.025640,0.026501,0.801571
NC_078866.1,1617,phage,0.9997368454933167,0.026057,0.781274,0.019684,0.042023,0.023261,0.107701
NC_078869.1,1504,virus,0.999739944934845,0.014466,0.024990,0.026412,0.022536,0.015690,0.895905
NC_078871.1,1932,bacteria,0.9999690055847168,0.271188,0.192769,0.128534,0.229849,0.095367,0.082293
NC_078874.1,1846,virus,0.9998737573623657,0.037616,0.290131,0.054325,0.054751,0.052828,0.510349
NC_078884.1,1010,eukarya,0.9997617602348328,0.035227,0.035522,0.465831,0.334960,0.020004,0.108455
NC_078888.1,1076,eukarya,0.9999170303344727,0.020083,0.032513,0.789192,0.093906,0.025503,0.038803
NC_078891.1,1159,archaea,0.894583523273468,0.030959,0.030624,0.049532,0.462102,0.019746,0.407037
NC_078899.1,1065,phage,0.9998247027397156,0.144102,0.317344,0.085734,0.312355,0.059077,0.081387
NC_078905.1,1230,archaea,0.9997428059577942,0.011454,0.026204,0.017207,0.913225,0.017377,0.014532
NC_078913.1,1316,virus,0.9936188459396362,0.027448,0.217315,0.333344,0.048557,0.022994,0.350341
NC_078919.1,1117,archaea,0.9995843768119812,0.054370,0.200912,0.086856,0.396758,0.050858,0.210245
NC_078925.1,1174,virus,0.9946183562278748,0.010696,0.012172,0.014578,0.012297,0.009052,0.941206
NC_078928.1,1078,eukarya,0.9998522996902466,0.022489,0.020878,0.839448,0.050163,0.014749,0.052273
NC_078930.1,1002,bacteria,0.9957757592201233,0.275759,0.062723,0.130020,0.185026,0.080497,0.265975
NC_078936.1,1068,eukarya,0.9813756942749023,0.033595,0.021939,0.746703,0.105007,0.018694,0.074062
NC_078939.1,1130,virus,0.9990891218185425,0.032987,0.123726,0.068663,0.101567,0.064621,0.608436
NC_078947.1,1111,archaea,0.9987936019897461,0.033153,0.131333,0.032256,0.711569,0.033776,0.057913
NC_078950.1,1133,virus,0.963982105255127,0.046352,0.029845,0.265393,0.067498,0.024270,0.566642
NC_078957.1,1255,archaea,0.9773260951042175,0.060759,0.037432,0.091786,0.497717,0.033143,0.279164
NC_078959.1,1044,archaea,0.9982629418373108,0.057471,0.218035,0.051616,0.418899,0.039407,0.214572
NC_078964.1,1400,eukarya,0.9997828602790833,0.017929,0.061327,0.817000,0.024253,0.018601,0.060889
NC_078967.1,1020,phage,0.9998626708984375,0.047638,0.795775,0.020663,0.047594,0.053512,0.034818
NC_078969.1,1101,virus,0.9998569488525391,0.239859,0.183952,0.080828,0.161394,0.045981,0.287986
NC_078972.1,1902,virus,0.998993456363678,0.025422,0.029394,0.064037,0.036042,0.025776,0.819329
NC_078979.1,1036,virus,0.9987471103668213,0.045598,0.046923,0.107130,0.189376,0.033609,0.577364
NC_078980.1,1166,virus,0.9987314343452454,0.132949,0.100431,0.162175,0.059350,0.075110,0.469985
NC_078985.1,1163,phage,0.9999370574951172,0.091468,0.559157,0.036367,0.057796,0.035054,0.220158
NC_078986.1,1645,virus,0.9993042945861816,0.040103,0.024282,0.039127,0.027172,0.016529,0.852787
NC_078988.1,1529,virus,0.9997484087944031,0.009577,0.016628,0.012910,0.009541,0.012055,0.939289
NC_078993.1,1510,bacteria,0.9988903403282166,0.383479,0.095612,0.076254,0.051298,0.027565,0.365792
NC_078995.1,1793,eukarya,0.9901572465896606,0.028544,0.031789,0.670460,0.055780,0.025401,0.188026
NC_078998.1,1512,virus,0.9956067204475403,0.024751,0.012069,0.015013,0.011152,0.009407,0.927608
NC_079002.1,1881,virus,0.9991080164909363,0.069498,0.179904,0.133084,0.255626,0.035431,0.326456
NC_079012.1,1771,virus,0.9923533797264099,0.013522,0.017637,0.028390,0.017244,0.015179,0.908028
NC_079014.1,1053,virus,0.9984574317932129,0.048323,0.063551,0.271965,0.242784,0.031808,0.341569
NC_079019.1,1246,bacteria,0.9999982118606567,0.851181,0.052194,0.021696,0.027543,0.022816,0.024570
NC_079025.1,1953,virus,0.9986352324485779,0.011986,0.024518,0.027451,0.015547,0.015972,0.904527
NC_079030.1,1129,archaea,0.999950647354126,0.017444,0.062811,0.039766,0.815141,0.042834,0.022004
NC_079035.1,1023,archaea,0.9991412162780762,0.025245,0.058014,0.068189,0.424450,0.036019,0.388084
NC_079059.1,1765,eukarya,0.9997161030769348,0.021285,0.023862,0.818850,0.031962,0.024397,0.079644
NC_079062.1,1943,virus,0.9999865293502808,0.045591,0.050979,0.037478,0.093325,0.029342,0.743285
NC_079063.1,1479,virus,0.9998679161071777,0.011732,0.016715,0.035272,0.016153,0.017884,0.902244
NC_079065.1,1518,archaea,0.9999405145645142,0.034808,0.065654,0.025486,0.782988,0.022397,0.068667
NC_079066.1,1576,eukarya,0.9999673366546631,0.026728,0.056065,0.579331,0.040655,0.023635,0.273586
NC_079073.1,1447,archaea,0.9999285936355591,0.022164,0.392020,0.030879,0.482896,0.028726,0.043313
NC_079075.1,1739,eukarya,0.9999347925186157,0.031417,0.094898,0.401000,0.037746,0.037430,0.397508
NC_079089.1,1686,bacteria,0.9963968396186829,0.690750,0.091908,0.026264,0.054964,0.114690,0.021424
NC_079090.1,1660,bacteria,0.9997963309288025,0.360653,0.104544,0.034185,0.179638,0.043824,0.277157
NC_079091.1,1491,virus,0.9969423413276672,0.289855,0.075420,0.063410,0.049166,0.042623,0.479526
NC_079093.1,1628,virus,0.9998189806938171,0.029925,0.155025,0.219433,0.046115,0.049636,0.499867
NC_079094.1,1324,eukarya,0.9999046325683594,0.026459,0.024292,0.710281,0.028936,0.022298,0.187734
NC_079095.1,1211,virus,0.9999771118164062,0.029690,0.149404,0.045667,0.035844,0.034931,0.704464
NC_079100.1,1703,virus,0.9989470839500427,0.013311,0.015736,0.021123,0.018257,0.013631,0.917942
NC_079112.1,1873,eukarya,0.9958250522613525,0.033024,0.040190,0.807451,0.025201,0.014622,0.079511
NC_079132.1,1566,virus,0.9983510971069336,0.210077,0.071187,0.134873,0.158535,0.134968,0.290360
NC_079133.1,1956,virus,0.980826735496521,0.016091,0.029082,0.040793,0.029428,0.032909,0.851698
NC_074777.1,1011,eukarya,0.9980530738830566,0.052994,0.028845,0.701451,0.036403,0.020957,0.159348
NC_074778.1,1035,eukarya,0.9997014403343201,0.139479,0.055174,0.589050,0.028451,0.036989,0.150857
NC_076143.1,1901,eukarya,0.9994041919708252,0.016054,0.109033,0.765792,0.025918,0.017863,0.065339
NC_076180.1,1671,virus,0.9111195206642151,0.084156,0.140323,0.060800,0.044723,0.082246,0.587752
NC_055107.1,1456,phage,0.9999673366546631,0.225255,0.403143,0.109786,0.051521,0.082069,0.128226
NC_055182.1,1035,archaea,0.9995037317276001,0.045194,0.069801,0.025251,0.815002,0.022181,0.022570
NC_055190.1,1628,virus,0.9999507665634155,0.018152,0.130420,0.028283,0.024571,0.027990,0.770584
NC_055203.1,1180,phage,0.9995692372322083,0.043719,0.855644,0.017662,0.034486,0.023237,0.025251
NC_055218.1,1640,virus,0.9996423721313477,0.054288,0.231889,0.048736,0.046655,0.039533,0.578899
NC_055239.1,1992,eukarya,0.999450147151947,0.130180,0.047249,0.600554,0.041506,0.038755,0.141755
NC_055241.1,1850,archaea,0.9998965263366699,0.284859,0.169876,0.051678,0.350686,0.095510,0.047391
NC_055245.1,1908,plasmid,0.9999066591262817,0.363907,0.059024,0.027749,0.092519,0.430591,0.026209
NC_055246.1,1835,eukarya,0.9994445443153381,0.053078,0.035850,0.513814,0.036596,0.023482,0.337180
NC_055252.1,1871,virus,0.9982010126113892,0.013752,0.097069,0.040208,0.019459,0.027465,0.802049
NC_055257.1,1587,virus,0.9979788661003113,0.015126,0.028710,0.043161,0.023117,0.029954,0.859932
NC_055258.1,1902,virus,0.9993935823440552,0.062275,0.042510,0.234678,0.035997,0.081254,0.543285
NC_055266.1,1017,phage,0.9997976422309875,0.056772,0.598524,0.029578,0.258743,0.023520,0.032862
NC_055270.1,1322,phage,0.9989107847213745,0.132564,0.586492,0.040455,0.041843,0.036469,0.162177
NC_055271.1,1277,phage,0.999904990196228,0.021611,0.791293,0.086615,0.025398,0.027909,0.047174
NC_055272.1,1108,phage,0.9997993111610413,0.136730,0.294920,0.269787,0.085554,0.071724,0.141285
NC_055275.1,1224,eukarya,0.8291180729866028,0.037495,0.041809,0.745934,0.057515,0.094194,0.023054
NC_055276.1,1015,eukarya,0.9858047366142273,0.018152,0.129901,0.708200,0.026157,0.050600,0.066989
NC_055277.1,1298,virus,0.9960116147994995,0.047339,0.170191,0.127579,0.042697,0.036267,0.575926
NC_055280.1,1003,eukarya,0.9991030693054199,0.040193,0.059656,0.635233,0.035569,0.025438,0.203911
NC_055284.1,1324,eukarya,0.9998922348022461,0.023529,0.068196,0.816959,0.022294,0.015746,0.053277
NC_055285.1,1963,virus,0.9997108578681946,0.042010,0.041462,0.043649,0.020351,0.033518,0.819011
NC_055287.1,1930,virus,0.999891996383667,0.016929,0.014868,0.017661,0.014849,0.010902,0.924791
NC_055288.1,1206,eukarya,0.9897156357765198,0.016107,0.022057,0.874387,0.018177,0.017948,0.051324
NC_055291.1,1576,virus,0.997969925403595,0.012513,0.016791,0.015251,0.013400,0.012343,0.929702
NC_055293.1,1290,virus,0.980802059173584,0.029781,0.043302,0.282320,0.034278,0.034450,0.575869
NC_055295.1,1765,virus,0.9993672966957092,0.036562,0.170339,0.053914,0.043798,0.039004,0.656382
NC_055300.1,1870,virus,0.9996364116668701,0.046238,0.048624,0.194914,0.041605,0.028860,0.639758
NC_055305.1,1844,virus,0.9961138963699341,0.027530,0.028498,0.060375,0.157157,0.022464,0.703976
NC_055308.1,1865,archaea,0.9988768696784973,0.036235,0.034995,0.046779,0.621680,0.021009,0.239303
NC_055310.1,1572,virus,0.9981416463851929,0.022396,0.027506,0.113327,0.031679,0.030670,0.774422
NC_055312.1,1744,virus,0.9984923601150513,0.030290,0.036896,0.067626,0.024576,0.023969,0.816644
NC_055316.1,1827,virus,0.9996191263198853,0.020283,0.042308,0.083151,0.040350,0.018039,0.795869
NC_055318.1,1780,eukarya,0.9995335340499878,0.055329,0.036864,0.754425,0.041812,0.040412,0.071159
NC_055322.1,1970,eukarya,0.9998589754104614,0.017733,0.018108,0.884006,0.022394,0.017662,0.040098
NC_055326.1,1924,virus,0.9966809153556824,0.036472,0.049752,0.059408,0.384744,0.028971,0.440653
NC_055328.1,1790,virus,0.9985073208808899,0.073382,0.147603,0.068179,0.051349,0.067391,0.592095
NC_055331.1,1751,eukarya,0.9984198808670044,0.079556,0.194164,0.326247,0.050063,0.102502,0.247469
NC_055334.1,1722,bacteria,0.9923744797706604,0.494495,0.098398,0.181548,0.067046,0.075608,0.082905
NC_055336.1,1785,eukarya,0.999748170375824,0.058227,0.048481,0.515803,0.127444,0.050899,0.199146
NC_055340.1,1818,eukarya,0.9996856451034546,0.023497,0.029059,0.788478,0.033654,0.015474,0.109838
NC_055342.1,1827,virus,0.9988734126091003,0.039627,0.041856,0.279847,0.165968,0.030433,0.442270
NC_055347.1,1834,virus,0.9935892820358276,0.021075,0.035923,0.057814,0.021433,0.023190,0.840564
NC_055350.1,1833,eukarya,0.9942260384559631,0.055980,0.048623,0.506927,0.045679,0.027035,0.315755
NC_055351.1,1726,eukarya,0.9983195662498474,0.017850,0.023598,0.848136,0.024362,0.017765,0.068289
NC_055355.1,1721,eukarya,0.8302398920059204,0.057101,0.046474,0.480468,0.053561,0.026007,0.336390
NC_055358.1,1692,phage,0.9919514656066895,0.094932,0.419693,0.119201,0.100549,0.053999,0.211626
NC_055362.1,1795,bacteria,0.997671902179718,0.243320,0.235794,0.096063,0.088534,0.115804,0.220485
NC_055365.1,1949,bacteria,0.9997479319572449,0.354143,0.205353,0.106995,0.180997,0.058234,0.094278
NC_055366.1,1673,eukarya,0.9998472929000854,0.021046,0.028664,0.816975,0.024321,0.021641,0.087354
NC_055371.1,1732,eukarya,0.9997161030769348,0.086823,0.065976,0.459652,0.167203,0.060018,0.160328
NC_055372.1,1758,virus,0.9978234767913818,0.027594,0.028504,0.043590,0.046009,0.015624,0.838679
NC_055375.1,1269,virus,0.999977707862854,0.136989,0.241917,0.069733,0.056197,0.089994,0.405170
NC_055378.1,1802,virus,0.9991242289543152,0.017879,0.022852,0.026635,0.020318,0.015634,0.896682
NC_055381.1,1758,archaea,0.9996629953384399,0.067036,0.090945,0.077190,0.454341,0.031340,0.279148
NC_055386.1,1362,virus,0.9998841285705566,0.141470,0.265910,0.156721,0.074272,0.047585,0.314041
NC_055387.1,1786,virus,0.9924178123474121,0.070421,0.129218,0.231307,0.076651,0.038506,0.453897
NC_055391.1,1613,bacteria,0.9973692893981934,0.866202,0.039217,0.016990,0.026497,0.036983,0.014110
NC_055392.1,1303,eukarya,0.9998261332511902,0.021996,0.027099,0.817535,0.065587,0.025924,0.041859
NC_055398.1,1736,virus,0.9992708563804626,0.065358,0.054166,0.058789,0.059317,0.026732,0.735638
NC_055401.1,1725,virus,0.993794322013855,0.033632,0.060904,0.055964,0.035455,0.024358,0.789686
NC_055403.1,1732,phage,0.999843955039978,0.131844,0.561910,0.078115,0.094683,0.062977,0.070471
NC_055405.1,1701,virus,0.9993383288383484,0.108008,0.110888,0.223802,0.057645,0.097772,0.401886
NC_055415.1,1864,virus,0.9983510971069336,0.015469,0.018747,0.018657,0.012568,0.009744,0.924814
NC_055417.1,1685,bacteria,0.9999430179595947,0.475210,0.067162,0.066125,0.058410,0.027408,0.305685
NC_055422.1,1978,virus,0.9996747970581055,0.022503,0.024161,0.051878,0.026590,0.018654,0.856215
NC_055424.1,1762,virus,0.9995927214622498,0.029937,0.044821,0.337386,0.040319,0.030192,0.517346
NC_055428.1,1830,eukarya,0.9994557499885559,0.012417,0.019450,0.925703,0.014106,0.011801,0.016523
NC_055431.1,1404,virus,0.9970543384552002,0.105417,0.060233,0.037699,0.034445,0.036301,0.725906
NC_055533.1,1319,archaea,0.9998389482498169,0.033862,0.046368,0.175248,0.676889,0.023115,0.044517
NC_055535.1,1463,eukarya,0.9996669292449951,0.032278,0.083665,0.485398,0.313629,0.022732,0.062299
NC_055536.1,1581,archaea,0.9997172951698303,0.280685,0.053900,0.074636,0.495579,0.032917,0.062282
NC_055537.1,1617,bacteria,0.9995872378349304,0.409689,0.085942,0.162290,0.070755,0.048652,0.222671
NC_055633.1,1290,virus,0.999993085861206,0.011621,0.017093,0.021996,0.014332,0.011270,0.923688
NC_055635.1,1302,archaea,0.9999418258666992,0.035554,0.038572,0.043245,0.476548,0.020664,0.385417
NC_055643.1,1106,archaea,0.9999598264694214,0.024819,0.163937,0.043082,0.564601,0.033816,0.169746
NC_055644.1,1342,phage,0.9999769926071167,0.063820,0.390302,0.117698,0.075020,0.049298,0.303862
NC_055645.1,1323,phage,0.9993336796760559,0.032733,0.529221,0.069343,0.167650,0.045267,0.155786
NC_055646.1,1387,virus,0.9999444484710693,0.028593,0.059298,0.169045,0.102433,0.066913,0.573719
NC_055649.1,1514,archaea,0.9999538660049438,0.040558,0.036830,0.032188,0.839350,0.019930,0.031144
NC_055650.1,1744,virus,0.9996243715286255,0.025413,0.267707,0.045625,0.060316,0.040597,0.560343
NC_055651.1,1233,virus,0.9998433589935303,0.030201,0.052421,0.240915,0.143960,0.025515,0.506988
NC_052683.1,1738,eukarya,0.9988256096839905,0.178577,0.099465,0.290490,0.161455,0.109459,0.160553
NC_052684.1,1614,eukarya,0.9998743534088135,0.098140,0.122207,0.282898,0.184145,0.110766,0.201844
NC_052927.1,1725,virus,0.9996414184570312,0.024901,0.058579,0.115061,0.279893,0.027034,0.494532
NC_052928.1,1608,virus,0.999333918094635,0.014240,0.012650,0.016604,0.014192,0.011716,0.930598
NC_043032.1,1527,virus,0.9999854564666748,0.027678,0.252087,0.174425,0.046470,0.037433,0.461907
NC_043038.1,1959,eukarya,0.9999336004257202,0.065572,0.157103,0.420078,0.104319,0.037749,0.215179
NC_043041.1,1148,phage,0.9999672174453735,0.032363,0.748176,0.028487,0.114711,0.024341,0.051922
NC_043047.1,1176,phage,0.9990031123161316,0.028687,0.493902,0.060180,0.031158,0.024944,0.361129
NC_043050.1,1087,virus,0.9986385703086853,0.018707,0.020182,0.071754,0.020817,0.018722,0.849819
NC_043064.1,1638,virus,0.9998058676719666,0.009786,0.020848,0.016482,0.012154,0.015138,0.925591
NC_043068.1,1458,virus,0.9998496770858765,0.059235,0.292264,0.033246,0.039723,0.034225,0.541307
NC_043070.1,1526,virus,0.9994593262672424,0.031383,0.056105,0.062230,0.036242,0.018224,0.795816
NC_043075.1,1989,virus,0.9983639121055603,0.011883,0.024700,0.016143,0.016962,0.013988,0.916324
NC_043080.1,1120,virus,0.9997515082359314,0.021665,0.041961,0.061006,0.017382,0.020552,0.837434
NC_043083.1,1408,virus,0.9991641044616699,0.018116,0.039432,0.039652,0.017886,0.015170,0.869743
NC_043089.1,1115,eukarya,0.999954342842102,0.011467,0.011899,0.934315,0.013646,0.015096,0.013577
NC_043091.1,1379,virus,0.9996458292007446,0.027562,0.096403,0.093823,0.044251,0.030606,0.707355
NC_043104.1,1795,eukarya,0.9984650611877441,0.024037,0.069918,0.763394,0.036285,0.023223,0.083143
NC_043111.1,1011,bacteria,0.9999008178710938,0.528186,0.044380,0.205200,0.106965,0.020884,0.094384
NC_043112.1,1011,virus,0.9968703389167786,0.088930,0.039069,0.192696,0.028399,0.027633,0.623273
NC_043113.1,1011,virus,0.9987232089042664,0.020182,0.016416,0.027571,0.012688,0.014011,0.909132
NC_043114.1,1011,virus,0.9999032020568848,0.023197,0.023667,0.025651,0.017012,0.014193,0.896280
NC_043115.1,1035,eukarya,0.9974283576011658,0.060886,0.031399,0.670697,0.047550,0.022592,0.166877
NC_043116.1,1035,bacteria,0.9990628361701965,0.317401,0.150078,0.074506,0.103953,0.078035,0.276026
NC_043117.1,1011,virus,0.9997019171714783,0.068558,0.029793,0.207506,0.032916,0.023523,0.637704
NC_043118.1,1011,virus,0.9997357726097107,0.030630,0.036802,0.259375,0.028866,0.033983,0.610342
NC_043124.1,1262,virus,0.9958913326263428,0.030555,0.077606,0.306904,0.024883,0.026970,0.533081
NC_043126.1,1564,plasmid,0.9999504089355469,0.115312,0.187694,0.139346,0.041127,0.404266,0.112255
NC_043132.1,1731,virus,0.9997043013572693,0.011567,0.018983,0.021416,0.018282,0.016687,0.913064
NC_043134.1,1815,virus,0.9999356269836426,0.015669,0.032017,0.052359,0.020864,0.049720,0.829372
NC_043135.1,1867,phage,0.9998537302017212,0.062559,0.524887,0.199627,0.099171,0.056977,0.056779
NC_043136.1,1772,virus,0.9980467557907104,0.009800,0.018648,0.023651,0.011680,0.014726,0.921495
NC_043137.1,1298,phage,0.9988137483596802,0.040638,0.637378,0.098959,0.039164,0.034407,0.149455
NC_043138.1,1888,eukarya,0.9982106685638428,0.026763,0.054035,0.604093,0.028256,0.037352,0.249501
NC_043139.1,1719,virus,0.9987921118736267,0.011154,0.025556,0.036082,0.014301,0.015973,0.896935
NC_043140.1,1306,virus,0.9997273087501526,0.017482,0.204488,0.058379,0.024687,0.028193,0.666770
NC_043142.1,1754,eukarya,0.9996604919433594,0.024631,0.169517,0.392658,0.034115,0.028102,0.350976
NC_043143.1,1720,phage,0.9998611211776733,0.020980,0.609589,0.096254,0.023949,0.021805,0.227424
NC_043144.1,1675,phage,0.9999393224716187,0.052903,0.813991,0.026378,0.031720,0.042134,0.032874
NC_043145.1,1720,virus,0.9997883439064026,0.030549,0.333207,0.033866,0.032719,0.034165,0.535495
NC_043146.1,1642,virus,0.9990338087081909,0.023696,0.228044,0.072604,0.025025,0.027182,0.623449
NC_043147.1,1719,phage,0.9999021291732788,0.022191,0.833601,0.029954,0.025782,0.029492,0.058979
NC_043148.1,1707,phage,0.9999767541885376,0.022721,0.506267,0.042543,0.029467,0.036190,0.362812
NC_043150.1,1140,eukarya,0.9995933175086975,0.069880,0.156717,0.379920,0.040474,0.111971,0.241038
NC_043151.1,1989,virus,0.9990912675857544,0.123962,0.232021,0.072537,0.052115,0.131497,0.387868
NC_043152.1,1625,phage,0.9999490976333618,0.034147,0.655211,0.065624,0.042747,0.033789,0.168482
NC_043153.1,1605,phage,0.9992724061012268,0.035962,0.887256,0.013045,0.016803,0.021509,0.025425
NC_043154.1,1590,virus,0.9983295798301697,0.026497,0.072568,0.338313,0.026391,0.049710,0.486520
NC_043155.1,1147,phage,0.9996763467788696,0.021581,0.411697,0.372128,0.028674,0.033318,0.132602
NC_043156.1,1439,virus,0.9999449253082275,0.020735,0.150057,0.027699,0.019472,0.021263,0.760773
NC_043157.1,1724,virus,0.9996752738952637,0.015874,0.056580,0.028754,0.019837,0.036085,0.842870
NC_043158.1,1645,phage,0.9997448325157166,0.040104,0.442208,0.055601,0.031291,0.077348,0.353448
NC_043159.1,1540,eukarya,0.9998682737350464,0.030938,0.200405,0.588882,0.042738,0.041903,0.095134
NC_043160.1,1548,virus,0.9997343420982361,0.021566,0.053516,0.393343,0.033847,0.036827,0.460901
NC_043161.1,1591,virus,0.999455988407135,0.024900,0.268581,0.160618,0.039657,0.046461,0.459783
NC_043162.1,1622,virus,0.999968409538269,0.020917,0.080165,0.054099,0.025679,0.019308,0.799832
NC_043163.1,1685,phage,0.9997921586036682,0.016244,0.925467,0.011481,0.015136,0.015271,0.016402
NC_043164.1,1560,virus,0.9981607794761658,0.047689,0.219459,0.189985,0.044216,0.163471,0.335180
NC_043166.1,1514,virus,0.9975134134292603,0.020526,0.054947,0.326212,0.029118,0.026286,0.542911
NC_043167.1,1934,virus,0.9988275170326233,0.013614,0.024308,0.024897,0.016475,0.013936,0.906771
NC_043169.1,1625,virus,0.9986134767532349,0.017933,0.053896,0.113201,0.021297,0.025886,0.767788
NC_043170.1,1612,phage,0.9994342923164368,0.065033,0.381608,0.252760,0.038615,0.086375,0.175609
NC_043173.1,1711,eukarya,0.9947103261947632,0.027975,0.040038,0.696349,0.048052,0.023176,0.164409
NC_043174.1,1705,virus,0.9995285272598267,0.024248,0.141350,0.056430,0.025452,0.026123,0.726397
NC_043177.1,1635,phage,0.9999481439590454,0.055639,0.857901,0.016123,0.019868,0.020695,0.029774
NC_043181.1,1265,virus,0.9998202919960022,0.013080,0.023401,0.015703,0.013065,0.010572,0.924179
NC_043186.1,1522,eukarya,0.9999415874481201,0.022298,0.049953,0.822970,0.020735,0.015796,0.068247
NC_043187.1,1233,eukarya,0.999630331993103,0.014492,0.055061,0.862528,0.020297,0.018555,0.029066
NC_043188.1,1179,phage,0.9999517202377319,0.037081,0.804627,0.040775,0.024827,0.024513,0.068176
NC_043189.1,1186,eukarya,0.9992121458053589,0.011117,0.016935,0.932641,0.013006,0.011416,0.014886
NC_043191.1,1200,eukarya,0.9427402019500732,0.030886,0.042266,0.615856,0.021963,0.019574,0.269454
NC_043192.1,1236,virus,0.996749997138977,0.037875,0.037070,0.250734,0.027999,0.040708,0.605615
NC_043196.1,1248,bacteria,0.5743372440338135,0.330476,0.076285,0.081928,0.131583,0.078839,0.300888
NC_043198.1,1005,phage,0.9985118508338928,0.023171,0.461296,0.041878,0.026736,0.026639,0.420279
NC_043367.1,1318,virus,0.999936580657959,0.148814,0.197597,0.197700,0.067356,0.126932,0.261601
NC_043371.1,1240,eukarya,0.9944570064544678,0.014083,0.014273,0.910075,0.015515,0.013815,0.032239
NC_043373.1,1652,phage,0.9996103644371033,0.030436,0.869507,0.019030,0.021061,0.021628,0.038338
NC_043384.1,1800,virus,0.9989703893661499,0.010781,0.019573,0.013478,0.012376,0.012304,0.931487
NC_043387.1,1794,virus,0.9998506307601929,0.017028,0.011463,0.037756,0.014949,0.014818,0.903986
NC_043390.1,1265,eukarya,0.9999406337738037,0.068413,0.035570,0.743047,0.078356,0.024914,0.049700
NC_043392.1,1928,virus,0.9999555349349976,0.025795,0.415676,0.043977,0.031865,0.025890,0.456798
NC_043394.1,1607,phage,0.9996137022972107,0.016114,0.913732,0.013294,0.017169,0.014763,0.024928
NC_043395.1,1220,virus,0.9933079481124878,0.021555,0.044873,0.045722,0.016205,0.016490,0.855155
NC_043396.1,1754,eukarya,0.9969258904457092,0.042485,0.147235,0.696573,0.026994,0.026936,0.059777
NC_043397.1,1555,virus,0.9967790246009827,0.035312,0.044471,0.398992,0.030813,0.032656,0.457756
NC_043401.1,1519,virus,0.9988549947738647,0.067367,0.323354,0.086868,0.030267,0.048667,0.443477
NC_043404.1,1928,eukarya,0.7913605570793152,0.015408,0.013923,0.913552,0.021928,0.017301,0.017888
NC_043409.1,1960,virus,0.9903464913368225,0.013755,0.034094,0.036973,0.033025,0.015655,0.866499
NC_043420.1,1777,phage,0.9993293285369873,0.043964,0.845344,0.017223,0.020574,0.049498,0.023397
NC_043421.1,1603,phage,0.9996091723442078,0.095214,0.282886,0.229574,0.050696,0.110059,0.231570
NC_043422.1,1646,eukarya,0.9963756203651428,0.019513,0.060463,0.689965,0.023993,0.020960,0.185106
NC_043423.1,1832,virus,0.9988667964935303,0.034726,0.140427,0.068153,0.031495,0.074457,0.650742
NC_043425.1,1479,phage,0.9992177486419678,0.019881,0.438711,0.142798,0.030547,0.029431,0.338631
NC_043426.1,1329,virus,0.3415917158126831,0.032701,0.027982,0.021642,0.016501,0.012671,0.888502
NC_043430.1,1221,eukarya,0.9096611142158508,0.034186,0.187583,0.689777,0.023600,0.017875,0.046980
NC_043435.1,1485,virus,0.9973692893981934,0.017780,0.015818,0.045805,0.022183,0.021378,0.877035
NC_043437.1,1479,virus,0.9994561076164246,0.027029,0.032861,0.051001,0.044924,0.015812,0.828374
NC_043441.1,1443,archaea,0.999981164932251,0.114970,0.071337,0.084164,0.570680,0.048237,0.110614
NC_043452.1,1681,archaea,0.9977579712867737,0.104999,0.153287,0.279338,0.281334,0.076789,0.104253
NC_043478.1,1520,phage,0.9967963099479675,0.082334,0.312849,0.058690,0.214655,0.060692,0.270780
NC_043479.1,1967,virus,0.9928818941116333,0.011401,0.018363,0.016026,0.013913,0.015207,0.925091
NC_043480.1,1010,eukarya,0.9997312426567078,0.022966,0.042405,0.690906,0.099174,0.019889,0.124660
NC_043501.1,1942,eukarya,0.999683141708374,0.045623,0.322717,0.477986,0.063227,0.030766,0.059680
NC_043511.1,1907,virus,0.9996009469032288,0.027898,0.040219,0.159442,0.059965,0.034353,0.678124
NC_043522.1,1589,eukarya,0.9920327663421631,0.022899,0.026014,0.843327,0.025378,0.019958,0.062423
NC_043527.1,1641,virus,0.998042106628418,0.170856,0.259059,0.126904,0.104868,0.043659,0.294653
NC_043566.1,1034,eukarya,0.9997420907020569,0.028856,0.024527,0.777668,0.052576,0.016578,0.099795
NC_043572.1,1018,eukarya,0.9999089241027832,0.046673,0.035737,0.570150,0.108890,0.030259,0.208291
NC_043574.1,1016,phage,0.9997150301933289,0.049229,0.442123,0.275461,0.106885,0.041441,0.084861
NC_043610.1,1744,virus,0.9930530190467834,0.023550,0.031582,0.085669,0.030727,0.023986,0.804486
NC_043613.1,1114,bacteria,0.9992474317550659,0.607402,0.082549,0.057762,0.172640,0.033809,0.045837
NC_043622.1,1256,eukarya,0.9960018992424011,0.055475,0.205967,0.337428,0.066859,0.093931,0.240340
NC_043626.1,1344,archaea,0.9999784231185913,0.022153,0.049946,0.039615,0.652614,0.032554,0.203118
NC_043631.1,1077,archaea,0.9936216473579407,0.028124,0.153998,0.021308,0.746094,0.026136,0.024339
NC_043644.1,1906,virus,0.999972939491272,0.055908,0.170070,0.029496,0.046673,0.059971,0.637881
NC_043681.1,1142,virus,0.9984142780303955,0.027123,0.085160,0.168303,0.047746,0.032718,0.638949
NC_043686.1,1089,virus,0.9937503933906555,0.084401,0.330661,0.141894,0.050903,0.041008,0.351133
NC_043689.1,1049,archaea,0.995913565158844,0.209079,0.209511,0.071274,0.246465,0.211575,0.052096
NC_040387.1,1707,phage,0.9993979930877686,0.064000,0.570954,0.075437,0.035978,0.065951,0.187680
NC_040388.1,1475,phage,0.9995562434196472,0.086007,0.718227,0.020522,0.022443,0.091554,0.061246
NC_040397.1,1990,virus,0.9996392726898193,0.066988,0.069383,0.063237,0.030959,0.038121,0.731312
NC_040398.1,1731,eukarya,0.9980641007423401,0.029465,0.044233,0.567038,0.033306,0.026005,0.299953
NC_040410.1,1686,virus,0.999942421913147,0.016028,0.029603,0.024055,0.018274,0.020672,0.891369
NC_040411.1,1194,virus,0.9998928308486938,0.021168,0.133499,0.036007,0.023899,0.026565,0.758861
NC_040418.1,1094,phage,0.9811170697212219,0.160706,0.717907,0.026516,0.023610,0.050935,0.020326
NC_040420.1,1900,virus,0.9999123811721802,0.033838,0.163317,0.057466,0.033698,0.032595,0.679087
NC_040424.1,1292,eukarya,0.9980200529098511,0.011693,0.018105,0.925451,0.014975,0.014191,0.015585
NC_040439.1,1700,phage,0.9955171942710876,0.030089,0.822664,0.042896,0.018936,0.020947,0.064469
NC_040441.1,1137,phage,0.9999233484268188,0.016800,0.922603,0.013792,0.015498,0.014828,0.016478
NC_040442.1,1278,phage,0.9999586343765259,0.090511,0.690032,0.027961,0.041440,0.077829,0.072227
NC_040446.1,1861,bacteria,0.9995296001434326,0.522366,0.122566,0.024464,0.027517,0.139885,0.163201
NC_040448.1,1598,virus,0.997541069984436,0.026463,0.131105,0.055722,0.084636,0.026422,0.675652
NC_040449.1,1545,eukarya,0.973235547542572,0.052340,0.085047,0.493936,0.049100,0.033130,0.286447
NC_040451.1,1847,eukarya,0.998887836933136,0.040696,0.049730,0.441349,0.039355,0.038638,0.390231
NC_040452.1,1509,virus,0.9993243217468262,0.014517,0.017449,0.028171,0.013537,0.010901,0.915425
NC_040453.1,1486,eukarya,0.7876319289207458,0.013603,0.020751,0.918306,0.013895,0.012248,0.021197
NC_040454.1,1592,virus,0.9756889939308167,0.063389,0.119618,0.258374,0.103136,0.049005,0.406478
NC_040455.1,1406,eukarya,0.9194748401641846,0.013256,0.017166,0.912740,0.021388,0.013164,0.022285
NC_040456.1,1801,virus,0.9995530247688293,0.021589,0.029959,0.107052,0.024775,0.026448,0.790177
NC_040457.1,1893,virus,0.9993407130241394,0.057087,0.127378,0.167170,0.036272,0.037084,0.575009
NC_040458.1,1645,virus,0.9999302625656128,0.021838,0.026926,0.071910,0.034434,0.021271,0.823622
NC_040463.1,1912,virus,0.9943689703941345,0.045020,0.165650,0.255005,0.075332,0.039921,0.419073
NC_040470.1,1956,eukarya,0.9787917137145996,0.059850,0.097190,0.655454,0.035727,0.020201,0.131579
NC_040474.1,1620,eukarya,0.9997628331184387,0.048772,0.026536,0.747657,0.024933,0.026775,0.125328
NC_040477.1,1182,phage,0.9998251795768738,0.182761,0.481529,0.046901,0.048817,0.062133,0.177859
NC_040480.1,1687,bacteria,0.999924898147583,0.566887,0.060203,0.105644,0.038214,0.170459,0.058593
NC_040481.1,1847,virus,0.9934998750686646,0.021129,0.032417,0.017982,0.016734,0.018102,0.893636
NC_040482.1,1134,eukarya,0.9998981952667236,0.010405,0.041072,0.864523,0.018490,0.043692,0.021818
NC_040483.1,1569,phage,0.9989120960235596,0.043844,0.604929,0.049227,0.029307,0.033106,0.239588
NC_040484.1,1654,virus,0.9984502792358398,0.016723,0.188291,0.042334,0.020062,0.018572,0.714016
NC_040486.1,1750,eukarya,0.9984934329986572,0.018672,0.065795,0.747802,0.024452,0.024429,0.118850
NC_040489.1,1539,virus,0.9304479360580444,0.077708,0.200916,0.093726,0.036914,0.045942,0.544794
NC_040490.1,1211,eukarya,0.632364809513092,0.035177,0.022731,0.809449,0.019824,0.044492,0.068328
NC_040492.1,1757,eukarya,0.989664614200592,0.076198,0.080419,0.649714,0.059061,0.065826,0.068781
NC_040498.1,1275,phage,0.9996863603591919,0.044825,0.371721,0.214864,0.052551,0.042193,0.273844
NC_040500.1,1975,eukarya,0.9999158382415771,0.209966,0.102210,0.392277,0.061297,0.101188,0.133063
NC_040505.1,1146,phage,0.9998596906661987,0.120314,0.793512,0.016375,0.019980,0.029837,0.019981
NC_040517.1,1420,eukarya,0.9997064471244812,0.039925,0.153689,0.700489,0.026775,0.031690,0.047433
NC_040521.1,1833,virus,0.999943733215332,0.019097,0.021787,0.026367,0.040800,0.017414,0.874535
NC_040683.1,1702,virus,0.9998683929443359,0.120447,0.154462,0.041945,0.043118,0.041603,0.598425
NC_040713.1,1134,phage,0.9998688697814941,0.029471,0.489457,0.188559,0.030718,0.074204,0.187590
NC_040732.1,1975,eukarya,0.9985125660896301,0.018687,0.021790,0.869471,0.021164,0.019309,0.049579
NC_040733.1,1482,virus,0.9991125464439392,0.022041,0.028277,0.079782,0.024478,0.023529,0.821893
NC_040735.1,1597,virus,0.9958701729774475,0.013838,0.015315,0.022195,0.018261,0.013025,0.917367
NC_040753.1,1721,phage,0.9994149208068848,0.013222,0.918513,0.013145,0.017002,0.016612,0.021505
NC_040756.1,1638,eukarya,0.9999195337295532,0.016197,0.052084,0.871473,0.018045,0.015392,0.026811
NC_040757.1,1822,bacteria,0.9998282194137573,0.523171,0.049956,0.245051,0.035224,0.068831,0.077767
NC_040758.1,1860,phage,0.9999336004257202,0.022358,0.784775,0.061761,0.033449,0.030106,0.067551
NC_040765.1,1455,virus,0.9883737564086914,0.017105,0.095158,0.022465,0.013989,0.020518,0.830766
NC_040769.1,1634,phage,0.9926607608795166,0.048649,0.462077,0.251522,0.039468,0.043328,0.154957
NC_040772.1,1868,eukarya,0.9997712969779968,0.027168,0.046027,0.448887,0.046951,0.029372,0.401595
NC_038259.1,1513,eukarya,0.9876649975776672,0.036558,0.017732,0.795625,0.098824,0.015220,0.036042
NC_038263.1,1358,archaea,0.9967052340507507,0.067328,0.048520,0.083652,0.737697,0.032713,0.030090
NC_038273.1,1710,virus,0.9988775849342346,0.015686,0.024637,0.042006,0.015766,0.021433,0.880472
NC_038298.1,1958,virus,0.9982740879058838,0.024547,0.049112,0.049281,0.349297,0.032991,0.494771
NC_038322.1,1040,eukarya,0.9935658574104309,0.016580,0.058415,0.842831,0.021017,0.021659,0.039498
NC_038323.1,1389,virus,0.9984266757965088,0.019386,0.211999,0.144990,0.023799,0.029517,0.570309
NC_038327.1,1093,virus,0.9991616010665894,0.018628,0.028374,0.096754,0.019043,0.022123,0.815078
NC_038373.1,1972,virus,0.9970763921737671,0.015734,0.021164,0.022354,0.030693,0.018932,0.891123
NC_038384.1,1725,virus,0.9996552467346191,0.021901,0.026376,0.060740,0.018355,0.025810,0.846818
NC_038423.1,1896,virus,0.9991876482963562,0.012191,0.013510,0.019195,0.014701,0.016400,0.924003
NC_038446.1,1873,virus,0.9987162351608276,0.016406,0.022796,0.054962,0.023398,0.018639,0.863799
NC_038505.1,1904,virus,0.9985328912734985,0.021304,0.039168,0.044610,0.240626,0.021564,0.632727
NC_038514.1,1935,virus,0.9998953342437744,0.015695,0.035293,0.028677,0.019281,0.046843,0.854211
NC_038563.1,1103,virus,0.9991583824157715,0.021856,0.177620,0.041272,0.016220,0.022081,0.720951
NC_038566.1,1936,virus,0.9999306201934814,0.027082,0.074256,0.163748,0.031141,0.027560,0.676213
NC_038567.1,1128,bacteria,0.9999291896820068,0.631239,0.146578,0.023594,0.025283,0.147495,0.025811
NC_038571.1,1683,bacteria,0.9999897480010986,0.841478,0.029810,0.022518,0.018927,0.060725,0.026542
NC_038572.1,1187,phage,0.9999635219573975,0.050314,0.798493,0.028905,0.018872,0.049027,0.054389
NC_038573.1,1176,phage,0.9986188411712646,0.044353,0.558787,0.059433,0.040714,0.037049,0.259664
NC_038576.1,1749,virus,0.999358594417572,0.030416,0.039751,0.032136,0.025175,0.044801,0.827721
NC_038577.1,1607,eukarya,0.9999765157699585,0.219338,0.142688,0.396025,0.046465,0.085275,0.110208
NC_038578.1,1175,eukarya,0.9981920123100281,0.021535,0.018426,0.897410,0.016736,0.011752,0.034141
NC_038579.1,1080,eukarya,0.9999492168426514,0.025176,0.227632,0.633965,0.025011,0.035465,0.052751
NC_038581.1,1986,virus,0.9847480654716492,0.014565,0.062416,0.053169,0.017198,0.023543,0.829109
NC_038583.1,1181,eukarya,0.997820258140564,0.019949,0.123466,0.634584,0.024448,0.030173,0.167381
NC_038585.1,1763,virus,0.9970625042915344,0.017492,0.022625,0.076545,0.016925,0.020339,0.846076
NC_038586.1,1658,bacteria,0.9999252557754517,0.432899,0.179284,0.047652,0.041387,0.255677,0.043100
NC_038587.1,1128,eukarya,0.9999754428863525,0.016005,0.034203,0.863580,0.017699,0.018300,0.050214
NC_038589.1,1175,eukarya,0.997791051864624,0.132829,0.168733,0.286601,0.046678,0.126546,0.238613
NC_038590.1,1047,phage,0.9998130202293396,0.039718,0.595863,0.235960,0.034736,0.061358,0.032366
NC_038591.1,1984,virus,0.999037504196167,0.019852,0.372156,0.045382,0.027378,0.024266,0.510967
NC_038596.1,1971,phage,0.9999572038650513,0.037823,0.380215,0.168635,0.046786,0.090352,0.276189
NC_038597.1,1601,eukarya,0.9997962117195129,0.117917,0.034314,0.770326,0.023117,0.024710,0.029615
NC_038598.1,1108,eukarya,0.9997425675392151,0.017417,0.021238,0.879597,0.016637,0.014281,0.050830
NC_038599.1,1166,phage,0.9991050362586975,0.068542,0.665255,0.078094,0.035827,0.049389,0.102893
NC_038601.1,1736,eukarya,0.9988161325454712,0.051649,0.028479,0.670267,0.028374,0.064697,0.156534
NC_038606.1,1957,virus,0.9980814456939697,0.029232,0.042915,0.099732,0.021631,0.021783,0.784706
NC_038607.1,1166,phage,0.9998037219047546,0.257730,0.476101,0.031434,0.035316,0.110576,0.088844
NC_038608.1,1089,eukarya,0.9996660947799683,0.033145,0.051218,0.534627,0.029578,0.057209,0.294222
NC_038609.1,1605,phage,0.9999771118164062,0.067051,0.838801,0.017502,0.021046,0.032340,0.023259
NC_038611.1,1735,virus,0.999346911907196,0.040054,0.033559,0.238677,0.033749,0.032022,0.621939
NC_038616.1,1965,virus,0.9993724226951599,0.085796,0.041887,0.163478,0.030705,0.045080,0.633054
NC_038618.1,1771,bacteria,0.9999300241470337,0.876997,0.030885,0.014115,0.022916,0.040345,0.014742
NC_038619.1,1051,phage,0.9999898672103882,0.186780,0.363522,0.254637,0.045505,0.093565,0.055991
NC_038621.1,1652,virus,0.9999232292175293,0.158612,0.168197,0.111259,0.040472,0.040284,0.481176
NC_038622.1,1165,eukarya,0.9996250867843628,0.061164,0.080568,0.583453,0.030477,0.062402,0.181936
NC_038623.1,1185,eukarya,0.9999606609344482,0.253274,0.111087,0.497054,0.035582,0.055887,0.047117
NC_038626.1,1315,virus,0.999775230884552,0.017439,0.028263,0.028133,0.015620,0.014687,0.895858
NC_038627.1,1122,eukarya,0.9997324347496033,0.047592,0.044792,0.498188,0.038829,0.039905,0.330695
NC_038631.1,1367,virus,0.999139666557312,0.020924,0.028888,0.037651,0.016069,0.013080,0.883387
NC_038638.1,1118,eukarya,0.9996563196182251,0.020233,0.020722,0.821989,0.022061,0.017428,0.097568
NC_038639.1,1317,virus,0.9993973970413208,0.029486,0.033090,0.039999,0.031118,0.124545,0.741762
NC_038643.1,1399,virus,0.979407548904419,0.013510,0.039809,0.050386,0.018954,0.046329,0.831012
NC_038646.1,1702,eukarya,0.9998408555984497,0.035569,0.042035,0.807657,0.025026,0.031276,0.058437
NC_038647.1,1235,virus,0.9995980858802795,0.029328,0.027594,0.043660,0.026275,0.028581,0.844562
NC_038650.1,1171,phage,0.9996079802513123,0.073950,0.631377,0.021182,0.025361,0.217727,0.030402
NC_038651.1,1946,virus,0.9999659061431885,0.032357,0.309227,0.033496,0.033832,0.039438,0.551651
NC_038653.1,1893,virus,0.9989616870880127,0.014680,0.019272,0.027460,0.014595,0.012163,0.911830
NC_038654.1,1761,virus,0.999849796295166,0.016099,0.070732,0.027664,0.019042,0.025841,0.840623
NC_038655.1,1944,virus,0.9790818691253662,0.027843,0.136624,0.026206,0.025867,0.037280,0.746180
NC_038656.1,1874,bacteria,0.9999654293060303,0.402867,0.214916,0.046432,0.075777,0.222749,0.037260
NC_038658.1,1185,bacteria,0.999862551689148,0.456708,0.256476,0.078995,0.065795,0.038857,0.103170
NC_038659.1,1322,eukarya,0.9989864230155945,0.024941,0.046097,0.615115,0.026186,0.025554,0.262107
NC_038663.1,1192,eukarya,0.9994352459907532,0.030553,0.039689,0.769070,0.028378,0.025061,0.107249
NC_038666.1,1984,plasmid,0.9998315572738647,0.083277,0.322733,0.076098,0.050980,0.403953,0.062958
NC_038667.1,1600,phage,0.9995055198669434,0.063469,0.355923,0.239792,0.049586,0.054626,0.236604
NC_038691.1,1231,phage,0.9979501366615295,0.027273,0.524122,0.034964,0.024677,0.035787,0.353178
NC_038692.1,1238,virus,0.9970269799232483,0.022276,0.047573,0.104501,0.021785,0.030290,0.773575
NC_038693.1,1194,phage,0.9985023736953735,0.026974,0.809817,0.026532,0.022319,0.030156,0.084203
NC_038696.1,1830,virus,0.9987922310829163,0.013075,0.026207,0.024611,0.019304,0.052557,0.864247
NC_038701.1,1245,virus,0.9913079142570496,0.025858,0.207443,0.269578,0.029514,0.029364,0.438242
NC_038703.1,1415,phage,0.999993085861206,0.182765,0.569339,0.037769,0.049146,0.073967,0.087013
NC_038704.1,1686,virus,0.9998855590820312,0.011915,0.028983,0.020943,0.011134,0.014271,0.912755
NC_038707.1,1745,phage,0.9999163150787354,0.060076,0.689605,0.021475,0.028132,0.176484,0.024227
NC_038711.1,1677,virus,0.9999253749847412,0.045446,0.111635,0.245551,0.142711,0.037995,0.416662
NC_038712.1,1090,virus,0.9973927736282349,0.033341,0.028513,0.284382,0.045815,0.036976,0.570972
NC_038716.1,1153,eukarya,0.9994841814041138,0.020963,0.033107,0.718304,0.160653,0.028699,0.038275
NC_038722.1,1022,phage,0.9996827840805054,0.048018,0.802989,0.020691,0.053623,0.040533,0.034147
NC_038749.1,1831,eukarya,0.9906320571899414,0.040181,0.064895,0.626278,0.036868,0.030043,0.201735
NC_038753.1,1317,archaea,0.4449472427368164,0.061985,0.100669,0.156563,0.518100,0.056534,0.106149
NC_038758.1,1860,eukarya,0.9967749714851379,0.028669,0.044629,0.574955,0.031058,0.033358,0.287332
NC_038771.1,1664,virus,0.9998394250869751,0.141430,0.183595,0.085889,0.075908,0.095965,0.417213
NC_038772.1,1678,eukarya,0.9983661770820618,0.013908,0.032413,0.905747,0.015953,0.012404,0.019575
NC_038773.1,1476,virus,0.9957749247550964,0.035237,0.223854,0.324256,0.033775,0.032577,0.350300
NC_038819.1,1726,virus,0.9960895776748657,0.009559,0.013298,0.022922,0.010894,0.012386,0.930940
NC_038820.1,1616,eukarya,0.9999611377716064,0.070918,0.091784,0.521223,0.105793,0.057014,0.153267
NC_038823.1,1776,virus,0.9999384880065918,0.014201,0.030285,0.026456,0.013889,0.012208,0.902960
NC_038824.1,1971,phage,0.999943733215332,0.109894,0.794441,0.023769,0.022486,0.023927,0.025483
NC_038825.1,1730,virus,0.9998975992202759,0.049792,0.031618,0.343035,0.031007,0.022235,0.522313
NC_038826.1,1915,virus,0.9999139308929443,0.034930,0.042196,0.081038,0.016743,0.025975,0.799118
NC_038828.1,1866,eukarya,0.9999585151672363,0.025237,0.022879,0.788532,0.025971,0.025770,0.111611
NC_038829.1,1884,eukarya,0.9998987913131714,0.027862,0.030726,0.614710,0.024383,0.027274,0.275045
NC_038830.1,1806,eukarya,0.9999861717224121,0.034795,0.029193,0.645866,0.030982,0.027506,0.231658
NC_038831.1,1873,virus,0.9998946189880371,0.029522,0.034167,0.331639,0.025865,0.031488,0.547319
NC_038832.1,1776,virus,0.9998993873596191,0.042900,0.038297,0.299790,0.034683,0.035900,0.548431
NC_038833.1,1791,virus,0.9999769926071167,0.011856,0.006015,0.018116,0.010340,0.009623,0.944050
NC_038834.1,1882,virus,0.9998373985290527,0.022595,0.040645,0.076477,0.016825,0.018102,0.825357
NC_038835.1,1826,eukarya,0.9999024868011475,0.041503,0.034182,0.564188,0.036066,0.032229,0.291833
NC_038836.1,1885,virus,0.9999150037765503,0.011347,0.015224,0.014245,0.012615,0.012977,0.933592
NC_038843.1,1836,eukarya,0.9969977140426636,0.029876,0.044960,0.764517,0.025658,0.022742,0.112248
NC_038844.1,1510,eukarya,0.9428762793540955,0.028015,0.174536,0.589357,0.028957,0.023364,0.155771
NC_038845.1,1598,virus,0.9998940229415894,0.054961,0.166530,0.038359,0.024547,0.031674,0.683929
NC_038846.1,1575,phage,0.9999076128005981,0.203052,0.576667,0.049077,0.040960,0.074114,0.056129
NC_038847.1,1522,virus,0.9996128678321838,0.021185,0.059696,0.071788,0.020233,0.025534,0.801564
NC_038853.1,1513,virus,0.9997864365577698,0.013174,0.035185,0.042691,0.019837,0.037035,0.852078
NC_038854.1,1414,virus,0.9999226331710815,0.025988,0.037903,0.154051,0.026015,0.019314,0.736729
NC_038855.1,1272,virus,0.9919447302818298,0.023915,0.037996,0.243652,0.031989,0.025353,0.637094
NC_038865.1,1313,virus,0.9701489210128784,0.012345,0.031975,0.013105,0.008550,0.016127,0.917897
NC_038915.1,1757,eukarya,0.9994469285011292,0.029785,0.029062,0.745068,0.028163,0.025074,0.142848
NC_038916.1,1920,eukarya,0.9998315572738647,0.040924,0.056362,0.478407,0.033234,0.024279,0.366793
NC_038917.1,1567,virus,0.9996675252914429,0.052920,0.144075,0.143038,0.034667,0.036892,0.588408
NC_038918.1,1744,phage,0.9996553659439087,0.051063,0.852473,0.013945,0.016777,0.049560,0.016182
NC_038927.1,1305,phage,0.9995539784431458,0.025522,0.581624,0.044740,0.021289,0.025483,0.301343
NC_038933.1,1468,virus,0.9998825788497925,0.022087,0.034976,0.107444,0.021020,0.021556,0.792917
NC_038935.1,1874,virus,0.9959456324577332,0.010699,0.011110,0.012954,0.010794,0.013933,0.940511
NC_038936.1,1334,eukarya,0.9854323267936707,0.031189,0.032944,0.680989,0.032721,0.027034,0.195123
NC_038938.1,1675,virus,0.9997015595436096,0.025849,0.042621,0.108032,0.350612,0.030744,0.442142
NC_038944.1,1726,phage,0.9999847412109375,0.036862,0.466516,0.112212,0.028951,0.057079,0.298381
NC_038946.1,1700,eukarya,0.9993938207626343,0.020490,0.013711,0.895157,0.040452,0.011578,0.018612
NC_038947.1,1182,phage,0.9999300241470337,0.138278,0.640747,0.067284,0.042010,0.081183,0.030498
NC_038949.1,1472,virus,0.9906538128852844,0.029986,0.045689,0.066467,0.339998,0.041354,0.476505
NC_038950.1,1172,eukarya,0.9996315240859985,0.083992,0.039583,0.685026,0.036986,0.035436,0.118979
NC_038952.1,1128,eukarya,0.9982033967971802,0.018254,0.029952,0.852748,0.026611,0.010649,0.061787
NC_039188.1,1067,archaea,0.9998087286949158,0.015843,0.069819,0.029674,0.796530,0.035521,0.052613
NC_039193.1,1863,virus,0.9997193217277527,0.082706,0.119820,0.130395,0.188438,0.031434,0.447207
NC_039224.1,1720,virus,0.9990342855453491,0.012974,0.059308,0.019060,0.016368,0.014585,0.877705
NC_039227.1,1730,virus,0.9974759221076965,0.032878,0.095357,0.372286,0.029831,0.024216,0.445432
NC_037613.1,1907,eukarya,0.9990246295928955,0.035221,0.043965,0.636161,0.034346,0.025139,0.225167
NC_037615.1,1702,virus,0.9971838593482971,0.099156,0.192672,0.251662,0.086536,0.079473,0.290501
NC_037617.1,1840,virus,0.9996753931045532,0.038674,0.039354,0.192798,0.035285,0.021714,0.672175
NC_037575.1,1936,eukarya,0.99870765209198,0.030955,0.031383,0.606952,0.031546,0.031551,0.267614
NC_037576.1,1900,virus,0.9999181032180786,0.017618,0.148082,0.027679,0.022025,0.030587,0.754008
NC_037577.1,1802,eukarya,0.9999474287033081,0.264909,0.045786,0.303654,0.034910,0.079195,0.271546
NC_037584.1,1534,virus,0.9999624490737915,0.014686,0.177472,0.037815,0.017325,0.029427,0.723274
NC_037585.1,1281,eukarya,0.9994851350784302,0.023805,0.039248,0.772167,0.028774,0.023247,0.112758
NC_037586.1,1243,virus,0.999940037727356,0.019274,0.035160,0.033621,0.018296,0.015564,0.878086
NC_037587.1,1211,eukarya,0.9988054037094116,0.017576,0.025851,0.873079,0.019734,0.016940,0.046820
NC_037588.1,1130,phage,0.9994922876358032,0.263187,0.424089,0.082386,0.057862,0.071181,0.101295
NC_037589.1,1166,eukarya,0.9839440584182739,0.015570,0.017967,0.904336,0.014828,0.011051,0.036249
NC_037095.1,1563,phage,0.9998217225074768,0.037471,0.851497,0.013943,0.013908,0.067351,0.015831
NC_037096.1,1512,virus,0.9997612833976746,0.010961,0.028168,0.014243,0.010683,0.012910,0.923035
NC_036617.1,1775,virus,0.9916670918464661,0.022897,0.115098,0.032647,0.023720,0.020639,0.785000
NC_036620.1,1219,virus,0.9998639822006226,0.033327,0.047885,0.155584,0.026872,0.021857,0.714475
NC_036634.1,1570,eukarya,0.9999475479125977,0.037910,0.041038,0.705663,0.034878,0.021704,0.158806
NC_036599.1,1998,virus,0.9996589422225952,0.065243,0.064717,0.157399,0.064582,0.037333,0.610727
NC_036606.1,1868,eukarya,0.9960772395133972,0.035583,0.042166,0.444663,0.038456,0.034837,0.404295
NC_036472.1,1081,phage,0.9998422861099243,0.230416,0.349615,0.070348,0.044649,0.181167,0.123804
NC_036473.1,1329,eukarya,0.9997844099998474,0.022492,0.064266,0.745475,0.024938,0.020716,0.122113
NC_036474.1,1141,virus,0.9994920492172241,0.033086,0.028491,0.054931,0.019171,0.015633,0.848687
NC_036475.1,1040,eukarya,0.9997797608375549,0.024724,0.018194,0.907205,0.015630,0.008789,0.025458
NC_035937.1,1541,eukarya,0.9987039566040039,0.026042,0.027867,0.680253,0.028468,0.022091,0.215278
NC_035938.1,1959,eukarya,0.9986295700073242,0.017820,0.033682,0.825522,0.021807,0.024173,0.076995
NC_035939.1,1639,eukarya,0.9997268319129944,0.087811,0.035934,0.699950,0.070327,0.034757,0.071222
NC_034161.1,1688,phage,0.9995083808898926,0.261069,0.624286,0.026858,0.024689,0.037633,0.025465
NC_035206.1,1689,phage,0.9975511431694031,0.098033,0.770614,0.024185,0.024499,0.054529,0.028140
NC_034979.1,1665,phage,0.9999507665634155,0.072969,0.544671,0.036047,0.089807,0.048896,0.207609
NC_034980.1,1402,eukarya,0.9995918869972229,0.018664,0.055208,0.772923,0.024652,0.020768,0.107785
NC_034981.1,1649,virus,0.9999189376831055,0.063560,0.068481,0.034796,0.051476,0.054796,0.726891
NC_034513.1,1573,phage,0.9999440908432007,0.037962,0.755880,0.025548,0.104825,0.030666,0.045120
NC_034514.1,1930,phage,0.9994182586669922,0.264116,0.449017,0.040881,0.043537,0.037275,0.165174
NC_034521.1,1768,virus,0.9998966455459595,0.015128,0.018376,0.042442,0.053446,0.020608,0.849999
NC_034523.1,1562,eukarya,0.9997275471687317,0.084818,0.186148,0.428363,0.068591,0.048117,0.183963
NC_034524.1,1790,eukarya,0.9994310736656189,0.039505,0.092404,0.580648,0.041410,0.041682,0.204351
NC_034526.1,1746,virus,0.997795581817627,0.041364,0.036348,0.375576,0.077373,0.025504,0.443834
NC_034527.1,1845,virus,0.9981801509857178,0.028092,0.033462,0.216951,0.028951,0.030714,0.661830
NC_034528.1,1986,archaea,0.9983261227607727,0.022841,0.030159,0.055225,0.625250,0.025251,0.241274
NC_034555.1,1816,virus,0.9929689764976501,0.013971,0.013676,0.017524,0.013978,0.013620,0.927231
NC_034558.1,1567,virus,0.9985559582710266,0.009496,0.013385,0.013673,0.010669,0.015958,0.936819
NC_034559.1,1597,phage,0.9998656511306763,0.022744,0.767246,0.035056,0.023196,0.021147,0.130610
NC_034562.1,1613,virus,0.9997816681861877,0.031721,0.023795,0.029625,0.088976,0.018027,0.807856
NC_034566.1,1859,virus,0.999308705329895,0.009813,0.011995,0.010989,0.009251,0.009903,0.948050
NC_034452.1,1707,phage,0.9998677968978882,0.076440,0.815450,0.022862,0.021707,0.041532,0.022009
NC_034457.1,1156,virus,0.9960838556289673,0.025748,0.062983,0.117912,0.031222,0.019138,0.742997
NC_034458.1,1212,eukarya,0.9754368662834167,0.069705,0.132591,0.510204,0.045734,0.080131,0.161636
NC_034464.1,1825,virus,0.9999126195907593,0.024247,0.041078,0.149559,0.081310,0.026070,0.677735
NC_034473.1,1813,virus,0.9989510774612427,0.008509,0.013398,0.010861,0.007833,0.008238,0.951160
NC_034476.1,1032,eukarya,0.9984816908836365,0.031168,0.057717,0.454135,0.025532,0.026834,0.404615
NC_034478.1,1048,eukarya,0.9957077503204346,0.034261,0.022413,0.770466,0.025065,0.016924,0.130871
NC_034480.1,1096,archaea,0.9999305009841919,0.027712,0.345873,0.035747,0.529812,0.029498,0.031359
NC_034484.1,1833,virus,0.9971966743469238,0.073993,0.147496,0.100941,0.232680,0.053056,0.391833
NC_034496.1,1111,eukarya,0.9970749616622925,0.025414,0.023943,0.829203,0.024225,0.015609,0.081604
NC_034498.1,1090,eukarya,0.9587463736534119,0.211874,0.198610,0.261277,0.077821,0.125225,0.125193
NC_034503.1,1898,virus,0.9996160268783569,0.014283,0.019301,0.035562,0.021858,0.020946,0.888050
NC_034386.1,1590,virus,0.9999263286590576,0.037233,0.135053,0.116150,0.049152,0.041614,0.620798
NC_034389.1,1787,virus,0.9994995594024658,0.058456,0.118052,0.170171,0.192281,0.042164,0.418875
NC_034394.1,1829,virus,0.9850024580955505,0.033731,0.035016,0.020805,0.017185,0.016147,0.877115
NC_034398.1,1754,virus,0.9970596432685852,0.010156,0.013790,0.014319,0.011327,0.011170,0.939238
NC_034400.1,1830,virus,0.9994377493858337,0.012005,0.056871,0.029400,0.016134,0.042177,0.843413
NC_034405.1,1731,virus,0.9979828596115112,0.012543,0.013509,0.024553,0.012244,0.012762,0.924388
NC_034254.1,1972,virus,0.9919267892837524,0.010352,0.008864,0.010968,0.010916,0.010130,0.948769
NC_034255.1,1606,virus,0.9944057464599609,0.028449,0.017252,0.023429,0.024836,0.010632,0.895403
NC_034258.1,1921,virus,0.9981301426887512,0.238908,0.077740,0.280548,0.050409,0.030163,0.322232
NC_034259.1,1373,phage,0.9980869293212891,0.137027,0.738620,0.021157,0.025430,0.059000,0.018766
NC_034262.1,1478,virus,0.9967154264450073,0.010520,0.013059,0.014469,0.012620,0.014332,0.935000
NC_034159.1,1609,archaea,0.9998410940170288,0.155349,0.107581,0.054641,0.541454,0.038700,0.102274
NC_034162.1,1397,phage,0.9929048418998718,0.242906,0.298307,0.225678,0.058052,0.128038,0.047019
NC_034163.1,1325,virus,0.9999788999557495,0.017504,0.021958,0.030849,0.018533,0.012549,0.898607
NC_034164.1,1141,eukarya,0.9999556541442871,0.035941,0.070540,0.617033,0.030375,0.032369,0.213742
NC_034167.1,1525,phage,0.9991344809532166,0.036691,0.731794,0.042339,0.040525,0.043433,0.105218
NC_034173.1,1932,virus,0.9998664855957031,0.077107,0.069068,0.282807,0.063445,0.068372,0.439201
NC_033831.1,1806,virus,0.9978848099708557,0.029285,0.028812,0.041158,0.053266,0.015658,0.831821
NC_033837.1,1628,virus,0.9991084933280945,0.045894,0.050889,0.048770,0.316960,0.028801,0.508685
NC_033839.1,1823,virus,0.9997757077217102,0.017024,0.023514,0.026641,0.018129,0.016723,0.897969
NC_033843.1,1864,virus,0.9989691972732544,0.087836,0.160209,0.100442,0.050776,0.050777,0.549960
NC_033845.1,1863,virus,0.9989261031150818,0.049185,0.138898,0.181521,0.129583,0.046147,0.454665
NC_033850.1,1819,virus,0.9808441996574402,0.020984,0.028690,0.026153,0.066119,0.015335,0.842720
NC_033851.1,1869,eukarya,0.9916343688964844,0.213052,0.067197,0.279985,0.054632,0.107600,0.277533
NC_033852.1,1766,virus,0.9799443483352661,0.015066,0.094333,0.025008,0.016099,0.012646,0.836847
NC_033785.1,1978,phage,0.9994829893112183,0.294502,0.439153,0.090141,0.037568,0.078567,0.060070
NC_033786.1,1775,eukarya,0.9991083741188049,0.029364,0.043657,0.646475,0.028371,0.026609,0.225525
NC_033787.1,1657,bacteria,0.9999737739562988,0.852733,0.041261,0.023074,0.031136,0.030995,0.020801
NC_033788.1,1165,eukarya,0.9997703433036804,0.058313,0.134480,0.604462,0.031151,0.035658,0.135937
NC_033789.1,1142,phage,0.9999885559082031,0.075495,0.785948,0.016101,0.021373,0.082072,0.019011
NC_033790.1,1103,eukarya,0.9999638795852661,0.018508,0.097886,0.811049,0.020526,0.018003,0.034030
NC_033748.1,1524,eukarya,0.9984652996063232,0.012692,0.022786,0.889527,0.015814,0.012477,0.046704
NC_033754.1,1730,virus,0.9993315935134888,0.019802,0.034060,0.041122,0.025968,0.020138,0.858910
NC_033755.1,1446,virus,0.9186025857925415,0.107526,0.051929,0.357432,0.033867,0.035592,0.413654
NC_033763.1,1491,eukarya,0.9917164444923401,0.025417,0.067669,0.709449,0.029551,0.023302,0.144613
NC_033764.1,1728,bacteria,0.9994572997093201,0.407305,0.159660,0.148534,0.112505,0.085087,0.086909
NC_033765.1,1549,virus,0.9981378316879272,0.055890,0.041007,0.095704,0.025465,0.022269,0.759666
NC_033766.1,1510,plasmid,0.9997301697731018,0.182239,0.066960,0.027213,0.029888,0.649677,0.044023
NC_033767.1,1503,bacteria,0.9994780421257019,0.467219,0.287895,0.040852,0.078814,0.059397,0.065824
NC_033768.1,1436,virus,0.9997945427894592,0.018870,0.019700,0.038558,0.016277,0.016916,0.889679
NC_033769.1,1379,phage,0.9970535039901733,0.077276,0.505742,0.188622,0.029932,0.050418,0.148010
NC_033770.1,1966,eukarya,0.9999685287475586,0.064338,0.144584,0.581925,0.040624,0.022232,0.146296
NC_033771.1,1762,virus,0.9998326301574707,0.034952,0.039668,0.380676,0.029189,0.034021,0.481494
NC_033478.1,1665,virus,0.9760386347770691,0.014034,0.026177,0.020444,0.016524,0.014986,0.907835
NC_033479.1,1759,virus,0.9972374439239502,0.023190,0.349293,0.038539,0.023001,0.021495,0.544482
NC_033483.1,1606,phage,0.997880220413208,0.022749,0.842261,0.021710,0.052325,0.021617,0.039338
NC_033484.1,1601,virus,0.9782683253288269,0.051361,0.044481,0.064601,0.060271,0.047058,0.732228
NC_033485.1,1698,virus,0.9999175071716309,0.191227,0.097817,0.030551,0.042434,0.044956,0.593015
NC_033486.1,1672,virus,0.9992702603340149,0.015381,0.173302,0.026913,0.021804,0.019020,0.743580
NC_033488.1,1556,virus,0.9721970558166504,0.013871,0.019567,0.014341,0.015789,0.012495,0.923936
NC_033494.1,1967,virus,0.9994632601737976,0.107902,0.093617,0.032112,0.030774,0.024595,0.711002
NC_033495.1,1131,phage,0.9880770444869995,0.120592,0.754531,0.029036,0.026144,0.043831,0.025866
NC_033496.1,1060,bacteria,0.9986724853515625,0.566934,0.084380,0.048829,0.159533,0.091970,0.048355
NC_033445.1,1622,virus,0.9943270087242126,0.061870,0.202624,0.042253,0.034293,0.025772,0.633186
NC_033447.1,1804,phage,0.9998458623886108,0.028449,0.702925,0.036149,0.026989,0.024845,0.180643
NC_033448.1,1656,virus,0.9995322227478027,0.055790,0.024939,0.031146,0.019833,0.011512,0.856780
NC_033449.1,1528,virus,0.9999305009841919,0.397816,0.044293,0.065487,0.040003,0.028544,0.423857
NC_033453.1,1592,virus,0.9992949962615967,0.033705,0.034724,0.249664,0.036873,0.022328,0.622705
NC_033454.1,1517,virus,0.9993963241577148,0.260488,0.049923,0.145533,0.063129,0.036748,0.444180
NC_032762.1,1684,eukarya,0.9993069171905518,0.075963,0.080109,0.502513,0.055473,0.068604,0.217338
NC_033033.1,1793,virus,0.9949829578399658,0.021571,0.051391,0.059085,0.022632,0.026978,0.818343
NC_033038.1,1790,eukarya,0.9926602840423584,0.020287,0.025262,0.869116,0.019330,0.018723,0.047282
NC_033281.1,1309,virus,0.9988704323768616,0.025363,0.203617,0.095498,0.035576,0.028276,0.611669
NC_033283.1,1625,virus,0.9982341527938843,0.016012,0.014328,0.018722,0.033699,0.018476,0.898764
NC_033285.1,1653,virus,0.9973662495613098,0.050320,0.058757,0.305223,0.066649,0.023844,0.495207
NC_033286.1,1637,virus,0.9969869256019592,0.024443,0.133813,0.061494,0.027358,0.019888,0.733004
NC_033288.1,1883,eukarya,0.9996771812438965,0.028715,0.036020,0.641549,0.047795,0.035955,0.209965
NC_033290.1,1212,archaea,0.9999855756759644,0.053481,0.090717,0.071790,0.651029,0.036967,0.096016
NC_033295.1,1924,virus,0.9997182488441467,0.026166,0.020498,0.056931,0.018724,0.015459,0.862222
NC_033297.1,1866,eukarya,0.9995660185813904,0.071822,0.099054,0.361954,0.158317,0.045894,0.262960
NC_033299.1,1803,eukarya,0.9979755282402039,0.030794,0.273696,0.376180,0.043341,0.032173,0.243816
NC_033301.1,1731,virus,0.9993840456008911,0.024637,0.234942,0.033923,0.030787,0.030586,0.645125
NC_033302.1,1602,virus,0.9952110648155212,0.045524,0.142794,0.259183,0.037988,0.030142,0.484370
NC_033306.1,1652,phage,0.991733193397522,0.033182,0.453325,0.186708,0.034761,0.037495,0.254528
NC_033308.1,1692,virus,0.9999505281448364,0.011788,0.027567,0.016870,0.015647,0.012467,0.915660
NC_033310.1,1788,virus,0.9840371608734131,0.014391,0.016401,0.021975,0.013218,0.011582,0.922433
NC_033312.1,1675,eukarya,0.9979367256164551,0.044301,0.074586,0.383147,0.158665,0.032373,0.306927
NC_033313.1,1789,phage,0.9996457099914551,0.149254,0.430735,0.133543,0.043177,0.135557,0.107735
NC_033314.1,1611,phage,0.9997156262397766,0.200997,0.608263,0.027950,0.029635,0.104006,0.029147
NC_033315.1,1589,phage,0.9999250173568726,0.021318,0.932414,0.008319,0.010731,0.015115,0.012104
NC_033316.1,1652,phage,0.9984769225120544,0.094434,0.396110,0.263465,0.050774,0.069298,0.125918
NC_033321.1,1939,eukarya,0.9984011054039001,0.028189,0.028344,0.565787,0.033753,0.033634,0.310293
NC_033322.1,1271,eukarya,0.9992738366127014,0.032168,0.033121,0.458952,0.026454,0.024987,0.424318
NC_033323.1,1521,virus,0.9991612434387207,0.029677,0.031277,0.250179,0.059421,0.021604,0.607841
NC_033324.1,1218,eukarya,0.9998173117637634,0.017246,0.013053,0.933163,0.011386,0.008314,0.016838
NC_033329.1,1549,virus,0.9998188614845276,0.015794,0.069216,0.020532,0.014400,0.018221,0.861837
NC_033330.1,1549,virus,0.9946451187133789,0.032835,0.036811,0.310689,0.033133,0.034706,0.551826
NC_033332.1,1541,eukarya,0.7657018899917603,0.028039,0.059954,0.438999,0.037294,0.076855,0.358859
NC_032646.1,1545,phage,0.999609649181366,0.019548,0.857969,0.026579,0.025444,0.019627,0.050833
NC_032648.1,1628,virus,0.9913365840911865,0.014791,0.098728,0.031021,0.015277,0.017268,0.822915
NC_032499.1,1534,phage,0.9997827410697937,0.053675,0.575630,0.067716,0.039583,0.028436,0.234960
NC_032500.1,1664,archaea,0.9996563196182251,0.034480,0.022768,0.021323,0.880683,0.012483,0.028264
NC_032501.1,1602,virus,0.9969422221183777,0.011666,0.014079,0.020499,0.011128,0.012534,0.930094
NC_032502.1,1564,phage,0.9998973608016968,0.082172,0.828307,0.017179,0.018364,0.033838,0.020140
NC_032503.1,1924,phage,0.9991076588630676,0.023540,0.911852,0.015593,0.013727,0.018038,0.017251
NC_032509.1,1763,virus,0.9985986351966858,0.011849,0.014335,0.016835,0.016425,0.013218,0.927339
NC_032513.1,1595,virus,0.9961534142494202,0.010162,0.017733,0.017062,0.013125,0.013862,0.928055
NC_032517.1,1404,virus,0.9993828535079956,0.099356,0.144561,0.111916,0.051914,0.055673,0.536579
NC_032518.1,1697,bacteria,0.9998546838760376,0.597248,0.164650,0.042247,0.071911,0.057900,0.066044
NC_032519.1,1580,virus,0.9831686019897461,0.039878,0.047223,0.175977,0.028388,0.025752,0.682782
NC_032522.1,1656,virus,0.9949365854263306,0.027331,0.118142,0.040144,0.030607,0.065134,0.718643
NC_032524.1,1444,phage,0.999736487865448,0.038553,0.777292,0.047043,0.038708,0.037613,0.060792
NC_032526.1,1264,eukarya,0.999697208404541,0.023353,0.079069,0.615805,0.028858,0.024416,0.228498
NC_032149.2,1811,virus,0.999976634979248,0.013759,0.012133,0.009874,0.013338,0.013608,0.937288
NC_032150.2,1890,virus,0.9989521503448486,0.012234,0.032435,0.014246,0.013130,0.014838,0.913117
NC_032256.1,1254,virus,0.9907546639442444,0.028842,0.025647,0.199027,0.050065,0.031871,0.664548
NC_032261.1,1896,eukarya,0.9999934434890747,0.075728,0.071539,0.579107,0.044511,0.070680,0.158434
NC_032262.1,1255,bacteria,0.9999810457229614,0.478744,0.192173,0.060242,0.067213,0.113004,0.088626
NC_032266.1,1814,phage,0.9999788999557495,0.072148,0.429315,0.223038,0.041480,0.056714,0.177305
NC_032267.1,1090,phage,0.9996774196624756,0.240384,0.287002,0.108713,0.038891,0.175991,0.149020
NC_032269.1,1464,virus,0.9980370402336121,0.015643,0.017449,0.027245,0.016482,0.013683,0.909498
NC_032274.1,1760,virus,0.9999526739120483,0.035179,0.034465,0.168655,0.052714,0.020989,0.687998
NC_032275.1,1320,phage,0.9999904632568359,0.050089,0.378525,0.185033,0.061503,0.036718,0.288132
NC_032279.1,1236,virus,0.9999017715454102,0.026325,0.040884,0.220357,0.168882,0.033267,0.510285
NC_032281.1,1579,virus,0.998594343662262,0.033777,0.028768,0.162093,0.030773,0.037921,0.706667
NC_032130.1,1560,virus,0.9996582269668579,0.014501,0.061911,0.020467,0.017098,0.015295,0.870727
NC_032131.1,1523,virus,0.9993897676467896,0.016011,0.060683,0.043734,0.018812,0.016734,0.844027
NC_032132.1,1222,virus,0.9982395172119141,0.016397,0.094246,0.017100,0.016171,0.017143,0.838943
NC_032133.1,1493,phage,0.9996776580810547,0.031737,0.871110,0.020681,0.016532,0.020809,0.039131
NC_032134.1,1467,eukarya,0.997885525226593,0.027873,0.083677,0.636450,0.032766,0.089169,0.130066
NC_032137.1,1582,phage,0.9999182224273682,0.030165,0.542348,0.083948,0.101558,0.041836,0.200144
NC_032138.1,1615,virus,0.9990345239639282,0.012994,0.046692,0.032969,0.017250,0.020061,0.870034
NC_032139.1,1743,phage,0.999974250793457,0.053744,0.621965,0.050239,0.035060,0.031121,0.207872
NC_032141.1,1041,virus,0.9975348711013794,0.011301,0.013570,0.015242,0.011884,0.011861,0.936142
NC_032146.1,1477,eukarya,0.9993671774864197,0.034011,0.030432,0.645182,0.029168,0.023373,0.237834
NC_032147.1,1381,eukarya,0.9975524544715881,0.042222,0.039165,0.474700,0.036319,0.024696,0.382898
NC_032148.1,1278,phage,0.9999161958694458,0.048815,0.688385,0.069692,0.041491,0.053185,0.098432
NC_032152.1,1580,virus,0.9994420409202576,0.025603,0.071642,0.370269,0.120455,0.037033,0.374998
NC_032155.1,1405,phage,0.9999771118164062,0.165358,0.486585,0.124026,0.067221,0.088760,0.068049
NC_032156.1,1742,bacteria,0.9997872710227966,0.320250,0.289182,0.047569,0.095372,0.036313,0.211313
NC_032157.1,1694,eukarya,0.9995818734169006,0.041814,0.185394,0.411188,0.029533,0.033754,0.298318
NC_032160.1,1591,virus,0.9939091205596924,0.037999,0.024924,0.367435,0.031735,0.032743,0.505163
NC_032166.1,1666,phage,0.9999822378158569,0.047050,0.775093,0.025459,0.032717,0.049404,0.070277
NC_032170.1,1572,virus,0.9997219443321228,0.034711,0.123158,0.025322,0.036166,0.034012,0.746632
NC_031314.1,1698,archaea,0.9980206489562988,0.049965,0.032770,0.106684,0.698921,0.021704,0.089956
NC_031315.1,1889,virus,0.9912880063056946,0.059647,0.032271,0.104562,0.028867,0.020021,0.754631
NC_031319.1,1454,eukarya,0.9943687319755554,0.026563,0.024199,0.726802,0.157967,0.018769,0.045701
NC_031322.1,1030,virus,0.999769389629364,0.029144,0.163639,0.051005,0.034146,0.030995,0.691071
NC_031286.1,1840,virus,0.9994003772735596,0.035114,0.048607,0.121716,0.045599,0.032151,0.716813
NC_031289.1,1790,virus,0.9995419979095459,0.129863,0.086348,0.330268,0.055872,0.038356,0.359294
NC_031296.1,1808,virus,0.9998730421066284,0.020254,0.038472,0.071618,0.065943,0.024228,0.779485
NC_031297.1,1116,eukarya,0.9983439445495605,0.047235,0.093152,0.587834,0.098754,0.029474,0.143551
NC_031219.1,1940,virus,0.9998766183853149,0.013812,0.039222,0.022194,0.022781,0.015587,0.886404
NC_031223.1,1233,archaea,0.9999309778213501,0.098237,0.281116,0.036389,0.453827,0.071514,0.058917
NC_031137.1,1969,phage,0.9998213648796082,0.130413,0.424989,0.093473,0.134966,0.067303,0.148855
NC_031140.1,1709,archaea,0.9981174468994141,0.108980,0.060616,0.123134,0.623972,0.036656,0.046643
NC_030889.1,1959,virus,0.999404788017273,0.036786,0.042586,0.078231,0.026032,0.018241,0.798124
NC_030890.1,1763,virus,0.9990309476852417,0.026740,0.035784,0.146423,0.027621,0.031419,0.732015
NC_030891.1,1953,eukarya,0.9991713762283325,0.028972,0.227862,0.642674,0.032537,0.029647,0.038309
NC_030875.1,1955,eukarya,0.9982479810714722,0.027139,0.044830,0.463529,0.031955,0.028225,0.404321
NC_030876.1,1918,eukarya,0.9999109506607056,0.026803,0.021923,0.818430,0.024709,0.017907,0.090228
NC_030751.1,1700,phage,0.9995425939559937,0.019720,0.757208,0.026740,0.024835,0.024751,0.146745
NC_030658.1,1833,virus,0.9999828338623047,0.036436,0.093912,0.038020,0.073934,0.036168,0.721529
NC_030659.1,1194,eukarya,0.9880097508430481,0.017350,0.016003,0.887449,0.033504,0.014494,0.031200
NC_030661.1,1335,eukarya,0.9999333620071411,0.030211,0.093661,0.562566,0.052564,0.024456,0.236543
NC_030663.1,1491,phage,0.9999592304229736,0.284827,0.402336,0.056271,0.110685,0.079307,0.066575
NC_030479.1,1524,eukarya,0.9946413040161133,0.011216,0.014325,0.936163,0.012431,0.011918,0.013946
NC_030480.1,1682,virus,0.9932302236557007,0.019935,0.049145,0.128346,0.024197,0.042657,0.735721
NC_030407.1,1400,phage,0.9784113168716431,0.079870,0.416670,0.052603,0.058498,0.186276,0.206081
NC_030408.1,1317,virus,0.9988065958023071,0.107458,0.135208,0.069923,0.039927,0.257831,0.389653
NC_030409.1,1118,virus,0.9996939897537231,0.022742,0.026254,0.128435,0.022397,0.021746,0.778427
NC_030243.1,1584,virus,0.999351441860199,0.055508,0.323559,0.056794,0.027013,0.035733,0.501392
NC_030245.1,1536,virus,0.999950647354126,0.023838,0.019094,0.071721,0.018713,0.017286,0.849348
NC_030152.1,1512,virus,0.9997023940086365,0.027856,0.073964,0.242051,0.028105,0.027845,0.600179
NC_030153.1,1304,eukarya,0.9693536162376404,0.025879,0.071140,0.588676,0.028367,0.022118,0.263821
NC_030154.1,1223,eukarya,0.9997981190681458,0.023461,0.018698,0.848589,0.020777,0.020174,0.068302
NC_030155.1,1170,eukarya,0.999735414981842,0.031843,0.074874,0.463573,0.027792,0.024379,0.377540
NC_030156.1,1093,eukarya,0.9995130300521851,0.019101,0.028815,0.866321,0.017271,0.013105,0.055387
NC_030157.1,1000,virus,0.9998683929443359,0.154268,0.217656,0.205708,0.040590,0.154387,0.227392
NC_029915.1,1322,bacteria,0.9935467839241028,0.324187,0.102935,0.093202,0.053765,0.302528,0.123382
NC_029916.1,1209,eukarya,0.9995668530464172,0.064915,0.167179,0.447877,0.041528,0.171909,0.106591
NC_029919.1,1277,virus,0.994178295135498,0.069309,0.051372,0.153624,0.036512,0.050455,0.638727
NC_029920.1,1068,virus,0.9694564938545227,0.020340,0.219661,0.032987,0.021249,0.022516,0.683247
NC_029921.1,1471,eukarya,0.9233924746513367,0.014244,0.013278,0.922444,0.015394,0.012029,0.022611
NC_029922.1,1250,virus,0.9989872574806213,0.034011,0.032592,0.189483,0.045766,0.023364,0.674784
NC_029923.1,1099,virus,0.9996091723442078,0.161568,0.057413,0.108067,0.140341,0.027741,0.504871
NC_029926.1,1641,virus,0.9804869294166565,0.012108,0.017281,0.018399,0.015750,0.014896,0.921566
NC_029927.1,1371,virus,0.9866920113563538,0.071097,0.216959,0.059929,0.032337,0.055374,0.564304
NC_029928.1,1044,eukarya,0.8731901049613953,0.022336,0.021893,0.862331,0.020980,0.015729,0.056731
NC_029932.1,1719,eukarya,0.9999557733535767,0.106186,0.069308,0.503317,0.086707,0.054294,0.180188
NC_029936.1,1761,virus,0.9999488592147827,0.022218,0.082801,0.061501,0.028999,0.018295,0.786186
NC_029802.1,1730,phage,0.9998568296432495,0.012776,0.923014,0.013345,0.014434,0.018774,0.017657
NC_029550.1,1441,phage,0.9999955892562866,0.022228,0.490961,0.051882,0.055460,0.031103,0.348366
NC_029551.1,1682,archaea,0.9999901056289673,0.036679,0.370336,0.056687,0.431783,0.042347,0.062168
NC_029552.1,1715,virus,0.9991820454597473,0.013993,0.034840,0.018524,0.017702,0.016745,0.898196
NC_029553.1,1752,virus,0.9999905824661255,0.045088,0.358414,0.079467,0.101989,0.042537,0.372505
NC_029554.1,1434,phage,0.9996622800827026,0.112843,0.521868,0.079885,0.159277,0.072316,0.053811
NC_029555.1,1339,eukarya,0.9998980760574341,0.012605,0.013182,0.929120,0.013118,0.010827,0.021147
NC_029557.1,1563,eukarya,0.9996911287307739,0.026501,0.056538,0.486979,0.135275,0.027974,0.266733
NC_029559.1,1365,archaea,0.9999750852584839,0.025027,0.265730,0.039672,0.547027,0.027041,0.095503
NC_029560.1,1675,archaea,0.9999961853027344,0.020381,0.217561,0.043503,0.633009,0.026942,0.058604
NC_029561.1,1718,virus,0.9999865293502808,0.024062,0.296338,0.057677,0.038261,0.032122,0.551541
NC_029563.1,1490,virus,0.9998942613601685,0.023326,0.085997,0.280658,0.032784,0.026000,0.551233
NC_029564.1,1472,virus,0.9999434947967529,0.023669,0.252943,0.039361,0.064625,0.031517,0.587885
NC_029566.1,1752,phage,0.9998500347137451,0.030378,0.667728,0.028496,0.157783,0.038586,0.077030
NC_029568.1,1212,virus,0.9908515810966492,0.030411,0.022623,0.176246,0.057949,0.032488,0.680282
NC_029569.1,1801,virus,0.9999855756759644,0.038009,0.292495,0.030275,0.092399,0.043201,0.503621
NC_029571.1,1095,virus,0.9999736547470093,0.020997,0.136419,0.122712,0.020815,0.024242,0.674815
NC_029572.1,1089,virus,0.9990348815917969,0.018853,0.038762,0.029440,0.014727,0.015849,0.882368
NC_029573.1,1273,virus,0.999987006187439,0.036599,0.146938,0.160718,0.240364,0.049298,0.366083
NC_029574.1,1442,phage,0.9998557567596436,0.030502,0.695426,0.048283,0.127865,0.044074,0.053849
NC_029122.1,1699,archaea,0.9996135830879211,0.025312,0.392226,0.038137,0.417244,0.044353,0.082728
NC_029129.1,1755,virus,0.9995506405830383,0.062282,0.353861,0.096879,0.053821,0.041668,0.391489
NC_028494.1,1576,eukarya,0.9978014826774597,0.056295,0.086506,0.651557,0.032113,0.113638,0.059891
NC_028499.1,1762,eukarya,0.9917297959327698,0.017223,0.050510,0.872962,0.016683,0.018514,0.024108
NC_028391.1,1940,eukarya,0.923372745513916,0.057686,0.114080,0.548660,0.037325,0.042576,0.199674
NC_028401.1,1845,virus,0.9977420568466187,0.046254,0.214965,0.076281,0.052872,0.036700,0.572928
NC_027822.1,1767,phage,0.9990825653076172,0.084070,0.605008,0.044005,0.032587,0.148932,0.085398
NC_027823.1,1574,eukarya,0.9926223754882812,0.018994,0.113723,0.652487,0.027625,0.052054,0.135117
NC_027802.1,1199,plasmid,0.9994571805000305,0.079545,0.261756,0.080588,0.037476,0.473510,0.067125
NC_027804.1,1775,eukarya,0.9994624257087708,0.027047,0.049193,0.713336,0.028327,0.023973,0.158124
NC_027805.1,1165,virus,0.999496340751648,0.057912,0.173868,0.151739,0.035413,0.037544,0.543524
NC_027806.1,1151,phage,0.9999849796295166,0.066285,0.708375,0.020068,0.023575,0.158369,0.023328
NC_027810.1,1110,phage,0.9980857372283936,0.022409,0.488657,0.065054,0.029646,0.021920,0.372315
NC_027813.1,1979,phage,0.9994251728057861,0.103661,0.707496,0.046262,0.033675,0.040852,0.068054
NC_027814.1,1636,bacteria,0.9999791383743286,0.850221,0.042188,0.018887,0.027255,0.041722,0.019726
NC_027815.1,1100,eukarya,0.9999723434448242,0.019130,0.127118,0.769073,0.020062,0.018991,0.045627
NC_027716.2,1681,virus,0.7750324010848999,0.040408,0.054061,0.195186,0.042903,0.030323,0.637118
NC_027536.1,1931,eukarya,0.16236594319343567,0.026680,0.022221,0.776680,0.026303,0.023573,0.124543
NC_027537.1,1767,virus,0.9878247976303101,0.017783,0.031222,0.050117,0.017795,0.015245,0.867839
NC_027538.1,1700,virus,0.9934830069541931,0.063507,0.061673,0.252949,0.051136,0.133422,0.437313
NC_027540.1,1920,eukarya,0.9088736772537231,0.019579,0.022102,0.859946,0.018844,0.017535,0.061994
NC_027541.1,1805,eukarya,0.9831181764602661,0.053105,0.113650,0.455275,0.066286,0.227099,0.084585
NC_027542.1,1761,virus,0.9852295517921448,0.030375,0.038012,0.422484,0.033645,0.023727,0.451757
NC_027543.1,1686,eukarya,0.9990096092224121,0.135647,0.201388,0.320334,0.076640,0.141965,0.124027
NC_027544.1,1207,phage,0.9982951283454895,0.035741,0.686809,0.163602,0.046674,0.033619,0.033556
NC_027545.1,1169,bacteria,0.9985338449478149,0.693109,0.079888,0.019730,0.020689,0.167194,0.019389
NC_027548.1,1672,bacteria,0.9994266033172607,0.471195,0.133306,0.121174,0.053563,0.105998,0.114765
NC_027549.1,1230,eukarya,0.9973276853561401,0.244053,0.090260,0.491960,0.047878,0.071918,0.053931
NC_027550.1,1177,virus,0.7628265023231506,0.010156,0.015311,0.013156,0.009660,0.010419,0.941297
NC_027551.1,1005,phage,0.9977865219116211,0.052398,0.532618,0.152912,0.040084,0.086966,0.135023
NC_027555.1,1944,virus,0.9930536150932312,0.044371,0.036942,0.419165,0.036028,0.040137,0.423357
NC_027556.1,1806,virus,0.999424934387207,0.058811,0.097112,0.254835,0.053808,0.051384,0.484050
NC_027557.1,1673,eukarya,0.9970577955245972,0.191981,0.070722,0.270666,0.044963,0.174156,0.247512
NC_027558.1,1644,phage,0.9997443556785583,0.317441,0.401254,0.078001,0.062392,0.076655,0.064257
NC_027559.1,1180,virus,0.999037504196167,0.011036,0.013309,0.019038,0.010665,0.010520,0.935432
NC_027560.1,1167,phage,0.9746999740600586,0.124148,0.320057,0.314394,0.053291,0.124547,0.063564
NC_027561.1,1093,phage,0.9993639588356018,0.043111,0.708803,0.040185,0.069552,0.097629,0.040720
NC_027570.1,1825,virus,0.9999253749847412,0.029515,0.083463,0.044777,0.024432,0.022150,0.795664
NC_027573.1,1533,eukarya,0.9999232292175293,0.034617,0.046273,0.450789,0.034280,0.032001,0.402039
NC_027576.1,1345,virus,0.9996629953384399,0.011437,0.015012,0.018173,0.012333,0.009407,0.933639
NC_027142.1,1871,virus,0.8501866459846497,0.082042,0.068835,0.155455,0.056497,0.042135,0.595037
NC_026820.2,1485,virus,0.9985318183898926,0.030880,0.351953,0.105657,0.041557,0.022473,0.447480
NC_026821.2,1018,virus,0.9998910427093506,0.028599,0.045449,0.162575,0.027151,0.034772,0.701455
NC_026829.2,1278,archaea,0.9999581575393677,0.054625,0.067401,0.332281,0.417606,0.027926,0.100160
NC_026433.1,1701,virus,0.994768500328064,0.031941,0.059029,0.065853,0.128201,0.029856,0.685120
NC_026434.1,1410,archaea,0.9997777342796326,0.053799,0.147896,0.156814,0.425251,0.049437,0.166804
NC_026436.1,1497,virus,0.9960525035858154,0.015092,0.018841,0.043415,0.016391,0.019968,0.886294
NC_026425.1,1708,virus,0.9979428648948669,0.033846,0.137290,0.050707,0.064303,0.035074,0.678780
NC_026426.1,1506,virus,0.9829628467559814,0.019034,0.020533,0.057270,0.015622,0.019578,0.867964
NC_026429.1,1398,virus,0.8732897043228149,0.058608,0.111238,0.101979,0.281836,0.059719,0.386620
NC_025838.1,1431,virus,0.9984121322631836,0.057231,0.272240,0.091274,0.041131,0.087532,0.450593
NC_025839.1,1339,eukarya,0.9873934984207153,0.013154,0.027954,0.872065,0.017276,0.018336,0.051215
NC_025840.1,1160,phage,0.999636173248291,0.033881,0.545483,0.042963,0.031355,0.041411,0.304906
NC_025841.1,1155,virus,0.9989994168281555,0.015560,0.039981,0.021827,0.011672,0.011939,0.899021
NC_025842.1,1143,plasmid,0.9999699592590332,0.174103,0.238259,0.066685,0.039087,0.408951,0.072916
NC_025852.1,1879,virus,0.9999167919158936,0.010348,0.015793,0.015312,0.013199,0.010230,0.935117
NC_025853.1,1695,eukarya,0.9997363686561584,0.077990,0.098054,0.618796,0.031107,0.045904,0.128148
NC_025833.1,1760,virus,0.9999308586120605,0.092903,0.213673,0.118414,0.083422,0.041710,0.449878
NC_025805.1,1983,eukarya,0.9998414516448975,0.045028,0.131836,0.704085,0.031666,0.037104,0.050281
NC_025806.1,1596,virus,0.9991408586502075,0.072056,0.307843,0.163432,0.041691,0.048614,0.366364
NC_025807.1,1179,eukarya,0.9994291663169861,0.061890,0.085227,0.488760,0.052355,0.037696,0.274072
NC_025809.1,1323,eukarya,0.9978245496749878,0.016056,0.024516,0.857712,0.017899,0.015174,0.068643
NC_025810.1,1184,eukarya,0.9995157718658447,0.056540,0.149948,0.405734,0.047629,0.040922,0.299227
NC_025793.1,1691,virus,0.9984166622161865,0.016435,0.017849,0.027717,0.024312,0.019573,0.894113
NC_025798.1,1596,eukarya,0.9985540509223938,0.038435,0.032994,0.549992,0.036933,0.023727,0.317919
NC_025489.1,1151,phage,0.999863862991333,0.073559,0.589643,0.035074,0.032454,0.059471,0.209799
NC_025490.1,1140,virus,0.9999359846115112,0.020135,0.098547,0.148893,0.029343,0.022712,0.680369
NC_025491.1,1170,virus,0.9996708631515503,0.020458,0.023257,0.020656,0.019132,0.014023,0.902474
NC_025492.1,1778,virus,0.9999324083328247,0.011768,0.023769,0.013292,0.009986,0.012314,0.928872
NC_024910.1,1838,phage,0.9999864101409912,0.036005,0.723646,0.037391,0.029937,0.086198,0.086823
NC_024911.1,1609,phage,0.9999786615371704,0.070761,0.725684,0.017876,0.031201,0.059166,0.095314
NC_024912.1,1600,virus,0.9998041987419128,0.026169,0.104799,0.039221,0.027213,0.044673,0.757925
NC_024920.1,1874,bacteria,0.9998179078102112,0.281073,0.234989,0.069269,0.061316,0.177845,0.175508
NC_024707.1,1261,eukarya,0.9980934262275696,0.017189,0.029885,0.876011,0.017175,0.013270,0.046469
NC_024476.1,1934,virus,0.9998654127120972,0.038374,0.030697,0.193780,0.045730,0.025142,0.666277
NC_024493.1,1421,virus,0.999546229839325,0.023261,0.150887,0.085499,0.029407,0.034927,0.676020
NC_024496.1,1772,eukarya,0.9913082718849182,0.044528,0.040592,0.484668,0.243631,0.030179,0.156402
NC_024499.1,1103,eukarya,0.9998648166656494,0.047305,0.080201,0.767627,0.040215,0.027956,0.036697
NC_024508.1,1681,bacteria,0.9998764991760254,0.921348,0.014293,0.011299,0.013458,0.027543,0.012060
NC_024509.1,1357,bacteria,0.9974417686462402,0.440122,0.088631,0.118482,0.045590,0.234895,0.072280
NC_024510.1,1171,virus,0.9919869899749756,0.034872,0.141523,0.032739,0.023964,0.024096,0.742805
NC_023817.1,1281,phage,0.9994611144065857,0.319460,0.483733,0.041416,0.037708,0.075121,0.042562
NC_023818.1,1211,phage,0.9995043277740479,0.028369,0.574282,0.081755,0.034892,0.037072,0.243629
NC_023821.1,1314,virus,0.9724304676055908,0.010180,0.012853,0.016963,0.013412,0.012051,0.934542
NC_023822.1,1554,phage,0.9996204376220703,0.023272,0.750418,0.026529,0.025747,0.075112,0.098921
NC_023685.1,1810,eukarya,0.9997783303260803,0.033445,0.040803,0.542221,0.030058,0.025627,0.327846
NC_023634.1,1798,eukarya,0.9937511086463928,0.111522,0.054023,0.610387,0.064465,0.022640,0.136963
NC_023489.1,1746,virus,0.9999721050262451,0.018253,0.031524,0.071132,0.020629,0.018387,0.840074
NC_023490.1,1504,eukarya,0.9998792409896851,0.060405,0.053395,0.738743,0.029406,0.056582,0.061468
NC_023493.1,1841,virus,0.9999550580978394,0.116398,0.100224,0.074920,0.041035,0.058419,0.609004
NC_023494.1,1584,phage,0.9998562335968018,0.175400,0.274067,0.069021,0.061738,0.258832,0.160943
NC_023495.1,1185,phage,0.9998577833175659,0.083047,0.423432,0.215767,0.049109,0.057033,0.171612
NC_022632.1,1871,bacteria,0.9985563158988953,0.501724,0.145485,0.132178,0.072402,0.099030,0.049181
NC_022635.1,1814,eukarya,0.9966797828674316,0.016987,0.036629,0.820680,0.020864,0.020821,0.084020
NC_022636.1,1162,virus,0.9968389272689819,0.011198,0.012243,0.025330,0.011752,0.011218,0.928258
NC_022637.1,1028,eukarya,0.9999585151672363,0.330834,0.067245,0.392566,0.072274,0.061129,0.075952
NC_022640.1,1977,virus,0.9981458187103271,0.065848,0.051316,0.029809,0.023399,0.030100,0.799529
NC_022641.1,1653,bacteria,0.9999376535415649,0.835084,0.061754,0.016021,0.021645,0.045539,0.019956
NC_022615.1,1837,eukarya,0.9997888207435608,0.024767,0.028171,0.793665,0.021580,0.016233,0.115584
NC_022616.1,1936,virus,0.9996115565299988,0.015371,0.039345,0.018444,0.012684,0.011982,0.902174
NC_022617.1,1710,virus,0.9998855590820312,0.021918,0.030012,0.077068,0.018659,0.018279,0.834064
NC_022621.1,1997,virus,0.9980249404907227,0.028403,0.021465,0.076245,0.023289,0.015766,0.834832
NC_022622.1,1069,eukarya,0.9999420642852783,0.016726,0.027401,0.906697,0.017067,0.011924,0.020186
NC_022623.1,1179,bacteria,0.999599277973175,0.697769,0.095440,0.042678,0.030651,0.073053,0.060409
NC_022624.1,1690,virus,0.9998268485069275,0.050362,0.059652,0.084101,0.047199,0.079569,0.679117
NC_022628.1,1682,bacteria,0.9999114274978638,0.876139,0.025651,0.011114,0.015754,0.058596,0.012748
NC_022629.1,1925,virus,0.9912979602813721,0.042416,0.060670,0.338939,0.033866,0.034455,0.489654
NC_022556.1,1747,bacteria,0.9998973608016968,0.585462,0.152413,0.066160,0.044025,0.090837,0.061103
NC_022557.1,1125,bacteria,0.9998717308044434,0.511167,0.109159,0.100871,0.042616,0.162107,0.074079
NC_022558.1,1034,eukarya,0.9999940395355225,0.045557,0.207515,0.623502,0.034820,0.043747,0.044859
NC_022560.1,1978,bacteria,0.9967459440231323,0.276886,0.210555,0.123657,0.039532,0.089990,0.259380
NC_022561.1,1627,phage,0.9998528957366943,0.318650,0.457732,0.085712,0.035816,0.071330,0.030760
NC_022562.1,1158,phage,0.9999392032623291,0.022046,0.607292,0.179330,0.031450,0.028585,0.131297
NC_022037.1,1672,eukarya,0.9978746175765991,0.018470,0.131121,0.752623,0.024140,0.017380,0.056265
NC_021873.1,1712,eukarya,0.9996306896209717,0.040051,0.048608,0.486905,0.028721,0.030328,0.365386
NC_021874.1,1352,phage,0.9996694326400757,0.105821,0.738096,0.043512,0.024305,0.058441,0.029826
NC_021628.1,1068,phage,0.9999184608459473,0.027508,0.840584,0.015889,0.020249,0.025840,0.069930
NC_021632.1,1791,virus,0.9958235025405884,0.017163,0.020487,0.025198,0.016292,0.013926,0.906934
NC_021633.1,1309,phage,0.9999039173126221,0.116587,0.544337,0.081799,0.038281,0.059511,0.159485
NC_021635.1,1314,virus,0.9999381303787231,0.040045,0.309490,0.038765,0.033933,0.035503,0.542265
NC_021583.1,1295,phage,0.9994365572929382,0.030541,0.620464,0.030470,0.136365,0.030758,0.151401
NC_021584.1,1012,phage,0.9999575614929199,0.375221,0.405440,0.041413,0.082795,0.049240,0.045891
NC_021585.1,1052,eukarya,0.9999278783798218,0.029309,0.027706,0.568470,0.182886,0.032225,0.159404
NC_021588.1,1267,virus,0.9995589852333069,0.032221,0.084833,0.057457,0.146259,0.025824,0.653406
NC_021544.1,1269,virus,0.9998433589935303,0.038972,0.232246,0.025851,0.026610,0.029867,0.646454
NC_021546.1,1276,virus,0.9934545755386353,0.039174,0.055157,0.022710,0.034044,0.029130,0.819784
NC_021547.1,1179,virus,0.9998233914375305,0.026548,0.070108,0.191440,0.022186,0.034803,0.654915
NC_021548.1,1007,phage,0.9996832609176636,0.233859,0.344006,0.074236,0.050243,0.091762,0.205895
NC_021480.1,1060,virus,0.9946079254150391,0.018063,0.330664,0.033417,0.021135,0.020016,0.576705
NC_021244.1,1876,virus,0.989795982837677,0.131980,0.226181,0.188846,0.103346,0.069475,0.280172
NC_021223.1,1762,phage,0.9979287385940552,0.035614,0.806160,0.027196,0.025484,0.076309,0.029238
NC_020445.1,1192,eukarya,0.9998185038566589,0.068979,0.202387,0.526501,0.052192,0.045556,0.104385
NC_020443.1,1984,eukarya,0.9988725781440735,0.077277,0.229010,0.359016,0.065840,0.105983,0.162874
NC_020444.1,1322,eukarya,0.9981642365455627,0.014111,0.020342,0.896336,0.015335,0.013894,0.039981
NC_020446.1,1184,virus,0.9996570348739624,0.125515,0.213319,0.250762,0.063687,0.037457,0.309260
NC_020448.1,1605,virus,0.999062716960907,0.029181,0.076780,0.120896,0.030283,0.056924,0.685935
NC_020234.1,1985,virus,0.9999418258666992,0.012384,0.028198,0.018151,0.019255,0.011186,0.910826
NC_020235.1,1828,eukarya,0.9998682737350464,0.017836,0.020120,0.893711,0.017540,0.012699,0.038094
NC_018137.1,1744,eukarya,0.9959860444068909,0.049996,0.055013,0.411438,0.213426,0.037963,0.232165
NC_017988.1,1491,phage,0.9961830973625183,0.152977,0.272983,0.215089,0.056763,0.093288,0.208900
NC_017989.1,1577,phage,0.9922080636024475,0.037702,0.793558,0.026527,0.052624,0.037980,0.051609
NC_016877.1,1761,eukarya,0.9969102740287781,0.057401,0.197546,0.411361,0.052983,0.069656,0.211054
NC_016878.1,1121,virus,0.9904719591140747,0.014960,0.021824,0.034530,0.016265,0.012755,0.899665
NC_016882.1,1937,eukarya,0.9821089506149292,0.034297,0.053005,0.409516,0.031844,0.071268,0.400071
NC_016883.1,1205,virus,0.9948723912239075,0.017333,0.014349,0.018670,0.014086,0.010382,0.925179
NC_016087.1,1724,eukarya,0.9964498281478882,0.022383,0.043388,0.837293,0.023081,0.017625,0.056231
NC_015882.1,1892,virus,0.9996546506881714,0.023952,0.351347,0.211747,0.036801,0.024735,0.351419
NC_015883.1,1311,phage,0.9931634664535522,0.135624,0.366531,0.176427,0.070345,0.055666,0.195407
NC_015884.1,1253,eukarya,0.9994020462036133,0.037789,0.115994,0.514139,0.033582,0.032374,0.266122
NC_015886.1,1150,phage,0.9999502897262573,0.036155,0.744103,0.070219,0.025478,0.032056,0.091989
NC_015494.1,1696,phage,0.9959555864334106,0.048179,0.546787,0.031773,0.033541,0.102486,0.237234
NC_015495.1,1415,virus,0.9998342990875244,0.045026,0.207551,0.071168,0.031091,0.025274,0.619890
NC_015452.1,1830,virus,0.9949204325675964,0.029364,0.035434,0.179824,0.030945,0.026882,0.697553
NC_015413.1,1761,virus,0.9957410097122192,0.022949,0.047577,0.059279,0.033417,0.029267,0.807511
NC_015375.1,1842,virus,0.9980102181434631,0.016038,0.021450,0.021642,0.020448,0.014225,0.906197
NC_015300.1,1544,eukarya,0.9996880292892456,0.026067,0.080217,0.539532,0.038054,0.024046,0.292085
NC_015301.1,1541,virus,0.9991934895515442,0.066489,0.057786,0.084693,0.031643,0.062830,0.696559
NC_015131.1,1996,eukarya,0.9975020289421082,0.031980,0.316234,0.473703,0.042190,0.035515,0.100378
NC_015132.1,1645,eukarya,0.9862935543060303,0.032493,0.063139,0.434561,0.034102,0.031841,0.403864
NC_015133.1,1324,phage,0.9872358441352844,0.103873,0.423805,0.111751,0.054927,0.184909,0.120735
NC_015134.1,1202,phage,0.9968485236167908,0.034171,0.401343,0.052032,0.042625,0.250931,0.218898
NC_015135.1,1192,virus,0.9994710087776184,0.025958,0.080503,0.082389,0.038806,0.100978,0.671367
NC_014977.1,1183,virus,0.9996601343154907,0.025754,0.061756,0.154046,0.029380,0.019742,0.709323
NC_014711.1,1928,virus,0.9997062087059021,0.028657,0.032043,0.164003,0.024697,0.024367,0.726234
NC_014712.1,1900,eukarya,0.9998711347579956,0.018800,0.023556,0.856422,0.018332,0.018074,0.064816
NC_014713.1,1798,bacteria,0.9999746084213257,0.482721,0.306783,0.022930,0.035521,0.076216,0.075829
NC_014524.1,1936,eukarya,0.9957097768783569,0.110634,0.354537,0.379185,0.040963,0.057722,0.056959
NC_014525.1,1731,eukarya,0.9356595277786255,0.043864,0.036410,0.519609,0.038464,0.049695,0.311957
NC_014526.1,1722,eukarya,0.9832487106323242,0.056322,0.174590,0.546049,0.039200,0.052250,0.131589
NC_014527.1,1666,eukarya,0.9992444515228271,0.174544,0.059496,0.604810,0.041167,0.078251,0.041732
NC_014528.1,1181,eukarya,0.9985128045082092,0.108499,0.081120,0.368280,0.221124,0.082899,0.138077
NC_014529.1,1172,eukarya,0.9886935353279114,0.016795,0.026762,0.890448,0.022299,0.027552,0.016145
NC_014530.1,1056,phage,0.9942881464958191,0.038339,0.860918,0.014843,0.019114,0.046985,0.019801
NC_014603.1,1996,eukarya,0.9997747540473938,0.028946,0.025441,0.687392,0.025733,0.020211,0.212276
NC_014604.1,1957,eukarya,0.9999140501022339,0.028379,0.032705,0.715934,0.038953,0.030150,0.153880
NC_014605.1,1936,eukarya,0.9995496869087219,0.039134,0.020324,0.856263,0.021626,0.029582,0.033071
NC_014606.1,1205,eukarya,0.995296061038971,0.030158,0.051642,0.684382,0.023039,0.015353,0.195426
NC_014607.1,1141,eukarya,0.997570812702179,0.030305,0.147176,0.590473,0.028253,0.036499,0.167294
NC_014515.1,1872,virus,0.9987344145774841,0.137400,0.057474,0.228791,0.049775,0.078293,0.448266
NC_014516.1,1353,phage,0.9999675750732422,0.032866,0.409240,0.131510,0.045565,0.037962,0.342856
NC_014517.1,1242,phage,0.9999622106552124,0.064340,0.784308,0.038038,0.045342,0.041800,0.026172
NC_014518.1,1026,phage,0.9999608993530273,0.116043,0.522980,0.083203,0.157631,0.063534,0.056609
NC_014519.1,1025,virus,0.9999560117721558,0.018584,0.216788,0.026324,0.018803,0.024148,0.695354
NC_014395.1,1690,virus,0.9877619743347168,0.158461,0.117498,0.144522,0.080813,0.075454,0.423252
NC_014242.1,1316,virus,0.9951677322387695,0.058859,0.042264,0.110390,0.026056,0.024891,0.737539
NC_014243.1,1231,bacteria,0.9998844861984253,0.684313,0.040670,0.079778,0.029595,0.044407,0.121236
NC_014244.1,1203,bacteria,0.9999521970748901,0.417554,0.062424,0.224917,0.045700,0.030678,0.218727
NC_013471.1,1739,phage,0.9975335597991943,0.024964,0.910844,0.013105,0.014707,0.021779,0.014601
NC_013459.1,1433,eukarya,0.9998316764831543,0.030279,0.063599,0.761202,0.029465,0.034973,0.080482
NC_013461.1,1422,phage,0.9999624490737915,0.046466,0.436271,0.354104,0.057966,0.040285,0.064908
NC_013399.1,1983,phage,0.9995580315589905,0.075622,0.428633,0.049872,0.038969,0.067046,0.339859
NC_013400.1,1803,eukarya,0.9947463870048523,0.033772,0.063735,0.593325,0.033037,0.022023,0.254108
NC_013401.1,1640,bacteria,0.9999833106994629,0.669832,0.152492,0.028006,0.029895,0.093035,0.026740
NC_013402.1,1162,virus,0.9924720525741577,0.022832,0.019027,0.022737,0.015384,0.014461,0.905559
NC_013403.1,1186,phage,0.9995028972625732,0.025167,0.522999,0.291721,0.030507,0.028027,0.101579
NC_013404.1,1143,eukarya,0.9999538660049438,0.011094,0.015984,0.922034,0.014331,0.014332,0.022225
NC_013231.1,1368,phage,0.9993839263916016,0.043028,0.388443,0.131921,0.189733,0.032220,0.214654
NC_013232.1,1331,virus,0.6559378504753113,0.011600,0.025275,0.024582,0.019602,0.033852,0.885089
NC_013233.1,1198,virus,0.9998800754547119,0.017043,0.042375,0.060721,0.021941,0.020162,0.837758
NC_013234.1,1098,virus,0.9985744953155518,0.050306,0.045968,0.351471,0.030433,0.027752,0.494070
NC_013107.1,1348,virus,0.999613344669342,0.021850,0.042168,0.216424,0.027742,0.016124,0.675693
NC_013108.1,1559,archaea,0.9998983144760132,0.024386,0.192085,0.030859,0.667181,0.030470,0.055019
NC_013112.1,1137,eukarya,0.994157075881958,0.010182,0.016601,0.928252,0.013973,0.015808,0.015185
NC_013014.1,1874,bacteria,0.9994435906410217,0.310628,0.197303,0.228521,0.043559,0.063887,0.156102
NC_013015.1,1852,virus,0.9999479055404663,0.031859,0.019718,0.374744,0.036045,0.025657,0.511978
NC_012540.1,1665,virus,0.9999321699142456,0.015552,0.137023,0.035228,0.015446,0.013358,0.783392
NC_012541.1,1702,virus,0.9996281862258911,0.045948,0.181881,0.125604,0.033707,0.068755,0.544103
NC_012542.1,1434,phage,0.9999737739562988,0.016128,0.909181,0.014095,0.017598,0.018002,0.024997
NC_012543.1,1187,eukarya,0.990081250667572,0.021017,0.023271,0.842562,0.017410,0.017926,0.077814
NC_012544.1,1205,phage,0.9991384744644165,0.028770,0.362590,0.307128,0.028494,0.026068,0.246949
NC_012545.1,1234,phage,0.997560977935791,0.022843,0.470604,0.081779,0.032554,0.033868,0.358352
NC_012546.1,1040,virus,0.999506950378418,0.023067,0.045016,0.099149,0.027606,0.019478,0.785683
NC_011705.1,1609,virus,0.9988289475440979,0.084687,0.229785,0.076696,0.035799,0.115928,0.457105
NC_011706.1,1581,virus,0.9998711347579956,0.012051,0.025739,0.015775,0.012119,0.016084,0.918231
NC_011557.1,1783,virus,0.9998157620429993,0.026109,0.028993,0.126138,0.024417,0.027697,0.766646
NC_011500.2,1614,virus,0.9999127388000488,0.039607,0.247368,0.124164,0.046089,0.028146,0.514626
NC_011501.2,1105,phage,0.9999598264694214,0.088216,0.452402,0.168394,0.179674,0.040790,0.070524
NC_011502.2,1059,phage,0.9996249675750732,0.279315,0.541030,0.019965,0.026300,0.073588,0.059802
NC_011503.2,1062,phage,0.9999639987945557,0.032189,0.690714,0.058093,0.057914,0.026652,0.134437
NC_011509.2,1356,virus,0.9989632368087769,0.032517,0.134198,0.151737,0.046978,0.026359,0.608211
NC_011066.1,1028,bacteria,0.28085026144981384,0.330447,0.258121,0.038532,0.110954,0.230167,0.031778
NC_011069.1,1064,virus,0.937691330909729,0.013354,0.016845,0.038897,0.012325,0.014860,0.903720
NC_010986.1,1886,phage,0.997225284576416,0.019487,0.346901,0.289430,0.027826,0.049824,0.266532
NC_010991.1,1420,eukarya,0.9998666048049927,0.034180,0.034373,0.878238,0.019938,0.013758,0.019513
NC_010749.1,1539,virus,0.9998655319213867,0.025917,0.037772,0.109319,0.026959,0.024895,0.775138
NC_010750.1,1536,virus,0.9998114705085754,0.030940,0.060947,0.148982,0.026787,0.020596,0.711749
NC_010751.1,1072,phage,0.9997721314430237,0.048659,0.715952,0.046444,0.024951,0.035246,0.128748
NC_010704.1,1530,virus,0.996136486530304,0.013759,0.030298,0.038343,0.013606,0.014896,0.889099
NC_010662.1,1830,virus,0.9995935559272766,0.236901,0.123396,0.074421,0.040449,0.074024,0.450809
NC_010663.1,1066,phage,0.999854326248169,0.023067,0.597291,0.056704,0.020682,0.021658,0.280597
NC_010664.1,1268,virus,0.9999078512191772,0.072918,0.136484,0.036472,0.063312,0.047569,0.643245
NC_010665.1,1930,virus,0.9999184608459473,0.029484,0.232835,0.200160,0.037213,0.029772,0.470536
NC_010590.1,1356,virus,0.997880220413208,0.057137,0.319031,0.045598,0.035672,0.067359,0.475204
NC_010591.1,1305,phage,0.9981529116630554,0.084618,0.532087,0.056025,0.087274,0.051006,0.188990
NC_010592.1,1125,bacteria,0.9999610185623169,0.429183,0.292419,0.033455,0.036708,0.158896,0.049339
NC_010343.1,1717,virus,0.9999163150787354,0.022382,0.127101,0.204356,0.028739,0.023934,0.593487
NC_010344.1,1521,eukarya,0.9998672008514404,0.048355,0.048540,0.746291,0.027357,0.025614,0.103842
NC_010345.1,1485,virus,0.9999758005142212,0.015877,0.136916,0.038016,0.017283,0.018410,0.773499
NC_010346.1,1749,virus,0.9992002844810486,0.026232,0.201130,0.058510,0.026022,0.033366,0.654739
NC_010347.1,1485,eukarya,0.9986981153488159,0.022363,0.024684,0.832501,0.019734,0.014126,0.086591
NC_010348.1,1446,virus,0.9992228746414185,0.010887,0.019139,0.010686,0.011765,0.008315,0.939207
NC_010349.1,1793,phage,0.9985870122909546,0.033843,0.481429,0.197078,0.031976,0.062069,0.193605
NC_010350.1,1566,virus,0.9994736313819885,0.018178,0.249430,0.065643,0.028020,0.026371,0.612359
NC_010351.1,1383,eukarya,0.9918317198753357,0.031525,0.331282,0.513973,0.033078,0.033008,0.057134
NC_009519.1,1734,virus,0.9992252588272095,0.020255,0.089392,0.050881,0.019571,0.014749,0.805152
NC_009520.1,1465,virus,0.9998594522476196,0.011100,0.035140,0.014768,0.009615,0.013429,0.915948
NC_009521.1,1479,virus,0.9961410164833069,0.312320,0.042391,0.119987,0.037444,0.027269,0.460589
NC_009241.1,1578,phage,0.9982274174690247,0.026722,0.457091,0.063897,0.032560,0.028052,0.391678
NC_009242.1,1198,plasmid,0.9999170303344727,0.041723,0.057563,0.072857,0.026521,0.694414,0.106921
NC_009245.1,1171,virus,0.9998726844787598,0.124761,0.067898,0.073049,0.026244,0.038362,0.669687
NC_009246.1,1202,eukarya,0.9996459484100342,0.020962,0.038806,0.828235,0.021563,0.016221,0.074213
NC_009250.1,1648,phage,0.999962568283081,0.079881,0.387575,0.072791,0.045680,0.132476,0.281598
NC_009251.1,1652,eukarya,0.9999842643737793,0.014586,0.013679,0.925715,0.014538,0.012998,0.018484
NC_008728.1,1931,virus,0.9979135394096375,0.013225,0.014910,0.022750,0.014683,0.012122,0.922310
NC_008734.1,1798,phage,0.999956488609314,0.298247,0.499852,0.024977,0.036522,0.058646,0.081755
NC_008737.1,1870,virus,0.9999806880950928,0.019472,0.265961,0.064098,0.024238,0.030734,0.595498
NC_008190.1,1791,virus,0.9993531107902527,0.031874,0.032168,0.137867,0.029686,0.028230,0.740175
NC_008191.1,1866,eukarya,0.9978984594345093,0.031116,0.033010,0.667803,0.026259,0.026076,0.215735
NC_008176.1,1687,phage,0.99866783618927,0.099609,0.550516,0.070686,0.040334,0.092505,0.146349
NC_008177.1,1556,eukarya,0.9992252588272095,0.020656,0.122906,0.732739,0.023607,0.021532,0.078561
NC_008178.1,1449,virus,0.999923586845398,0.068765,0.287925,0.057818,0.034533,0.030564,0.520396
NC_008179.1,1296,phage,0.9999693632125854,0.085099,0.706744,0.040528,0.030890,0.086577,0.050163
NC_008041.1,1434,virus,0.9998939037322998,0.017902,0.095085,0.087481,0.023359,0.022017,0.754158
NC_007740.1,1870,virus,0.9995974898338318,0.017165,0.125789,0.028084,0.017106,0.013425,0.798431
NC_007741.1,1750,phage,0.9999397993087769,0.031770,0.906550,0.012005,0.014432,0.019538,0.015705
NC_007742.1,1208,virus,0.9999843835830688,0.053369,0.249036,0.111807,0.026508,0.019626,0.539654
NC_007743.1,1147,phage,0.9989590644836426,0.054313,0.735770,0.048987,0.037130,0.091840,0.031960
NC_007751.1,1996,eukarya,0.9974638223648071,0.167964,0.048020,0.342715,0.042702,0.066625,0.331974
NC_007752.1,1695,bacteria,0.9997101426124573,0.401054,0.176969,0.171663,0.036301,0.167075,0.046937
NC_007753.1,1071,phage,0.9999833106994629,0.023858,0.531162,0.315039,0.025878,0.032320,0.071742
NC_007754.1,1180,phage,0.999840497970581,0.172272,0.542932,0.041513,0.037570,0.058804,0.146909
NC_007755.1,1784,virus,0.9943888783454895,0.023042,0.014739,0.021842,0.017076,0.015239,0.908061
NC_007756.1,1613,virus,0.9995126724243164,0.246011,0.075316,0.203972,0.040749,0.055673,0.378279
NC_007659.1,1993,virus,0.9706292748451233,0.010647,0.014041,0.019732,0.010734,0.009004,0.935842
NC_007660.1,1957,virus,0.9879246950149536,0.113839,0.097729,0.140704,0.034372,0.052297,0.561060
NC_007661.1,1683,phage,0.9999639987945557,0.238145,0.394856,0.046272,0.051031,0.109731,0.159965
NC_007662.1,1504,eukarya,0.999430239200592,0.045759,0.163059,0.377162,0.039409,0.241244,0.133367
NC_007663.1,1191,phage,0.9940495491027832,0.047015,0.744592,0.035999,0.030084,0.061603,0.080707
NC_007664.1,1082,eukarya,0.9998165965080261,0.019843,0.218069,0.647457,0.025686,0.035011,0.053934
NC_007671.1,1775,phage,0.999527096748352,0.085259,0.590214,0.045030,0.031843,0.046807,0.200847
NC_007672.1,1171,virus,0.9999556541442871,0.051047,0.081268,0.050176,0.040393,0.030414,0.746703
NC_007673.1,1151,virus,0.9999455213546753,0.035364,0.381610,0.105937,0.034143,0.037092,0.405855
NC_007674.1,1147,virus,0.9999549388885498,0.012812,0.035197,0.022752,0.013782,0.013088,0.902370
NC_007543.1,1350,phage,0.9999905824661255,0.142730,0.368001,0.122196,0.257659,0.035707,0.073706
NC_007544.1,1270,virus,0.9987137317657471,0.032388,0.294737,0.041182,0.037514,0.028979,0.565201
NC_007545.1,1037,phage,0.9999735355377197,0.019898,0.885631,0.014328,0.015691,0.028992,0.035461
NC_007570.1,1353,virus,0.999000608921051,0.017783,0.160480,0.055180,0.023660,0.026304,0.716593
NC_007571.1,1063,virus,0.9999035596847534,0.033121,0.309519,0.056727,0.074298,0.029497,0.496838
NC_007585.1,1619,virus,0.9999078512191772,0.108001,0.120085,0.125671,0.058822,0.089544,0.497877
NC_007587.1,1395,virus,0.9033785462379456,0.008662,0.014107,0.015371,0.011346,0.012125,0.938390
NC_007588.1,1317,virus,0.9979565143585205,0.225122,0.083974,0.156895,0.044231,0.152082,0.337696
NC_007589.1,1118,eukarya,0.999743640422821,0.013517,0.016350,0.911367,0.014848,0.013937,0.029980
NC_007526.1,1509,eukarya,0.9995880722999573,0.024337,0.060545,0.783987,0.032169,0.023680,0.075280
NC_007527.1,1299,virus,0.9885713458061218,0.014046,0.037119,0.025583,0.017536,0.019458,0.886259
NC_007528.1,1226,eukarya,0.9995965361595154,0.023541,0.027982,0.749829,0.025671,0.025749,0.147228
NC_007529.1,1171,eukarya,0.9994897842407227,0.015189,0.034339,0.870338,0.017895,0.013031,0.049208
NC_007531.1,1003,eukarya,0.9999370574951172,0.027845,0.034984,0.853362,0.017693,0.014163,0.051952
NC_007552.1,1307,virus,0.9976050853729248,0.024203,0.245113,0.059614,0.026246,0.024707,0.620117
NC_007553.1,1287,phage,0.999970555305481,0.065880,0.689641,0.042935,0.028671,0.067144,0.105730
NC_007554.1,1004,phage,0.9999569654464722,0.175229,0.334842,0.089983,0.306667,0.049955,0.043324
NC_007564.1,1935,virus,0.9986214637756348,0.080792,0.091466,0.038257,0.033744,0.056868,0.698872
NC_007565.1,1606,virus,0.9948216676712036,0.201485,0.077653,0.143273,0.042448,0.050948,0.484193
NC_007566.1,1584,eukarya,0.9967733025550842,0.205863,0.043440,0.320539,0.042783,0.251164,0.136210
NC_007567.1,1547,phage,0.99994957447052,0.305059,0.470839,0.032676,0.032453,0.120632,0.038341
NC_007568.1,1509,eukarya,0.9607489109039307,0.033983,0.072373,0.490991,0.031085,0.036437,0.335132
NC_007361.1,1458,archaea,0.9978596568107605,0.106520,0.158190,0.210507,0.210629,0.166458,0.147696
NC_007366.1,1762,virus,0.9794893264770508,0.040267,0.156419,0.044923,0.354101,0.031176,0.373113
NC_007367.1,1027,eukarya,0.9797065258026123,0.033852,0.042501,0.677610,0.058005,0.017431,0.170602
NC_007368.1,1467,eukarya,0.9983614087104797,0.045335,0.044761,0.458926,0.123229,0.039838,0.287910
NC_007369.1,1566,virus,0.9735626578330994,0.014827,0.013276,0.038361,0.016457,0.018134,0.898945
NC_007374.1,1773,virus,0.9980549812316895,0.009689,0.012082,0.013887,0.010291,0.009768,0.944283
NC_007377.1,1027,eukarya,0.9905368685722351,0.037339,0.038393,0.593387,0.082729,0.022261,0.225891
NC_007381.1,1497,virus,0.9487562775611877,0.010198,0.009061,0.010360,0.010529,0.013188,0.946664
NC_007382.1,1410,eukarya,0.9960675239562988,0.047663,0.057924,0.357659,0.159925,0.045685,0.331143
NC_007360.1,1565,virus,0.9921302199363708,0.020378,0.018812,0.067215,0.023668,0.021899,0.848029
NC_007362.1,1760,virus,0.999714195728302,0.017765,0.039309,0.044899,0.078356,0.020305,0.799367
NC_007363.1,1027,eukarya,0.997090220451355,0.031153,0.076009,0.548833,0.148362,0.044421,0.151222
NC_007221.1,1677,phage,0.9998214840888977,0.039715,0.499302,0.043134,0.027259,0.053798,0.336792
NC_007222.1,1500,phage,0.9999278783798218,0.032663,0.463755,0.144127,0.029402,0.030323,0.299729
NC_007242.1,1779,virus,0.9996675252914429,0.016208,0.014586,0.015004,0.013172,0.012391,0.928640
NC_007156.1,1843,virus,0.9998918771743774,0.066454,0.039458,0.049382,0.024182,0.017237,0.803288
NC_007161.1,1959,virus,0.99941086769104,0.011883,0.018591,0.017823,0.013446,0.014821,0.923436
NC_007162.1,1819,phage,0.999974250793457,0.026142,0.790880,0.018299,0.032104,0.023268,0.109306
NC_007027.1,1745,phage,0.9989941716194153,0.018521,0.923875,0.011715,0.015017,0.016348,0.014524
NC_006501.1,1787,virus,0.9995463490486145,0.011914,0.071131,0.026908,0.013928,0.020066,0.856053
NC_006496.1,1927,virus,0.9916126728057861,0.013888,0.017990,0.019696,0.015957,0.015537,0.916932
NC_006499.1,1323,virus,0.9999212026596069,0.023096,0.058375,0.054788,0.027223,0.024624,0.811894
NC_006500.2,1474,virus,0.999315619468689,0.027129,0.037303,0.045550,0.025980,0.022928,0.841110
NC_006506.1,1574,archaea,0.9998902082443237,0.028762,0.056143,0.070955,0.597926,0.023193,0.223020
NC_006507.1,1418,virus,0.9933340549468994,0.013613,0.010680,0.036261,0.012071,0.019924,0.907451
NC_006440.1,1839,eukarya,0.9999593496322632,0.028405,0.029334,0.799483,0.022430,0.015489,0.104859
NC_006433.1,1701,virus,0.9879071116447449,0.017385,0.034490,0.056732,0.065531,0.025568,0.800294
NC_006311.1,1807,virus,0.998755931854248,0.037634,0.035649,0.043417,0.043639,0.021175,0.818486
NC_006312.2,1180,virus,0.9999490976333618,0.016982,0.034124,0.021817,0.032190,0.029245,0.865642
NC_006315.1,1645,virus,0.9998642206192017,0.012303,0.009739,0.016346,0.012678,0.012195,0.936738
NC_006316.1,1447,eukarya,0.9998605251312256,0.092925,0.124053,0.394872,0.144959,0.040351,0.202840
NC_006318.1,1869,virus,0.9951722025871277,0.073246,0.075525,0.067850,0.056405,0.056464,0.670509
NC_006275.1,1955,phage,0.9996606111526489,0.289537,0.340887,0.182921,0.045781,0.046682,0.094192
NC_006276.1,1708,eukarya,0.9999380111694336,0.016414,0.015182,0.906118,0.015105,0.016267,0.030915
NC_006066.1,1938,virus,0.9967407584190369,0.095043,0.089572,0.052366,0.034433,0.021172,0.707415
NC_006052.1,1830,virus,0.9973878264427185,0.060280,0.032347,0.155791,0.122862,0.026744,0.601976
NC_006053.1,1527,eukarya,0.9997753500938416,0.026550,0.170748,0.613957,0.036192,0.028269,0.124283
NC_006054.1,1417,virus,0.9406664967536926,0.012850,0.010803,0.017215,0.024564,0.011361,0.923206
NC_005987.1,1610,phage,0.9998565912246704,0.227812,0.437759,0.110093,0.040343,0.148061,0.035931
NC_005988.1,1151,virus,0.9999499320983887,0.093301,0.224491,0.263631,0.051957,0.059913,0.306707
NC_005991.1,1967,eukarya,0.9961841702461243,0.073621,0.034722,0.730558,0.027574,0.021628,0.111898
NC_005993.1,1764,bacteria,0.9942717552185059,0.429355,0.088578,0.094951,0.045736,0.124576,0.216803
NC_005994.1,1059,phage,0.9999657869338989,0.295181,0.438876,0.026052,0.030770,0.179585,0.029536
NC_006001.1,1664,bacteria,0.9999120235443115,0.825840,0.053886,0.044753,0.019737,0.031054,0.024731
NC_006002.1,1657,eukarya,0.9982740879058838,0.023873,0.022486,0.890404,0.013684,0.014664,0.034890
NC_006003.1,1463,eukarya,0.9990779161453247,0.013924,0.013756,0.928725,0.013078,0.013603,0.016914
NC_006004.1,1256,phage,0.9990350008010864,0.021511,0.798858,0.033803,0.020790,0.037368,0.087669
NC_006007.1,1125,eukarya,0.9999258518218994,0.024942,0.214846,0.672663,0.023758,0.024227,0.039563
NC_006008.2,1049,eukarya,0.999816358089447,0.012071,0.012122,0.938334,0.010655,0.008092,0.018725
NC_006010.1,1638,bacteria,0.9999743700027466,0.443182,0.371837,0.028754,0.041910,0.081365,0.032952
NC_006011.1,1179,virus,0.9991840720176697,0.028808,0.044374,0.054444,0.019321,0.016886,0.836168
NC_006012.1,1978,phage,0.9991104006767273,0.041114,0.512858,0.069164,0.028750,0.045081,0.303034
NC_006016.1,1166,eukarya,0.9998225569725037,0.029021,0.047014,0.857445,0.018839,0.025927,0.021754
NC_006018.1,1566,bacteria,0.9999549388885498,0.741330,0.105276,0.025727,0.035451,0.062869,0.029346
NC_006019.1,1169,eukarya,0.9998953342437744,0.052298,0.196812,0.584605,0.063731,0.033764,0.068790
NC_006020.1,1748,virus,0.9994729161262512,0.104630,0.093984,0.351715,0.038717,0.041895,0.369059
NC_006022.1,1156,virus,0.999413013458252,0.196153,0.153094,0.073698,0.050340,0.088802,0.437913
NC_006024.2,1980,eukarya,0.9985241293907166,0.061458,0.105175,0.661417,0.061162,0.019513,0.091275
NC_006025.1,1769,virus,0.9988502264022827,0.035254,0.341867,0.092226,0.036848,0.030877,0.462929
NC_005976.2,1754,phage,0.999626874923706,0.040273,0.470913,0.234294,0.041732,0.044528,0.168260
NC_005977.2,1582,virus,0.9944133162498474,0.020802,0.036567,0.052924,0.018674,0.018493,0.852539
NC_005818.1,1981,eukarya,0.9924237728118896,0.027966,0.123033,0.775538,0.026578,0.018022,0.028863
NC_005302.1,1672,virus,0.9999580383300781,0.084390,0.115948,0.074318,0.139397,0.040689,0.545258
NC_005233.1,1673,virus,0.9969315528869629,0.015004,0.014625,0.031759,0.014952,0.018838,0.904822
NC_005236.1,1769,virus,0.9982526898384094,0.016653,0.016118,0.033602,0.018124,0.018844,0.896659
NC_005227.2,1831,virus,0.9959855675697327,0.014468,0.013187,0.025153,0.016607,0.017896,0.912689
NC_005218.1,1696,eukarya,0.9995367527008057,0.064434,0.112941,0.621832,0.042047,0.036540,0.122205
NC_005221.1,1720,virus,0.9993962049484253,0.078811,0.203726,0.076493,0.083386,0.057072,0.500512
NC_005224.1,1830,eukarya,0.9981681108474731,0.028082,0.056583,0.424621,0.070504,0.029403,0.390807
NC_005172.1,1414,virus,0.9995860457420349,0.040543,0.247041,0.210093,0.037885,0.048460,0.415978
NC_005173.1,1297,bacteria,0.999427080154419,0.275433,0.161393,0.090149,0.061188,0.151210,0.260627
NC_005174.1,1130,virus,0.9999710321426392,0.134630,0.047353,0.125710,0.046138,0.039170,0.606999
NC_005095.1,1175,virus,0.9998455047607422,0.033618,0.056568,0.029648,0.020462,0.021347,0.838357
NC_004907.1,1025,virus,0.9958806037902832,0.030866,0.082608,0.281795,0.042228,0.047298,0.515205
NC_004905.2,1557,virus,0.9720585942268372,0.011683,0.015841,0.016762,0.010755,0.013241,0.931717
NC_004908.1,1714,virus,0.9985585808753967,0.025257,0.046028,0.113744,0.191262,0.029196,0.594513
NC_004909.1,1418,virus,0.9924308657646179,0.021814,0.038229,0.250886,0.029736,0.025540,0.633796
NC_004364.1,1957,phage,0.9937295913696289,0.043165,0.490268,0.118682,0.074055,0.075349,0.198481
NC_003704.1,1884,virus,0.9981434345245361,0.053638,0.033861,0.273587,0.029446,0.022544,0.586924
NC_003705.1,1879,bacteria,0.9985631108283997,0.408068,0.056479,0.090104,0.129393,0.067880,0.248075
NC_003706.1,1002,plasmid,0.9999338388442993,0.275388,0.124594,0.026343,0.039985,0.481415,0.052275
NC_004018.1,1782,eukarya,0.9990243911743164,0.065896,0.158622,0.477877,0.037598,0.155135,0.104871
NC_004019.1,1586,eukarya,0.998891294002533,0.029758,0.036683,0.549264,0.032751,0.022307,0.329237
NC_004020.1,1186,plasmid,0.3939889669418335,0.081394,0.084486,0.269509,0.025825,0.486900,0.051885
NC_004157.1,1716,virus,0.9994767308235168,0.019963,0.033799,0.025470,0.051195,0.016627,0.852947
NC_003449.1,1421,virus,0.9995357990264893,0.024575,0.100501,0.107051,0.029714,0.030553,0.707605
NC_003731.1,1900,virus,0.9997935891151428,0.035794,0.175794,0.059573,0.118102,0.042331,0.568406
NC_003732.1,1936,virus,0.9995799660682678,0.034967,0.031958,0.363619,0.030198,0.031040,0.508219
NC_003733.1,1801,bacteria,0.9999786615371704,0.512914,0.040014,0.228547,0.029567,0.084332,0.104626
NC_003021.1,1792,eukarya,0.9999469518661499,0.249884,0.074821,0.301579,0.038837,0.185010,0.149869
NC_003022.1,1501,virus,0.9999818801879883,0.029581,0.353348,0.061752,0.041956,0.128493,0.384870
NC_003023.1,1332,plasmid,0.9999575614929199,0.051712,0.300845,0.053600,0.033826,0.495649,0.064367
NC_003024.1,1187,virus,0.999916672706604,0.018824,0.198110,0.088927,0.031590,0.033430,0.629120
NC_003011.1,1783,virus,0.9998090863227844,0.027750,0.377627,0.041087,0.032563,0.035004,0.485969
NC_003012.1,1391,phage,0.9985430240631104,0.226754,0.360776,0.047799,0.036327,0.183982,0.144361
NC_003013.1,1250,virus,0.9999445676803589,0.033306,0.302674,0.051366,0.038387,0.033398,0.540869
NC_003014.1,1141,phage,0.9998791217803955,0.061159,0.476266,0.043112,0.035008,0.056519,0.327935
NC_003710.1,1781,phage,0.9997304081916809,0.044854,0.674914,0.151058,0.031394,0.052771,0.045009
NC_003711.1,1611,eukarya,0.9980365633964539,0.012733,0.017237,0.918676,0.014832,0.013043,0.023478
NC_002797.1,1787,phage,0.9996402263641357,0.070313,0.574698,0.113152,0.030081,0.081248,0.130508
NC_002800.1,1585,phage,0.9983680844306946,0.059885,0.643525,0.125048,0.033906,0.092577,0.045060
NC_003466.1,1871,virus,0.9704065918922424,0.010487,0.011148,0.010012,0.008991,0.009603,0.949760
NC_004189.1,1880,bacteria,0.9996084570884705,0.384872,0.104476,0.057839,0.037525,0.337535,0.077753
NC_002561.1,1859,phage,0.999943733215332,0.130922,0.376225,0.027925,0.048149,0.075539,0.341241
NC_002562.1,1776,phage,0.9997014403343201,0.100993,0.391979,0.035044,0.033309,0.117005,0.321670
NC_002563.1,1234,virus,0.9998891353607178,0.068529,0.225892,0.028774,0.036275,0.050109,0.590420
NC_002564.1,1157,virus,0.9993810653686523,0.019384,0.121423,0.077451,0.023222,0.018484,0.740036
NC_002691.1,1336,phage,0.9999065399169922,0.021569,0.886785,0.015099,0.022277,0.034338,0.019932
NC_004215.1,1947,virus,0.9999656677246094,0.027083,0.063610,0.047035,0.029907,0.022910,0.809455
NC_004216.1,1670,virus,0.9999898672103882,0.014621,0.070160,0.072512,0.020341,0.024436,0.797929
NC_004220.1,1716,phage,0.9999057054519653,0.102261,0.621737,0.030444,0.030393,0.096811,0.118354
NC_004221.1,1671,phage,0.999944806098938,0.141651,0.461508,0.042346,0.047160,0.070730,0.236606
NC_003692.1,1311,phage,0.9988793730735779,0.023545,0.810572,0.026714,0.022716,0.021506,0.094947
NC_004202.1,1101,phage,0.9999656677246094,0.215058,0.596430,0.032673,0.042026,0.067434,0.046380
NC_004203.1,1119,phage,0.9999717473983765,0.033704,0.876440,0.014494,0.022178,0.019568,0.033616
NC_004204.1,1136,eukarya,0.9998817443847656,0.029303,0.150243,0.663329,0.026790,0.025322,0.105013
NC_004207.1,1054,bacteria,0.9999314546585083,0.522974,0.138735,0.053519,0.043467,0.098375,0.142931
NC_004208.1,1114,eukarya,0.999948263168335,0.248084,0.094711,0.267512,0.038353,0.164753,0.186587
NC_004209.1,1259,virus,0.9999849796295166,0.051641,0.207068,0.034717,0.035930,0.036691,0.633953
NC_004180.1,1884,virus,0.9984409213066101,0.010671,0.025608,0.026511,0.015153,0.017330,0.904727
NC_003769.1,1162,bacteria,0.9999727010726929,0.398950,0.307447,0.099819,0.044661,0.097867,0.051256
NC_003770.1,1938,eukarya,0.9986652135848999,0.016545,0.014802,0.905769,0.016024,0.024354,0.022506
NC_003758.1,1914,virus,0.9999567270278931,0.023365,0.020853,0.071552,0.021241,0.023094,0.839894
NC_001782.1,1801,eukarya,0.9997661709785461,0.116241,0.220842,0.340534,0.107412,0.066553,0.148418
NC_003516.1,1774,virus,0.9702712297439575,0.012774,0.019465,0.030343,0.014890,0.015526,0.907003
NC_003517.1,1465,virus,0.9990288019180298,0.009949,0.021266,0.016329,0.009276,0.009775,0.933404
NC_003763.1,1579,virus,0.9999566078186035,0.021210,0.043615,0.076823,0.021039,0.020957,0.816356
NC_003764.1,1397,eukarya,0.9981846213340759,0.039934,0.373693,0.392720,0.071843,0.038961,0.082850
NC_003765.1,1224,eukarya,0.9999759197235107,0.024405,0.052873,0.595135,0.027589,0.026411,0.273588
NC_003766.1,1163,virus,0.9998931884765625,0.036862,0.073961,0.097340,0.024931,0.025855,0.741051
NC_003767.1,1036,plasmid,0.9957784414291382,0.218212,0.110839,0.125425,0.174330,0.317915,0.053279
NC_003768.1,1066,eukarya,0.9987012147903442,0.017166,0.015357,0.912743,0.014990,0.014296,0.025448
NC_003757.1,1132,eukarya,0.9987918734550476,0.020320,0.036041,0.881968,0.015593,0.022899,0.023179
NC_003760.1,1578,eukarya,0.9998492002487183,0.024273,0.034425,0.751527,0.027248,0.039882,0.122644
NC_003513.1,1320,virus,0.99930739402771,0.012406,0.026013,0.017278,0.015140,0.017211,0.911951
NC_003885.1,1645,phage,0.9997784495353699,0.027744,0.833286,0.031054,0.021592,0.025449,0.060874
NC_003886.1,1445,phage,0.9997628331184387,0.023409,0.727081,0.097765,0.025021,0.026505,0.100220
NC_003660.1,1994,virus,0.9999396800994873,0.041894,0.190618,0.021185,0.026892,0.039081,0.680331
NC_003661.1,1640,virus,0.9999682903289795,0.016203,0.066230,0.021578,0.016070,0.020862,0.859057
NC_003653.1,1802,phage,0.9999005794525146,0.025051,0.801341,0.024044,0.028462,0.018795,0.102307
NC_003652.1,1430,virus,0.9995662569999695,0.026397,0.337582,0.052808,0.034985,0.035247,0.512981
NC_001557.1,1239,virus,0.5142971277236938,0.069997,0.148056,0.234767,0.039334,0.031341,0.476504
NC_003631.1,1168,phage,0.9202737212181091,0.026124,0.912703,0.012120,0.015486,0.018108,0.015458
NC_002018.1,1413,archaea,0.993463933467865,0.094077,0.040279,0.039733,0.723899,0.079355,0.022656
NC_002019.1,1565,virus,0.9732921123504639,0.011166,0.009923,0.010046,0.009531,0.011642,0.947693
NC_002207.1,1882,virus,0.9994233846664429,0.135654,0.053988,0.058029,0.151657,0.033291,0.567382
NC_002208.1,1841,virus,0.9988577365875244,0.028615,0.019405,0.021963,0.034451,0.013266,0.882300
NC_002209.1,1557,phage,0.9995583891868591,0.038439,0.363593,0.145026,0.062589,0.034387,0.355966
NC_002210.1,1191,archaea,0.9999001026153564,0.073035,0.184497,0.248989,0.277283,0.039983,0.176214
NC_002211.1,1096,phage,0.9990636706352234,0.091025,0.343656,0.125499,0.280092,0.062582,0.097146
NC_003807.1,1449,eukarya,0.8771663308143616,0.041473,0.094439,0.608741,0.032658,0.024361,0.198328
NC_003531.1,1403,phage,0.9946957230567932,0.017635,0.844199,0.048819,0.024467,0.020899,0.043981
NC_004144.1,1400,phage,0.9986248016357422,0.106141,0.523716,0.108798,0.045978,0.111996,0.103371
NC_004145.1,1305,virus,0.999915361404419,0.060982,0.104218,0.046778,0.034398,0.052227,0.701397
NC_003775.1,1448,phage,0.9515494704246521,0.089650,0.672542,0.062658,0.030268,0.079704,0.065179
NC_003670.1,1799,virus,0.9885962605476379,0.018285,0.084505,0.020809,0.017498,0.022363,0.836539
NC_002037.1,1399,virus,0.9998319149017334,0.023510,0.206582,0.031815,0.020622,0.031171,0.686301
NC_002017.1,1778,archaea,0.9969978332519531,0.027435,0.035393,0.024588,0.837181,0.020448,0.054955
NC_002016.1,1027,eukarya,0.9893524050712585,0.033870,0.050417,0.514229,0.189839,0.053357,0.158288
