contig_id,frag_id,pad_char,pad_len,real_len,pred_class,reliability,prob_bacteria,prob_phage,prob_eukarya,prob_archaea,prob_plasmid,prob_virus
NC_139368.1,NC_139368.1__none__0,none,0,2000,virus,0.9810323119163513,0.014231,0.016633,0.036549,0.027197,0.016519,0.888872
NC_139368.1,NC_139368.1__M__500,M,500,1500,eukarya,0.9811846613883972,0.028821,0.036597,0.416485,0.120443,0.029653,0.368001
NC_139368.1,NC_139368.1__M__450,M,450,1550,virus,0.9829607605934143,0.029564,0.036959,0.338918,0.151541,0.029811,0.413206
NC_139368.1,NC_139368.1__M__400,M,400,1600,virus,0.9842588901519775,0.029745,0.034789,0.302120,0.114815,0.030136,0.488396
NC_139368.1,NC_139368.1__M__350,M,350,1650,virus,0.9843984842300415,0.025931,0.030136,0.175142,0.084405,0.028349,0.656037
NC_139368.1,NC_139368.1__M__300,M,300,1700,virus,0.9844716191291809,0.025671,0.030344,0.196670,0.063775,0.028863,0.654678
NC_139368.1,NC_139368.1__M__250,M,250,1750,virus,0.9849123954772949,0.023258,0.029356,0.172003,0.066299,0.026888,0.682197
NC_139368.1,NC_139368.1__M__200,M,200,1800,virus,0.9834799766540527,0.025430,0.030568,0.222518,0.080899,0.028857,0.611728
NC_139368.1,NC_139368.1__M__150,M,150,1850,virus,0.9820407629013062,0.019850,0.023944,0.098921,0.054253,0.023072,0.779961
NC_139368.1,NC_139368.1__M__100,M,100,1900,virus,0.98321932554245,0.017514,0.020436,0.062624,0.042145,0.019946,0.837335
NC_139368.1,NC_139368.1__M__50,M,50,1950,virus,0.9825265407562256,0.015300,0.017626,0.043842,0.031826,0.017127,0.874279
NC_139368.1,NC_139368.1__M__1,M,1,1999,virus,0.9810234308242798,0.014275,0.016657,0.036373,0.027340,0.016480,0.888875
NC_139181.1,NC_139181.1__none__0,none,0,2000,phage,0.9614417552947998,0.021070,0.917062,0.014051,0.015185,0.014570,0.018061
NC_139181.1,NC_139181.1__M__500,M,500,1500,phage,0.9613107442855835,0.023000,0.902496,0.016091,0.019187,0.018418,0.020808
NC_139181.1,NC_139181.1__M__450,M,450,1550,phage,0.9613783955574036,0.023116,0.903140,0.015662,0.018856,0.018922,0.020305
NC_139181.1,NC_139181.1__M__400,M,400,1600,phage,0.9643933773040771,0.026457,0.891960,0.017711,0.021135,0.020923,0.021814
NC_139181.1,NC_139181.1__M__350,M,350,1650,phage,0.9640517830848694,0.032713,0.885125,0.018009,0.020664,0.021319,0.022170
NC_139181.1,NC_139181.1__M__300,M,300,1700,phage,0.965187668800354,0.032643,0.890410,0.017426,0.019534,0.018551,0.021437
NC_139181.1,NC_139181.1__M__250,M,250,1750,phage,0.9589665532112122,0.036233,0.884783,0.017405,0.019839,0.020111,0.021629
NC_139181.1,NC_139181.1__M__200,M,200,1800,phage,0.9541487693786621,0.028542,0.901377,0.014826,0.017360,0.018844,0.019051
NC_139181.1,NC_139181.1__M__150,M,150,1850,phage,0.9543216824531555,0.022796,0.909131,0.015091,0.016464,0.017046,0.019472
NC_139181.1,NC_139181.1__M__100,M,100,1900,phage,0.9562175869941711,0.021870,0.913083,0.014377,0.015894,0.015836,0.018941
NC_139181.1,NC_139181.1__M__50,M,50,1950,phage,0.963615894317627,0.020369,0.917528,0.013852,0.014981,0.015049,0.018221
NC_139181.1,NC_139181.1__M__1,M,1,1999,phage,0.9615892171859741,0.020940,0.917274,0.013989,0.015212,0.014515,0.018070
NC_138481.1,NC_138481.1__none__0,none,0,2000,eukarya,0.9845848679542542,0.016839,0.013860,0.920207,0.016451,0.017298,0.015345
NC_138481.1,NC_138481.1__M__500,M,500,1500,eukarya,0.98366379737854,0.013840,0.011452,0.932861,0.013356,0.014125,0.014366
NC_138481.1,NC_138481.1__M__450,M,450,1550,eukarya,0.9810271263122559,0.013295,0.011814,0.930901,0.013870,0.015391,0.014729
NC_138481.1,NC_138481.1__M__400,M,400,1600,eukarya,0.9821826815605164,0.013190,0.011460,0.931011,0.014117,0.015232,0.014989
NC_138481.1,NC_138481.1__M__350,M,350,1650,eukarya,0.9838675260543823,0.013457,0.012429,0.929884,0.014290,0.016261,0.013679
NC_138481.1,NC_138481.1__M__300,M,300,1700,eukarya,0.9823455214500427,0.014222,0.013418,0.924332,0.015979,0.017473,0.014575
NC_138481.1,NC_138481.1__M__250,M,250,1750,eukarya,0.9828811883926392,0.015016,0.014506,0.921505,0.016345,0.018228,0.014401
NC_138481.1,NC_138481.1__M__200,M,200,1800,eukarya,0.9843584299087524,0.014775,0.013614,0.925106,0.015534,0.017084,0.013887
NC_138481.1,NC_138481.1__M__150,M,150,1850,eukarya,0.982426643371582,0.014651,0.013176,0.925526,0.015432,0.017069,0.014146
NC_138481.1,NC_138481.1__M__100,M,100,1900,eukarya,0.9832436442375183,0.015375,0.013162,0.924540,0.015637,0.016987,0.014299
NC_138481.1,NC_138481.1__M__50,M,50,1950,eukarya,0.9840505719184875,0.016393,0.013423,0.920695,0.016804,0.017711,0.014974
NC_138481.1,NC_138481.1__M__1,M,1,1999,eukarya,0.9848451614379883,0.016834,0.013865,0.920231,0.016448,0.017288,0.015335
NC_137529.1,NC_137529.1__none__0,none,0,2000,phage,0.9406081438064575,0.084217,0.799167,0.018904,0.024231,0.049983,0.023498
NC_137529.1,NC_137529.1__M__500,M,500,1500,phage,0.8242073059082031,0.158227,0.532175,0.082066,0.068341,0.099808,0.059383
NC_137529.1,NC_137529.1__M__450,M,450,1550,phage,0.8437756299972534,0.170613,0.499734,0.102463,0.066466,0.095495,0.065229
NC_137529.1,NC_137529.1__M__400,M,400,1600,phage,0.8359095454216003,0.203794,0.516885,0.065369,0.055513,0.102675,0.055764
NC_137529.1,NC_137529.1__M__350,M,350,1650,phage,0.8674778342247009,0.147784,0.642052,0.040443,0.041120,0.087526,0.041077
NC_137529.1,NC_137529.1__M__300,M,300,1700,phage,0.8894859552383423,0.313967,0.437951,0.035960,0.042528,0.133550,0.036044
NC_137529.1,NC_137529.1__M__250,M,250,1750,phage,0.8831194043159485,0.249252,0.545512,0.031224,0.038409,0.101781,0.033822
NC_137529.1,NC_137529.1__M__200,M,200,1800,phage,0.9173552393913269,0.368091,0.425123,0.029462,0.034167,0.112635,0.030523
NC_137529.1,NC_137529.1__M__150,M,150,1850,bacteria,0.9164443016052246,0.452903,0.300973,0.036230,0.039965,0.134480,0.035448
NC_137529.1,NC_137529.1__M__100,M,100,1900,phage,0.9174451231956482,0.385793,0.398892,0.033792,0.038605,0.109114,0.033804
NC_137529.1,NC_137529.1__M__50,M,50,1950,phage,0.926206111907959,0.170314,0.664326,0.022990,0.027714,0.088427,0.026230
NC_137529.1,NC_137529.1__M__1,M,1,1999,phage,0.9405724406242371,0.084451,0.799010,0.018870,0.024247,0.049981,0.023440
NC_117365.1,NC_117365.1__none__0,none,0,2000,virus,0.9532406330108643,0.013679,0.015842,0.021280,0.013762,0.015121,0.920316
NC_117365.1,NC_117365.1__M__500,M,500,1500,virus,0.953468382358551,0.009401,0.013718,0.017558,0.011688,0.010757,0.936877
NC_117365.1,NC_117365.1__M__450,M,450,1550,virus,0.9600844383239746,0.009900,0.015410,0.018636,0.011966,0.011977,0.932111
NC_117365.1,NC_117365.1__M__400,M,400,1600,virus,0.9613128304481506,0.010173,0.015034,0.019613,0.012586,0.012626,0.929968
NC_117365.1,NC_117365.1__M__350,M,350,1650,virus,0.9615668058395386,0.010566,0.016167,0.020215,0.013129,0.013120,0.926802
NC_117365.1,NC_117365.1__M__300,M,300,1700,virus,0.9611653685569763,0.011054,0.015456,0.019287,0.012784,0.012618,0.928801
NC_117365.1,NC_117365.1__M__250,M,250,1750,virus,0.9576373100280762,0.011817,0.015529,0.020454,0.013765,0.012377,0.926057
NC_117365.1,NC_117365.1__M__200,M,200,1800,virus,0.9593347311019897,0.011493,0.014858,0.020096,0.013218,0.013327,0.927008
NC_117365.1,NC_117365.1__M__150,M,150,1850,virus,0.9593371152877808,0.012424,0.015190,0.021478,0.013203,0.014052,0.923652
NC_117365.1,NC_117365.1__M__100,M,100,1900,virus,0.9558541178703308,0.013871,0.016355,0.022533,0.014201,0.015823,0.917217
NC_117365.1,NC_117365.1__M__50,M,50,1950,virus,0.951164722442627,0.013087,0.015846,0.022395,0.014100,0.015255,0.919316
NC_117365.1,NC_117365.1__M__1,M,1,1999,virus,0.9534567594528198,0.013675,0.015810,0.021202,0.013816,0.015106,0.920390
NC_078320.1,NC_078320.1__none__0,none,0,2000,virus,0.9861665964126587,0.011747,0.013362,0.017864,0.012963,0.014340,0.929724
NC_078320.1,NC_078320.1__M__500,M,500,1500,virus,0.9838494062423706,0.015108,0.013993,0.039329,0.016178,0.016404,0.898989
NC_078320.1,NC_078320.1__M__450,M,450,1550,virus,0.9841390252113342,0.012882,0.013361,0.028957,0.014629,0.014864,0.915307
NC_078320.1,NC_078320.1__M__400,M,400,1600,virus,0.9836310148239136,0.013278,0.014214,0.030676,0.014751,0.015415,0.911667
NC_078320.1,NC_078320.1__M__350,M,350,1650,virus,0.9839870929718018,0.013228,0.013964,0.031324,0.014769,0.015106,0.911610
NC_078320.1,NC_078320.1__M__300,M,300,1700,virus,0.9832709431648254,0.015120,0.015073,0.047916,0.018017,0.017782,0.886093
NC_078320.1,NC_078320.1__M__250,M,250,1750,virus,0.9820384979248047,0.014296,0.014455,0.040411,0.016781,0.016486,0.897571
NC_078320.1,NC_078320.1__M__200,M,200,1800,virus,0.9857453107833862,0.012796,0.013072,0.025464,0.013967,0.014586,0.920115
NC_078320.1,NC_078320.1__M__150,M,150,1850,virus,0.9852237701416016,0.012047,0.013546,0.021836,0.013163,0.014274,0.925133
NC_078320.1,NC_078320.1__M__100,M,100,1900,virus,0.9858970046043396,0.011936,0.013735,0.022294,0.013667,0.014759,0.923608
NC_078320.1,NC_078320.1__M__50,M,50,1950,virus,0.9841442108154297,0.011820,0.013356,0.018565,0.012899,0.014124,0.929236
NC_078320.1,NC_078320.1__M__1,M,1,1999,virus,0.9861372709274292,0.011727,0.013347,0.017802,0.012964,0.014338,0.929822
NC_078100.1,NC_078100.1__none__0,none,0,2000,virus,0.9781813025474548,0.015115,0.017734,0.019126,0.013960,0.015174,0.918891
NC_078100.1,NC_078100.1__M__500,M,500,1500,virus,0.9761576652526855,0.011714,0.024548,0.026477,0.012811,0.011115,0.913334
NC_078100.1,NC_078100.1__M__450,M,450,1550,virus,0.975031316280365,0.011598,0.026086,0.025541,0.013195,0.010881,0.912699
NC_078100.1,NC_078100.1__M__400,M,400,1600,virus,0.973892331123352,0.011851,0.023603,0.023556,0.012888,0.010438,0.917664
NC_078100.1,NC_078100.1__M__350,M,350,1650,virus,0.973522424697876,0.011414,0.018114,0.019977,0.012191,0.010773,0.927530
NC_078100.1,NC_078100.1__M__300,M,300,1700,virus,0.9736921191215515,0.011664,0.018685,0.019238,0.011806,0.011204,0.927402
NC_078100.1,NC_078100.1__M__250,M,250,1750,virus,0.9727122187614441,0.012333,0.016776,0.019089,0.012527,0.012412,0.926863
NC_078100.1,NC_078100.1__M__200,M,200,1800,virus,0.9729626774787903,0.013367,0.017316,0.019091,0.013124,0.013406,0.923697
NC_078100.1,NC_078100.1__M__150,M,150,1850,virus,0.9734905362129211,0.013737,0.017450,0.018332,0.012802,0.013549,0.924130
NC_078100.1,NC_078100.1__M__100,M,100,1900,virus,0.9747473001480103,0.014479,0.017930,0.018845,0.013447,0.014328,0.920971
NC_078100.1,NC_078100.1__M__50,M,50,1950,virus,0.9740586876869202,0.014053,0.018680,0.018774,0.013061,0.014291,0.921141
NC_078100.1,NC_078100.1__M__1,M,1,1999,virus,0.9781172275543213,0.015114,0.017817,0.019239,0.013945,0.015140,0.918745
NC_078225.1,NC_078225.1__none__0,none,0,2000,virus,0.9754580855369568,0.012495,0.016839,0.020998,0.013958,0.014751,0.920960
NC_078225.1,NC_078225.1__M__500,M,500,1500,virus,0.9784740805625916,0.010971,0.013644,0.015304,0.011180,0.010415,0.938487
NC_078225.1,NC_078225.1__M__450,M,450,1550,virus,0.976597249507904,0.010925,0.013595,0.015401,0.011334,0.010223,0.938523
NC_078225.1,NC_078225.1__M__400,M,400,1600,virus,0.9773527383804321,0.011341,0.014194,0.015652,0.011429,0.010770,0.936613
NC_078225.1,NC_078225.1__M__350,M,350,1650,virus,0.9744569659233093,0.011213,0.014630,0.015414,0.011342,0.011269,0.936131
NC_078225.1,NC_078225.1__M__300,M,300,1700,virus,0.973947286605835,0.010845,0.015250,0.017234,0.011221,0.011367,0.934083
NC_078225.1,NC_078225.1__M__250,M,250,1750,virus,0.9720667004585266,0.011544,0.015260,0.016816,0.012100,0.012427,0.931853
NC_078225.1,NC_078225.1__M__200,M,200,1800,virus,0.9727154970169067,0.012312,0.015746,0.017290,0.012411,0.012805,0.929435
NC_078225.1,NC_078225.1__M__150,M,150,1850,virus,0.9750354290008545,0.012344,0.015724,0.018275,0.012768,0.013013,0.927875
NC_078225.1,NC_078225.1__M__100,M,100,1900,virus,0.9739474058151245,0.012117,0.016093,0.020268,0.012869,0.013190,0.925463
NC_078225.1,NC_078225.1__M__50,M,50,1950,virus,0.9741219282150269,0.012103,0.016192,0.020499,0.013363,0.013684,0.924158
NC_078225.1,NC_078225.1__M__1,M,1,1999,virus,0.9754907488822937,0.012494,0.016844,0.021004,0.013962,0.014750,0.920946
NC_078270.1,NC_078270.1__none__0,none,0,2000,virus,0.9864959120750427,0.010556,0.019361,0.019693,0.011729,0.011782,0.926879
NC_078270.1,NC_078270.1__M__500,M,500,1500,phage,0.9854856729507446,0.079735,0.429581,0.066442,0.091399,0.041144,0.291701
NC_078270.1,NC_078270.1__M__450,M,450,1550,phage,0.9841497540473938,0.072115,0.352135,0.068997,0.113774,0.043040,0.349939
NC_078270.1,NC_078270.1__M__400,M,400,1600,virus,0.9854979515075684,0.060344,0.341551,0.063478,0.076850,0.041169,0.416607
NC_078270.1,NC_078270.1__M__350,M,350,1650,virus,0.9854893088340759,0.033671,0.212487,0.067135,0.042700,0.030528,0.613479
NC_078270.1,NC_078270.1__M__300,M,300,1700,virus,0.9855186939239502,0.018928,0.080365,0.040103,0.022594,0.019259,0.818751
NC_078270.1,NC_078270.1__M__250,M,250,1750,virus,0.9860948324203491,0.016924,0.074602,0.037533,0.020306,0.018609,0.832024
NC_078270.1,NC_078270.1__M__200,M,200,1800,virus,0.9855426549911499,0.015119,0.050271,0.033215,0.017994,0.016634,0.866767
NC_078270.1,NC_078270.1__M__150,M,150,1850,virus,0.984209418296814,0.017826,0.096494,0.040178,0.020982,0.019228,0.805292
NC_078270.1,NC_078270.1__M__100,M,100,1900,virus,0.9860641956329346,0.012480,0.037738,0.027427,0.014222,0.013557,0.894577
NC_078270.1,NC_078270.1__M__50,M,50,1950,virus,0.9864044189453125,0.011152,0.023622,0.021986,0.012241,0.011967,0.919033
NC_078270.1,NC_078270.1__M__1,M,1,1999,virus,0.9864166975021362,0.010560,0.019330,0.019685,0.011722,0.011766,0.926936
NC_078409.1,NC_078409.1__none__0,none,0,2000,virus,0.9847745299339294,0.024136,0.037100,0.252756,0.038855,0.026437,0.620717
NC_078409.1,NC_078409.1__M__500,M,500,1500,virus,0.9894351363182068,0.023739,0.048358,0.363758,0.065977,0.028878,0.469290
NC_078409.1,NC_078409.1__M__450,M,450,1550,eukarya,0.9889937043190002,0.024507,0.044057,0.469083,0.054703,0.027711,0.379939
NC_078409.1,NC_078409.1__M__400,M,400,1600,eukarya,0.9881373047828674,0.024721,0.045437,0.479643,0.055250,0.027908,0.367042
NC_078409.1,NC_078409.1__M__350,M,350,1650,virus,0.9864691495895386,0.025367,0.039657,0.420145,0.053099,0.029127,0.432604
NC_078409.1,NC_078409.1__M__300,M,300,1700,virus,0.9856614470481873,0.025760,0.038477,0.406275,0.048065,0.028416,0.453007
NC_078409.1,NC_078409.1__M__250,M,250,1750,virus,0.9853277802467346,0.025660,0.038956,0.399552,0.044809,0.028427,0.462596
NC_078409.1,NC_078409.1__M__200,M,200,1800,virus,0.9852568507194519,0.025282,0.039994,0.352918,0.042584,0.027731,0.511491
NC_078409.1,NC_078409.1__M__150,M,150,1850,virus,0.9863850474357605,0.020688,0.034982,0.154226,0.035688,0.023432,0.730984
NC_078409.1,NC_078409.1__M__100,M,100,1900,virus,0.9865603446960449,0.024732,0.036729,0.293562,0.041646,0.027425,0.575905
NC_078409.1,NC_078409.1__M__50,M,50,1950,virus,0.9855052828788757,0.024083,0.037054,0.270011,0.040802,0.026549,0.601501
NC_078409.1,NC_078409.1__M__1,M,1,1999,virus,0.984847366809845,0.024119,0.037117,0.252589,0.038875,0.026418,0.620882
NC_078484.1,NC_078484.1__none__0,none,0,2000,virus,0.966175377368927,0.022671,0.021375,0.084690,0.022057,0.023388,0.825818
NC_078484.1,NC_078484.1__M__500,M,500,1500,virus,0.9738596677780151,0.025065,0.025775,0.172240,0.033322,0.026427,0.717171
NC_078484.1,NC_078484.1__M__450,M,450,1550,virus,0.9755014181137085,0.016635,0.018750,0.053099,0.021104,0.018593,0.871819
NC_078484.1,NC_078484.1__M__400,M,400,1600,virus,0.9741498827934265,0.017448,0.019335,0.059101,0.021524,0.019235,0.863358
NC_078484.1,NC_078484.1__M__350,M,350,1650,virus,0.9724872708320618,0.023472,0.023727,0.135010,0.031136,0.025308,0.761348
NC_078484.1,NC_078484.1__M__300,M,300,1700,virus,0.9712314009666443,0.026591,0.025260,0.148816,0.030330,0.027734,0.741269
NC_078484.1,NC_078484.1__M__250,M,250,1750,virus,0.9691050052642822,0.021727,0.020737,0.073069,0.021894,0.022468,0.840106
NC_078484.1,NC_078484.1__M__200,M,200,1800,virus,0.9687973260879517,0.020839,0.020252,0.075963,0.021862,0.021580,0.839505
NC_078484.1,NC_078484.1__M__150,M,150,1850,virus,0.9691647887229919,0.024121,0.022599,0.104881,0.023951,0.024383,0.800065
NC_078484.1,NC_078484.1__M__100,M,100,1900,virus,0.9689710140228271,0.022969,0.021774,0.089304,0.023119,0.023636,0.819198
NC_078484.1,NC_078484.1__M__50,M,50,1950,virus,0.9696153998374939,0.023914,0.022577,0.099934,0.023924,0.024572,0.805080
NC_078484.1,NC_078484.1__M__1,M,1,1999,virus,0.9657920598983765,0.022692,0.021370,0.085136,0.022117,0.023437,0.825248
NC_078627.1,NC_078627.1__none__0,none,0,2000,virus,0.9796875715255737,0.025328,0.026321,0.113341,0.077055,0.017997,0.739958
NC_078627.1,NC_078627.1__M__500,M,500,1500,eukarya,0.9757258892059326,0.090266,0.037539,0.339224,0.177907,0.023352,0.331711
NC_078627.1,NC_078627.1__M__450,M,450,1550,eukarya,0.9780871868133545,0.055687,0.025629,0.670999,0.075111,0.016317,0.156256
NC_078627.1,NC_078627.1__M__400,M,400,1600,eukarya,0.9783239960670471,0.051896,0.029024,0.642572,0.100632,0.016872,0.159004
NC_078627.1,NC_078627.1__M__350,M,350,1650,eukarya,0.9784850478172302,0.031666,0.024586,0.691627,0.118252,0.015784,0.118085
NC_078627.1,NC_078627.1__M__300,M,300,1700,eukarya,0.9790952205657959,0.039927,0.033503,0.474580,0.159143,0.020356,0.272492
NC_078627.1,NC_078627.1__M__250,M,250,1750,eukarya,0.9776084423065186,0.038208,0.031844,0.428353,0.103304,0.022511,0.375779
NC_078627.1,NC_078627.1__M__200,M,200,1800,eukarya,0.9781005382537842,0.038210,0.026776,0.619109,0.092624,0.019834,0.203447
NC_078627.1,NC_078627.1__M__150,M,150,1850,eukarya,0.9787472486495972,0.039567,0.027604,0.590903,0.148347,0.019086,0.174492
NC_078627.1,NC_078627.1__M__100,M,100,1900,virus,0.979649007320404,0.045418,0.034611,0.324852,0.227988,0.023444,0.343688
NC_078627.1,NC_078627.1__M__50,M,50,1950,virus,0.9792469143867493,0.031170,0.033488,0.219783,0.133066,0.021441,0.561053
NC_078627.1,NC_078627.1__M__1,M,1,1999,virus,0.9796374440193176,0.025219,0.026355,0.112501,0.077727,0.018011,0.740186
NC_078670.1,NC_078670.1__none__0,none,0,2000,virus,0.988742470741272,0.010965,0.020788,0.017525,0.011079,0.010527,0.929116
NC_078670.1,NC_078670.1__M__500,M,500,1500,virus,0.9884004592895508,0.013272,0.029217,0.030559,0.013876,0.012171,0.900905
NC_078670.1,NC_078670.1__M__450,M,450,1550,virus,0.9864387512207031,0.010689,0.023653,0.024131,0.011501,0.011042,0.918984
NC_078670.1,NC_078670.1__M__400,M,400,1600,virus,0.9856448173522949,0.009619,0.015439,0.019217,0.009944,0.009878,0.935902
NC_078670.1,NC_078670.1__M__350,M,350,1650,virus,0.9850867986679077,0.009705,0.015490,0.017277,0.010058,0.009980,0.937491
NC_078670.1,NC_078670.1__M__300,M,300,1700,virus,0.9869657754898071,0.009996,0.018296,0.018697,0.010704,0.010345,0.931962
NC_078670.1,NC_078670.1__M__250,M,250,1750,virus,0.9869393110275269,0.010157,0.015110,0.016016,0.010836,0.010311,0.937570
NC_078670.1,NC_078670.1__M__200,M,200,1800,virus,0.9873968958854675,0.010760,0.016438,0.018687,0.010759,0.010425,0.932931
NC_078670.1,NC_078670.1__M__150,M,150,1850,virus,0.9875801801681519,0.010995,0.019320,0.016881,0.010803,0.010425,0.931576
NC_078670.1,NC_078670.1__M__100,M,100,1900,virus,0.9894644021987915,0.010681,0.019419,0.016431,0.010592,0.010252,0.932626
NC_078670.1,NC_078670.1__M__50,M,50,1950,virus,0.9886929392814636,0.010408,0.018078,0.016527,0.010523,0.009901,0.934563
NC_078670.1,NC_078670.1__M__1,M,1,1999,virus,0.9886946082115173,0.010902,0.020709,0.017484,0.011051,0.010397,0.929457
NC_078676.1,NC_078676.1__none__0,none,0,2000,virus,0.9844627380371094,0.010322,0.012659,0.015355,0.010564,0.009908,0.941192
NC_078676.1,NC_078676.1__M__500,M,500,1500,virus,0.9801201224327087,0.013599,0.022115,0.033537,0.022545,0.012393,0.895811
NC_078676.1,NC_078676.1__M__450,M,450,1550,virus,0.9795381426811218,0.014324,0.027444,0.032798,0.023040,0.012378,0.890014
NC_078676.1,NC_078676.1__M__400,M,400,1600,virus,0.9790278077125549,0.012989,0.022803,0.035803,0.016906,0.012150,0.899348
NC_078676.1,NC_078676.1__M__350,M,350,1650,virus,0.9801807999610901,0.011938,0.019007,0.031082,0.012960,0.010761,0.914252
NC_078676.1,NC_078676.1__M__300,M,300,1700,virus,0.9792212843894958,0.012343,0.019204,0.030239,0.012975,0.010866,0.914374
NC_078676.1,NC_078676.1__M__250,M,250,1750,virus,0.9802706241607666,0.013435,0.023892,0.033652,0.012813,0.011546,0.904661
NC_078676.1,NC_078676.1__M__200,M,200,1800,virus,0.9812621474266052,0.017561,0.041250,0.063343,0.020523,0.015701,0.841622
NC_078676.1,NC_078676.1__M__150,M,150,1850,virus,0.9816296100616455,0.011933,0.020353,0.027224,0.010903,0.010468,0.919118
NC_078676.1,NC_078676.1__M__100,M,100,1900,virus,0.9831783175468445,0.010084,0.013101,0.015377,0.009892,0.009698,0.941847
NC_078676.1,NC_078676.1__M__50,M,50,1950,virus,0.984255313873291,0.010632,0.014489,0.019799,0.009894,0.010348,0.934838
NC_078676.1,NC_078676.1__M__1,M,1,1999,virus,0.9844365119934082,0.010335,0.012627,0.015384,0.010591,0.009941,0.941123
NC_078823.1,NC_078823.1__none__0,none,0,2000,virus,0.9311788082122803,0.010948,0.018462,0.020892,0.009838,0.010209,0.929651
NC_078823.1,NC_078823.1__M__500,M,500,1500,virus,0.9023106694221497,0.010095,0.015947,0.018034,0.009947,0.008604,0.937372
NC_078823.1,NC_078823.1__M__450,M,450,1550,virus,0.9016615152359009,0.009645,0.015270,0.015874,0.009400,0.008302,0.941509
NC_078823.1,NC_078823.1__M__400,M,400,1600,virus,0.8979542851448059,0.009785,0.015650,0.015874,0.009743,0.008897,0.940051
NC_078823.1,NC_078823.1__M__350,M,350,1650,virus,0.8956372141838074,0.010382,0.015282,0.013681,0.009888,0.009772,0.940996
NC_078823.1,NC_078823.1__M__300,M,300,1700,virus,0.9124172329902649,0.010392,0.015468,0.013179,0.009691,0.010267,0.941003
NC_078823.1,NC_078823.1__M__250,M,250,1750,virus,0.909686267375946,0.009880,0.015330,0.014353,0.009646,0.009578,0.941213
NC_078823.1,NC_078823.1__M__200,M,200,1800,virus,0.9274349212646484,0.010025,0.016219,0.015980,0.009606,0.009275,0.938895
NC_078823.1,NC_078823.1__M__150,M,150,1850,virus,0.9341483116149902,0.011014,0.017612,0.017705,0.009715,0.010077,0.933876
NC_078823.1,NC_078823.1__M__100,M,100,1900,virus,0.9337751269340515,0.011736,0.020525,0.023167,0.010536,0.011235,0.922802
NC_078823.1,NC_078823.1__M__50,M,50,1950,virus,0.9305078983306885,0.011296,0.018507,0.020367,0.010061,0.010466,0.929302
NC_078823.1,NC_078823.1__M__1,M,1,1999,virus,0.9315386414527893,0.010948,0.018466,0.020910,0.009843,0.010211,0.929622
NC_078826.1,NC_078826.1__none__0,none,0,2000,virus,0.9714340567588806,0.022158,0.019163,0.093321,0.020357,0.022057,0.822944
NC_078826.1,NC_078826.1__M__500,M,500,1500,virus,0.9680697321891785,0.014613,0.017228,0.035753,0.014702,0.017222,0.900481
NC_078826.1,NC_078826.1__M__450,M,450,1550,virus,0.9679646492004395,0.015603,0.018791,0.047338,0.015632,0.018561,0.884075
NC_078826.1,NC_078826.1__M__400,M,400,1600,virus,0.9700268507003784,0.019351,0.020798,0.078984,0.019631,0.021902,0.839334
NC_078826.1,NC_078826.1__M__350,M,350,1650,virus,0.9700137376785278,0.021612,0.021362,0.101208,0.021964,0.022828,0.811027
NC_078826.1,NC_078826.1__M__300,M,300,1700,virus,0.9701818227767944,0.021040,0.020191,0.092617,0.020233,0.022156,0.823762
NC_078826.1,NC_078826.1__M__250,M,250,1750,virus,0.9668588042259216,0.019936,0.019194,0.081438,0.018272,0.020776,0.840385
NC_078826.1,NC_078826.1__M__200,M,200,1800,virus,0.9725110530853271,0.019520,0.020337,0.081260,0.018315,0.021663,0.838904
NC_078826.1,NC_078826.1__M__150,M,150,1850,virus,0.9738344550132751,0.016999,0.019532,0.059416,0.016862,0.019713,0.867479
NC_078826.1,NC_078826.1__M__100,M,100,1900,virus,0.9721196293830872,0.016303,0.017133,0.047783,0.016025,0.018729,0.884027
NC_078826.1,NC_078826.1__M__50,M,50,1950,virus,0.9723709225654602,0.019440,0.018787,0.076888,0.018489,0.021305,0.845090
NC_078826.1,NC_078826.1__M__1,M,1,1999,virus,0.9714311361312866,0.022252,0.019241,0.093491,0.020365,0.022167,0.822483
NC_078867.1,NC_078867.1__none__0,none,0,2000,virus,0.9797667264938354,0.021659,0.040682,0.181175,0.294079,0.030317,0.432088
NC_078867.1,NC_078867.1__M__500,M,500,1500,virus,0.9805535078048706,0.022887,0.042299,0.225350,0.171062,0.025249,0.513153
NC_078867.1,NC_078867.1__M__450,M,450,1550,virus,0.9790889620780945,0.022710,0.039023,0.240785,0.144191,0.024956,0.528336
NC_078867.1,NC_078867.1__M__400,M,400,1600,virus,0.9781665802001953,0.024426,0.039218,0.348917,0.137641,0.026125,0.423673
NC_078867.1,NC_078867.1__M__350,M,350,1650,virus,0.9787519574165344,0.024502,0.037490,0.394520,0.115857,0.026527,0.401105
NC_078867.1,NC_078867.1__M__300,M,300,1700,virus,0.9793765544891357,0.023416,0.038178,0.340265,0.139914,0.027278,0.430949
NC_078867.1,NC_078867.1__M__250,M,250,1750,virus,0.9778207540512085,0.022628,0.043571,0.273368,0.221106,0.027931,0.411395
NC_078867.1,NC_078867.1__M__200,M,200,1800,virus,0.9794193506240845,0.022857,0.038947,0.277350,0.171714,0.027769,0.461364
NC_078867.1,NC_078867.1__M__150,M,150,1850,virus,0.9798509478569031,0.021776,0.039190,0.213939,0.223618,0.028546,0.472931
NC_078867.1,NC_078867.1__M__100,M,100,1900,virus,0.9789232611656189,0.021139,0.042413,0.174739,0.345780,0.028703,0.387226
NC_078867.1,NC_078867.1__M__50,M,50,1950,virus,0.9787455797195435,0.021445,0.041473,0.178143,0.314885,0.028983,0.415072
NC_078867.1,NC_078867.1__M__1,M,1,1999,virus,0.979876697063446,0.021563,0.040764,0.181519,0.296608,0.030210,0.429336
NC_078917.1,NC_078917.1__none__0,none,0,2000,virus,0.9667063355445862,0.011978,0.016953,0.018097,0.014005,0.013561,0.925405
NC_078917.1,NC_078917.1__M__500,M,500,1500,virus,0.9677116870880127,0.043227,0.317623,0.076694,0.110764,0.042942,0.408750
NC_078917.1,NC_078917.1__M__450,M,450,1550,virus,0.9682253003120422,0.039790,0.279605,0.077308,0.106814,0.040505,0.455977
NC_078917.1,NC_078917.1__M__400,M,400,1600,virus,0.9641368985176086,0.030380,0.150106,0.075780,0.074944,0.034514,0.634277
NC_078917.1,NC_078917.1__M__350,M,350,1650,virus,0.9645062685012817,0.017292,0.063201,0.041395,0.040391,0.022236,0.815486
NC_078917.1,NC_078917.1__M__300,M,300,1700,virus,0.963272750377655,0.015685,0.043991,0.039197,0.039100,0.022702,0.839325
NC_078917.1,NC_078917.1__M__250,M,250,1750,virus,0.9640228748321533,0.015840,0.042197,0.036262,0.036707,0.019539,0.849455
NC_078917.1,NC_078917.1__M__200,M,200,1800,virus,0.9633315205574036,0.017414,0.056034,0.035654,0.038720,0.020702,0.831476
NC_078917.1,NC_078917.1__M__150,M,150,1850,virus,0.9613367319107056,0.016748,0.049271,0.039152,0.035754,0.018742,0.840333
NC_078917.1,NC_078917.1__M__100,M,100,1900,virus,0.9651640057563782,0.013225,0.024506,0.025605,0.024710,0.016025,0.895930
NC_078917.1,NC_078917.1__M__50,M,50,1950,virus,0.9650021195411682,0.012529,0.024908,0.020811,0.015367,0.013491,0.912894
NC_078917.1,NC_078917.1__M__1,M,1,1999,virus,0.9664865136146545,0.011950,0.016898,0.017990,0.013975,0.013536,0.925653
NC_079036.1,NC_079036.1__none__0,none,0,2000,virus,0.9584740400314331,0.012574,0.034168,0.032290,0.016657,0.016074,0.888237
NC_079036.1,NC_079036.1__M__500,M,500,1500,virus,0.963415265083313,0.023265,0.114789,0.095681,0.033036,0.029844,0.703385
NC_079036.1,NC_079036.1__M__450,M,450,1550,virus,0.9671272039413452,0.032663,0.207899,0.096781,0.047563,0.041576,0.573519
NC_079036.1,NC_079036.1__M__400,M,400,1600,virus,0.9670366644859314,0.031017,0.161931,0.078638,0.040089,0.031924,0.656401
NC_079036.1,NC_079036.1__M__350,M,350,1650,virus,0.9652174115180969,0.021665,0.084852,0.052724,0.028318,0.022719,0.789723
NC_079036.1,NC_079036.1__M__300,M,300,1700,virus,0.9618163108825684,0.020912,0.095901,0.055713,0.028757,0.021929,0.776788
NC_079036.1,NC_079036.1__M__250,M,250,1750,virus,0.9647021293640137,0.023905,0.132410,0.077425,0.037480,0.025336,0.703443
NC_079036.1,NC_079036.1__M__200,M,200,1800,virus,0.9612463116645813,0.021031,0.097245,0.055872,0.035580,0.023536,0.766737
NC_079036.1,NC_079036.1__M__150,M,150,1850,virus,0.9616591930389404,0.019031,0.079027,0.051268,0.028457,0.022053,0.800164
NC_079036.1,NC_079036.1__M__100,M,100,1900,virus,0.957693874835968,0.020744,0.090151,0.049785,0.028525,0.023940,0.786855
NC_079036.1,NC_079036.1__M__50,M,50,1950,virus,0.9584071636199951,0.014813,0.050068,0.039731,0.021574,0.018558,0.855256
NC_079036.1,NC_079036.1__M__1,M,1,1999,virus,0.9586194753646851,0.012639,0.034131,0.032507,0.016602,0.016191,0.887929
NC_079122.1,NC_079122.1__none__0,none,0,2000,virus,0.9646212458610535,0.014315,0.020181,0.036393,0.017483,0.019656,0.891971
NC_079122.1,NC_079122.1__M__500,M,500,1500,virus,0.9713712930679321,0.021268,0.025704,0.078160,0.023979,0.023936,0.826954
NC_079122.1,NC_079122.1__M__450,M,450,1550,virus,0.9697176814079285,0.018866,0.024748,0.067156,0.021619,0.021285,0.846326
NC_079122.1,NC_079122.1__M__400,M,400,1600,virus,0.9665342569351196,0.016447,0.023485,0.055250,0.019200,0.019835,0.865782
NC_079122.1,NC_079122.1__M__350,M,350,1650,virus,0.9660754799842834,0.021046,0.030012,0.073128,0.023699,0.024301,0.827814
NC_079122.1,NC_079122.1__M__300,M,300,1700,virus,0.965930700302124,0.018316,0.026510,0.060333,0.021439,0.022120,0.851281
NC_079122.1,NC_079122.1__M__250,M,250,1750,virus,0.9663148522377014,0.017896,0.024181,0.054162,0.021057,0.022171,0.860534
NC_079122.1,NC_079122.1__M__200,M,200,1800,virus,0.9706968665122986,0.018927,0.024950,0.053777,0.022055,0.023114,0.857177
NC_079122.1,NC_079122.1__M__150,M,150,1850,virus,0.9680199027061462,0.019906,0.025131,0.057287,0.022542,0.023864,0.851269
NC_079122.1,NC_079122.1__M__100,M,100,1900,virus,0.9668635725975037,0.016484,0.022213,0.045291,0.019481,0.021527,0.875005
NC_079122.1,NC_079122.1__M__50,M,50,1950,virus,0.9633578658103943,0.016478,0.022757,0.043169,0.019828,0.021553,0.876215
NC_079122.1,NC_079122.1__M__1,M,1,1999,virus,0.9647416472434998,0.014319,0.020206,0.036345,0.017472,0.019696,0.891962
NC_075296.1,NC_075296.1__none__0,none,0,2000,virus,0.8458654284477234,0.013532,0.023299,0.050084,0.016979,0.017285,0.878820
NC_075296.1,NC_075296.1__M__500,M,500,1500,virus,0.9205837845802307,0.019042,0.023744,0.079441,0.021517,0.021426,0.834830
NC_075296.1,NC_075296.1__M__450,M,450,1550,virus,0.9181421995162964,0.017153,0.022879,0.081592,0.019383,0.019507,0.839485
NC_075296.1,NC_075296.1__M__400,M,400,1600,virus,0.8906433582305908,0.012926,0.020770,0.042837,0.014837,0.014219,0.894410
NC_075296.1,NC_075296.1__M__350,M,350,1650,virus,0.8818445205688477,0.015759,0.024484,0.073827,0.017660,0.017489,0.850782
NC_075296.1,NC_075296.1__M__300,M,300,1700,virus,0.8356490731239319,0.014093,0.024899,0.051687,0.016305,0.016431,0.876584
NC_075296.1,NC_075296.1__M__250,M,250,1750,virus,0.8294059634208679,0.012301,0.021215,0.033596,0.014685,0.014790,0.903413
NC_075296.1,NC_075296.1__M__200,M,200,1800,virus,0.8059603571891785,0.011734,0.020269,0.030827,0.014650,0.014971,0.907549
NC_075296.1,NC_075296.1__M__150,M,150,1850,virus,0.7941735982894897,0.012352,0.023047,0.028822,0.015395,0.015245,0.905139
NC_075296.1,NC_075296.1__M__100,M,100,1900,virus,0.8005009293556213,0.013466,0.022724,0.032442,0.016815,0.016585,0.897968
NC_075296.1,NC_075296.1__M__50,M,50,1950,virus,0.8033120632171631,0.015324,0.025377,0.044749,0.019842,0.018955,0.875753
NC_075296.1,NC_075296.1__M__1,M,1,1999,virus,0.8466668725013733,0.013476,0.023207,0.049726,0.016882,0.017300,0.879408
NC_076013.1,NC_076013.1__none__0,none,0,2000,virus,0.9586454629898071,0.011923,0.018278,0.019648,0.012922,0.013071,0.924159
NC_076013.1,NC_076013.1__M__500,M,500,1500,virus,0.9406417012214661,0.018040,0.027529,0.095463,0.023310,0.017843,0.817815
NC_076013.1,NC_076013.1__M__450,M,450,1550,virus,0.9431288838386536,0.017659,0.026085,0.080868,0.021713,0.017401,0.836274
NC_076013.1,NC_076013.1__M__400,M,400,1600,virus,0.9555968046188354,0.018003,0.025088,0.076675,0.021384,0.017603,0.841247
NC_076013.1,NC_076013.1__M__350,M,350,1650,virus,0.9492981433868408,0.014365,0.020898,0.037447,0.016360,0.014771,0.896159
NC_076013.1,NC_076013.1__M__300,M,300,1700,virus,0.9395507574081421,0.012071,0.016954,0.020941,0.013181,0.012703,0.924149
NC_076013.1,NC_076013.1__M__250,M,250,1750,virus,0.9354867339134216,0.012144,0.016955,0.019840,0.012630,0.012717,0.925715
NC_076013.1,NC_076013.1__M__200,M,200,1800,virus,0.9314602613449097,0.012204,0.016005,0.017484,0.012309,0.012991,0.929007
NC_076013.1,NC_076013.1__M__150,M,150,1850,virus,0.9444513916969299,0.012499,0.017259,0.018595,0.012632,0.013349,0.925666
NC_076013.1,NC_076013.1__M__100,M,100,1900,virus,0.9557546377182007,0.012130,0.018830,0.019161,0.012644,0.013114,0.924121
NC_076013.1,NC_076013.1__M__50,M,50,1950,virus,0.9557352662086487,0.012243,0.018029,0.018652,0.012831,0.013416,0.924829
NC_076013.1,NC_076013.1__M__1,M,1,1999,virus,0.9587833285331726,0.011899,0.018295,0.019614,0.012914,0.013066,0.924212
NC_076016.1,NC_076016.1__none__0,none,0,2000,virus,0.9553276896476746,0.013343,0.014864,0.024893,0.023868,0.015536,0.907495
NC_076016.1,NC_076016.1__M__500,M,500,1500,virus,0.9756243228912354,0.011997,0.014749,0.021291,0.024297,0.015866,0.911801
NC_076016.1,NC_076016.1__M__450,M,450,1550,virus,0.9730110168457031,0.010235,0.010276,0.015540,0.012683,0.011930,0.939337
NC_076016.1,NC_076016.1__M__400,M,400,1600,virus,0.9704924821853638,0.011599,0.010600,0.014498,0.014355,0.013472,0.935477
NC_076016.1,NC_076016.1__M__350,M,350,1650,virus,0.9656134843826294,0.012731,0.011074,0.014270,0.014966,0.014295,0.932664
NC_076016.1,NC_076016.1__M__300,M,300,1700,virus,0.9679980278015137,0.013733,0.014276,0.017853,0.019500,0.014878,0.919760
NC_076016.1,NC_076016.1__M__250,M,250,1750,virus,0.9643749594688416,0.011962,0.012095,0.015685,0.014935,0.012979,0.932343
NC_076016.1,NC_076016.1__M__200,M,200,1800,virus,0.9612746238708496,0.010839,0.012069,0.015271,0.013813,0.013173,0.934835
NC_076016.1,NC_076016.1__M__150,M,150,1850,virus,0.9610735177993774,0.011830,0.011128,0.015228,0.015900,0.013635,0.932278
NC_076016.1,NC_076016.1__M__100,M,100,1900,virus,0.959213376045227,0.011560,0.011240,0.016120,0.014825,0.013457,0.932799
NC_076016.1,NC_076016.1__M__50,M,50,1950,virus,0.9552298784255981,0.011037,0.011500,0.017338,0.013675,0.013065,0.933386
NC_076016.1,NC_076016.1__M__1,M,1,1999,virus,0.9555263519287109,0.013253,0.014780,0.024816,0.023717,0.015333,0.908103
NC_076099.1,NC_076099.1__none__0,none,0,2000,virus,0.8687965869903564,0.017637,0.024170,0.065617,0.016861,0.016893,0.858823
NC_076099.1,NC_076099.1__M__500,M,500,1500,virus,0.5741201043128967,0.009688,0.013454,0.016951,0.008619,0.008698,0.942590
NC_076099.1,NC_076099.1__M__450,M,450,1550,virus,0.6283490657806396,0.010126,0.013109,0.020079,0.009331,0.009094,0.938261
NC_076099.1,NC_076099.1__M__400,M,400,1600,virus,0.6701794266700745,0.010233,0.014615,0.021143,0.009353,0.009464,0.935192
NC_076099.1,NC_076099.1__M__350,M,350,1650,virus,0.7068036198616028,0.009964,0.015326,0.018711,0.008682,0.009627,0.937691
NC_076099.1,NC_076099.1__M__300,M,300,1700,virus,0.7582142353057861,0.010007,0.015523,0.019971,0.009168,0.009372,0.935959
NC_076099.1,NC_076099.1__M__250,M,250,1750,virus,0.7827409505844116,0.010623,0.018933,0.026759,0.010247,0.010103,0.923335
NC_076099.1,NC_076099.1__M__200,M,200,1800,virus,0.7864855527877808,0.010818,0.016979,0.027287,0.011026,0.010262,0.923629
NC_076099.1,NC_076099.1__M__150,M,150,1850,virus,0.8267868161201477,0.010964,0.017687,0.029242,0.011479,0.010690,0.919938
NC_076099.1,NC_076099.1__M__100,M,100,1900,virus,0.8287308812141418,0.011296,0.018497,0.029901,0.010500,0.011030,0.918776
NC_076099.1,NC_076099.1__M__50,M,50,1950,virus,0.8585401773452759,0.016100,0.022202,0.056118,0.014977,0.015918,0.874685
NC_076099.1,NC_076099.1__M__1,M,1,1999,virus,0.8694316744804382,0.017533,0.024182,0.064665,0.016720,0.016834,0.860066
NC_076400.1,NC_076400.1__none__0,none,0,2000,virus,0.9850046634674072,0.267473,0.037532,0.090011,0.047532,0.032926,0.524526
NC_076400.1,NC_076400.1__M__500,M,500,1500,eukarya,0.9794027209281921,0.148738,0.045705,0.406290,0.048548,0.034984,0.315735
NC_076400.1,NC_076400.1__M__450,M,450,1550,virus,0.9785922169685364,0.087462,0.041505,0.227686,0.041543,0.029857,0.571946
NC_076400.1,NC_076400.1__M__400,M,400,1600,virus,0.9735124707221985,0.050275,0.031115,0.146467,0.032019,0.022228,0.717896
NC_076400.1,NC_076400.1__M__350,M,350,1650,virus,0.9728339314460754,0.049293,0.031198,0.115658,0.030938,0.020832,0.752080
NC_076400.1,NC_076400.1__M__300,M,300,1700,virus,0.9728339314460754,0.049293,0.031198,0.115658,0.030938,0.020832,0.752080
NC_076400.1,NC_076400.1__M__250,M,250,1750,virus,0.9728339314460754,0.049293,0.031198,0.115658,0.030938,0.020832,0.752080
NC_076400.1,NC_076400.1__M__200,M,200,1800,virus,0.9728403687477112,0.049293,0.031198,0.115658,0.030938,0.020832,0.752080
NC_076400.1,NC_076400.1__M__150,M,150,1850,virus,0.9824267625808716,0.218432,0.030945,0.093776,0.037638,0.026122,0.593088
NC_076400.1,NC_076400.1__M__100,M,100,1900,virus,0.985382080078125,0.272511,0.034568,0.079482,0.041036,0.026487,0.545916
NC_076400.1,NC_076400.1__M__50,M,50,1950,virus,0.9836511015892029,0.219881,0.034296,0.080815,0.041555,0.023821,0.599632
NC_076400.1,NC_076400.1__M__1,M,1,1999,virus,0.9849628806114197,0.266456,0.037599,0.090475,0.047800,0.032763,0.524906
NC_076412.1,NC_076412.1__none__0,none,0,2000,virus,0.9816635847091675,0.020324,0.021906,0.083008,0.026954,0.019818,0.827991
NC_076412.1,NC_076412.1__M__500,M,500,1500,virus,0.9753013849258423,0.018799,0.028124,0.120405,0.042481,0.019842,0.770349
NC_076412.1,NC_076412.1__M__450,M,450,1550,virus,0.9773514866828918,0.018354,0.026098,0.110510,0.039474,0.019875,0.785688
NC_076412.1,NC_076412.1__M__400,M,400,1600,virus,0.9780941605567932,0.015900,0.022275,0.071475,0.024569,0.016802,0.848978
NC_076412.1,NC_076412.1__M__350,M,350,1650,virus,0.9775172472000122,0.015754,0.021998,0.070918,0.021699,0.016808,0.852823
NC_076412.1,NC_076412.1__M__300,M,300,1700,virus,0.9764211773872375,0.017203,0.020241,0.069907,0.022842,0.018337,0.851470
NC_076412.1,NC_076412.1__M__250,M,250,1750,virus,0.9771209955215454,0.019361,0.023868,0.100774,0.025561,0.020043,0.810393
NC_076412.1,NC_076412.1__M__200,M,200,1800,virus,0.9770836234092712,0.018947,0.021793,0.085218,0.023439,0.019420,0.831182
NC_076412.1,NC_076412.1__M__150,M,150,1850,virus,0.979909360408783,0.015166,0.017129,0.042209,0.018586,0.015633,0.891277
NC_076412.1,NC_076412.1__M__100,M,100,1900,virus,0.9802117347717285,0.016752,0.017825,0.051562,0.020818,0.017568,0.875474
NC_076412.1,NC_076412.1__M__50,M,50,1950,virus,0.9814463257789612,0.016557,0.017505,0.040997,0.019745,0.016947,0.888249
NC_076412.1,NC_076412.1__M__1,M,1,1999,virus,0.9816701412200928,0.020455,0.021904,0.083120,0.027089,0.019825,0.827607
NC_076598.1,NC_076598.1__none__0,none,0,2000,virus,0.961056649684906,0.030093,0.016601,0.094163,0.019689,0.022792,0.816662
NC_076598.1,NC_076598.1__M__500,M,500,1500,virus,0.9604991674423218,0.035737,0.020506,0.274120,0.023948,0.022945,0.622745
NC_076598.1,NC_076598.1__M__450,M,450,1550,virus,0.9627618789672852,0.037382,0.021776,0.329690,0.026684,0.026418,0.558050
NC_076598.1,NC_076598.1__M__400,M,400,1600,virus,0.9653400182723999,0.035059,0.021090,0.241785,0.024790,0.023857,0.653420
NC_076598.1,NC_076598.1__M__350,M,350,1650,virus,0.9643974900245667,0.033767,0.021258,0.202229,0.025108,0.028093,0.689547
NC_076598.1,NC_076598.1__M__300,M,300,1700,virus,0.9653522372245789,0.035002,0.021488,0.192136,0.025120,0.029762,0.696492
NC_076598.1,NC_076598.1__M__250,M,250,1750,virus,0.9610852003097534,0.034044,0.020534,0.176055,0.024385,0.029375,0.715606
NC_076598.1,NC_076598.1__M__200,M,200,1800,virus,0.9573812484741211,0.030700,0.018002,0.116360,0.021959,0.026483,0.786495
NC_076598.1,NC_076598.1__M__150,M,150,1850,virus,0.958919882774353,0.027731,0.016102,0.087533,0.019323,0.024284,0.825026
NC_076598.1,NC_076598.1__M__100,M,100,1900,virus,0.9606110453605652,0.031354,0.017628,0.109172,0.020935,0.025108,0.795802
NC_076598.1,NC_076598.1__M__50,M,50,1950,virus,0.9609314799308777,0.029456,0.016122,0.081899,0.019141,0.020835,0.832547
NC_076598.1,NC_076598.1__M__1,M,1,1999,virus,0.9608284831047058,0.030110,0.016626,0.094574,0.019650,0.022698,0.816343
NC_076602.1,NC_076602.1__none__0,none,0,2000,phage,0.6710309386253357,0.031231,0.576470,0.197983,0.024772,0.059984,0.109561
NC_076602.1,NC_076602.1__M__500,M,500,1500,phage,0.6653074622154236,0.025626,0.539236,0.231830,0.024204,0.076662,0.102442
NC_076602.1,NC_076602.1__M__450,M,450,1550,phage,0.7154862284660339,0.024797,0.535643,0.231388,0.024314,0.079073,0.104785
NC_076602.1,NC_076602.1__M__400,M,400,1600,phage,0.7411507964134216,0.027105,0.466980,0.259180,0.026008,0.088737,0.131990
NC_076602.1,NC_076602.1__M__350,M,350,1650,eukarya,0.6972914338111877,0.025857,0.367343,0.367627,0.025653,0.093619,0.119900
NC_076602.1,NC_076602.1__M__300,M,300,1700,phage,0.6431280970573425,0.025808,0.424952,0.303388,0.025037,0.068035,0.152780
NC_076602.1,NC_076602.1__M__250,M,250,1750,phage,0.5956765413284302,0.027481,0.376919,0.350960,0.026047,0.077690,0.140902
NC_076602.1,NC_076602.1__M__200,M,200,1800,eukarya,0.648784875869751,0.029071,0.318356,0.364143,0.027168,0.088291,0.172971
NC_076602.1,NC_076602.1__M__150,M,150,1850,eukarya,0.5588955283164978,0.030124,0.358969,0.365346,0.025625,0.070823,0.149114
NC_076602.1,NC_076602.1__M__100,M,100,1900,phage,0.5909082293510437,0.033643,0.446038,0.305628,0.025877,0.073505,0.115309
NC_076602.1,NC_076602.1__M__50,M,50,1950,phage,0.6954243183135986,0.030034,0.398058,0.343857,0.025595,0.054437,0.148019
NC_076602.1,NC_076602.1__M__1,M,1,1999,phage,0.6707379817962646,0.031059,0.567778,0.204691,0.024844,0.060213,0.111416
NC_076658.1,NC_076658.1__none__0,none,0,2000,phage,0.7693771719932556,0.034092,0.726290,0.070193,0.028568,0.031060,0.109797
NC_076658.1,NC_076658.1__M__500,M,500,1500,phage,0.726371705532074,0.030678,0.827908,0.024843,0.020851,0.053740,0.041980
NC_076658.1,NC_076658.1__M__450,M,450,1550,phage,0.7663325667381287,0.028887,0.813847,0.031118,0.021880,0.046597,0.057671
NC_076658.1,NC_076658.1__M__400,M,400,1600,phage,0.7388907670974731,0.030709,0.823153,0.028308,0.020826,0.046831,0.050172
NC_076658.1,NC_076658.1__M__350,M,350,1650,phage,0.7443042397499084,0.033581,0.779455,0.039386,0.025399,0.048073,0.074106
NC_076658.1,NC_076658.1__M__300,M,300,1700,phage,0.7330687642097473,0.039553,0.730928,0.056172,0.032694,0.061500,0.079153
NC_076658.1,NC_076658.1__M__250,M,250,1750,phage,0.6826685070991516,0.047945,0.707209,0.061994,0.031269,0.081752,0.069831
NC_076658.1,NC_076658.1__M__200,M,200,1800,phage,0.5892342925071716,0.073319,0.635240,0.070516,0.040844,0.092132,0.087949
NC_076658.1,NC_076658.1__M__150,M,150,1850,phage,0.6196777820587158,0.056056,0.690614,0.066067,0.036265,0.068033,0.082966
NC_076658.1,NC_076658.1__M__100,M,100,1900,phage,0.6032397150993347,0.048124,0.725686,0.056779,0.032655,0.051019,0.085737
NC_076658.1,NC_076658.1__M__50,M,50,1950,phage,0.6712167859077454,0.051478,0.689653,0.076988,0.034919,0.056096,0.090866
NC_076658.1,NC_076658.1__M__1,M,1,1999,phage,0.76790851354599,0.034059,0.726533,0.070038,0.028573,0.031017,0.109780
NC_076678.1,NC_076678.1__none__0,none,0,2000,eukarya,0.9290997982025146,0.015888,0.036334,0.854734,0.017181,0.015681,0.060182
NC_076678.1,NC_076678.1__M__500,M,500,1500,eukarya,0.8669612407684326,0.017839,0.121424,0.717264,0.024245,0.019471,0.099758
NC_076678.1,NC_076678.1__M__450,M,450,1550,eukarya,0.8589820861816406,0.017490,0.128056,0.719144,0.024827,0.018902,0.091582
NC_076678.1,NC_076678.1__M__400,M,400,1600,eukarya,0.8782675862312317,0.016674,0.143077,0.711908,0.024444,0.018899,0.084998
NC_076678.1,NC_076678.1__M__350,M,350,1650,eukarya,0.8846494555473328,0.015207,0.115282,0.771588,0.020773,0.017154,0.059996
NC_076678.1,NC_076678.1__M__300,M,300,1700,eukarya,0.8880412578582764,0.017424,0.152869,0.704310,0.023984,0.019015,0.082397
NC_076678.1,NC_076678.1__M__250,M,250,1750,eukarya,0.8929731845855713,0.017547,0.132109,0.713280,0.024586,0.018979,0.093499
NC_076678.1,NC_076678.1__M__200,M,200,1800,eukarya,0.9002101421356201,0.016828,0.096968,0.737733,0.022546,0.016762,0.109164
NC_076678.1,NC_076678.1__M__150,M,150,1850,eukarya,0.8999286890029907,0.016934,0.052435,0.789755,0.020029,0.015215,0.105632
NC_076678.1,NC_076678.1__M__100,M,100,1900,eukarya,0.9019545912742615,0.016275,0.064668,0.803288,0.019430,0.015145,0.081195
NC_076678.1,NC_076678.1__M__50,M,50,1950,eukarya,0.9194489121437073,0.015724,0.035499,0.854546,0.017330,0.015311,0.061590
NC_076678.1,NC_076678.1__M__1,M,1,1999,eukarya,0.9292134046554565,0.015894,0.036332,0.854699,0.017205,0.015682,0.060187
NC_076687.1,NC_076687.1__none__0,none,0,2000,eukarya,0.9583548903465271,0.020197,0.020569,0.738275,0.054112,0.025238,0.141610
NC_076687.1,NC_076687.1__M__500,M,500,1500,virus,0.945715606212616,0.029566,0.028197,0.182866,0.336855,0.039154,0.383362
NC_076687.1,NC_076687.1__M__450,M,450,1550,archaea,0.9550873637199402,0.030810,0.027582,0.193779,0.362610,0.040578,0.344641
NC_076687.1,NC_076687.1__M__400,M,400,1600,archaea,0.9564449191093445,0.029320,0.026845,0.179620,0.397422,0.038581,0.328212
NC_076687.1,NC_076687.1__M__350,M,350,1650,archaea,0.9614319205284119,0.029647,0.029200,0.182428,0.417728,0.039709,0.301288
NC_076687.1,NC_076687.1__M__300,M,300,1700,archaea,0.9585637450218201,0.030439,0.030052,0.210339,0.408012,0.041529,0.279629
NC_076687.1,NC_076687.1__M__250,M,250,1750,virus,0.9538542032241821,0.033355,0.030659,0.301839,0.247927,0.044295,0.341925
NC_076687.1,NC_076687.1__M__200,M,200,1800,virus,0.9494085311889648,0.030358,0.027075,0.293377,0.175651,0.040059,0.433481
NC_076687.1,NC_076687.1__M__150,M,150,1850,eukarya,0.9576815962791443,0.027362,0.024208,0.512912,0.147584,0.037129,0.250805
NC_076687.1,NC_076687.1__M__100,M,100,1900,eukarya,0.9633020758628845,0.027319,0.024175,0.485642,0.121165,0.035240,0.306458
NC_076687.1,NC_076687.1__M__50,M,50,1950,eukarya,0.9627222418785095,0.025093,0.024880,0.565773,0.109544,0.032236,0.242474
NC_076687.1,NC_076687.1__M__1,M,1,1999,eukarya,0.9583349823951721,0.020200,0.020587,0.736135,0.054460,0.025216,0.143403
NC_076725.1,NC_076725.1__none__0,none,0,2000,virus,0.6458156704902649,0.008808,0.014781,0.015685,0.008826,0.008856,0.943044
NC_076725.1,NC_076725.1__M__500,M,500,1500,virus,0.23818367719650269,0.011538,0.022202,0.037229,0.012560,0.011630,0.904841
NC_076725.1,NC_076725.1__M__450,M,450,1550,virus,0.2764933407306671,0.014735,0.031293,0.067094,0.015323,0.014129,0.857426
NC_076725.1,NC_076725.1__M__400,M,400,1600,virus,0.3698606491088867,0.014335,0.037087,0.064250,0.014455,0.014094,0.855779
NC_076725.1,NC_076725.1__M__350,M,350,1650,virus,0.3501867651939392,0.012163,0.043200,0.042720,0.012683,0.012321,0.876913
NC_076725.1,NC_076725.1__M__300,M,300,1700,virus,0.4088665843009949,0.009639,0.032207,0.024529,0.009741,0.010155,0.913729
NC_076725.1,NC_076725.1__M__250,M,250,1750,virus,0.4771953821182251,0.008778,0.017470,0.015713,0.008430,0.009312,0.940297
NC_076725.1,NC_076725.1__M__200,M,200,1800,virus,0.576690673828125,0.008735,0.015919,0.015875,0.008562,0.009013,0.941895
NC_076725.1,NC_076725.1__M__150,M,150,1850,virus,0.5760324001312256,0.008544,0.016533,0.014977,0.008139,0.008577,0.943230
NC_076725.1,NC_076725.1__M__100,M,100,1900,virus,0.6201160550117493,0.008485,0.015725,0.013873,0.008075,0.008364,0.945478
NC_076725.1,NC_076725.1__M__50,M,50,1950,virus,0.6205820441246033,0.008655,0.012854,0.014712,0.008581,0.008169,0.947030
NC_076725.1,NC_076725.1__M__1,M,1,1999,virus,0.646044135093689,0.008723,0.014739,0.015613,0.008789,0.008797,0.943339
NC_076729.1,NC_076729.1__none__0,none,0,2000,virus,0.4107973277568817,0.022332,0.036702,0.260089,0.025441,0.024559,0.630877
NC_076729.1,NC_076729.1__M__500,M,500,1500,virus,0.3693002760410309,0.020323,0.018898,0.131422,0.037765,0.021898,0.769693
NC_076729.1,NC_076729.1__M__450,M,450,1550,virus,0.3768312931060791,0.022268,0.020002,0.197968,0.028115,0.024662,0.706985
NC_076729.1,NC_076729.1__M__400,M,400,1600,virus,0.41654467582702637,0.019905,0.019169,0.133657,0.021972,0.022502,0.782795
NC_076729.1,NC_076729.1__M__350,M,350,1650,virus,0.43828698992729187,0.019915,0.020440,0.146231,0.021840,0.022720,0.768854
NC_076729.1,NC_076729.1__M__300,M,300,1700,virus,0.47433483600616455,0.022915,0.023442,0.232331,0.024401,0.025111,0.671799
NC_076729.1,NC_076729.1__M__250,M,250,1750,virus,0.534368634223938,0.021903,0.029122,0.253690,0.023266,0.025078,0.646941
NC_076729.1,NC_076729.1__M__200,M,200,1800,virus,0.5003786683082581,0.024251,0.028022,0.371187,0.027171,0.026394,0.522975
NC_076729.1,NC_076729.1__M__150,M,150,1850,virus,0.47964537143707275,0.025353,0.031790,0.427509,0.026794,0.026695,0.461859
NC_076729.1,NC_076729.1__M__100,M,100,1900,virus,0.4970909059047699,0.024178,0.038336,0.382279,0.026845,0.026799,0.501563
NC_076729.1,NC_076729.1__M__50,M,50,1950,virus,0.446265310049057,0.023981,0.036308,0.292279,0.025214,0.025123,0.597095
NC_076729.1,NC_076729.1__M__1,M,1,1999,virus,0.41066694259643555,0.022355,0.036613,0.259555,0.025406,0.024547,0.631524
NC_076823.1,NC_076823.1__none__0,none,0,2000,virus,0.9640073776245117,0.012498,0.012313,0.016705,0.012000,0.011319,0.935165
NC_076823.1,NC_076823.1__M__500,M,500,1500,virus,0.9578378796577454,0.031820,0.021925,0.231471,0.023024,0.024317,0.667443
NC_076823.1,NC_076823.1__M__450,M,450,1550,virus,0.9564433693885803,0.024992,0.018419,0.101841,0.018048,0.018591,0.818109
NC_076823.1,NC_076823.1__M__400,M,400,1600,virus,0.9578863978385925,0.018135,0.015853,0.045464,0.014401,0.012983,0.893164
NC_076823.1,NC_076823.1__M__350,M,350,1650,virus,0.9595715403556824,0.017540,0.015474,0.042358,0.014271,0.013281,0.897076
NC_076823.1,NC_076823.1__M__300,M,300,1700,virus,0.9585360288619995,0.013827,0.013016,0.026285,0.012110,0.010161,0.924602
NC_076823.1,NC_076823.1__M__250,M,250,1750,virus,0.9543576240539551,0.012694,0.013029,0.023461,0.011949,0.010165,0.928702
NC_076823.1,NC_076823.1__M__200,M,200,1800,virus,0.955932080745697,0.012785,0.012815,0.018963,0.011926,0.010480,0.933031
NC_076823.1,NC_076823.1__M__150,M,150,1850,virus,0.9594473242759705,0.011918,0.013012,0.016955,0.011856,0.010899,0.935361
NC_076823.1,NC_076823.1__M__100,M,100,1900,virus,0.9584044218063354,0.011615,0.012538,0.014933,0.011145,0.009930,0.939838
NC_076823.1,NC_076823.1__M__50,M,50,1950,virus,0.9612293243408203,0.012106,0.012258,0.015532,0.011203,0.010144,0.938757
NC_076823.1,NC_076823.1__M__1,M,1,1999,virus,0.9641461968421936,0.012478,0.012295,0.016567,0.011966,0.011263,0.935431
NC_076901.1,NC_076901.1__none__0,none,0,2000,eukarya,0.9453094601631165,0.027814,0.108273,0.509599,0.026018,0.022214,0.306082
NC_076901.1,NC_076901.1__M__500,M,500,1500,eukarya,0.9302344918251038,0.023381,0.103629,0.470634,0.026864,0.021759,0.353734
NC_076901.1,NC_076901.1__M__450,M,450,1550,virus,0.9285098314285278,0.025320,0.213076,0.235856,0.026060,0.021104,0.478584
NC_076901.1,NC_076901.1__M__400,M,400,1600,virus,0.9309113621711731,0.024698,0.176449,0.284752,0.026501,0.021529,0.466071
NC_076901.1,NC_076901.1__M__350,M,350,1650,eukarya,0.9421287775039673,0.024389,0.107876,0.455563,0.026826,0.022803,0.362543
NC_076901.1,NC_076901.1__M__300,M,300,1700,eukarya,0.9448134899139404,0.024082,0.096551,0.451656,0.026402,0.022548,0.378760
NC_076901.1,NC_076901.1__M__250,M,250,1750,eukarya,0.9358055591583252,0.025307,0.137949,0.411125,0.026422,0.022355,0.376842
NC_076901.1,NC_076901.1__M__200,M,200,1800,eukarya,0.9299551248550415,0.025648,0.113312,0.413235,0.025946,0.022742,0.399117
NC_076901.1,NC_076901.1__M__150,M,150,1850,eukarya,0.9351266622543335,0.026433,0.117863,0.438768,0.026325,0.022855,0.367756
NC_076901.1,NC_076901.1__M__100,M,100,1900,virus,0.9426480531692505,0.028647,0.127240,0.316921,0.025986,0.022890,0.478317
NC_076901.1,NC_076901.1__M__50,M,50,1950,virus,0.935920238494873,0.027883,0.149696,0.323701,0.026127,0.022780,0.449812
NC_076901.1,NC_076901.1__M__1,M,1,1999,eukarya,0.9453247785568237,0.027842,0.108656,0.510128,0.026100,0.022235,0.305040
NC_076937.1,NC_076937.1__none__0,none,0,2000,virus,0.9780855178833008,0.042172,0.101017,0.204633,0.168491,0.045522,0.438165
NC_076937.1,NC_076937.1__M__500,M,500,1500,virus,0.9715590476989746,0.035337,0.103227,0.192429,0.296441,0.040738,0.331828
NC_076937.1,NC_076937.1__M__450,M,450,1550,archaea,0.9724311232566833,0.035741,0.137314,0.158877,0.324002,0.042696,0.301370
NC_076937.1,NC_076937.1__M__400,M,400,1600,archaea,0.9747865796089172,0.037440,0.207586,0.167920,0.281221,0.039203,0.266631
NC_076937.1,NC_076937.1__M__350,M,350,1650,virus,0.9747348427772522,0.036559,0.216944,0.204443,0.190199,0.037262,0.314592
NC_076937.1,NC_076937.1__M__300,M,300,1700,virus,0.9730826616287231,0.039358,0.276403,0.184465,0.170001,0.036427,0.293346
NC_076937.1,NC_076937.1__M__250,M,250,1750,virus,0.9752451181411743,0.042680,0.215319,0.204774,0.173679,0.041376,0.322172
NC_076937.1,NC_076937.1__M__200,M,200,1800,virus,0.9759356379508972,0.045068,0.153870,0.229455,0.209971,0.045976,0.315660
NC_076937.1,NC_076937.1__M__150,M,150,1850,virus,0.9775116443634033,0.039175,0.116283,0.219504,0.112618,0.041324,0.471096
NC_076937.1,NC_076937.1__M__100,M,100,1900,virus,0.9778202176094055,0.038706,0.128992,0.224663,0.124219,0.043647,0.439774
NC_076937.1,NC_076937.1__M__50,M,50,1950,virus,0.9783070087432861,0.037604,0.106900,0.211426,0.143575,0.042837,0.457658
NC_076937.1,NC_076937.1__M__1,M,1,1999,virus,0.9781529903411865,0.042027,0.099696,0.205158,0.168162,0.045290,0.439667
NC_077019.1,NC_077019.1__none__0,none,0,2000,virus,0.9012348055839539,0.016538,0.143448,0.039450,0.024589,0.021730,0.754244
NC_077019.1,NC_077019.1__M__500,M,500,1500,virus,0.923812747001648,0.012551,0.040762,0.026571,0.013570,0.013607,0.892938
NC_077019.1,NC_077019.1__M__450,M,450,1550,virus,0.9238793253898621,0.012894,0.050254,0.028811,0.014051,0.014157,0.879834
NC_077019.1,NC_077019.1__M__400,M,400,1600,virus,0.9264316558837891,0.011838,0.049817,0.029004,0.012872,0.013461,0.883007
NC_077019.1,NC_077019.1__M__350,M,350,1650,virus,0.9230638146400452,0.011915,0.053861,0.023945,0.012510,0.014559,0.883209
NC_077019.1,NC_077019.1__M__300,M,300,1700,virus,0.9169173240661621,0.015632,0.104481,0.031270,0.018121,0.018882,0.811613
NC_077019.1,NC_077019.1__M__250,M,250,1750,virus,0.9087766408920288,0.016790,0.141947,0.037024,0.021842,0.019819,0.762576
NC_077019.1,NC_077019.1__M__200,M,200,1800,virus,0.8995084762573242,0.019053,0.227472,0.048826,0.026760,0.021121,0.656768
NC_077019.1,NC_077019.1__M__150,M,150,1850,virus,0.8993961811065674,0.018084,0.214193,0.057096,0.025275,0.020046,0.665305
NC_077019.1,NC_077019.1__M__100,M,100,1900,virus,0.8791913986206055,0.014278,0.102059,0.045809,0.018905,0.017164,0.801785
NC_077019.1,NC_077019.1__M__50,M,50,1950,virus,0.8851258158683777,0.015367,0.100689,0.037257,0.021665,0.019115,0.805907
NC_077019.1,NC_077019.1__M__1,M,1,1999,virus,0.9019056558609009,0.016525,0.143090,0.039297,0.024624,0.021728,0.754736
NC_077040.1,NC_077040.1__none__0,none,0,2000,virus,0.9518982172012329,0.034542,0.025401,0.231283,0.037630,0.032635,0.638510
NC_077040.1,NC_077040.1__M__500,M,500,1500,virus,0.9531075954437256,0.024183,0.017411,0.091333,0.025413,0.026356,0.815303
NC_077040.1,NC_077040.1__M__450,M,450,1550,virus,0.9462154507637024,0.024819,0.018477,0.097739,0.028438,0.026896,0.803631
NC_077040.1,NC_077040.1__M__400,M,400,1600,virus,0.95570969581604,0.030341,0.021536,0.150049,0.031449,0.031736,0.734890
NC_077040.1,NC_077040.1__M__350,M,350,1650,virus,0.9559968113899231,0.030513,0.022373,0.159996,0.030448,0.031629,0.725040
NC_077040.1,NC_077040.1__M__300,M,300,1700,virus,0.9476639032363892,0.024308,0.017250,0.082099,0.024695,0.026050,0.825598
NC_077040.1,NC_077040.1__M__250,M,250,1750,virus,0.9409786462783813,0.026722,0.019481,0.105453,0.029323,0.028249,0.790773
NC_077040.1,NC_077040.1__M__200,M,200,1800,virus,0.9429028630256653,0.031088,0.023770,0.179979,0.034631,0.031254,0.699278
NC_077040.1,NC_077040.1__M__150,M,150,1850,virus,0.9569324851036072,0.032869,0.027542,0.277385,0.040457,0.031555,0.590191
NC_077040.1,NC_077040.1__M__100,M,100,1900,virus,0.9540256261825562,0.030703,0.022316,0.156008,0.033344,0.029763,0.727866
NC_077040.1,NC_077040.1__M__50,M,50,1950,virus,0.9498776793479919,0.032032,0.024351,0.190135,0.035320,0.030732,0.687430
NC_077040.1,NC_077040.1__M__1,M,1,1999,virus,0.9516926407814026,0.034550,0.025395,0.231480,0.037622,0.032657,0.638296
NC_073802.1,NC_073802.1__none__0,none,0,2000,phage,0.9771840572357178,0.021724,0.909617,0.015805,0.017068,0.017042,0.018744
NC_073802.1,NC_073802.1__M__500,M,500,1500,phage,0.9731220602989197,0.025115,0.905750,0.015081,0.016859,0.018225,0.018970
NC_073802.1,NC_073802.1__M__450,M,450,1550,phage,0.9710708260536194,0.021522,0.908851,0.015793,0.017368,0.016712,0.019755
NC_073802.1,NC_073802.1__M__400,M,400,1600,phage,0.9722813367843628,0.021700,0.908636,0.015735,0.018104,0.016250,0.019574
NC_073802.1,NC_073802.1__M__350,M,350,1650,phage,0.9717316031455994,0.022479,0.902844,0.016792,0.019817,0.016741,0.021327
NC_073802.1,NC_073802.1__M__300,M,300,1700,phage,0.9722955226898193,0.022153,0.908783,0.015757,0.017356,0.016597,0.019354
NC_073802.1,NC_073802.1__M__250,M,250,1750,phage,0.9740422964096069,0.023938,0.906767,0.015950,0.017164,0.016717,0.019463
NC_073802.1,NC_073802.1__M__200,M,200,1800,phage,0.975907027721405,0.022416,0.911977,0.015473,0.016396,0.015052,0.018686
NC_073802.1,NC_073802.1__M__150,M,150,1850,phage,0.9766045212745667,0.019601,0.916024,0.015462,0.016181,0.014841,0.017892
NC_073802.1,NC_073802.1__M__100,M,100,1900,phage,0.977756142616272,0.020589,0.913766,0.015595,0.016718,0.014829,0.018504
NC_073802.1,NC_073802.1__M__50,M,50,1950,phage,0.9778428673744202,0.020584,0.913716,0.015543,0.016669,0.015046,0.018443
NC_073802.1,NC_073802.1__M__1,M,1,1999,phage,0.9771426916122437,0.021707,0.909528,0.015837,0.017138,0.017037,0.018753
NC_073874.1,NC_073874.1__none__0,none,0,2000,phage,0.9812721610069275,0.018742,0.892451,0.019638,0.022237,0.019748,0.027184
NC_073874.1,NC_073874.1__M__500,M,500,1500,phage,0.9839931130409241,0.019285,0.900925,0.017480,0.018626,0.021007,0.022676
NC_073874.1,NC_073874.1__M__450,M,450,1550,phage,0.9841518402099609,0.018869,0.902458,0.017318,0.018823,0.019441,0.023090
NC_073874.1,NC_073874.1__M__400,M,400,1600,phage,0.9817554950714111,0.018245,0.902944,0.017694,0.018508,0.019284,0.023324
NC_073874.1,NC_073874.1__M__350,M,350,1650,phage,0.9845613241195679,0.018329,0.904498,0.017476,0.018176,0.018218,0.023303
NC_073874.1,NC_073874.1__M__300,M,300,1700,phage,0.9833077192306519,0.017976,0.908428,0.016604,0.017208,0.017504,0.022279
NC_073874.1,NC_073874.1__M__250,M,250,1750,phage,0.9822859168052673,0.017903,0.906857,0.017118,0.017637,0.017873,0.022612
NC_073874.1,NC_073874.1__M__200,M,200,1800,phage,0.9810317158699036,0.017930,0.903437,0.017415,0.018918,0.018008,0.024292
NC_073874.1,NC_073874.1__M__150,M,150,1850,phage,0.981590986251831,0.017421,0.900108,0.017791,0.020334,0.018211,0.026136
NC_073874.1,NC_073874.1__M__100,M,100,1900,phage,0.9805908799171448,0.018533,0.896425,0.018231,0.020955,0.019798,0.026058
NC_073874.1,NC_073874.1__M__50,M,50,1950,phage,0.9788998365402222,0.018523,0.894947,0.018206,0.022810,0.018282,0.027232
NC_073874.1,NC_073874.1__M__1,M,1,1999,phage,0.9812691807746887,0.018697,0.892663,0.019609,0.022217,0.019700,0.027114
NC_073882.1,NC_073882.1__none__0,none,0,2000,phage,0.9820649027824402,0.020963,0.916229,0.014526,0.015041,0.016072,0.017170
NC_073882.1,NC_073882.1__M__500,M,500,1500,phage,0.9783951044082642,0.023085,0.925057,0.010016,0.012846,0.013639,0.015356
NC_073882.1,NC_073882.1__M__450,M,450,1550,phage,0.9783403277397156,0.024648,0.923880,0.009861,0.012811,0.013914,0.014886
NC_073882.1,NC_073882.1__M__400,M,400,1600,phage,0.9785460829734802,0.023713,0.922751,0.010525,0.013219,0.014653,0.015138
NC_073882.1,NC_073882.1__M__350,M,350,1650,phage,0.9793505072593689,0.024273,0.921349,0.010824,0.013387,0.014953,0.015215
NC_073882.1,NC_073882.1__M__300,M,300,1700,phage,0.9803904294967651,0.025510,0.919088,0.011068,0.013691,0.015190,0.015453
NC_073882.1,NC_073882.1__M__250,M,250,1750,phage,0.9822615385055542,0.022424,0.922159,0.011156,0.013802,0.014922,0.015536
NC_073882.1,NC_073882.1__M__200,M,200,1800,phage,0.9820430874824524,0.020620,0.924437,0.010906,0.014014,0.014440,0.015583
NC_073882.1,NC_073882.1__M__150,M,150,1850,phage,0.9810787439346313,0.020862,0.918996,0.012959,0.015022,0.015686,0.016476
NC_073882.1,NC_073882.1__M__100,M,100,1900,phage,0.9815084338188171,0.020469,0.920262,0.013001,0.014807,0.014986,0.016475
NC_073882.1,NC_073882.1__M__50,M,50,1950,phage,0.9818810820579529,0.020419,0.919545,0.013564,0.014885,0.014913,0.016673
NC_073882.1,NC_073882.1__M__1,M,1,1999,phage,0.9820770025253296,0.020961,0.916245,0.014522,0.015027,0.016033,0.017212
NC_073952.1,NC_073952.1__none__0,none,0,2000,phage,0.9527083039283752,0.020112,0.923231,0.012191,0.013358,0.016501,0.014607
NC_073952.1,NC_073952.1__M__500,M,500,1500,phage,0.9400400519371033,0.023614,0.917997,0.012518,0.014563,0.017796,0.013512
NC_073952.1,NC_073952.1__M__450,M,450,1550,phage,0.940350353717804,0.022327,0.920208,0.012298,0.014331,0.017539,0.013296
NC_073952.1,NC_073952.1__M__400,M,400,1600,phage,0.942608118057251,0.021649,0.921246,0.011947,0.014087,0.017606,0.013465
NC_073952.1,NC_073952.1__M__350,M,350,1650,phage,0.9410228729248047,0.021955,0.921901,0.011669,0.013771,0.017219,0.013485
NC_073952.1,NC_073952.1__M__300,M,300,1700,phage,0.9435329437255859,0.020938,0.920671,0.012321,0.014116,0.017881,0.014074
NC_073952.1,NC_073952.1__M__250,M,250,1750,phage,0.9410220980644226,0.020500,0.921740,0.012720,0.013807,0.016670,0.014562
NC_073952.1,NC_073952.1__M__200,M,200,1800,phage,0.9425869584083557,0.019217,0.927591,0.011579,0.013291,0.014819,0.013504
NC_073952.1,NC_073952.1__M__150,M,150,1850,phage,0.943544328212738,0.019374,0.926127,0.012194,0.013540,0.014650,0.014114
NC_073952.1,NC_073952.1__M__100,M,100,1900,phage,0.9424161314964294,0.020312,0.923368,0.012232,0.013817,0.015923,0.014348
NC_073952.1,NC_073952.1__M__50,M,50,1950,phage,0.9498082995414734,0.020398,0.922826,0.012238,0.013632,0.016500,0.014406
NC_073952.1,NC_073952.1__M__1,M,1,1999,phage,0.9527011513710022,0.020180,0.923108,0.012184,0.013368,0.016551,0.014610
NC_073983.1,NC_073983.1__none__0,none,0,2000,phage,0.9596428871154785,0.015069,0.921481,0.013709,0.013695,0.011268,0.024778
NC_073983.1,NC_073983.1__M__500,M,500,1500,phage,0.9653474688529968,0.023383,0.583623,0.040162,0.026582,0.025947,0.300303
NC_073983.1,NC_073983.1__M__450,M,450,1550,phage,0.9644089937210083,0.023422,0.453698,0.044511,0.026001,0.024552,0.427816
NC_073983.1,NC_073983.1__M__400,M,400,1600,virus,0.9655747413635254,0.023384,0.428547,0.046495,0.025051,0.022292,0.454231
NC_073983.1,NC_073983.1__M__350,M,350,1650,phage,0.9689390063285828,0.023574,0.574625,0.046379,0.026303,0.022468,0.306650
NC_073983.1,NC_073983.1__M__300,M,300,1700,phage,0.9712333083152771,0.021865,0.751472,0.031165,0.024760,0.019217,0.151521
NC_073983.1,NC_073983.1__M__250,M,250,1750,phage,0.9701683521270752,0.019410,0.832629,0.024269,0.020813,0.016199,0.086679
NC_073983.1,NC_073983.1__M__200,M,200,1800,phage,0.9666950106620789,0.018108,0.850766,0.022730,0.019475,0.015331,0.073590
NC_073983.1,NC_073983.1__M__150,M,150,1850,phage,0.9593188166618347,0.016728,0.889653,0.017412,0.017439,0.013805,0.044963
NC_073983.1,NC_073983.1__M__100,M,100,1900,phage,0.9523634910583496,0.015769,0.903644,0.016049,0.015542,0.012468,0.036528
NC_073983.1,NC_073983.1__M__50,M,50,1950,phage,0.9581524133682251,0.015299,0.914296,0.014934,0.014382,0.011689,0.029400
NC_073983.1,NC_073983.1__M__1,M,1,1999,phage,0.959456205368042,0.015069,0.921341,0.013763,0.013769,0.011263,0.024795
NC_073999.1,NC_073999.1__none__0,none,0,2000,phage,0.9657319188117981,0.020076,0.727634,0.026642,0.024667,0.022395,0.178586
NC_073999.1,NC_073999.1__M__500,M,500,1500,phage,0.9700524210929871,0.085163,0.710095,0.023707,0.035050,0.035538,0.110446
NC_073999.1,NC_073999.1__M__450,M,450,1550,phage,0.9659805297851562,0.072264,0.727049,0.024872,0.034141,0.035190,0.106484
NC_073999.1,NC_073999.1__M__400,M,400,1600,phage,0.9588715434074402,0.042959,0.751259,0.025305,0.032283,0.027502,0.120692
NC_073999.1,NC_073999.1__M__350,M,350,1650,phage,0.959876537322998,0.028018,0.802715,0.020530,0.026298,0.023834,0.098605
NC_073999.1,NC_073999.1__M__300,M,300,1700,phage,0.9609900712966919,0.029085,0.749291,0.024524,0.028754,0.024651,0.143696
NC_073999.1,NC_073999.1__M__250,M,250,1750,phage,0.962006151676178,0.032102,0.690003,0.026036,0.031008,0.027137,0.193714
NC_073999.1,NC_073999.1__M__200,M,200,1800,phage,0.9629368782043457,0.028045,0.671398,0.026378,0.030631,0.026999,0.216550
NC_073999.1,NC_073999.1__M__150,M,150,1850,phage,0.9663881659507751,0.025629,0.639232,0.027165,0.029673,0.026845,0.251456
NC_073999.1,NC_073999.1__M__100,M,100,1900,phage,0.9672053456306458,0.021690,0.702259,0.025511,0.027361,0.023267,0.199913
NC_073999.1,NC_073999.1__M__50,M,50,1950,phage,0.9662190079689026,0.021002,0.654884,0.030222,0.025346,0.023234,0.245312
NC_073999.1,NC_073999.1__M__1,M,1,1999,phage,0.9657382369041443,0.020160,0.727299,0.026680,0.024664,0.022418,0.178777
NC_074034.1,NC_074034.1__none__0,none,0,2000,phage,0.927983820438385,0.018976,0.922666,0.012613,0.015188,0.015404,0.015153
NC_074034.1,NC_074034.1__M__500,M,500,1500,phage,0.9582718014717102,0.017989,0.913406,0.014455,0.015158,0.017974,0.021018
NC_074034.1,NC_074034.1__M__450,M,450,1550,phage,0.9604871869087219,0.018584,0.913978,0.013658,0.015492,0.018837,0.019451
NC_074034.1,NC_074034.1__M__400,M,400,1600,phage,0.96251380443573,0.018224,0.922597,0.012348,0.014509,0.015067,0.017255
NC_074034.1,NC_074034.1__M__350,M,350,1650,phage,0.956135094165802,0.019327,0.925273,0.012070,0.014153,0.013674,0.015503
NC_074034.1,NC_074034.1__M__300,M,300,1700,phage,0.9549666047096252,0.019741,0.923632,0.012243,0.014495,0.014173,0.015716
NC_074034.1,NC_074034.1__M__250,M,250,1750,phage,0.9525933861732483,0.020278,0.913335,0.012932,0.016109,0.021331,0.016016
NC_074034.1,NC_074034.1__M__200,M,200,1800,phage,0.9500681757926941,0.019275,0.920851,0.012281,0.015468,0.016604,0.015521
NC_074034.1,NC_074034.1__M__150,M,150,1850,phage,0.9474313259124756,0.019705,0.917118,0.013161,0.015951,0.018014,0.016052
NC_074034.1,NC_074034.1__M__100,M,100,1900,phage,0.9453239440917969,0.020007,0.914546,0.013870,0.016225,0.019476,0.015877
NC_074034.1,NC_074034.1__M__50,M,50,1950,phage,0.9383180141448975,0.019993,0.915115,0.013875,0.016332,0.018583,0.016102
NC_074034.1,NC_074034.1__M__1,M,1,1999,phage,0.9277088642120361,0.019002,0.922696,0.012631,0.015167,0.015379,0.015125
NC_074251.1,NC_074251.1__none__0,none,0,2000,phage,0.9708560705184937,0.018819,0.915525,0.014243,0.015296,0.019454,0.016662
NC_074251.1,NC_074251.1__M__500,M,500,1500,phage,0.9663450121879578,0.019266,0.911939,0.013949,0.015730,0.021568,0.017548
NC_074251.1,NC_074251.1__M__450,M,450,1550,phage,0.966119647026062,0.019588,0.912562,0.014300,0.015867,0.021179,0.016505
NC_074251.1,NC_074251.1__M__400,M,400,1600,phage,0.9620323777198792,0.018657,0.916000,0.014408,0.015555,0.018711,0.016667
NC_074251.1,NC_074251.1__M__350,M,350,1650,phage,0.9618721008300781,0.018697,0.916255,0.014772,0.015401,0.018296,0.016579
NC_074251.1,NC_074251.1__M__300,M,300,1700,phage,0.9659043550491333,0.018412,0.916791,0.014955,0.015277,0.018035,0.016529
NC_074251.1,NC_074251.1__M__250,M,250,1750,phage,0.9680105447769165,0.018250,0.917049,0.014557,0.015419,0.018224,0.016501
NC_074251.1,NC_074251.1__M__200,M,200,1800,phage,0.9679673314094543,0.018815,0.913252,0.015280,0.015671,0.019991,0.016993
NC_074251.1,NC_074251.1__M__150,M,150,1850,phage,0.9707047343254089,0.019798,0.911846,0.015231,0.016041,0.019872,0.017211
NC_074251.1,NC_074251.1__M__100,M,100,1900,phage,0.9709413647651672,0.018499,0.918764,0.014476,0.014574,0.017633,0.016054
NC_074251.1,NC_074251.1__M__50,M,50,1950,phage,0.970973014831543,0.019327,0.916355,0.014280,0.015040,0.018461,0.016536
NC_074251.1,NC_074251.1__M__1,M,1,1999,phage,0.970960795879364,0.018924,0.915127,0.014278,0.015308,0.019627,0.016736
NC_074274.1,NC_074274.1__none__0,none,0,2000,phage,0.9074699878692627,0.030351,0.845101,0.021443,0.033734,0.044331,0.025040
NC_074274.1,NC_074274.1__M__500,M,500,1500,phage,0.7597110867500305,0.095002,0.400337,0.076298,0.120235,0.263799,0.044328
NC_074274.1,NC_074274.1__M__450,M,450,1550,phage,0.7555164694786072,0.077081,0.411221,0.083443,0.168537,0.212107,0.047610
NC_074274.1,NC_074274.1__M__400,M,400,1600,phage,0.7602885961532593,0.080929,0.331924,0.136795,0.215119,0.174760,0.060473
NC_074274.1,NC_074274.1__M__350,M,350,1650,phage,0.7883551716804504,0.052232,0.479435,0.158673,0.107085,0.125466,0.077109
NC_074274.1,NC_074274.1__M__300,M,300,1700,phage,0.8008592128753662,0.049035,0.546835,0.082226,0.147517,0.115097,0.059290
NC_074274.1,NC_074274.1__M__250,M,250,1750,phage,0.8361095786094666,0.035262,0.742663,0.035846,0.086608,0.059578,0.040042
NC_074274.1,NC_074274.1__M__200,M,200,1800,phage,0.873408317565918,0.034656,0.799082,0.025579,0.061534,0.050295,0.028855
NC_074274.1,NC_074274.1__M__150,M,150,1850,phage,0.8874416351318359,0.041451,0.737434,0.033983,0.095987,0.057979,0.033166
NC_074274.1,NC_074274.1__M__100,M,100,1900,phage,0.8949536085128784,0.036422,0.791349,0.028815,0.060175,0.051039,0.032200
NC_074274.1,NC_074274.1__M__50,M,50,1950,phage,0.9011122584342957,0.030919,0.837213,0.020391,0.039726,0.047887,0.023862
NC_074274.1,NC_074274.1__M__1,M,1,1999,phage,0.907084047794342,0.030425,0.844189,0.021477,0.033588,0.045131,0.025190
NC_074278.1,NC_074278.1__none__0,none,0,2000,phage,0.9642030596733093,0.030772,0.729121,0.124770,0.025063,0.028923,0.061352
NC_074278.1,NC_074278.1__M__500,M,500,1500,eukarya,0.8723880052566528,0.023765,0.191806,0.685272,0.022841,0.020331,0.055985
NC_074278.1,NC_074278.1__M__450,M,450,1550,eukarya,0.8691640496253967,0.027260,0.260965,0.608774,0.025022,0.021842,0.056137
NC_074278.1,NC_074278.1__M__400,M,400,1600,phage,0.8980738520622253,0.035356,0.538341,0.314054,0.027366,0.029675,0.055208
NC_074278.1,NC_074278.1__M__350,M,350,1650,phage,0.9286640882492065,0.026517,0.461575,0.389405,0.027616,0.026838,0.068049
NC_074278.1,NC_074278.1__M__300,M,300,1700,phage,0.9549779295921326,0.032456,0.597888,0.249533,0.026629,0.027940,0.065554
NC_074278.1,NC_074278.1__M__250,M,250,1750,phage,0.9659954905509949,0.028413,0.749769,0.117741,0.023991,0.022906,0.057179
NC_074278.1,NC_074278.1__M__200,M,200,1800,phage,0.9644616842269897,0.031609,0.793749,0.079718,0.023433,0.027741,0.043750
NC_074278.1,NC_074278.1__M__150,M,150,1850,phage,0.9626166224479675,0.032281,0.729272,0.133702,0.025146,0.027491,0.052107
NC_074278.1,NC_074278.1__M__100,M,100,1900,phage,0.9731953144073486,0.027591,0.817458,0.067452,0.022917,0.023085,0.041496
NC_074278.1,NC_074278.1__M__50,M,50,1950,phage,0.9681780338287354,0.027144,0.766824,0.103583,0.025332,0.025202,0.051914
NC_074278.1,NC_074278.1__M__1,M,1,1999,phage,0.9638064503669739,0.030610,0.731948,0.122533,0.024993,0.028917,0.060999
NC_074318.1,NC_074318.1__none__0,none,0,2000,phage,0.9627581238746643,0.019344,0.916481,0.011861,0.013345,0.018804,0.020165
NC_074318.1,NC_074318.1__M__500,M,500,1500,phage,0.9632036685943604,0.016390,0.869825,0.028540,0.026483,0.017861,0.040901
NC_074318.1,NC_074318.1__M__450,M,450,1550,phage,0.9619616866111755,0.014572,0.902131,0.018359,0.016805,0.014014,0.034120
NC_074318.1,NC_074318.1__M__400,M,400,1600,phage,0.9625685811042786,0.015570,0.910421,0.016486,0.013771,0.012663,0.031089
NC_074318.1,NC_074318.1__M__350,M,350,1650,phage,0.9570512771606445,0.015521,0.911004,0.015933,0.015840,0.014067,0.027635
NC_074318.1,NC_074318.1__M__300,M,300,1700,phage,0.9604969024658203,0.016498,0.923805,0.011871,0.013125,0.012926,0.021775
NC_074318.1,NC_074318.1__M__250,M,250,1750,phage,0.9618909955024719,0.018546,0.922749,0.011055,0.013470,0.013011,0.021169
NC_074318.1,NC_074318.1__M__200,M,200,1800,phage,0.95914626121521,0.017856,0.922989,0.011276,0.012694,0.013560,0.021625
NC_074318.1,NC_074318.1__M__150,M,150,1850,phage,0.9565896391868591,0.018487,0.923000,0.011558,0.012197,0.013336,0.021422
NC_074318.1,NC_074318.1__M__100,M,100,1900,phage,0.9597135186195374,0.019197,0.923641,0.011009,0.011742,0.013908,0.020503
NC_074318.1,NC_074318.1__M__50,M,50,1950,phage,0.9576103091239929,0.019381,0.915612,0.012379,0.013496,0.018354,0.020778
NC_074318.1,NC_074318.1__M__1,M,1,1999,phage,0.9628958702087402,0.019366,0.916370,0.011984,0.013306,0.018839,0.020136
NC_074355.1,NC_074355.1__none__0,none,0,2000,phage,0.9751974940299988,0.026343,0.916125,0.012024,0.012666,0.016351,0.016491
NC_074355.1,NC_074355.1__M__500,M,500,1500,phage,0.9791608452796936,0.044503,0.781075,0.063662,0.040880,0.025500,0.044380
NC_074355.1,NC_074355.1__M__450,M,450,1550,phage,0.9810078740119934,0.039291,0.811123,0.046229,0.034940,0.025978,0.042439
NC_074355.1,NC_074355.1__M__400,M,400,1600,phage,0.9819019436836243,0.043727,0.809207,0.041907,0.038371,0.027716,0.039072
NC_074355.1,NC_074355.1__M__350,M,350,1650,phage,0.984098494052887,0.027388,0.903873,0.014563,0.017333,0.017123,0.019719
NC_074355.1,NC_074355.1__M__300,M,300,1700,phage,0.9810780882835388,0.029654,0.908503,0.013574,0.014407,0.016888,0.016974
NC_074355.1,NC_074355.1__M__250,M,250,1750,phage,0.9798555374145508,0.042681,0.888337,0.014747,0.015093,0.021496,0.017646
NC_074355.1,NC_074355.1__M__200,M,200,1800,phage,0.9788697361946106,0.028975,0.910337,0.012624,0.013269,0.018565,0.016231
NC_074355.1,NC_074355.1__M__150,M,150,1850,phage,0.9793996810913086,0.025589,0.917231,0.011531,0.012776,0.016978,0.015894
NC_074355.1,NC_074355.1__M__100,M,100,1900,phage,0.9791021943092346,0.024030,0.916241,0.012247,0.013686,0.016653,0.017144
NC_074355.1,NC_074355.1__M__50,M,50,1950,phage,0.9751057028770447,0.023345,0.917593,0.012437,0.013428,0.015877,0.017320
NC_074355.1,NC_074355.1__M__1,M,1,1999,phage,0.9751367568969727,0.026391,0.915999,0.012019,0.012707,0.016389,0.016494
NC_074412.1,NC_074412.1__none__0,none,0,2000,phage,0.9226410388946533,0.017346,0.912779,0.015991,0.013321,0.014354,0.026208
NC_074412.1,NC_074412.1__M__500,M,500,1500,phage,0.9232918620109558,0.018425,0.915556,0.014421,0.013305,0.014646,0.023646
NC_074412.1,NC_074412.1__M__450,M,450,1550,phage,0.904341459274292,0.018280,0.912291,0.016144,0.013667,0.014357,0.025262
NC_074412.1,NC_074412.1__M__400,M,400,1600,phage,0.8945539593696594,0.018026,0.919105,0.014052,0.013144,0.013651,0.022022
NC_074412.1,NC_074412.1__M__350,M,350,1650,phage,0.8966943621635437,0.018587,0.923702,0.011927,0.012666,0.014303,0.018814
NC_074412.1,NC_074412.1__M__300,M,300,1700,phage,0.91168612241745,0.017468,0.928059,0.011217,0.012026,0.013599,0.017631
NC_074412.1,NC_074412.1__M__250,M,250,1750,phage,0.8727334141731262,0.019608,0.905720,0.019933,0.014388,0.016472,0.023879
NC_074412.1,NC_074412.1__M__200,M,200,1800,phage,0.8814356327056885,0.019125,0.887561,0.025553,0.014792,0.014415,0.038554
NC_074412.1,NC_074412.1__M__150,M,150,1850,phage,0.9198389053344727,0.018389,0.906817,0.017044,0.013577,0.016205,0.027968
NC_074412.1,NC_074412.1__M__100,M,100,1900,phage,0.9289513230323792,0.019881,0.890727,0.023440,0.014669,0.016288,0.034994
NC_074412.1,NC_074412.1__M__50,M,50,1950,phage,0.9294090270996094,0.016425,0.924582,0.012176,0.012549,0.013283,0.020985
NC_074412.1,NC_074412.1__M__1,M,1,1999,phage,0.9225592613220215,0.017384,0.912896,0.016061,0.013292,0.014159,0.026208
NC_074484.1,NC_074484.1__none__0,none,0,2000,phage,0.9803462028503418,0.016299,0.916446,0.010943,0.019090,0.016552,0.020669
NC_074484.1,NC_074484.1__M__500,M,500,1500,phage,0.977170467376709,0.017286,0.910721,0.012875,0.020717,0.018379,0.020022
NC_074484.1,NC_074484.1__M__450,M,450,1550,phage,0.9776752591133118,0.017329,0.910096,0.012321,0.021756,0.018307,0.020190
NC_074484.1,NC_074484.1__M__400,M,400,1600,phage,0.9790169596672058,0.017796,0.908754,0.012474,0.022483,0.018186,0.020308
NC_074484.1,NC_074484.1__M__350,M,350,1650,phage,0.9799095988273621,0.017787,0.913420,0.012682,0.019368,0.017531,0.019213
NC_074484.1,NC_074484.1__M__300,M,300,1700,phage,0.9801408648490906,0.017625,0.914535,0.012456,0.018710,0.017459,0.019215
NC_074484.1,NC_074484.1__M__250,M,250,1750,phage,0.9789870381355286,0.018058,0.909680,0.012293,0.020992,0.019113,0.019865
NC_074484.1,NC_074484.1__M__200,M,200,1800,phage,0.9801725745201111,0.017692,0.907242,0.013364,0.021144,0.019298,0.021260
NC_074484.1,NC_074484.1__M__150,M,150,1850,phage,0.9810214042663574,0.016443,0.914420,0.011642,0.019910,0.018425,0.019160
NC_074484.1,NC_074484.1__M__100,M,100,1900,phage,0.9828044176101685,0.016470,0.910119,0.011492,0.022501,0.018737,0.020680
NC_074484.1,NC_074484.1__M__50,M,50,1950,phage,0.9811856150627136,0.015901,0.914434,0.010486,0.021188,0.016554,0.021437
NC_074484.1,NC_074484.1__M__1,M,1,1999,phage,0.9803998470306396,0.016296,0.916380,0.010951,0.019041,0.016569,0.020763
NC_074487.1,NC_074487.1__none__0,none,0,2000,phage,0.9452611804008484,0.017260,0.926345,0.011505,0.012913,0.013385,0.018593
NC_074487.1,NC_074487.1__M__500,M,500,1500,phage,0.8994021415710449,0.018145,0.921719,0.011844,0.013750,0.016887,0.017656
NC_074487.1,NC_074487.1__M__450,M,450,1550,phage,0.9144225716590881,0.018756,0.920288,0.012218,0.013597,0.017511,0.017630
NC_074487.1,NC_074487.1__M__400,M,400,1600,phage,0.91756272315979,0.018456,0.919794,0.013097,0.013914,0.016088,0.018651
NC_074487.1,NC_074487.1__M__350,M,350,1650,phage,0.9192897081375122,0.017811,0.922260,0.012285,0.013837,0.015036,0.018771
NC_074487.1,NC_074487.1__M__300,M,300,1700,phage,0.9075884819030762,0.018201,0.919902,0.012220,0.013963,0.017176,0.018537
NC_074487.1,NC_074487.1__M__250,M,250,1750,phage,0.9193655252456665,0.018733,0.918028,0.011999,0.014159,0.018638,0.018444
NC_074487.1,NC_074487.1__M__200,M,200,1800,phage,0.9305846095085144,0.018811,0.918998,0.011895,0.013636,0.017772,0.018887
NC_074487.1,NC_074487.1__M__150,M,150,1850,phage,0.9327739477157593,0.018844,0.917273,0.012340,0.014349,0.017227,0.019967
NC_074487.1,NC_074487.1__M__100,M,100,1900,phage,0.9397376775741577,0.017429,0.924271,0.011148,0.013575,0.014498,0.019079
NC_074487.1,NC_074487.1__M__50,M,50,1950,phage,0.9435432553291321,0.017108,0.927730,0.010523,0.013072,0.013307,0.018260
NC_074487.1,NC_074487.1__M__1,M,1,1999,phage,0.9459084868431091,0.017231,0.926472,0.011460,0.012905,0.013394,0.018538
NC_074536.1,NC_074536.1__none__0,none,0,2000,eukarya,0.9041804075241089,0.047012,0.193928,0.524720,0.079920,0.042097,0.112323
NC_074536.1,NC_074536.1__M__500,M,500,1500,eukarya,0.9474825859069824,0.032793,0.210521,0.477138,0.072358,0.027940,0.179250
NC_074536.1,NC_074536.1__M__450,M,450,1550,eukarya,0.9413053393363953,0.038466,0.210659,0.469493,0.075150,0.028369,0.177865
NC_074536.1,NC_074536.1__M__400,M,400,1600,eukarya,0.9348307251930237,0.032285,0.325795,0.368366,0.074130,0.028255,0.171169
NC_074536.1,NC_074536.1__M__350,M,350,1650,eukarya,0.8993613719940186,0.040730,0.295172,0.373616,0.073650,0.034582,0.182249
NC_074536.1,NC_074536.1__M__300,M,300,1700,eukarya,0.8895248174667358,0.036706,0.235369,0.447171,0.070958,0.034139,0.175656
NC_074536.1,NC_074536.1__M__250,M,250,1750,eukarya,0.880388081073761,0.021977,0.072324,0.758899,0.048724,0.023404,0.074672
NC_074536.1,NC_074536.1__M__200,M,200,1800,eukarya,0.8862003684043884,0.029950,0.123533,0.629784,0.067818,0.030701,0.118213
NC_074536.1,NC_074536.1__M__150,M,150,1850,eukarya,0.8676005005836487,0.033705,0.132900,0.602415,0.074278,0.035119,0.121582
NC_074536.1,NC_074536.1__M__100,M,100,1900,eukarya,0.891549289226532,0.035888,0.183910,0.522197,0.083634,0.039639,0.134732
NC_074536.1,NC_074536.1__M__50,M,50,1950,eukarya,0.8931447267532349,0.034816,0.153698,0.591025,0.067488,0.035947,0.117027
NC_074536.1,NC_074536.1__M__1,M,1,1999,eukarya,0.9043276906013489,0.047584,0.191079,0.524929,0.080843,0.042764,0.112801
NC_074631.1,NC_074631.1__none__0,none,0,2000,phage,0.9641832113265991,0.028224,0.885198,0.013529,0.027333,0.026030,0.019685
NC_074631.1,NC_074631.1__M__500,M,500,1500,phage,0.9529918432235718,0.024712,0.898311,0.013837,0.018123,0.015826,0.029191
NC_074631.1,NC_074631.1__M__450,M,450,1550,phage,0.9549999833106995,0.025801,0.890272,0.014993,0.022689,0.017470,0.028775
NC_074631.1,NC_074631.1__M__400,M,400,1600,phage,0.9535567760467529,0.021541,0.905644,0.013147,0.019463,0.016685,0.023520
NC_074631.1,NC_074631.1__M__350,M,350,1650,phage,0.9473698735237122,0.022110,0.900218,0.013299,0.020830,0.017510,0.026032
NC_074631.1,NC_074631.1__M__300,M,300,1700,phage,0.9566681981086731,0.018175,0.913418,0.011718,0.019403,0.017202,0.020085
NC_074631.1,NC_074631.1__M__250,M,250,1750,phage,0.9555404186248779,0.017807,0.913624,0.012227,0.019716,0.016720,0.019904
NC_074631.1,NC_074631.1__M__200,M,200,1800,phage,0.9638498425483704,0.020682,0.907030,0.012819,0.021448,0.017991,0.020030
NC_074631.1,NC_074631.1__M__150,M,150,1850,phage,0.9637867212295532,0.022468,0.899599,0.013131,0.025041,0.019635,0.020124
NC_074631.1,NC_074631.1__M__100,M,100,1900,phage,0.966640293598175,0.025371,0.894469,0.013492,0.024198,0.022672,0.019798
NC_074631.1,NC_074631.1__M__50,M,50,1950,phage,0.9637963771820068,0.026574,0.888298,0.013245,0.026699,0.025274,0.019910
NC_074631.1,NC_074631.1__M__1,M,1,1999,phage,0.96418696641922,0.028259,0.885186,0.013534,0.027279,0.026058,0.019684
NC_055111.1,NC_055111.1__none__0,none,0,2000,virus,0.9808878898620605,0.022786,0.097500,0.401620,0.043606,0.023377,0.411110
NC_055111.1,NC_055111.1__M__500,M,500,1500,eukarya,0.9815713763237,0.024618,0.062270,0.503649,0.037042,0.020952,0.351469
NC_055111.1,NC_055111.1__M__450,M,450,1550,eukarya,0.9807932376861572,0.021832,0.078830,0.530997,0.036283,0.019533,0.312525
NC_055111.1,NC_055111.1__M__400,M,400,1600,eukarya,0.9812031388282776,0.020336,0.058348,0.655626,0.034195,0.018463,0.213033
NC_055111.1,NC_055111.1__M__350,M,350,1650,eukarya,0.9796921610832214,0.022184,0.073051,0.570139,0.041700,0.021056,0.271871
NC_055111.1,NC_055111.1__M__300,M,300,1700,eukarya,0.9804613590240479,0.021469,0.090365,0.554498,0.034587,0.020422,0.278659
NC_055111.1,NC_055111.1__M__250,M,250,1750,eukarya,0.9811617136001587,0.020461,0.088789,0.592871,0.039358,0.020456,0.238064
NC_055111.1,NC_055111.1__M__200,M,200,1800,eukarya,0.9810437560081482,0.020863,0.132841,0.467901,0.033764,0.020987,0.323646
NC_055111.1,NC_055111.1__M__150,M,150,1850,eukarya,0.979097306728363,0.021467,0.151842,0.408650,0.056441,0.022336,0.339265
NC_055111.1,NC_055111.1__M__100,M,100,1900,eukarya,0.9799643754959106,0.021959,0.131911,0.405861,0.060361,0.021926,0.357982
NC_055111.1,NC_055111.1__M__50,M,50,1950,virus,0.9799617528915405,0.023411,0.163980,0.337580,0.073447,0.023406,0.378177
NC_055111.1,NC_055111.1__M__1,M,1,1999,virus,0.9807742238044739,0.022878,0.098786,0.402146,0.044108,0.023368,0.408713
NC_055185.1,NC_055185.1__none__0,none,0,2000,virus,0.9799606204032898,0.014554,0.019952,0.041316,0.014281,0.016409,0.893488
NC_055185.1,NC_055185.1__M__500,M,500,1500,virus,0.9785717725753784,0.112498,0.221840,0.213760,0.142325,0.046666,0.262911
NC_055185.1,NC_055185.1__M__450,M,450,1550,virus,0.9769487977027893,0.142303,0.210876,0.176148,0.145377,0.048345,0.276951
NC_055185.1,NC_055185.1__M__400,M,400,1600,virus,0.9763426184654236,0.100038,0.221404,0.162320,0.140033,0.045816,0.330389
NC_055185.1,NC_055185.1__M__350,M,350,1650,virus,0.9757768511772156,0.047616,0.148719,0.135475,0.065978,0.036729,0.565482
NC_055185.1,NC_055185.1__M__300,M,300,1700,virus,0.976428210735321,0.031547,0.138169,0.080791,0.030704,0.028479,0.690310
NC_055185.1,NC_055185.1__M__250,M,250,1750,virus,0.9772958159446716,0.018260,0.054934,0.058637,0.017568,0.019676,0.830926
NC_055185.1,NC_055185.1__M__200,M,200,1800,virus,0.978717029094696,0.021826,0.076701,0.054061,0.018174,0.021082,0.808156
NC_055185.1,NC_055185.1__M__150,M,150,1850,virus,0.9767274260520935,0.018501,0.063703,0.052710,0.016592,0.019184,0.829309
NC_055185.1,NC_055185.1__M__100,M,100,1900,virus,0.9780458211898804,0.014012,0.030395,0.036464,0.012969,0.015084,0.891076
NC_055185.1,NC_055185.1__M__50,M,50,1950,virus,0.975996732711792,0.013742,0.020948,0.037031,0.013573,0.015760,0.898947
NC_055185.1,NC_055185.1__M__1,M,1,1999,virus,0.9799557328224182,0.014500,0.019971,0.040903,0.014195,0.016364,0.894068
NC_055299.1,NC_055299.1__none__0,none,0,2000,eukarya,0.9539812207221985,0.025069,0.042027,0.459655,0.034678,0.030902,0.407669
NC_055299.1,NC_055299.1__M__500,M,500,1500,virus,0.9405279159545898,0.013720,0.027399,0.045054,0.016759,0.016554,0.880513
NC_055299.1,NC_055299.1__M__450,M,450,1550,virus,0.9437844157218933,0.017010,0.033668,0.084357,0.021224,0.021006,0.822735
NC_055299.1,NC_055299.1__M__400,M,400,1600,virus,0.9478896260261536,0.022062,0.043585,0.195113,0.029541,0.026911,0.682788
NC_055299.1,NC_055299.1__M__350,M,350,1650,virus,0.945796549320221,0.024802,0.048540,0.390157,0.033550,0.028791,0.474159
NC_055299.1,NC_055299.1__M__300,M,300,1700,eukarya,0.9447413682937622,0.024746,0.046286,0.559153,0.032278,0.028203,0.309334
NC_055299.1,NC_055299.1__M__250,M,250,1750,eukarya,0.9494036436080933,0.023533,0.043831,0.632236,0.031016,0.026199,0.243186
NC_055299.1,NC_055299.1__M__200,M,200,1800,eukarya,0.9573126435279846,0.018016,0.033594,0.800576,0.024408,0.020006,0.103401
NC_055299.1,NC_055299.1__M__150,M,150,1850,eukarya,0.9588132500648499,0.017445,0.029966,0.829225,0.022231,0.019535,0.081598
NC_055299.1,NC_055299.1__M__100,M,100,1900,eukarya,0.9601435661315918,0.017933,0.028184,0.817875,0.023477,0.020823,0.091707
NC_055299.1,NC_055299.1__M__50,M,50,1950,eukarya,0.9523379802703857,0.024437,0.039718,0.559632,0.034169,0.029488,0.312558
NC_055299.1,NC_055299.1__M__1,M,1,1999,eukarya,0.9538496732711792,0.025049,0.041995,0.460288,0.034695,0.030948,0.407025
NC_055368.1,NC_055368.1__none__0,none,0,2000,virus,0.9505378007888794,0.015967,0.015207,0.037680,0.030236,0.020181,0.880728
NC_055368.1,NC_055368.1__M__500,M,500,1500,virus,0.9379976987838745,0.020486,0.034724,0.196523,0.065370,0.025466,0.657431
NC_055368.1,NC_055368.1__M__450,M,450,1550,virus,0.9432418346405029,0.017314,0.026113,0.094716,0.045514,0.020886,0.795457
NC_055368.1,NC_055368.1__M__400,M,400,1600,virus,0.9486216306686401,0.015365,0.017091,0.048064,0.038908,0.019822,0.860749
NC_055368.1,NC_055368.1__M__350,M,350,1650,virus,0.9540219306945801,0.015594,0.016403,0.042655,0.034450,0.018506,0.872392
NC_055368.1,NC_055368.1__M__300,M,300,1700,virus,0.951597273349762,0.015123,0.015158,0.035849,0.032279,0.019069,0.882522
NC_055368.1,NC_055368.1__M__250,M,250,1750,virus,0.950869083404541,0.015255,0.016807,0.047112,0.031734,0.020082,0.869010
NC_055368.1,NC_055368.1__M__200,M,200,1800,virus,0.9490337371826172,0.015394,0.018471,0.052821,0.034325,0.020551,0.858438
NC_055368.1,NC_055368.1__M__150,M,150,1850,virus,0.9442219138145447,0.016881,0.018768,0.056912,0.035079,0.021328,0.851031
NC_055368.1,NC_055368.1__M__100,M,100,1900,virus,0.9453587532043457,0.016498,0.017795,0.053327,0.036241,0.021496,0.854644
NC_055368.1,NC_055368.1__M__50,M,50,1950,virus,0.9461310505867004,0.015972,0.016665,0.044805,0.033468,0.020419,0.868671
NC_055368.1,NC_055368.1__M__1,M,1,1999,virus,0.9504427909851074,0.015926,0.015246,0.037959,0.030280,0.020141,0.880448
NC_055409.1,NC_055409.1__none__0,none,0,2000,virus,0.9761984348297119,0.011356,0.015080,0.021122,0.013188,0.012147,0.927107
NC_055409.1,NC_055409.1__M__500,M,500,1500,phage,0.9816348552703857,0.066246,0.300328,0.139502,0.158489,0.046417,0.289019
NC_055409.1,NC_055409.1__M__450,M,450,1550,phage,0.981393039226532,0.057079,0.418652,0.126090,0.092207,0.040708,0.265264
NC_055409.1,NC_055409.1__M__400,M,400,1600,phage,0.9797848463058472,0.058343,0.349442,0.138259,0.087855,0.041777,0.324324
NC_055409.1,NC_055409.1__M__350,M,350,1650,virus,0.9795478582382202,0.036261,0.176759,0.127932,0.078541,0.033843,0.546663
NC_055409.1,NC_055409.1__M__300,M,300,1700,virus,0.9761121273040771,0.017247,0.044474,0.068243,0.031735,0.019773,0.818528
NC_055409.1,NC_055409.1__M__250,M,250,1750,virus,0.9767304062843323,0.013061,0.024909,0.045583,0.021282,0.015336,0.879829
NC_055409.1,NC_055409.1__M__200,M,200,1800,virus,0.9724096059799194,0.012269,0.021363,0.038062,0.019630,0.015198,0.893479
NC_055409.1,NC_055409.1__M__150,M,150,1850,virus,0.9719821214675903,0.010558,0.016657,0.026663,0.014980,0.013080,0.918061
NC_055409.1,NC_055409.1__M__100,M,100,1900,virus,0.9706860780715942,0.010658,0.013927,0.025282,0.014706,0.012443,0.922984
NC_055409.1,NC_055409.1__M__50,M,50,1950,virus,0.9724841117858887,0.010688,0.013254,0.020008,0.012975,0.012149,0.930926
NC_055409.1,NC_055409.1__M__1,M,1,1999,virus,0.9760279655456543,0.011361,0.014974,0.021153,0.013235,0.012124,0.927153
NC_055433.1,NC_055433.1__none__0,none,0,2000,phage,0.969223141670227,0.063771,0.691208,0.033625,0.123797,0.053948,0.033651
NC_055433.1,NC_055433.1__M__500,M,500,1500,archaea,0.9710115790367126,0.082473,0.349593,0.037537,0.435281,0.057519,0.037597
NC_055433.1,NC_055433.1__M__450,M,450,1550,phage,0.9727630019187927,0.083033,0.435345,0.035792,0.348377,0.060022,0.037431
NC_055433.1,NC_055433.1__M__400,M,400,1600,phage,0.9734504222869873,0.057780,0.488384,0.035125,0.329906,0.050183,0.038622
NC_055433.1,NC_055433.1__M__350,M,350,1650,phage,0.972928524017334,0.051258,0.625792,0.029829,0.218618,0.040386,0.034117
NC_055433.1,NC_055433.1__M__300,M,300,1700,phage,0.9734169244766235,0.051036,0.664156,0.028427,0.182746,0.041666,0.031969
NC_055433.1,NC_055433.1__M__250,M,250,1750,phage,0.9748907089233398,0.097948,0.654404,0.031405,0.117212,0.067630,0.031402
NC_055433.1,NC_055433.1__M__200,M,200,1800,phage,0.9782813787460327,0.068753,0.681724,0.027997,0.133340,0.055748,0.032438
NC_055433.1,NC_055433.1__M__150,M,150,1850,phage,0.9746071100234985,0.063664,0.732918,0.023935,0.099648,0.049135,0.030699
NC_055433.1,NC_055433.1__M__100,M,100,1900,phage,0.9740837812423706,0.071241,0.674776,0.028605,0.137601,0.052987,0.034790
NC_055433.1,NC_055433.1__M__50,M,50,1950,phage,0.9706922769546509,0.054874,0.683071,0.029515,0.155128,0.042273,0.035139
NC_055433.1,NC_055433.1__M__1,M,1,1999,phage,0.9691964983940125,0.063515,0.693619,0.033630,0.122036,0.053596,0.033604
NC_055454.1,NC_055454.1__none__0,none,0,2000,virus,0.973207950592041,0.012405,0.014806,0.027377,0.024431,0.016710,0.904271
NC_055454.1,NC_055454.1__M__500,M,500,1500,virus,0.9713204503059387,0.016843,0.020950,0.035344,0.081342,0.021802,0.823719
NC_055454.1,NC_055454.1__M__450,M,450,1550,virus,0.9713011980056763,0.016213,0.018495,0.032544,0.063882,0.021610,0.847255
NC_055454.1,NC_055454.1__M__400,M,400,1600,virus,0.9680914282798767,0.016024,0.016975,0.034102,0.053314,0.020865,0.858721
NC_055454.1,NC_055454.1__M__350,M,350,1650,virus,0.9665889739990234,0.015008,0.016915,0.032994,0.047406,0.019780,0.867897
NC_055454.1,NC_055454.1__M__300,M,300,1700,virus,0.968972384929657,0.014157,0.016592,0.030774,0.046381,0.019561,0.872536
NC_055454.1,NC_055454.1__M__250,M,250,1750,virus,0.9689915180206299,0.013213,0.015318,0.026646,0.039297,0.018576,0.886950
NC_055454.1,NC_055454.1__M__200,M,200,1800,virus,0.9709544777870178,0.014930,0.017263,0.027041,0.054450,0.020915,0.865401
NC_055454.1,NC_055454.1__M__150,M,150,1850,virus,0.9727234840393066,0.014122,0.019826,0.032811,0.053684,0.020123,0.859434
NC_055454.1,NC_055454.1__M__100,M,100,1900,virus,0.9726834893226624,0.012815,0.017317,0.032272,0.037745,0.018152,0.881698
NC_055454.1,NC_055454.1__M__50,M,50,1950,virus,0.9709044694900513,0.012385,0.014296,0.027964,0.025960,0.016716,0.902679
NC_055454.1,NC_055454.1__M__1,M,1,1999,virus,0.9732894897460938,0.012437,0.014876,0.027511,0.024478,0.016759,0.903940
NC_055640.1,NC_055640.1__none__0,none,0,2000,virus,0.9660512208938599,0.024518,0.020611,0.120765,0.035873,0.025028,0.773205
NC_055640.1,NC_055640.1__M__500,M,500,1500,virus,0.9708930253982544,0.015114,0.018912,0.060039,0.034700,0.018539,0.852696
NC_055640.1,NC_055640.1__M__450,M,450,1550,virus,0.9721136689186096,0.018284,0.020358,0.091560,0.040120,0.021257,0.808421
NC_055640.1,NC_055640.1__M__400,M,400,1600,virus,0.9735643267631531,0.019024,0.017031,0.073276,0.035497,0.021027,0.834145
NC_055640.1,NC_055640.1__M__350,M,350,1650,virus,0.9693605899810791,0.018056,0.016421,0.065076,0.032368,0.021249,0.846829
NC_055640.1,NC_055640.1__M__300,M,300,1700,virus,0.9657697081565857,0.021409,0.018078,0.092575,0.037352,0.025261,0.805325
NC_055640.1,NC_055640.1__M__250,M,250,1750,virus,0.968425452709198,0.029970,0.023493,0.207628,0.041558,0.031550,0.665801
NC_055640.1,NC_055640.1__M__200,M,200,1800,virus,0.9691365957260132,0.025017,0.019388,0.117995,0.034792,0.026726,0.776081
NC_055640.1,NC_055640.1__M__150,M,150,1850,virus,0.9690190553665161,0.017630,0.014809,0.051341,0.026791,0.021104,0.868325
NC_055640.1,NC_055640.1__M__100,M,100,1900,virus,0.9650974869728088,0.020042,0.016778,0.063655,0.026791,0.022191,0.850543
NC_055640.1,NC_055640.1__M__50,M,50,1950,virus,0.9670905470848083,0.020590,0.015416,0.064598,0.026793,0.021914,0.850690
NC_055640.1,NC_055640.1__M__1,M,1,1999,virus,0.9661049246788025,0.024549,0.020643,0.121820,0.036043,0.025069,0.771876
NC_048211.1,NC_048211.1__none__0,none,0,2000,virus,0.9807253479957581,0.018140,0.020480,0.052120,0.017862,0.016685,0.874713
NC_048211.1,NC_048211.1__M__500,M,500,1500,virus,0.9815953969955444,0.012475,0.012246,0.032524,0.011714,0.010508,0.920533
NC_048211.1,NC_048211.1__M__450,M,450,1550,virus,0.9807451963424683,0.012329,0.011723,0.032032,0.011781,0.010618,0.921517
NC_048211.1,NC_048211.1__M__400,M,400,1600,virus,0.9809048175811768,0.011742,0.012800,0.028698,0.011700,0.010881,0.924179
NC_048211.1,NC_048211.1__M__350,M,350,1650,virus,0.9817185401916504,0.011560,0.013265,0.023348,0.011246,0.010132,0.930449
NC_048211.1,NC_048211.1__M__300,M,300,1700,virus,0.9823408126831055,0.011740,0.014016,0.022770,0.011239,0.010290,0.929945
NC_048211.1,NC_048211.1__M__250,M,250,1750,virus,0.9818521738052368,0.011915,0.013954,0.022807,0.011715,0.010904,0.928704
NC_048211.1,NC_048211.1__M__200,M,200,1800,virus,0.9819872975349426,0.012194,0.014835,0.024729,0.012248,0.011418,0.924576
NC_048211.1,NC_048211.1__M__150,M,150,1850,virus,0.9818816781044006,0.012402,0.014998,0.025727,0.012675,0.012086,0.922113
NC_048211.1,NC_048211.1__M__100,M,100,1900,virus,0.9801541566848755,0.012433,0.015326,0.025085,0.012904,0.012227,0.922025
NC_048211.1,NC_048211.1__M__50,M,50,1950,virus,0.9810522794723511,0.016002,0.018902,0.041232,0.015929,0.015105,0.892830
NC_048211.1,NC_048211.1__M__1,M,1,1999,virus,0.9807319045066833,0.018146,0.020489,0.052053,0.017869,0.016687,0.874756
NC_046958.1,NC_046958.1__none__0,none,0,2000,virus,0.8963298797607422,0.014327,0.016339,0.015421,0.010385,0.009466,0.934061
NC_046958.1,NC_046958.1__M__500,M,500,1500,virus,0.9111605882644653,0.008434,0.013590,0.015440,0.008577,0.008218,0.945741
NC_046958.1,NC_046958.1__M__450,M,450,1550,virus,0.9179720878601074,0.008691,0.015752,0.014903,0.008335,0.008953,0.943366
NC_046958.1,NC_046958.1__M__400,M,400,1600,virus,0.9320789575576782,0.008956,0.018482,0.014084,0.008388,0.009842,0.940249
NC_046958.1,NC_046958.1__M__350,M,350,1650,virus,0.9227610230445862,0.009271,0.018597,0.015145,0.009482,0.010267,0.937238
NC_046958.1,NC_046958.1__M__300,M,300,1700,virus,0.928307831287384,0.010557,0.019709,0.016932,0.010961,0.010366,0.931474
NC_046958.1,NC_046958.1__M__250,M,250,1750,virus,0.9133362174034119,0.009898,0.018599,0.014278,0.009702,0.010523,0.937001
NC_046958.1,NC_046958.1__M__200,M,200,1800,virus,0.897549033164978,0.010408,0.019294,0.014974,0.010105,0.010791,0.934428
NC_046958.1,NC_046958.1__M__150,M,150,1850,virus,0.9086155891418457,0.010227,0.017529,0.014205,0.009327,0.010475,0.938237
NC_046958.1,NC_046958.1__M__100,M,100,1900,virus,0.916534423828125,0.012170,0.018705,0.015148,0.009845,0.009576,0.934557
NC_046958.1,NC_046958.1__M__50,M,50,1950,virus,0.9069629311561584,0.012338,0.019647,0.015067,0.010123,0.010086,0.932740
NC_046958.1,NC_046958.1__M__1,M,1,1999,virus,0.8966262936592102,0.014278,0.016266,0.015429,0.010362,0.009421,0.934245
NC_046963.1,NC_046963.1__none__0,none,0,2000,eukarya,0.986727774143219,0.029459,0.034035,0.604487,0.032365,0.026331,0.273324
NC_046963.1,NC_046963.1__M__500,M,500,1500,eukarya,0.982785165309906,0.014332,0.014799,0.904925,0.014713,0.012000,0.039232
NC_046963.1,NC_046963.1__M__450,M,450,1550,eukarya,0.9838829636573792,0.015937,0.017168,0.885830,0.016464,0.013096,0.051504
NC_046963.1,NC_046963.1__M__400,M,400,1600,eukarya,0.985882043838501,0.017737,0.017339,0.878285,0.018092,0.014874,0.053672
NC_046963.1,NC_046963.1__M__350,M,350,1650,eukarya,0.9866015315055847,0.017026,0.017690,0.884759,0.017557,0.014513,0.048455
NC_046963.1,NC_046963.1__M__300,M,300,1700,eukarya,0.9862509965896606,0.016976,0.018306,0.876434,0.018140,0.014636,0.055508
NC_046963.1,NC_046963.1__M__250,M,250,1750,eukarya,0.9872845411300659,0.017981,0.019345,0.861108,0.019339,0.015851,0.066375
NC_046963.1,NC_046963.1__M__200,M,200,1800,eukarya,0.9864370226860046,0.018102,0.019183,0.851531,0.019614,0.016098,0.075473
NC_046963.1,NC_046963.1__M__150,M,150,1850,eukarya,0.9848940968513489,0.019752,0.021006,0.814739,0.021472,0.017712,0.105319
NC_046963.1,NC_046963.1__M__100,M,100,1900,eukarya,0.9858196973800659,0.022858,0.023437,0.782835,0.024797,0.020659,0.125412
NC_046963.1,NC_046963.1__M__50,M,50,1950,eukarya,0.9852543473243713,0.028097,0.029976,0.646800,0.030837,0.026149,0.238141
NC_046963.1,NC_046963.1__M__1,M,1,1999,eukarya,0.9868114590644836,0.029645,0.034236,0.602479,0.032459,0.026368,0.274813
NC_043036.1,NC_043036.1__none__0,none,0,2000,virus,0.9635904431343079,0.013709,0.015316,0.019645,0.015591,0.014569,0.921169
NC_043036.1,NC_043036.1__M__500,M,500,1500,virus,0.9715776443481445,0.011033,0.013971,0.017715,0.012829,0.011120,0.933332
NC_043036.1,NC_043036.1__M__450,M,450,1550,virus,0.9698374271392822,0.011424,0.014603,0.018560,0.013204,0.011487,0.930723
NC_043036.1,NC_043036.1__M__400,M,400,1600,virus,0.9713984131813049,0.011647,0.014787,0.017093,0.012942,0.011993,0.931538
NC_043036.1,NC_043036.1__M__350,M,350,1650,virus,0.9705797433853149,0.012028,0.014444,0.017342,0.013959,0.012454,0.929774
NC_043036.1,NC_043036.1__M__300,M,300,1700,virus,0.9723545908927917,0.012864,0.015223,0.019939,0.017454,0.013882,0.920638
NC_043036.1,NC_043036.1__M__250,M,250,1750,virus,0.9732585549354553,0.013088,0.014851,0.019159,0.017160,0.014092,0.921650
NC_043036.1,NC_043036.1__M__200,M,200,1800,virus,0.9737701416015625,0.013366,0.014963,0.020858,0.017030,0.014373,0.919409
NC_043036.1,NC_043036.1__M__150,M,150,1850,virus,0.9689478874206543,0.012710,0.014594,0.018985,0.014891,0.013269,0.925551
NC_043036.1,NC_043036.1__M__100,M,100,1900,virus,0.9632081985473633,0.013634,0.014977,0.018844,0.015277,0.013868,0.923401
NC_043036.1,NC_043036.1__M__50,M,50,1950,virus,0.9670236110687256,0.013160,0.015443,0.018651,0.015059,0.013990,0.923697
NC_043036.1,NC_043036.1__M__1,M,1,1999,virus,0.9636843204498291,0.013712,0.015338,0.019672,0.015645,0.014572,0.921061
NC_043510.1,NC_043510.1__none__0,none,0,2000,virus,0.9896061420440674,0.012746,0.024842,0.023632,0.012717,0.013732,0.912332
NC_043510.1,NC_043510.1__M__500,M,500,1500,virus,0.9851228594779968,0.014664,0.051103,0.036761,0.015925,0.013198,0.868349
NC_043510.1,NC_043510.1__M__450,M,450,1550,virus,0.9834659099578857,0.015983,0.060798,0.053585,0.018507,0.014523,0.836604
NC_043510.1,NC_043510.1__M__400,M,400,1600,virus,0.9849767684936523,0.013335,0.033425,0.029788,0.014298,0.013069,0.896085
NC_043510.1,NC_043510.1__M__350,M,350,1650,virus,0.9862630367279053,0.013044,0.027432,0.026487,0.013273,0.012982,0.906782
NC_043510.1,NC_043510.1__M__300,M,300,1700,virus,0.9881773591041565,0.013632,0.027486,0.028764,0.013533,0.013998,0.902586
NC_043510.1,NC_043510.1__M__250,M,250,1750,virus,0.9886484742164612,0.013920,0.027389,0.031848,0.014338,0.014723,0.897783
NC_043510.1,NC_043510.1__M__200,M,200,1800,virus,0.9888728260993958,0.013196,0.027829,0.028336,0.013950,0.014582,0.902106
NC_043510.1,NC_043510.1__M__150,M,150,1850,virus,0.9883912801742554,0.013218,0.026630,0.027627,0.013827,0.014799,0.903899
NC_043510.1,NC_043510.1__M__100,M,100,1900,virus,0.9897125959396362,0.013270,0.024985,0.025854,0.013336,0.014261,0.908295
NC_043510.1,NC_043510.1__M__50,M,50,1950,virus,0.9896900653839111,0.013040,0.026267,0.023990,0.012959,0.014122,0.909623
NC_043510.1,NC_043510.1__M__1,M,1,1999,virus,0.9895797371864319,0.012754,0.024905,0.023491,0.012695,0.013693,0.912462
NC_043537.1,NC_043537.1__none__0,none,0,2000,virus,0.9688168168067932,0.016182,0.018950,0.031055,0.014564,0.018198,0.901053
NC_043537.1,NC_043537.1__M__500,M,500,1500,virus,0.9701868295669556,0.014377,0.019496,0.033089,0.013963,0.016873,0.902201
NC_043537.1,NC_043537.1__M__450,M,450,1550,virus,0.972135066986084,0.014602,0.019706,0.039335,0.014716,0.016887,0.894755
NC_043537.1,NC_043537.1__M__400,M,400,1600,virus,0.9721691012382507,0.016609,0.020712,0.050082,0.015979,0.019099,0.877519
NC_043537.1,NC_043537.1__M__350,M,350,1650,virus,0.9725344777107239,0.021172,0.026756,0.080986,0.018984,0.023608,0.828494
NC_043537.1,NC_043537.1__M__300,M,300,1700,virus,0.9682431817054749,0.019452,0.026524,0.068851,0.017822,0.022873,0.844478
NC_043537.1,NC_043537.1__M__250,M,250,1750,virus,0.9685418605804443,0.017482,0.028304,0.055989,0.016223,0.020835,0.861169
NC_043537.1,NC_043537.1__M__200,M,200,1800,virus,0.9682087302207947,0.017911,0.024382,0.051058,0.015958,0.021160,0.869532
NC_043537.1,NC_043537.1__M__150,M,150,1850,virus,0.9682928919792175,0.016272,0.024634,0.044264,0.014899,0.018978,0.880953
NC_043537.1,NC_043537.1__M__100,M,100,1900,virus,0.9688723087310791,0.015321,0.021222,0.034484,0.014185,0.017350,0.897438
NC_043537.1,NC_043537.1__M__50,M,50,1950,virus,0.9686633348464966,0.017219,0.021381,0.042381,0.015408,0.019189,0.884422
NC_043537.1,NC_043537.1__M__1,M,1,1999,virus,0.9688198566436768,0.016157,0.018996,0.030995,0.014484,0.018344,0.901024
NC_043661.1,NC_043661.1__none__0,none,0,2000,virus,0.9667061567306519,0.013093,0.016020,0.028175,0.020942,0.014626,0.907144
NC_043661.1,NC_043661.1__M__500,M,500,1500,virus,0.9671346545219421,0.014208,0.013159,0.047064,0.018079,0.012756,0.894734
NC_043661.1,NC_043661.1__M__450,M,450,1550,virus,0.9650753736495972,0.011220,0.011555,0.022598,0.013772,0.010738,0.930117
NC_043661.1,NC_043661.1__M__400,M,400,1600,virus,0.9676619172096252,0.011302,0.012051,0.021191,0.012839,0.011079,0.931538
NC_043661.1,NC_043661.1__M__350,M,350,1650,virus,0.9666303992271423,0.010746,0.012325,0.020293,0.012792,0.011363,0.932481
NC_043661.1,NC_043661.1__M__300,M,300,1700,virus,0.9640299677848816,0.010572,0.012356,0.020898,0.013055,0.011998,0.931122
NC_043661.1,NC_043661.1__M__250,M,250,1750,virus,0.964844286441803,0.010271,0.012707,0.018783,0.012020,0.011419,0.934799
NC_043661.1,NC_043661.1__M__200,M,200,1800,virus,0.9633057117462158,0.010748,0.013031,0.022280,0.013243,0.012504,0.928194
NC_043661.1,NC_043661.1__M__150,M,150,1850,virus,0.9650062322616577,0.011636,0.014063,0.026899,0.015548,0.013501,0.918354
NC_043661.1,NC_043661.1__M__100,M,100,1900,virus,0.9656526446342468,0.012200,0.014899,0.024942,0.018395,0.014302,0.915262
NC_043661.1,NC_043661.1__M__50,M,50,1950,virus,0.9685527086257935,0.012405,0.015594,0.027718,0.019406,0.015695,0.909183
NC_043661.1,NC_043661.1__M__1,M,1,1999,virus,0.9666482210159302,0.013016,0.015931,0.027881,0.020772,0.014496,0.907904
NC_040434.1,NC_040434.1__none__0,none,0,2000,virus,0.8951076865196228,0.016173,0.033055,0.029255,0.085189,0.020096,0.816233
NC_040434.1,NC_040434.1__M__500,M,500,1500,virus,0.7392842173576355,0.010647,0.022876,0.016437,0.013975,0.013919,0.922146
NC_040434.1,NC_040434.1__M__450,M,450,1550,virus,0.7473127245903015,0.010742,0.021261,0.015457,0.012676,0.013923,0.925942
NC_040434.1,NC_040434.1__M__400,M,400,1600,virus,0.767961323261261,0.010588,0.018182,0.014527,0.012861,0.013837,0.930006
NC_040434.1,NC_040434.1__M__350,M,350,1650,virus,0.7643260955810547,0.009925,0.015804,0.014899,0.013986,0.013474,0.931911
NC_040434.1,NC_040434.1__M__300,M,300,1700,virus,0.8522319793701172,0.009902,0.015533,0.017146,0.015155,0.013893,0.928371
NC_040434.1,NC_040434.1__M__250,M,250,1750,virus,0.8792333602905273,0.009922,0.014641,0.017321,0.014676,0.013778,0.929662
NC_040434.1,NC_040434.1__M__200,M,200,1800,virus,0.8898827433586121,0.010394,0.015309,0.017758,0.017675,0.014215,0.924650
NC_040434.1,NC_040434.1__M__150,M,150,1850,virus,0.9086331725120544,0.011289,0.017127,0.019736,0.023492,0.015297,0.913060
NC_040434.1,NC_040434.1__M__100,M,100,1900,virus,0.9063378572463989,0.011317,0.015074,0.018720,0.023462,0.015517,0.915910
NC_040434.1,NC_040434.1__M__50,M,50,1950,virus,0.8824863433837891,0.014565,0.024992,0.023378,0.049926,0.018586,0.868554
NC_040434.1,NC_040434.1__M__1,M,1,1999,virus,0.8944213390350342,0.016297,0.032964,0.029360,0.085429,0.020146,0.815804
NC_040443.1,NC_040443.1__none__0,none,0,2000,virus,0.974798858165741,0.014121,0.022774,0.019909,0.014246,0.014557,0.914392
NC_040443.1,NC_040443.1__M__500,M,500,1500,virus,0.9842542409896851,0.012146,0.020992,0.020619,0.013452,0.013796,0.918996
NC_040443.1,NC_040443.1__M__450,M,450,1550,virus,0.9831680655479431,0.012109,0.019610,0.020520,0.013336,0.013255,0.921169
NC_040443.1,NC_040443.1__M__400,M,400,1600,virus,0.9827979207038879,0.012260,0.021603,0.021509,0.013958,0.013574,0.917096
NC_040443.1,NC_040443.1__M__350,M,350,1650,virus,0.9815506935119629,0.012495,0.021336,0.021746,0.013996,0.013808,0.916620
NC_040443.1,NC_040443.1__M__300,M,300,1700,virus,0.980795681476593,0.013413,0.019250,0.020975,0.014530,0.014288,0.917545
NC_040443.1,NC_040443.1__M__250,M,250,1750,virus,0.9794091582298279,0.013946,0.017885,0.020096,0.014836,0.014533,0.918703
NC_040443.1,NC_040443.1__M__200,M,200,1800,virus,0.9779892563819885,0.014400,0.018331,0.019134,0.014832,0.015136,0.918167
NC_040443.1,NC_040443.1__M__150,M,150,1850,virus,0.9767246246337891,0.014320,0.017615,0.018395,0.014731,0.014850,0.920089
NC_040443.1,NC_040443.1__M__100,M,100,1900,virus,0.9774921536445618,0.014144,0.018413,0.018627,0.014554,0.014488,0.919776
NC_040443.1,NC_040443.1__M__50,M,50,1950,virus,0.9766299724578857,0.014587,0.019221,0.018862,0.014700,0.015042,0.917589
NC_040443.1,NC_040443.1__M__1,M,1,1999,virus,0.9748489260673523,0.014120,0.022719,0.019912,0.014241,0.014521,0.914488
NC_040464.1,NC_040464.1__none__0,none,0,2000,virus,0.9703691005706787,0.017393,0.015912,0.028793,0.048387,0.023770,0.865745
NC_040464.1,NC_040464.1__M__500,M,500,1500,virus,0.9535858631134033,0.013871,0.011986,0.019008,0.018434,0.018559,0.918142
NC_040464.1,NC_040464.1__M__450,M,450,1550,virus,0.955409049987793,0.013988,0.011699,0.018128,0.019549,0.018934,0.917701
NC_040464.1,NC_040464.1__M__400,M,400,1600,virus,0.9603714346885681,0.013113,0.011735,0.017197,0.017399,0.017604,0.922951
NC_040464.1,NC_040464.1__M__350,M,350,1650,virus,0.965858519077301,0.013223,0.011975,0.016702,0.017143,0.017027,0.923930
NC_040464.1,NC_040464.1__M__300,M,300,1700,virus,0.9695703387260437,0.013345,0.012779,0.018493,0.016435,0.017201,0.921747
NC_040464.1,NC_040464.1__M__250,M,250,1750,virus,0.9683465361595154,0.013486,0.012917,0.018388,0.016267,0.016921,0.922021
NC_040464.1,NC_040464.1__M__200,M,200,1800,virus,0.9701903462409973,0.012699,0.012882,0.017630,0.015029,0.016527,0.925234
NC_040464.1,NC_040464.1__M__150,M,150,1850,virus,0.9711514115333557,0.013760,0.012714,0.020880,0.017620,0.017627,0.917400
NC_040464.1,NC_040464.1__M__100,M,100,1900,virus,0.9713680148124695,0.014739,0.012307,0.023466,0.021739,0.018994,0.908755
NC_040464.1,NC_040464.1__M__50,M,50,1950,virus,0.970885157585144,0.017680,0.016363,0.026897,0.047949,0.023906,0.867206
NC_040464.1,NC_040464.1__M__1,M,1,1999,virus,0.9702839255332947,0.017406,0.015881,0.028667,0.048114,0.023775,0.866157
NC_040485.1,NC_040485.1__none__0,none,0,2000,virus,0.9912229776382446,0.042673,0.042384,0.145760,0.033500,0.035115,0.700569
NC_040485.1,NC_040485.1__M__500,M,500,1500,virus,0.9878506064414978,0.018842,0.024292,0.074395,0.021122,0.018979,0.842370
NC_040485.1,NC_040485.1__M__450,M,450,1550,virus,0.9897326827049255,0.027077,0.034765,0.146615,0.028965,0.026177,0.736401
NC_040485.1,NC_040485.1__M__400,M,400,1600,virus,0.9907752871513367,0.038538,0.060963,0.221486,0.038648,0.034578,0.605787
NC_040485.1,NC_040485.1__M__350,M,350,1650,virus,0.9913430213928223,0.045937,0.092450,0.225691,0.043416,0.039489,0.553016
NC_040485.1,NC_040485.1__M__300,M,300,1700,virus,0.99162757396698,0.078811,0.132376,0.182861,0.059328,0.058063,0.488562
NC_040485.1,NC_040485.1__M__250,M,250,1750,virus,0.9911693334579468,0.041696,0.068809,0.196060,0.038781,0.035264,0.619390
NC_040485.1,NC_040485.1__M__200,M,200,1800,virus,0.9906264543533325,0.045961,0.058195,0.151910,0.038427,0.036451,0.669056
NC_040485.1,NC_040485.1__M__150,M,150,1850,virus,0.9909014701843262,0.098428,0.091711,0.191377,0.061700,0.067958,0.488826
NC_040485.1,NC_040485.1__M__100,M,100,1900,virus,0.9903926849365234,0.039599,0.048339,0.140664,0.033857,0.031185,0.706356
NC_040485.1,NC_040485.1__M__50,M,50,1950,virus,0.9907426238059998,0.027379,0.031994,0.097957,0.025515,0.024070,0.793086
NC_040485.1,NC_040485.1__M__1,M,1,1999,virus,0.9912322163581848,0.042536,0.042339,0.145757,0.033461,0.035242,0.700665
NC_040601.1,NC_040601.1__none__0,none,0,2000,virus,0.973473846912384,0.013315,0.013359,0.041176,0.016121,0.012945,0.903084
NC_040601.1,NC_040601.1__M__500,M,500,1500,eukarya,0.9696457386016846,0.055758,0.034632,0.456951,0.087523,0.032379,0.332757
NC_040601.1,NC_040601.1__M__450,M,450,1550,eukarya,0.9698044657707214,0.049878,0.035562,0.552955,0.081025,0.027568,0.253013
NC_040601.1,NC_040601.1__M__400,M,400,1600,eukarya,0.9687083959579468,0.032955,0.026907,0.511836,0.051587,0.022742,0.353972
NC_040601.1,NC_040601.1__M__350,M,350,1650,virus,0.9709616899490356,0.043235,0.032513,0.322127,0.056539,0.027439,0.518147
NC_040601.1,NC_040601.1__M__300,M,300,1700,virus,0.9700694680213928,0.042003,0.036510,0.370388,0.058289,0.029149,0.463660
NC_040601.1,NC_040601.1__M__250,M,250,1750,eukarya,0.9659855365753174,0.041619,0.033884,0.441688,0.052892,0.028845,0.401072
NC_040601.1,NC_040601.1__M__200,M,200,1800,eukarya,0.9688141345977783,0.028747,0.025202,0.464489,0.037380,0.023358,0.420824
NC_040601.1,NC_040601.1__M__150,M,150,1850,virus,0.9724766612052917,0.026316,0.023257,0.350241,0.034345,0.023143,0.542699
NC_040601.1,NC_040601.1__M__100,M,100,1900,virus,0.973453938961029,0.023803,0.022433,0.230136,0.030362,0.021467,0.671799
NC_040601.1,NC_040601.1__M__50,M,50,1950,virus,0.9715850353240967,0.022936,0.021406,0.181904,0.028363,0.021617,0.723774
NC_040601.1,NC_040601.1__M__1,M,1,1999,virus,0.9734253883361816,0.013234,0.013282,0.041555,0.015997,0.012919,0.903013
NC_040685.2,NC_040685.2__none__0,none,0,2000,bacteria,0.98710036277771,0.413549,0.289061,0.034078,0.034357,0.049985,0.178971
NC_040685.2,NC_040685.2__M__500,M,500,1500,phage,0.984446108341217,0.311344,0.537987,0.024267,0.024980,0.044417,0.057005
NC_040685.2,NC_040685.2__M__450,M,450,1550,phage,0.985017716884613,0.330314,0.511937,0.025305,0.025754,0.047237,0.059452
NC_040685.2,NC_040685.2__M__400,M,400,1600,phage,0.9839353561401367,0.281529,0.550685,0.025646,0.026464,0.043907,0.071769
NC_040685.2,NC_040685.2__M__350,M,350,1650,phage,0.9836002588272095,0.291984,0.531248,0.025536,0.027750,0.044976,0.078507
NC_040685.2,NC_040685.2__M__300,M,300,1700,phage,0.9826564788818359,0.282975,0.529200,0.024177,0.028317,0.044749,0.090583
NC_040685.2,NC_040685.2__M__250,M,250,1750,phage,0.9842722415924072,0.324752,0.465351,0.025274,0.029745,0.048097,0.106781
NC_040685.2,NC_040685.2__M__200,M,200,1800,phage,0.9855865240097046,0.297210,0.471921,0.026837,0.030438,0.047358,0.126236
NC_040685.2,NC_040685.2__M__150,M,150,1850,bacteria,0.9855906963348389,0.441649,0.311196,0.030071,0.030793,0.052256,0.134034
NC_040685.2,NC_040685.2__M__100,M,100,1900,bacteria,0.9857101440429688,0.441560,0.290227,0.030111,0.032726,0.048967,0.156410
NC_040685.2,NC_040685.2__M__50,M,50,1950,bacteria,0.986427366733551,0.378923,0.355284,0.032467,0.032116,0.048739,0.152471
NC_040685.2,NC_040685.2__M__1,M,1,1999,bacteria,0.9870967864990234,0.412370,0.290198,0.034275,0.034303,0.049861,0.178993
NC_040774.1,NC_040774.1__none__0,none,0,2000,virus,0.9624923467636108,0.036626,0.048330,0.152313,0.029093,0.027800,0.705838
NC_040774.1,NC_040774.1__M__500,M,500,1500,eukarya,0.9452483057975769,0.045781,0.038673,0.671139,0.041305,0.030252,0.172851
NC_040774.1,NC_040774.1__M__450,M,450,1550,eukarya,0.9520758390426636,0.035796,0.033181,0.748765,0.034278,0.023470,0.124510
NC_040774.1,NC_040774.1__M__400,M,400,1600,eukarya,0.953612208366394,0.042642,0.040619,0.724131,0.039365,0.028120,0.125124
NC_040774.1,NC_040774.1__M__350,M,350,1650,eukarya,0.9513300657272339,0.052571,0.061623,0.517137,0.051361,0.037588,0.279720
NC_040774.1,NC_040774.1__M__300,M,300,1700,eukarya,0.9529020190238953,0.044958,0.059630,0.502895,0.040745,0.033256,0.318516
NC_040774.1,NC_040774.1__M__250,M,250,1750,virus,0.9581761360168457,0.034322,0.045463,0.347061,0.031310,0.027825,0.514019
NC_040774.1,NC_040774.1__M__200,M,200,1800,virus,0.9634782075881958,0.038023,0.051712,0.293186,0.032027,0.030044,0.555007
NC_040774.1,NC_040774.1__M__150,M,150,1850,virus,0.9618183970451355,0.049271,0.067319,0.269121,0.038863,0.036498,0.538928
NC_040774.1,NC_040774.1__M__100,M,100,1900,virus,0.9634514451026917,0.052413,0.079669,0.307643,0.040710,0.036972,0.482594
NC_040774.1,NC_040774.1__M__50,M,50,1950,virus,0.9647219777107239,0.046824,0.075209,0.275308,0.037216,0.035196,0.530248
NC_040774.1,NC_040774.1__M__1,M,1,1999,virus,0.9620368480682373,0.037430,0.048668,0.156977,0.029415,0.028392,0.699118
NC_040795.1,NC_040795.1__none__0,none,0,2000,eukarya,0.978495180606842,0.027056,0.044743,0.624700,0.030224,0.028416,0.244861
NC_040795.1,NC_040795.1__M__500,M,500,1500,eukarya,0.9775336384773254,0.024846,0.095569,0.679465,0.026403,0.023868,0.149848
NC_040795.1,NC_040795.1__M__450,M,450,1550,eukarya,0.978373110294342,0.024274,0.106017,0.640215,0.026798,0.024224,0.178473
NC_040795.1,NC_040795.1__M__400,M,400,1600,eukarya,0.9772230982780457,0.025786,0.114558,0.536065,0.028800,0.025838,0.268953
NC_040795.1,NC_040795.1__M__350,M,350,1650,eukarya,0.9773176908493042,0.025972,0.097350,0.523987,0.029379,0.026801,0.296511
NC_040795.1,NC_040795.1__M__300,M,300,1700,eukarya,0.9750881195068359,0.024371,0.071805,0.463903,0.028403,0.027127,0.384391
NC_040795.1,NC_040795.1__M__250,M,250,1750,eukarya,0.9747187495231628,0.022284,0.064460,0.617761,0.026800,0.024583,0.244112
NC_040795.1,NC_040795.1__M__200,M,200,1800,eukarya,0.9728701710700989,0.023481,0.063818,0.550738,0.027899,0.025854,0.308211
NC_040795.1,NC_040795.1__M__150,M,150,1850,eukarya,0.9728395938873291,0.024483,0.050526,0.622257,0.028300,0.025584,0.248849
NC_040795.1,NC_040795.1__M__100,M,100,1900,eukarya,0.9739121198654175,0.026750,0.048084,0.585615,0.030047,0.027610,0.281895
NC_040795.1,NC_040795.1__M__50,M,50,1950,eukarya,0.9775074124336243,0.028246,0.044638,0.629827,0.031404,0.028167,0.237719
NC_040795.1,NC_040795.1__M__1,M,1,1999,eukarya,0.9785720109939575,0.027051,0.044819,0.623718,0.030317,0.028531,0.245564
NC_040813.1,NC_040813.1__none__0,none,0,2000,virus,0.9892786145210266,0.015802,0.023962,0.018647,0.015808,0.018674,0.907108
NC_040813.1,NC_040813.1__M__500,M,500,1500,virus,0.983544647693634,0.012602,0.021289,0.017316,0.013820,0.013651,0.921322
NC_040813.1,NC_040813.1__M__450,M,450,1550,virus,0.9843956232070923,0.012776,0.021888,0.017048,0.014050,0.014098,0.920140
NC_040813.1,NC_040813.1__M__400,M,400,1600,virus,0.9858272075653076,0.014000,0.026650,0.018290,0.014212,0.015703,0.911146
NC_040813.1,NC_040813.1__M__350,M,350,1650,virus,0.9876053333282471,0.012796,0.022443,0.017612,0.014598,0.014990,0.917561
NC_040813.1,NC_040813.1__M__300,M,300,1700,virus,0.98698890209198,0.013316,0.026876,0.018364,0.014323,0.016099,0.911022
NC_040813.1,NC_040813.1__M__250,M,250,1750,virus,0.9883862137794495,0.013852,0.030751,0.019085,0.014756,0.016983,0.904573
NC_040813.1,NC_040813.1__M__200,M,200,1800,virus,0.9883014559745789,0.013839,0.031275,0.020353,0.015336,0.017402,0.901795
NC_040813.1,NC_040813.1__M__150,M,150,1850,virus,0.989413857460022,0.015968,0.041327,0.022296,0.016664,0.020164,0.883580
NC_040813.1,NC_040813.1__M__100,M,100,1900,virus,0.9889821410179138,0.015834,0.035648,0.021475,0.015712,0.019175,0.892156
NC_040813.1,NC_040813.1__M__50,M,50,1950,virus,0.9887835383415222,0.016004,0.030999,0.020649,0.015752,0.019069,0.897526
NC_040813.1,NC_040813.1__M__1,M,1,1999,virus,0.9893442988395691,0.015797,0.023952,0.018655,0.015807,0.018666,0.907124
NC_040835.1,NC_040835.1__none__0,none,0,2000,virus,0.9675281047821045,0.015319,0.014531,0.023733,0.013274,0.014028,0.919115
NC_040835.1,NC_040835.1__M__500,M,500,1500,virus,0.9668864011764526,0.018809,0.027094,0.059794,0.016285,0.015942,0.862076
NC_040835.1,NC_040835.1__M__450,M,450,1550,virus,0.9675111174583435,0.018679,0.025602,0.059099,0.016472,0.015725,0.864424
NC_040835.1,NC_040835.1__M__400,M,400,1600,virus,0.9717947244644165,0.016424,0.020753,0.035568,0.014669,0.015173,0.897413
NC_040835.1,NC_040835.1__M__350,M,350,1650,virus,0.9764307141304016,0.016838,0.019567,0.034605,0.014798,0.015446,0.898746
NC_040835.1,NC_040835.1__M__300,M,300,1700,virus,0.9724597334861755,0.021452,0.022846,0.060862,0.017674,0.019552,0.857615
NC_040835.1,NC_040835.1__M__250,M,250,1750,virus,0.9731787443161011,0.022513,0.022940,0.071178,0.018524,0.019216,0.845629
NC_040835.1,NC_040835.1__M__200,M,200,1800,virus,0.9673676490783691,0.021004,0.020707,0.063675,0.017757,0.019186,0.857671
NC_040835.1,NC_040835.1__M__150,M,150,1850,virus,0.964093804359436,0.022254,0.021063,0.073030,0.018580,0.020981,0.844091
NC_040835.1,NC_040835.1__M__100,M,100,1900,virus,0.9660767912864685,0.015430,0.015602,0.032898,0.014285,0.014362,0.907423
NC_040835.1,NC_040835.1__M__50,M,50,1950,virus,0.9681323170661926,0.013674,0.014263,0.020534,0.012613,0.012774,0.926141
NC_040835.1,NC_040835.1__M__1,M,1,1999,virus,0.9674379229545593,0.015248,0.014532,0.023591,0.013222,0.013989,0.919419
NC_039476.1,NC_039476.1__none__0,none,0,2000,virus,0.9829292297363281,0.015388,0.018642,0.023199,0.017954,0.017714,0.907103
NC_039476.1,NC_039476.1__M__500,M,500,1500,virus,0.9857178926467896,0.012441,0.015425,0.018619,0.012310,0.013122,0.928082
NC_039476.1,NC_039476.1__M__450,M,450,1550,virus,0.9842911958694458,0.012528,0.015800,0.019605,0.012286,0.013268,0.926513
NC_039476.1,NC_039476.1__M__400,M,400,1600,virus,0.9825333952903748,0.013601,0.016984,0.019689,0.013356,0.014632,0.921739
NC_039476.1,NC_039476.1__M__350,M,350,1650,virus,0.981940507888794,0.013917,0.016906,0.018889,0.014609,0.015179,0.920500
NC_039476.1,NC_039476.1__M__300,M,300,1700,virus,0.9821788668632507,0.014559,0.017488,0.019767,0.014587,0.015908,0.917692
NC_039476.1,NC_039476.1__M__250,M,250,1750,virus,0.9824803471565247,0.015017,0.018111,0.020073,0.015534,0.016192,0.915073
NC_039476.1,NC_039476.1__M__200,M,200,1800,virus,0.9830965995788574,0.016339,0.019010,0.021893,0.017594,0.017800,0.907364
NC_039476.1,NC_039476.1__M__150,M,150,1850,virus,0.9836528301239014,0.015695,0.018888,0.022160,0.016882,0.017600,0.908775
NC_039476.1,NC_039476.1__M__100,M,100,1900,virus,0.9840606451034546,0.016578,0.020108,0.023016,0.019619,0.018193,0.902486
NC_039476.1,NC_039476.1__M__50,M,50,1950,virus,0.9834023714065552,0.015623,0.019216,0.023138,0.018818,0.017872,0.905334
NC_039476.1,NC_039476.1__M__1,M,1,1999,virus,0.9829780459403992,0.015403,0.018668,0.023201,0.017959,0.017715,0.907054
NC_039199.1,NC_039199.1__none__0,none,0,2000,virus,0.9827318787574768,0.020445,0.021707,0.027974,0.076562,0.021540,0.831773
NC_039199.1,NC_039199.1__M__500,M,500,1500,virus,0.9703927636146545,0.016807,0.017256,0.022753,0.036029,0.014690,0.892464
NC_039199.1,NC_039199.1__M__450,M,450,1550,virus,0.9751079678535461,0.018695,0.019171,0.024453,0.049487,0.016989,0.871203
NC_039199.1,NC_039199.1__M__400,M,400,1600,virus,0.9784745573997498,0.018919,0.017671,0.022573,0.047881,0.017902,0.875053
NC_039199.1,NC_039199.1__M__350,M,350,1650,virus,0.980847179889679,0.018829,0.018126,0.022700,0.048214,0.017925,0.874205
NC_039199.1,NC_039199.1__M__300,M,300,1700,virus,0.9813476800918579,0.018602,0.016603,0.021256,0.041227,0.017694,0.884618
NC_039199.1,NC_039199.1__M__250,M,250,1750,virus,0.9841926693916321,0.018145,0.015963,0.020780,0.035904,0.016737,0.892472
NC_039199.1,NC_039199.1__M__200,M,200,1800,virus,0.9838571548461914,0.020535,0.018701,0.023116,0.051243,0.020465,0.865941
NC_039199.1,NC_039199.1__M__150,M,150,1850,virus,0.982637345790863,0.023168,0.021951,0.026958,0.077654,0.024854,0.825414
NC_039199.1,NC_039199.1__M__100,M,100,1900,virus,0.983288586139679,0.022150,0.022016,0.027045,0.080191,0.023551,0.825046
NC_039199.1,NC_039199.1__M__50,M,50,1950,virus,0.9840675592422485,0.019733,0.020897,0.026693,0.064249,0.019184,0.849245
NC_039199.1,NC_039199.1__M__1,M,1,1999,virus,0.9826907515525818,0.020336,0.021739,0.027817,0.076224,0.021440,0.832445
NC_038272.1,NC_038272.1__none__0,none,0,2000,virus,0.9611275792121887,0.018870,0.033875,0.125165,0.021774,0.019027,0.781288
NC_038272.1,NC_038272.1__M__500,M,500,1500,virus,0.9689229130744934,0.023027,0.045070,0.346162,0.025142,0.022787,0.537813
NC_038272.1,NC_038272.1__M__450,M,450,1550,virus,0.9660946130752563,0.021916,0.050325,0.296537,0.024323,0.021602,0.585297
NC_038272.1,NC_038272.1__M__400,M,400,1600,virus,0.9653970003128052,0.021557,0.048903,0.263050,0.023670,0.021304,0.621516
NC_038272.1,NC_038272.1__M__350,M,350,1650,virus,0.9694982767105103,0.022245,0.033279,0.232002,0.022946,0.023304,0.666224
NC_038272.1,NC_038272.1__M__300,M,300,1700,virus,0.9654392600059509,0.021630,0.032637,0.243199,0.023932,0.022326,0.656275
NC_038272.1,NC_038272.1__M__250,M,250,1750,virus,0.9693819880485535,0.022676,0.031946,0.306031,0.025399,0.023980,0.589968
NC_038272.1,NC_038272.1__M__200,M,200,1800,virus,0.9655247926712036,0.020022,0.037895,0.189637,0.023710,0.021266,0.707470
NC_038272.1,NC_038272.1__M__150,M,150,1850,virus,0.968559741973877,0.021344,0.035469,0.235965,0.024929,0.022415,0.659879
NC_038272.1,NC_038272.1__M__100,M,100,1900,virus,0.9644939303398132,0.016976,0.029813,0.110439,0.021178,0.017796,0.803799
NC_038272.1,NC_038272.1__M__50,M,50,1950,virus,0.9611523747444153,0.017167,0.030454,0.101017,0.021571,0.017694,0.812097
NC_038272.1,NC_038272.1__M__1,M,1,1999,virus,0.9611526727676392,0.018913,0.034036,0.126154,0.021767,0.019059,0.780072
NC_038287.1,NC_038287.1__none__0,none,0,2000,eukarya,0.9775182604789734,0.028052,0.035581,0.579382,0.032215,0.024457,0.300314
NC_038287.1,NC_038287.1__M__500,M,500,1500,eukarya,0.9769726991653442,0.015627,0.049797,0.778074,0.021823,0.017173,0.117507
NC_038287.1,NC_038287.1__M__450,M,450,1550,eukarya,0.9782946705818176,0.016768,0.058509,0.741346,0.023085,0.018393,0.141897
NC_038287.1,NC_038287.1__M__400,M,400,1600,eukarya,0.9786902666091919,0.016286,0.045186,0.783552,0.020900,0.017063,0.117013
NC_038287.1,NC_038287.1__M__350,M,350,1650,eukarya,0.9790209531784058,0.017371,0.041602,0.768748,0.022259,0.018703,0.131317
NC_038287.1,NC_038287.1__M__300,M,300,1700,eukarya,0.9797832369804382,0.017716,0.059838,0.722505,0.023645,0.020025,0.156272
NC_038287.1,NC_038287.1__M__250,M,250,1750,eukarya,0.9815695285797119,0.016586,0.042132,0.787791,0.021248,0.018245,0.113998
NC_038287.1,NC_038287.1__M__200,M,200,1800,eukarya,0.9815275073051453,0.022021,0.036278,0.697507,0.026350,0.021447,0.196397
NC_038287.1,NC_038287.1__M__150,M,150,1850,eukarya,0.9808880090713501,0.022903,0.038357,0.644731,0.028008,0.024258,0.241744
NC_038287.1,NC_038287.1__M__100,M,100,1900,eukarya,0.980148196220398,0.025316,0.035196,0.647381,0.029459,0.024043,0.238606
NC_038287.1,NC_038287.1__M__50,M,50,1950,eukarya,0.9789347052574158,0.028208,0.039097,0.514706,0.031807,0.024577,0.361605
NC_038287.1,NC_038287.1__M__1,M,1,1999,eukarya,0.9774580001831055,0.028095,0.035709,0.579932,0.032237,0.024519,0.299509
NC_038311.1,NC_038311.1__none__0,none,0,2000,virus,0.9810668230056763,0.018051,0.126987,0.033303,0.014362,0.014349,0.792949
NC_038311.1,NC_038311.1__M__500,M,500,1500,virus,0.9660940170288086,0.018145,0.225920,0.042952,0.015925,0.016019,0.681039
NC_038311.1,NC_038311.1__M__450,M,450,1550,virus,0.9703333973884583,0.017939,0.215259,0.047950,0.015454,0.015836,0.687561
NC_038311.1,NC_038311.1__M__400,M,400,1600,virus,0.9757159948348999,0.017966,0.298579,0.043838,0.015043,0.015214,0.609360
NC_038311.1,NC_038311.1__M__350,M,350,1650,virus,0.9763468503952026,0.018212,0.268179,0.040423,0.014698,0.015050,0.643439
NC_038311.1,NC_038311.1__M__300,M,300,1700,virus,0.9776977896690369,0.017030,0.214644,0.039955,0.014127,0.013860,0.700383
NC_038311.1,NC_038311.1__M__250,M,250,1750,virus,0.9794173836708069,0.015839,0.200675,0.037563,0.014269,0.013361,0.718293
NC_038311.1,NC_038311.1__M__200,M,200,1800,virus,0.9767882823944092,0.016528,0.190616,0.040977,0.016037,0.014039,0.721802
NC_038311.1,NC_038311.1__M__150,M,150,1850,virus,0.978202760219574,0.016823,0.222982,0.044117,0.015433,0.013514,0.687131
NC_038311.1,NC_038311.1__M__100,M,100,1900,virus,0.9795516729354858,0.017417,0.252151,0.044857,0.017002,0.013975,0.654599
NC_038311.1,NC_038311.1__M__50,M,50,1950,virus,0.9810231328010559,0.018361,0.175028,0.038149,0.016071,0.014885,0.737505
NC_038311.1,NC_038311.1__M__1,M,1,1999,virus,0.9811099767684937,0.018076,0.128013,0.033466,0.014475,0.014456,0.791513
NC_038317.1,NC_038317.1__none__0,none,0,2000,virus,0.9652752876281738,0.014283,0.027523,0.016972,0.012894,0.015950,0.912379
NC_038317.1,NC_038317.1__M__500,M,500,1500,virus,0.954013466835022,0.010922,0.043269,0.017695,0.008852,0.011867,0.907395
NC_038317.1,NC_038317.1__M__450,M,450,1550,virus,0.957781970500946,0.011668,0.035697,0.017872,0.009764,0.012779,0.912219
NC_038317.1,NC_038317.1__M__400,M,400,1600,virus,0.9599801301956177,0.011578,0.026079,0.017206,0.009964,0.012126,0.923046
NC_038317.1,NC_038317.1__M__350,M,350,1650,virus,0.960424542427063,0.012173,0.025885,0.017504,0.010377,0.012485,0.921576
NC_038317.1,NC_038317.1__M__300,M,300,1700,virus,0.9580703377723694,0.013689,0.040095,0.019109,0.010639,0.013903,0.902564
NC_038317.1,NC_038317.1__M__250,M,250,1750,virus,0.9642837643623352,0.015160,0.042077,0.019676,0.012593,0.015554,0.894939
NC_038317.1,NC_038317.1__M__200,M,200,1800,virus,0.9622998237609863,0.013709,0.024798,0.016914,0.012450,0.014623,0.917505
NC_038317.1,NC_038317.1__M__150,M,150,1850,virus,0.9631446003913879,0.013045,0.019840,0.016951,0.013258,0.014112,0.922795
NC_038317.1,NC_038317.1__M__100,M,100,1900,virus,0.9628869891166687,0.013187,0.023773,0.016900,0.012928,0.014435,0.918777
NC_038317.1,NC_038317.1__M__50,M,50,1950,virus,0.9633225798606873,0.012916,0.025283,0.016113,0.012321,0.014412,0.918954
NC_038317.1,NC_038317.1__M__1,M,1,1999,virus,0.9653797149658203,0.014286,0.027785,0.016931,0.012856,0.016033,0.912109
NC_038435.1,NC_038435.1__none__0,none,0,2000,virus,0.9696678519248962,0.015621,0.019458,0.060075,0.018290,0.017155,0.869401
NC_038435.1,NC_038435.1__M__500,M,500,1500,virus,0.9687734246253967,0.025313,0.022176,0.172376,0.026079,0.023881,0.730174
NC_038435.1,NC_038435.1__M__450,M,450,1550,virus,0.9714810848236084,0.022631,0.020976,0.126509,0.023751,0.022939,0.783193
NC_038435.1,NC_038435.1__M__400,M,400,1600,virus,0.9721713662147522,0.018206,0.018602,0.076232,0.020000,0.018684,0.848276
NC_038435.1,NC_038435.1__M__350,M,350,1650,virus,0.971595048904419,0.020434,0.019125,0.103885,0.022776,0.021055,0.812725
NC_038435.1,NC_038435.1__M__300,M,300,1700,virus,0.9705581665039062,0.015833,0.016438,0.058472,0.017344,0.016731,0.875182
NC_038435.1,NC_038435.1__M__250,M,250,1750,virus,0.9722456932067871,0.015448,0.015988,0.052693,0.016763,0.016420,0.882687
NC_038435.1,NC_038435.1__M__200,M,200,1800,virus,0.9722309708595276,0.016851,0.016989,0.058148,0.017637,0.017125,0.873250
NC_038435.1,NC_038435.1__M__150,M,150,1850,virus,0.9693208336830139,0.017972,0.017673,0.067770,0.018569,0.017326,0.860691
NC_038435.1,NC_038435.1__M__100,M,100,1900,virus,0.9690647125244141,0.018076,0.019797,0.073044,0.019540,0.018062,0.851481
NC_038435.1,NC_038435.1__M__50,M,50,1950,virus,0.9699890613555908,0.014211,0.017482,0.042854,0.015979,0.014739,0.894736
NC_038435.1,NC_038435.1__M__1,M,1,1999,virus,0.9696771502494812,0.015613,0.019487,0.060340,0.018303,0.017147,0.869111
NC_038697.1,NC_038697.1__none__0,none,0,2000,virus,0.9897240400314331,0.013177,0.020659,0.018257,0.011516,0.013506,0.922886
NC_038697.1,NC_038697.1__M__500,M,500,1500,virus,0.989099383354187,0.014406,0.039083,0.020833,0.011792,0.014109,0.899777
NC_038697.1,NC_038697.1__M__450,M,450,1550,virus,0.9888665080070496,0.014306,0.037002,0.019616,0.011730,0.013763,0.903583
NC_038697.1,NC_038697.1__M__400,M,400,1600,virus,0.988860011100769,0.015810,0.045577,0.020564,0.014286,0.014974,0.888789
NC_038697.1,NC_038697.1__M__350,M,350,1650,virus,0.9886899590492249,0.018630,0.056340,0.021192,0.018770,0.016779,0.868289
NC_038697.1,NC_038697.1__M__300,M,300,1700,virus,0.9881796836853027,0.019797,0.075717,0.024893,0.019673,0.018425,0.841496
NC_038697.1,NC_038697.1__M__250,M,250,1750,virus,0.9889994263648987,0.016367,0.051433,0.022549,0.015689,0.016816,0.877145
NC_038697.1,NC_038697.1__M__200,M,200,1800,virus,0.9885657429695129,0.014298,0.035703,0.021256,0.013489,0.014585,0.900670
NC_038697.1,NC_038697.1__M__150,M,150,1850,virus,0.9888128638267517,0.013122,0.024554,0.018409,0.011238,0.013363,0.919313
NC_038697.1,NC_038697.1__M__100,M,100,1900,virus,0.9889426231384277,0.012934,0.022561,0.018232,0.011059,0.013578,0.921637
NC_038697.1,NC_038697.1__M__50,M,50,1950,virus,0.9893502593040466,0.013292,0.023010,0.018341,0.011211,0.013819,0.920328
NC_038697.1,NC_038697.1__M__1,M,1,1999,virus,0.9897301197052002,0.013174,0.020622,0.018256,0.011483,0.013535,0.922930
NC_038717.1,NC_038717.1__none__0,none,0,2000,virus,0.9764596819877625,0.015982,0.034760,0.024628,0.018251,0.016360,0.890019
NC_038717.1,NC_038717.1__M__500,M,500,1500,phage,0.9696569442749023,0.116711,0.445496,0.040331,0.133482,0.052377,0.211603
NC_038717.1,NC_038717.1__M__450,M,450,1550,phage,0.9668461084365845,0.112687,0.450298,0.037905,0.117501,0.052554,0.229056
NC_038717.1,NC_038717.1__M__400,M,400,1600,phage,0.9663663506507874,0.096248,0.419933,0.041025,0.097404,0.049915,0.295475
NC_038717.1,NC_038717.1__M__350,M,350,1650,virus,0.9683187007904053,0.076833,0.275743,0.048042,0.077678,0.049360,0.472344
NC_038717.1,NC_038717.1__M__300,M,300,1700,virus,0.9687641263008118,0.053536,0.160192,0.054825,0.062043,0.042721,0.626683
NC_038717.1,NC_038717.1__M__250,M,250,1750,virus,0.9744638800621033,0.039022,0.104402,0.038051,0.047537,0.034576,0.736412
NC_038717.1,NC_038717.1__M__200,M,200,1800,virus,0.9736785888671875,0.032710,0.087843,0.032292,0.042215,0.030288,0.774652
NC_038717.1,NC_038717.1__M__150,M,150,1850,virus,0.9747647643089294,0.030626,0.090263,0.029285,0.033556,0.028423,0.787848
NC_038717.1,NC_038717.1__M__100,M,100,1900,virus,0.9725393652915955,0.033802,0.143541,0.029112,0.035802,0.029899,0.727844
NC_038717.1,NC_038717.1__M__50,M,50,1950,virus,0.9737066030502319,0.020256,0.062695,0.025432,0.021873,0.020032,0.849713
NC_038717.1,NC_038717.1__M__1,M,1,1999,virus,0.9765125513076782,0.016037,0.034810,0.024613,0.018343,0.016403,0.889794
NC_038747.1,NC_038747.1__none__0,none,0,2000,virus,0.9815667867660522,0.021387,0.026210,0.119582,0.051966,0.024333,0.756522
NC_038747.1,NC_038747.1__M__500,M,500,1500,virus,0.9757140874862671,0.026449,0.029343,0.164497,0.040499,0.026301,0.712911
NC_038747.1,NC_038747.1__M__450,M,450,1550,virus,0.9762760400772095,0.027886,0.029844,0.281971,0.051569,0.028349,0.580379
NC_038747.1,NC_038747.1__M__400,M,400,1600,virus,0.9772318601608276,0.026741,0.031891,0.279227,0.063064,0.029192,0.569885
NC_038747.1,NC_038747.1__M__350,M,350,1650,virus,0.9784345626831055,0.025728,0.028723,0.261319,0.058709,0.027778,0.597743
NC_038747.1,NC_038747.1__M__300,M,300,1700,virus,0.9808956980705261,0.027097,0.030969,0.284632,0.094581,0.030288,0.532433
NC_038747.1,NC_038747.1__M__250,M,250,1750,virus,0.9781944155693054,0.025432,0.029253,0.232156,0.082660,0.029382,0.601118
NC_038747.1,NC_038747.1__M__200,M,200,1800,virus,0.9800517559051514,0.022470,0.026583,0.162977,0.060384,0.026116,0.701469
NC_038747.1,NC_038747.1__M__150,M,150,1850,virus,0.9790134429931641,0.024823,0.027789,0.215284,0.051577,0.028018,0.652508
NC_038747.1,NC_038747.1__M__100,M,100,1900,virus,0.9804912805557251,0.023539,0.027724,0.173320,0.048159,0.026037,0.701221
NC_038747.1,NC_038747.1__M__50,M,50,1950,virus,0.9811092615127563,0.023827,0.028497,0.178117,0.054136,0.026188,0.689235
NC_038747.1,NC_038747.1__M__1,M,1,1999,virus,0.9814831614494324,0.021325,0.026165,0.117878,0.051741,0.024294,0.758597
NC_038769.1,NC_038769.1__none__0,none,0,2000,virus,0.9830244779586792,0.030058,0.034199,0.042624,0.393942,0.032397,0.466780
NC_038769.1,NC_038769.1__M__500,M,500,1500,virus,0.9840177893638611,0.022620,0.020784,0.036581,0.162995,0.025563,0.731458
NC_038769.1,NC_038769.1__M__450,M,450,1550,virus,0.9831953644752502,0.021276,0.018645,0.028109,0.117010,0.023698,0.791263
NC_038769.1,NC_038769.1__M__400,M,400,1600,virus,0.9841923713684082,0.025095,0.023308,0.037353,0.188843,0.027560,0.697841
NC_038769.1,NC_038769.1__M__350,M,350,1650,virus,0.9837936758995056,0.025982,0.025185,0.040965,0.242171,0.028614,0.637083
NC_038769.1,NC_038769.1__M__300,M,300,1700,virus,0.9813157320022583,0.025209,0.025234,0.037474,0.214542,0.028220,0.669320
NC_038769.1,NC_038769.1__M__250,M,250,1750,virus,0.9826573729515076,0.025701,0.024952,0.034375,0.178965,0.028101,0.707907
NC_038769.1,NC_038769.1__M__200,M,200,1800,virus,0.9825718402862549,0.025908,0.028495,0.037240,0.227415,0.029762,0.651182
NC_038769.1,NC_038769.1__M__150,M,150,1850,virus,0.9838346242904663,0.026870,0.030401,0.037581,0.270472,0.031164,0.603512
NC_038769.1,NC_038769.1__M__100,M,100,1900,virus,0.9846736192703247,0.028363,0.031301,0.038466,0.300939,0.031862,0.569069
NC_038769.1,NC_038769.1__M__50,M,50,1950,virus,0.9844213724136353,0.028802,0.032027,0.041389,0.343338,0.031347,0.523097
NC_038769.1,NC_038769.1__M__1,M,1,1999,virus,0.9829861521720886,0.030021,0.034238,0.042736,0.393609,0.032485,0.466911
NC_038782.1,NC_038782.1__none__0,none,0,2000,eukarya,0.959274172782898,0.026058,0.039614,0.611439,0.034404,0.027117,0.261367
NC_038782.1,NC_038782.1__M__500,M,500,1500,eukarya,0.9728713035583496,0.026997,0.039442,0.536142,0.037772,0.027951,0.331696
NC_038782.1,NC_038782.1__M__450,M,450,1550,eukarya,0.9710698127746582,0.027946,0.042100,0.489155,0.038274,0.030059,0.372466
NC_038782.1,NC_038782.1__M__400,M,400,1600,virus,0.9681536555290222,0.029682,0.050489,0.421573,0.044516,0.031973,0.421767
NC_038782.1,NC_038782.1__M__350,M,350,1650,eukarya,0.9670475125312805,0.028390,0.044081,0.606546,0.039676,0.028976,0.252330
NC_038782.1,NC_038782.1__M__300,M,300,1700,eukarya,0.9643700122833252,0.039050,0.062827,0.546849,0.057613,0.036887,0.256774
NC_038782.1,NC_038782.1__M__250,M,250,1750,eukarya,0.9650830626487732,0.046735,0.078293,0.461731,0.074691,0.043945,0.294604
NC_038782.1,NC_038782.1__M__200,M,200,1800,virus,0.965494692325592,0.039139,0.092814,0.339894,0.063027,0.040022,0.425104
NC_038782.1,NC_038782.1__M__150,M,150,1850,virus,0.9614812731742859,0.033385,0.080131,0.345675,0.053086,0.035897,0.451826
NC_038782.1,NC_038782.1__M__100,M,100,1900,eukarya,0.9548182487487793,0.028325,0.108352,0.396563,0.045792,0.029079,0.391888
NC_038782.1,NC_038782.1__M__50,M,50,1950,eukarya,0.9563053250312805,0.025670,0.080212,0.417335,0.037813,0.027080,0.411889
NC_038782.1,NC_038782.1__M__1,M,1,1999,eukarya,0.9591009616851807,0.025992,0.039405,0.614361,0.034430,0.026993,0.258819
NC_038874.1,NC_038874.1__none__0,none,0,2000,virus,0.9790931940078735,0.026922,0.085452,0.167962,0.039802,0.030751,0.649110
NC_038874.1,NC_038874.1__M__500,M,500,1500,eukarya,0.9840896129608154,0.021324,0.032064,0.749603,0.026072,0.021640,0.149296
NC_038874.1,NC_038874.1__M__450,M,450,1550,eukarya,0.9836568832397461,0.026423,0.052663,0.496581,0.033204,0.027988,0.363141
NC_038874.1,NC_038874.1__M__400,M,400,1600,eukarya,0.9815053343772888,0.027248,0.050055,0.433740,0.034193,0.029866,0.424898
NC_038874.1,NC_038874.1__M__350,M,350,1650,virus,0.9800523519515991,0.028328,0.053837,0.281450,0.034714,0.031150,0.570521
NC_038874.1,NC_038874.1__M__300,M,300,1700,virus,0.9789220094680786,0.024185,0.048661,0.159323,0.031808,0.028462,0.707560
NC_038874.1,NC_038874.1__M__250,M,250,1750,virus,0.979353666305542,0.026367,0.051624,0.200686,0.033249,0.029455,0.658618
NC_038874.1,NC_038874.1__M__200,M,200,1800,virus,0.9796184301376343,0.023496,0.053259,0.155257,0.029149,0.026125,0.712715
NC_038874.1,NC_038874.1__M__150,M,150,1850,virus,0.9801083207130432,0.021453,0.040760,0.132468,0.026627,0.024069,0.754623
NC_038874.1,NC_038874.1__M__100,M,100,1900,virus,0.9789922833442688,0.027816,0.061717,0.190275,0.039200,0.031543,0.649449
NC_038874.1,NC_038874.1__M__50,M,50,1950,virus,0.9773687124252319,0.022181,0.064240,0.125290,0.031216,0.026065,0.731007
NC_038874.1,NC_038874.1__M__1,M,1,1999,virus,0.979098916053772,0.026962,0.085745,0.167675,0.039908,0.030768,0.648943
NC_038882.1,NC_038882.1__none__0,none,0,2000,virus,0.8143137693405151,0.013355,0.011226,0.017596,0.010726,0.010962,0.936135
NC_038882.1,NC_038882.1__M__500,M,500,1500,virus,0.6809008121490479,0.014272,0.010948,0.018016,0.011381,0.010923,0.934461
NC_038882.1,NC_038882.1__M__450,M,450,1550,virus,0.6941028237342834,0.017131,0.011308,0.020025,0.012231,0.011070,0.928235
NC_038882.1,NC_038882.1__M__400,M,400,1600,virus,0.7327696681022644,0.015396,0.011268,0.018735,0.011234,0.010901,0.932465
NC_038882.1,NC_038882.1__M__350,M,350,1650,virus,0.7637732625007629,0.015929,0.012585,0.021371,0.013101,0.011786,0.925227
NC_038882.1,NC_038882.1__M__300,M,300,1700,virus,0.7510549426078796,0.015947,0.012858,0.021237,0.012968,0.012112,0.924878
NC_038882.1,NC_038882.1__M__250,M,250,1750,virus,0.7394796013832092,0.019390,0.013155,0.023005,0.013668,0.012053,0.918729
NC_038882.1,NC_038882.1__M__200,M,200,1800,virus,0.7716451287269592,0.014523,0.011562,0.018077,0.011304,0.010674,0.933859
NC_038882.1,NC_038882.1__M__150,M,150,1850,virus,0.7812206149101257,0.012097,0.010659,0.016926,0.010514,0.010464,0.939341
NC_038882.1,NC_038882.1__M__100,M,100,1900,virus,0.799190878868103,0.011793,0.010514,0.016089,0.010041,0.010361,0.941203
NC_038882.1,NC_038882.1__M__50,M,50,1950,virus,0.8190829157829285,0.012132,0.010968,0.016817,0.010435,0.010913,0.938736
NC_038882.1,NC_038882.1__M__1,M,1,1999,virus,0.8135005831718445,0.013382,0.011314,0.017653,0.010726,0.010965,0.935960
NC_038940.1,NC_038940.1__none__0,none,0,2000,virus,0.981113076210022,0.014550,0.014992,0.024619,0.018685,0.015595,0.911559
NC_038940.1,NC_038940.1__M__500,M,500,1500,virus,0.9829978942871094,0.017240,0.015614,0.028852,0.022725,0.017915,0.897653
NC_038940.1,NC_038940.1__M__450,M,450,1550,virus,0.9848974347114563,0.017782,0.015192,0.026447,0.023354,0.018150,0.899075
NC_038940.1,NC_038940.1__M__400,M,400,1600,virus,0.9836593866348267,0.018987,0.014967,0.030241,0.029772,0.020852,0.885180
NC_038940.1,NC_038940.1__M__350,M,350,1650,virus,0.9836357235908508,0.020390,0.017283,0.039533,0.032750,0.022459,0.867585
NC_038940.1,NC_038940.1__M__300,M,300,1700,virus,0.9815795421600342,0.016923,0.015554,0.025712,0.024346,0.018724,0.898741
NC_038940.1,NC_038940.1__M__250,M,250,1750,virus,0.9814057946205139,0.016054,0.015199,0.024289,0.022101,0.017646,0.904711
NC_038940.1,NC_038940.1__M__200,M,200,1800,virus,0.9801355600357056,0.014769,0.014925,0.021592,0.020182,0.016562,0.911970
NC_038940.1,NC_038940.1__M__150,M,150,1850,virus,0.9813430905342102,0.014750,0.015068,0.021644,0.019862,0.015849,0.912826
NC_038940.1,NC_038940.1__M__100,M,100,1900,virus,0.9808283448219299,0.014801,0.014897,0.022934,0.020324,0.015986,0.911057
NC_038940.1,NC_038940.1__M__50,M,50,1950,virus,0.9797856211662292,0.013534,0.014722,0.019050,0.016408,0.014487,0.921799
NC_038940.1,NC_038940.1__M__1,M,1,1999,virus,0.981336772441864,0.014541,0.014995,0.024596,0.018689,0.015581,0.911598
NC_036469.1,NC_036469.1__none__0,none,0,2000,eukarya,0.9785981774330139,0.027373,0.052381,0.568651,0.029742,0.025131,0.296722
NC_036469.1,NC_036469.1__M__500,M,500,1500,eukarya,0.9760915637016296,0.024143,0.059775,0.616960,0.028149,0.021036,0.249937
NC_036469.1,NC_036469.1__M__450,M,450,1550,eukarya,0.9770610928535461,0.024216,0.071278,0.533953,0.028715,0.021193,0.320646
NC_036469.1,NC_036469.1__M__400,M,400,1600,eukarya,0.9778276085853577,0.023686,0.067839,0.568928,0.028030,0.020689,0.290828
NC_036469.1,NC_036469.1__M__350,M,350,1650,eukarya,0.9786398410797119,0.025193,0.060972,0.585207,0.028786,0.022536,0.277307
NC_036469.1,NC_036469.1__M__300,M,300,1700,eukarya,0.9796003699302673,0.022284,0.054166,0.714091,0.025595,0.020308,0.163555
NC_036469.1,NC_036469.1__M__250,M,250,1750,eukarya,0.9787155389785767,0.020982,0.063601,0.706281,0.024477,0.019606,0.165053
NC_036469.1,NC_036469.1__M__200,M,200,1800,eukarya,0.9801102876663208,0.022009,0.060192,0.707331,0.024902,0.019603,0.165963
NC_036469.1,NC_036469.1__M__150,M,150,1850,eukarya,0.9798178672790527,0.024436,0.051054,0.673761,0.026736,0.022672,0.201340
NC_036469.1,NC_036469.1__M__100,M,100,1900,eukarya,0.9787123203277588,0.024182,0.044048,0.734025,0.025770,0.020720,0.151254
NC_036469.1,NC_036469.1__M__50,M,50,1950,eukarya,0.9778528213500977,0.025014,0.049174,0.671641,0.027081,0.021805,0.205285
NC_036469.1,NC_036469.1__M__1,M,1,1999,eukarya,0.9786183834075928,0.027337,0.052510,0.568120,0.029796,0.025089,0.297149
NC_036476.1,NC_036476.1__none__0,none,0,2000,virus,0.9767246842384338,0.034569,0.037355,0.312685,0.029778,0.032018,0.553594
NC_036476.1,NC_036476.1__M__500,M,500,1500,eukarya,0.9803240299224854,0.031445,0.038169,0.526930,0.030926,0.030199,0.342331
NC_036476.1,NC_036476.1__M__450,M,450,1550,virus,0.9802752137184143,0.033662,0.038431,0.400540,0.030959,0.033775,0.462633
NC_036476.1,NC_036476.1__M__400,M,400,1600,eukarya,0.9798721671104431,0.032009,0.039849,0.449879,0.030658,0.031952,0.415654
NC_036476.1,NC_036476.1__M__350,M,350,1650,eukarya,0.980566143989563,0.031916,0.039078,0.453322,0.030735,0.032262,0.412687
NC_036476.1,NC_036476.1__M__300,M,300,1700,virus,0.9806408882141113,0.032614,0.038546,0.312738,0.030318,0.032164,0.553619
NC_036476.1,NC_036476.1__M__250,M,250,1750,virus,0.9788668751716614,0.033770,0.039031,0.326040,0.030456,0.032566,0.538138
NC_036476.1,NC_036476.1__M__200,M,200,1800,eukarya,0.9805753231048584,0.034514,0.039328,0.469285,0.033074,0.033579,0.390220
NC_036476.1,NC_036476.1__M__150,M,150,1850,virus,0.9796758890151978,0.035045,0.039448,0.418041,0.032130,0.033603,0.441734
NC_036476.1,NC_036476.1__M__100,M,100,1900,eukarya,0.9793548583984375,0.035603,0.039586,0.448565,0.032068,0.033301,0.410878
NC_036476.1,NC_036476.1__M__50,M,50,1950,virus,0.9778037667274475,0.035192,0.038202,0.376207,0.030630,0.033232,0.486538
NC_036476.1,NC_036476.1__M__1,M,1,1999,virus,0.9766885638237,0.034569,0.037355,0.312685,0.029778,0.032018,0.553594
NC_035183.1,NC_035183.1__none__0,none,0,2000,virus,0.8955221772193909,0.014430,0.016276,0.027006,0.018196,0.013385,0.910706
NC_035183.1,NC_035183.1__M__500,M,500,1500,virus,0.8779993057250977,0.013094,0.014653,0.024475,0.018651,0.013150,0.915977
NC_035183.1,NC_035183.1__M__450,M,450,1550,virus,0.8841344714164734,0.015546,0.016448,0.029520,0.021150,0.014101,0.903235
NC_035183.1,NC_035183.1__M__400,M,400,1600,virus,0.8729347586631775,0.015330,0.016346,0.028123,0.018940,0.013613,0.907649
NC_035183.1,NC_035183.1__M__350,M,350,1650,virus,0.8828004002571106,0.017242,0.018123,0.035508,0.023275,0.014831,0.891021
NC_035183.1,NC_035183.1__M__300,M,300,1700,virus,0.8791335821151733,0.019447,0.021345,0.036720,0.032168,0.015775,0.874545
NC_035183.1,NC_035183.1__M__250,M,250,1750,virus,0.8611376285552979,0.013903,0.017036,0.028541,0.019739,0.013161,0.907621
NC_035183.1,NC_035183.1__M__200,M,200,1800,virus,0.8719844222068787,0.016058,0.017986,0.031719,0.022275,0.013579,0.898383
NC_035183.1,NC_035183.1__M__150,M,150,1850,virus,0.8700793981552124,0.014448,0.015720,0.026010,0.017814,0.012395,0.913612
NC_035183.1,NC_035183.1__M__100,M,100,1900,virus,0.863935112953186,0.014828,0.016921,0.028539,0.018236,0.013301,0.908175
NC_035183.1,NC_035183.1__M__50,M,50,1950,virus,0.8810136914253235,0.015243,0.017202,0.028335,0.017997,0.013497,0.907726
NC_035183.1,NC_035183.1__M__1,M,1,1999,virus,0.8966056108474731,0.014442,0.016275,0.027101,0.018227,0.013428,0.910527
NC_035215.1,NC_035215.1__none__0,none,0,2000,eukarya,0.9527437686920166,0.024950,0.027621,0.762063,0.025884,0.027408,0.132073
NC_035215.1,NC_035215.1__M__500,M,500,1500,eukarya,0.9479027986526489,0.019439,0.018621,0.876963,0.019380,0.018943,0.046655
NC_035215.1,NC_035215.1__M__450,M,450,1550,eukarya,0.943773090839386,0.020560,0.019546,0.867026,0.020300,0.020292,0.052276
NC_035215.1,NC_035215.1__M__400,M,400,1600,eukarya,0.9460687637329102,0.018332,0.017218,0.889369,0.018043,0.018455,0.038583
NC_035215.1,NC_035215.1__M__350,M,350,1650,eukarya,0.9412434101104736,0.017670,0.017109,0.892354,0.017674,0.017700,0.037493
NC_035215.1,NC_035215.1__M__300,M,300,1700,eukarya,0.9367495179176331,0.018858,0.019838,0.857705,0.020147,0.019255,0.064196
NC_035215.1,NC_035215.1__M__250,M,250,1750,eukarya,0.93996262550354,0.019167,0.022739,0.821588,0.021679,0.019612,0.095215
NC_035215.1,NC_035215.1__M__200,M,200,1800,eukarya,0.945227861404419,0.019445,0.021049,0.843014,0.020887,0.020739,0.074865
NC_035215.1,NC_035215.1__M__150,M,150,1850,eukarya,0.9473806023597717,0.020184,0.022731,0.833563,0.021704,0.022123,0.079694
NC_035215.1,NC_035215.1__M__100,M,100,1900,eukarya,0.9502594470977783,0.021881,0.024314,0.805532,0.023468,0.023247,0.101557
NC_035215.1,NC_035215.1__M__50,M,50,1950,eukarya,0.9450066685676575,0.025748,0.028883,0.723800,0.027108,0.027341,0.167120
NC_035215.1,NC_035215.1__M__1,M,1,1999,eukarya,0.9526138305664062,0.024811,0.027426,0.764668,0.025722,0.027360,0.130013
NC_034836.1,NC_034836.1__none__0,none,0,2000,virus,0.9729923605918884,0.013658,0.024669,0.031559,0.014349,0.011734,0.904030
NC_034836.1,NC_034836.1__M__500,M,500,1500,virus,0.9741649031639099,0.021821,0.036245,0.123317,0.023388,0.018502,0.776727
NC_034836.1,NC_034836.1__M__450,M,450,1550,virus,0.9716939926147461,0.019695,0.033213,0.098269,0.021262,0.017144,0.810416
NC_034836.1,NC_034836.1__M__400,M,400,1600,virus,0.973844051361084,0.015229,0.025978,0.052066,0.016150,0.013151,0.877425
NC_034836.1,NC_034836.1__M__350,M,350,1650,virus,0.973162055015564,0.015878,0.028054,0.048837,0.016642,0.013262,0.877327
NC_034836.1,NC_034836.1__M__300,M,300,1700,virus,0.9703290462493896,0.016476,0.027711,0.055795,0.017642,0.014177,0.868199
NC_034836.1,NC_034836.1__M__250,M,250,1750,virus,0.972357988357544,0.016273,0.026788,0.045975,0.017100,0.013834,0.880030
NC_034836.1,NC_034836.1__M__200,M,200,1800,virus,0.9719036221504211,0.013823,0.025112,0.036395,0.015226,0.012149,0.897295
NC_034836.1,NC_034836.1__M__150,M,150,1850,virus,0.9737682938575745,0.012122,0.021292,0.027562,0.013518,0.011034,0.914473
NC_034836.1,NC_034836.1__M__100,M,100,1900,virus,0.9721658229827881,0.012302,0.020983,0.025616,0.013104,0.010596,0.917399
NC_034836.1,NC_034836.1__M__50,M,50,1950,virus,0.9711927175521851,0.012590,0.021691,0.027940,0.013105,0.010982,0.913692
NC_034836.1,NC_034836.1__M__1,M,1,1999,virus,0.9729205965995789,0.013660,0.024784,0.031640,0.014354,0.011760,0.903802
NC_034835.1,NC_034835.1__none__0,none,0,2000,virus,0.8961694836616516,0.019156,0.024080,0.075410,0.022707,0.021036,0.837611
NC_034835.1,NC_034835.1__M__500,M,500,1500,virus,0.8779126405715942,0.021875,0.038356,0.159575,0.023724,0.017730,0.738739
NC_034835.1,NC_034835.1__M__450,M,450,1550,virus,0.8842623829841614,0.023761,0.036616,0.209485,0.026272,0.020006,0.683860
NC_034835.1,NC_034835.1__M__400,M,400,1600,virus,0.8864892721176147,0.025141,0.035081,0.253887,0.028591,0.021266,0.636034
NC_034835.1,NC_034835.1__M__350,M,350,1650,virus,0.9075234532356262,0.023935,0.034386,0.235927,0.030507,0.022595,0.652650
NC_034835.1,NC_034835.1__M__300,M,300,1700,virus,0.9223151206970215,0.020929,0.032912,0.173544,0.030772,0.020193,0.721650
NC_034835.1,NC_034835.1__M__250,M,250,1750,virus,0.9351242780685425,0.018088,0.031386,0.122651,0.021995,0.018405,0.787475
NC_034835.1,NC_034835.1__M__200,M,200,1800,virus,0.930510401725769,0.017443,0.026763,0.079947,0.018265,0.017740,0.839842
NC_034835.1,NC_034835.1__M__150,M,150,1850,virus,0.9028733372688293,0.015094,0.020947,0.048600,0.016618,0.015583,0.883157
NC_034835.1,NC_034835.1__M__100,M,100,1900,virus,0.8991969227790833,0.016045,0.021313,0.048820,0.017579,0.017353,0.878890
NC_034835.1,NC_034835.1__M__50,M,50,1950,virus,0.9059222340583801,0.020738,0.026156,0.086522,0.024123,0.022125,0.820336
NC_034835.1,NC_034835.1__M__1,M,1,1999,virus,0.8964074850082397,0.019126,0.023884,0.075004,0.022590,0.020998,0.838399
NC_034508.1,NC_034508.1__none__0,none,0,2000,virus,0.9841735363006592,0.014996,0.013013,0.013853,0.028498,0.016865,0.912776
NC_034508.1,NC_034508.1__M__500,M,500,1500,virus,0.9781649708747864,0.022547,0.023787,0.029109,0.135535,0.028362,0.760660
NC_034508.1,NC_034508.1__M__450,M,450,1550,virus,0.9797306060791016,0.022781,0.025119,0.029108,0.143745,0.029284,0.749964
NC_034508.1,NC_034508.1__M__400,M,400,1600,virus,0.9809638261795044,0.020349,0.020793,0.023983,0.095807,0.026562,0.812506
NC_034508.1,NC_034508.1__M__350,M,350,1650,virus,0.981316089630127,0.018208,0.018897,0.022000,0.070841,0.023956,0.846098
NC_034508.1,NC_034508.1__M__300,M,300,1700,virus,0.9819422364234924,0.018399,0.025734,0.023874,0.067362,0.023778,0.840854
NC_034508.1,NC_034508.1__M__250,M,250,1750,virus,0.9818815588951111,0.018981,0.029341,0.025084,0.073741,0.023341,0.829513
NC_034508.1,NC_034508.1__M__200,M,200,1800,virus,0.9820389151573181,0.018032,0.025868,0.023537,0.062558,0.021802,0.848203
NC_034508.1,NC_034508.1__M__150,M,150,1850,virus,0.9823634624481201,0.016725,0.021149,0.019723,0.044315,0.020074,0.878014
NC_034508.1,NC_034508.1__M__100,M,100,1900,virus,0.98341965675354,0.015623,0.018578,0.016532,0.033952,0.018209,0.897105
NC_034508.1,NC_034508.1__M__50,M,50,1950,virus,0.9831768870353699,0.014587,0.017073,0.014011,0.024253,0.016382,0.913693
NC_034508.1,NC_034508.1__M__1,M,1,1999,virus,0.9839116334915161,0.014944,0.013267,0.013926,0.028953,0.016885,0.912024
NC_034520.1,NC_034520.1__none__0,none,0,2000,virus,0.9822589159011841,0.012287,0.016555,0.023569,0.014916,0.014299,0.918373
NC_034520.1,NC_034520.1__M__500,M,500,1500,virus,0.9838669300079346,0.013553,0.018191,0.038061,0.015287,0.013773,0.901136
NC_034520.1,NC_034520.1__M__450,M,450,1550,virus,0.9831089377403259,0.014113,0.019506,0.045570,0.016567,0.015185,0.889059
NC_034520.1,NC_034520.1__M__400,M,400,1600,virus,0.9835416674613953,0.012766,0.017520,0.035618,0.015469,0.014384,0.904243
NC_034520.1,NC_034520.1__M__350,M,350,1650,virus,0.9839507341384888,0.012316,0.016915,0.031725,0.017858,0.014866,0.906320
NC_034520.1,NC_034520.1__M__300,M,300,1700,virus,0.9835471510887146,0.012756,0.016739,0.034771,0.017962,0.015034,0.902738
NC_034520.1,NC_034520.1__M__250,M,250,1750,virus,0.983306348323822,0.012431,0.017243,0.029981,0.017816,0.015343,0.907185
NC_034520.1,NC_034520.1__M__200,M,200,1800,virus,0.9836652874946594,0.011873,0.018434,0.028282,0.015305,0.014820,0.911285
NC_034520.1,NC_034520.1__M__150,M,150,1850,virus,0.9832082390785217,0.011769,0.018129,0.025563,0.013797,0.013768,0.916975
NC_034520.1,NC_034520.1__M__100,M,100,1900,virus,0.9830421209335327,0.011909,0.017178,0.024141,0.013090,0.013511,0.920173
NC_034520.1,NC_034520.1__M__50,M,50,1950,virus,0.9810484647750854,0.011623,0.015962,0.020286,0.012754,0.013659,0.925717
NC_034520.1,NC_034520.1__M__1,M,1,1999,virus,0.9821325540542603,0.012306,0.016571,0.023566,0.014973,0.014339,0.918244
NC_034391.1,NC_034391.1__none__0,none,0,2000,virus,0.9787006974220276,0.013150,0.016888,0.018957,0.014820,0.017839,0.918346
NC_034391.1,NC_034391.1__M__500,M,500,1500,virus,0.9765039086341858,0.012433,0.014089,0.017130,0.013640,0.014752,0.927956
NC_034391.1,NC_034391.1__M__450,M,450,1550,virus,0.977316677570343,0.012577,0.014436,0.017849,0.013708,0.015527,0.925904
NC_034391.1,NC_034391.1__M__400,M,400,1600,virus,0.9775820374488831,0.012707,0.014572,0.017840,0.013650,0.015513,0.925717
NC_034391.1,NC_034391.1__M__350,M,350,1650,virus,0.9766207933425903,0.011690,0.013757,0.017700,0.012680,0.013952,0.930222
NC_034391.1,NC_034391.1__M__300,M,300,1700,virus,0.9774219989776611,0.011620,0.014533,0.017811,0.012965,0.015156,0.927914
NC_034391.1,NC_034391.1__M__250,M,250,1750,virus,0.977713406085968,0.011154,0.014166,0.017730,0.012834,0.014755,0.929361
NC_034391.1,NC_034391.1__M__200,M,200,1800,virus,0.9783602952957153,0.011406,0.014098,0.016367,0.012848,0.014600,0.930681
NC_034391.1,NC_034391.1__M__150,M,150,1850,virus,0.9787285327911377,0.011378,0.014008,0.016987,0.012999,0.014622,0.930007
NC_034391.1,NC_034391.1__M__100,M,100,1900,virus,0.9775369167327881,0.010920,0.014048,0.016749,0.012820,0.014372,0.931091
NC_034391.1,NC_034391.1__M__50,M,50,1950,virus,0.9779064655303955,0.012277,0.015734,0.016859,0.013625,0.015883,0.925622
NC_034391.1,NC_034391.1__M__1,M,1,1999,virus,0.9786262512207031,0.013150,0.016888,0.018957,0.014820,0.017839,0.918346
NC_033774.1,NC_033774.1__none__0,none,0,2000,virus,0.9755960702896118,0.011806,0.012611,0.016363,0.012633,0.015344,0.931242
NC_033774.1,NC_033774.1__M__500,M,500,1500,virus,0.9782755374908447,0.011309,0.013595,0.016840,0.012133,0.012498,0.933625
NC_033774.1,NC_033774.1__M__450,M,450,1550,virus,0.9774690270423889,0.011834,0.014215,0.017314,0.012532,0.013068,0.931038
NC_033774.1,NC_033774.1__M__400,M,400,1600,virus,0.9762139916419983,0.011754,0.014654,0.017236,0.012047,0.013043,0.931265
NC_033774.1,NC_033774.1__M__350,M,350,1650,virus,0.9740859270095825,0.012081,0.013534,0.017319,0.012559,0.013786,0.930721
NC_033774.1,NC_033774.1__M__300,M,300,1700,virus,0.9758006930351257,0.012759,0.013666,0.016074,0.012026,0.014656,0.930820
NC_033774.1,NC_033774.1__M__250,M,250,1750,virus,0.975786566734314,0.012891,0.014609,0.016158,0.012223,0.014736,0.929384
NC_033774.1,NC_033774.1__M__200,M,200,1800,virus,0.9773656129837036,0.013056,0.015634,0.017535,0.012641,0.015478,0.925656
NC_033774.1,NC_033774.1__M__150,M,150,1850,virus,0.974367082118988,0.013177,0.015115,0.017266,0.013027,0.016107,0.925308
NC_033774.1,NC_033774.1__M__100,M,100,1900,virus,0.9746389389038086,0.012400,0.014289,0.016700,0.013195,0.015897,0.927519
NC_033774.1,NC_033774.1__M__50,M,50,1950,virus,0.9730834364891052,0.012389,0.013562,0.016558,0.012861,0.015887,0.928744
NC_033774.1,NC_033774.1__M__1,M,1,1999,virus,0.9755257964134216,0.011780,0.012682,0.016341,0.012658,0.015360,0.931179
NC_033480.1,NC_033480.1__none__0,none,0,2000,virus,0.971370279788971,0.035962,0.123276,0.121736,0.049774,0.041707,0.627544
NC_033480.1,NC_033480.1__M__500,M,500,1500,phage,0.9664707779884338,0.090712,0.274833,0.156569,0.176025,0.079733,0.222128
NC_033480.1,NC_033480.1__M__450,M,450,1550,virus,0.9643766283988953,0.085462,0.229565,0.172048,0.140164,0.073986,0.298776
NC_033480.1,NC_033480.1__M__400,M,400,1600,virus,0.96332186460495,0.068806,0.214059,0.168160,0.093444,0.060992,0.394539
NC_033480.1,NC_033480.1__M__350,M,350,1650,virus,0.9670904278755188,0.067139,0.157062,0.188049,0.080761,0.060129,0.446860
NC_033480.1,NC_033480.1__M__300,M,300,1700,virus,0.9686991572380066,0.049377,0.122569,0.171496,0.058720,0.048233,0.549605
NC_033480.1,NC_033480.1__M__250,M,250,1750,virus,0.9679797291755676,0.043185,0.100331,0.155235,0.055997,0.043379,0.601873
NC_033480.1,NC_033480.1__M__200,M,200,1800,virus,0.966688871383667,0.047060,0.137310,0.157909,0.059057,0.048318,0.550346
NC_033480.1,NC_033480.1__M__150,M,150,1850,virus,0.9689406752586365,0.043091,0.140796,0.132067,0.051025,0.046609,0.586412
NC_033480.1,NC_033480.1__M__100,M,100,1900,virus,0.9690616130828857,0.047984,0.223937,0.132870,0.057320,0.053003,0.484885
NC_033480.1,NC_033480.1__M__50,M,50,1950,virus,0.9696812629699707,0.038263,0.175689,0.119713,0.048621,0.043449,0.574265
NC_033480.1,NC_033480.1__M__1,M,1,1999,virus,0.971405029296875,0.036137,0.123467,0.122496,0.050013,0.041937,0.625951
NC_032732.1,NC_032732.1__none__0,none,0,2000,virus,0.9879292249679565,0.010309,0.010538,0.016909,0.014166,0.013434,0.934644
NC_032732.1,NC_032732.1__M__500,M,500,1500,virus,0.9847385883331299,0.009684,0.011430,0.024606,0.011783,0.009394,0.933103
NC_032732.1,NC_032732.1__M__450,M,450,1550,virus,0.9846129417419434,0.009866,0.013225,0.025348,0.012851,0.010206,0.928504
NC_032732.1,NC_032732.1__M__400,M,400,1600,virus,0.9856783747673035,0.009047,0.012795,0.022084,0.012171,0.010427,0.933476
NC_032732.1,NC_032732.1__M__350,M,350,1650,virus,0.9850155115127563,0.009850,0.013694,0.026761,0.013950,0.012385,0.923360
NC_032732.1,NC_032732.1__M__300,M,300,1700,virus,0.9862865805625916,0.009634,0.012316,0.025631,0.014145,0.012376,0.925897
NC_032732.1,NC_032732.1__M__250,M,250,1750,virus,0.9865875840187073,0.009528,0.010458,0.020391,0.013350,0.011917,0.934356
NC_032732.1,NC_032732.1__M__200,M,200,1800,virus,0.9861522912979126,0.009167,0.010880,0.019619,0.013280,0.012007,0.935048
NC_032732.1,NC_032732.1__M__150,M,150,1850,virus,0.9880472421646118,0.009377,0.011391,0.020139,0.013943,0.012509,0.932641
NC_032732.1,NC_032732.1__M__100,M,100,1900,virus,0.9874950051307678,0.010291,0.012035,0.020913,0.014861,0.013256,0.928644
NC_032732.1,NC_032732.1__M__50,M,50,1950,virus,0.987871527671814,0.010022,0.010886,0.017111,0.013796,0.013265,0.934921
NC_032732.1,NC_032732.1__M__1,M,1,1999,virus,0.9878575801849365,0.010299,0.010476,0.016881,0.014144,0.013417,0.934782
NC_032780.1,NC_032780.1__none__0,none,0,2000,virus,0.966332197189331,0.022235,0.141673,0.057534,0.022336,0.044220,0.712002
NC_032780.1,NC_032780.1__M__500,M,500,1500,virus,0.9605497717857361,0.017677,0.070141,0.043006,0.015491,0.024553,0.829132
NC_032780.1,NC_032780.1__M__450,M,450,1550,virus,0.9627354741096497,0.018991,0.080342,0.044876,0.016093,0.025598,0.814101
NC_032780.1,NC_032780.1__M__400,M,400,1600,virus,0.9566103219985962,0.020795,0.082923,0.048462,0.017990,0.033836,0.795993
NC_032780.1,NC_032780.1__M__350,M,350,1650,virus,0.957621693611145,0.020181,0.076598,0.045359,0.017990,0.033375,0.806496
NC_032780.1,NC_032780.1__M__300,M,300,1700,virus,0.9636356234550476,0.023264,0.132949,0.049586,0.021062,0.041391,0.731748
NC_032780.1,NC_032780.1__M__250,M,250,1750,virus,0.9669703245162964,0.027159,0.179524,0.057410,0.024309,0.054438,0.657160
NC_032780.1,NC_032780.1__M__200,M,200,1800,virus,0.9637688994407654,0.026920,0.151653,0.060683,0.023425,0.055496,0.681824
NC_032780.1,NC_032780.1__M__150,M,150,1850,virus,0.9610317945480347,0.027767,0.179147,0.058000,0.024082,0.058547,0.652457
NC_032780.1,NC_032780.1__M__100,M,100,1900,virus,0.9615822434425354,0.035318,0.301784,0.070330,0.028728,0.083666,0.480174
NC_032780.1,NC_032780.1__M__50,M,50,1950,virus,0.9676758646965027,0.027509,0.242921,0.068382,0.027064,0.070029,0.564094
NC_032780.1,NC_032780.1__M__1,M,1,1999,virus,0.9663088321685791,0.022144,0.141414,0.057754,0.022240,0.044226,0.712221
NC_032785.1,NC_032785.1__none__0,none,0,2000,eukarya,0.9685974717140198,0.031199,0.028834,0.766204,0.027736,0.028816,0.117210
NC_032785.1,NC_032785.1__M__500,M,500,1500,plasmid,0.9557239413261414,0.222806,0.100925,0.222605,0.064850,0.255265,0.133549
NC_032785.1,NC_032785.1__M__450,M,450,1550,eukarya,0.9526485800743103,0.170818,0.110463,0.299129,0.062770,0.187978,0.168843
NC_032785.1,NC_032785.1__M__400,M,400,1600,eukarya,0.9432525634765625,0.158859,0.118691,0.308693,0.064166,0.152529,0.197061
NC_032785.1,NC_032785.1__M__350,M,350,1650,eukarya,0.951613187789917,0.166027,0.119420,0.280032,0.063612,0.184606,0.186303
NC_032785.1,NC_032785.1__M__300,M,300,1700,eukarya,0.9531366229057312,0.128969,0.099702,0.364607,0.060043,0.121556,0.225122
NC_032785.1,NC_032785.1__M__250,M,250,1750,eukarya,0.9595489501953125,0.085501,0.060060,0.467017,0.049648,0.085897,0.251876
NC_032785.1,NC_032785.1__M__200,M,200,1800,eukarya,0.9616890549659729,0.055960,0.048754,0.571863,0.039979,0.047699,0.235745
NC_032785.1,NC_032785.1__M__150,M,150,1850,eukarya,0.9672689437866211,0.039959,0.038073,0.664111,0.033066,0.035826,0.188964
NC_032785.1,NC_032785.1__M__100,M,100,1900,eukarya,0.9667671918869019,0.061400,0.048580,0.558037,0.041631,0.056909,0.233443
NC_032785.1,NC_032785.1__M__50,M,50,1950,eukarya,0.968357264995575,0.034405,0.032305,0.728627,0.029445,0.029653,0.145565
NC_032785.1,NC_032785.1__M__1,M,1,1999,eukarya,0.9685831665992737,0.031194,0.028867,0.765900,0.027708,0.029080,0.117251
NC_032822.1,NC_032822.1__none__0,none,0,2000,eukarya,0.9716192483901978,0.016325,0.017312,0.856277,0.033313,0.014848,0.061925
NC_032822.1,NC_032822.1__M__500,M,500,1500,eukarya,0.9752662181854248,0.015873,0.015734,0.880357,0.041511,0.013034,0.033491
NC_032822.1,NC_032822.1__M__450,M,450,1550,eukarya,0.9739632606506348,0.013097,0.013531,0.910735,0.025160,0.011259,0.026218
NC_032822.1,NC_032822.1__M__400,M,400,1600,eukarya,0.9713776707649231,0.013791,0.014465,0.904274,0.020508,0.011217,0.035746
NC_032822.1,NC_032822.1__M__350,M,350,1650,eukarya,0.9687919616699219,0.014230,0.014791,0.905173,0.021293,0.010938,0.033575
NC_032822.1,NC_032822.1__M__300,M,300,1700,eukarya,0.971176266670227,0.012559,0.011995,0.922895,0.019656,0.010951,0.021943
NC_032822.1,NC_032822.1__M__250,M,250,1750,eukarya,0.9699223041534424,0.013436,0.013086,0.906000,0.028441,0.012155,0.026881
NC_032822.1,NC_032822.1__M__200,M,200,1800,eukarya,0.972015917301178,0.017164,0.020174,0.807225,0.083420,0.016755,0.055261
NC_032822.1,NC_032822.1__M__150,M,150,1850,eukarya,0.9698368906974792,0.014710,0.016067,0.874927,0.037411,0.013692,0.043193
NC_032822.1,NC_032822.1__M__100,M,100,1900,eukarya,0.9699569940567017,0.016548,0.019707,0.828327,0.071175,0.015690,0.048553
NC_032822.1,NC_032822.1__M__50,M,50,1950,eukarya,0.9715318083763123,0.013966,0.015356,0.890747,0.027466,0.012543,0.039921
NC_032822.1,NC_032822.1__M__1,M,1,1999,eukarya,0.9717085361480713,0.016408,0.017431,0.855024,0.033473,0.014947,0.062717
NC_032825.1,NC_032825.1__none__0,none,0,2000,virus,0.959450900554657,0.010195,0.012676,0.023502,0.012090,0.010015,0.931523
NC_032825.1,NC_032825.1__M__500,M,500,1500,virus,0.8446242809295654,0.035327,0.042374,0.410327,0.039541,0.025853,0.446578
NC_032825.1,NC_032825.1__M__450,M,450,1550,virus,0.8641089200973511,0.030970,0.043691,0.295014,0.034565,0.024718,0.571042
NC_032825.1,NC_032825.1__M__400,M,400,1600,virus,0.9009127616882324,0.029628,0.038695,0.334485,0.033866,0.023925,0.539402
NC_032825.1,NC_032825.1__M__350,M,350,1650,virus,0.9209355711936951,0.028562,0.034725,0.317013,0.031216,0.023994,0.564491
NC_032825.1,NC_032825.1__M__300,M,300,1700,virus,0.9399043917655945,0.024039,0.025370,0.237657,0.028505,0.023142,0.661288
NC_032825.1,NC_032825.1__M__250,M,250,1750,virus,0.9458471536636353,0.014767,0.016008,0.052946,0.016425,0.013734,0.886121
NC_032825.1,NC_032825.1__M__200,M,200,1800,virus,0.9366326928138733,0.011438,0.013485,0.032215,0.012711,0.010127,0.920023
NC_032825.1,NC_032825.1__M__150,M,150,1850,virus,0.9380797147750854,0.010125,0.012900,0.021689,0.011499,0.009396,0.934391
NC_032825.1,NC_032825.1__M__100,M,100,1900,virus,0.9428355693817139,0.010434,0.013252,0.022254,0.011813,0.010115,0.932133
NC_032825.1,NC_032825.1__M__50,M,50,1950,virus,0.9547409415245056,0.010906,0.013179,0.024408,0.012521,0.010700,0.928287
NC_032825.1,NC_032825.1__M__1,M,1,1999,virus,0.9593959450721741,0.010161,0.012676,0.023463,0.012110,0.010017,0.931573
NC_032834.1,NC_032834.1__none__0,none,0,2000,virus,0.9704633951187134,0.012924,0.015044,0.018372,0.012476,0.011546,0.929637
NC_032834.1,NC_032834.1__M__500,M,500,1500,virus,0.9665724635124207,0.013222,0.024973,0.028673,0.014327,0.012531,0.906275
NC_032834.1,NC_032834.1__M__450,M,450,1550,virus,0.966171383857727,0.011919,0.020230,0.023857,0.012614,0.010883,0.920497
NC_032834.1,NC_032834.1__M__400,M,400,1600,virus,0.9637024998664856,0.011571,0.018014,0.020952,0.011746,0.010334,0.927383
NC_032834.1,NC_032834.1__M__350,M,350,1650,virus,0.9631974697113037,0.011537,0.016231,0.019716,0.011799,0.010198,0.930519
NC_032834.1,NC_032834.1__M__300,M,300,1700,virus,0.9616490602493286,0.012006,0.016142,0.019155,0.011972,0.010410,0.930316
NC_032834.1,NC_032834.1__M__250,M,250,1750,virus,0.9504808783531189,0.012891,0.015582,0.020422,0.012794,0.010781,0.927530
NC_032834.1,NC_032834.1__M__200,M,200,1800,virus,0.9558311104774475,0.013073,0.015626,0.020496,0.012516,0.010426,0.927862
NC_032834.1,NC_032834.1__M__150,M,150,1850,virus,0.9618706703186035,0.012761,0.014613,0.019239,0.012383,0.010473,0.930532
NC_032834.1,NC_032834.1__M__100,M,100,1900,virus,0.9618369340896606,0.012370,0.013724,0.018741,0.012365,0.010098,0.932703
NC_032834.1,NC_032834.1__M__50,M,50,1950,virus,0.9662941098213196,0.012304,0.014443,0.017819,0.012079,0.010590,0.932764
NC_032834.1,NC_032834.1__M__1,M,1,1999,virus,0.9707616567611694,0.012917,0.014952,0.018340,0.012443,0.011510,0.929839
NC_032867.1,NC_032867.1__none__0,none,0,2000,bacteria,0.8889099955558777,0.451878,0.213278,0.069983,0.096259,0.049621,0.118981
NC_032867.1,NC_032867.1__M__500,M,500,1500,virus,0.8796956539154053,0.120335,0.293775,0.067827,0.048513,0.040575,0.428975
NC_032867.1,NC_032867.1__M__450,M,450,1550,virus,0.8814710974693298,0.189368,0.290467,0.060788,0.054979,0.049157,0.355241
NC_032867.1,NC_032867.1__M__400,M,400,1600,virus,0.8926973342895508,0.164525,0.211272,0.061074,0.051217,0.044225,0.467687
NC_032867.1,NC_032867.1__M__350,M,350,1650,virus,0.8995606303215027,0.148739,0.157748,0.053581,0.045065,0.041136,0.553730
NC_032867.1,NC_032867.1__M__300,M,300,1700,virus,0.8899301290512085,0.257489,0.209003,0.058223,0.048600,0.051723,0.374963
NC_032867.1,NC_032867.1__M__250,M,250,1750,virus,0.8561564683914185,0.178501,0.146190,0.072667,0.051043,0.042498,0.509101
NC_032867.1,NC_032867.1__M__200,M,200,1800,bacteria,0.8939450979232788,0.387082,0.211119,0.055652,0.053664,0.053671,0.238812
NC_032867.1,NC_032867.1__M__150,M,150,1850,bacteria,0.8874537944793701,0.369170,0.171373,0.069924,0.061736,0.045347,0.282450
NC_032867.1,NC_032867.1__M__100,M,100,1900,bacteria,0.897132158279419,0.453971,0.132815,0.088393,0.082550,0.046652,0.195620
NC_032867.1,NC_032867.1__M__50,M,50,1950,bacteria,0.8878417015075684,0.588006,0.198858,0.045831,0.057519,0.049141,0.060645
NC_032867.1,NC_032867.1__M__1,M,1,1999,bacteria,0.8886628150939941,0.451424,0.213087,0.070054,0.096237,0.049851,0.119347
NC_032870.1,NC_032870.1__none__0,none,0,2000,phage,0.9716184735298157,0.039222,0.652525,0.070635,0.105304,0.052847,0.079467
NC_032870.1,NC_032870.1__M__500,M,500,1500,archaea,0.9496076703071594,0.031083,0.093049,0.110325,0.598546,0.048834,0.118162
NC_032870.1,NC_032870.1__M__450,M,450,1550,archaea,0.9595386981964111,0.039977,0.161146,0.111030,0.535837,0.056178,0.095832
NC_032870.1,NC_032870.1__M__400,M,400,1600,archaea,0.9585688710212708,0.035228,0.189446,0.083562,0.556310,0.047228,0.088226
NC_032870.1,NC_032870.1__M__350,M,350,1650,phage,0.9674896001815796,0.035136,0.443718,0.079320,0.290948,0.057671,0.093208
NC_032870.1,NC_032870.1__M__300,M,300,1700,phage,0.9558696746826172,0.034781,0.415093,0.104329,0.246146,0.051007,0.148643
NC_032870.1,NC_032870.1__M__250,M,250,1750,phage,0.9575501084327698,0.031507,0.452262,0.139358,0.147077,0.044249,0.185547
NC_032870.1,NC_032870.1__M__200,M,200,1800,phage,0.9684907793998718,0.032580,0.638159,0.094116,0.108067,0.037729,0.089349
NC_032870.1,NC_032870.1__M__150,M,150,1850,phage,0.9675251841545105,0.027603,0.751003,0.049998,0.084974,0.032378,0.054043
NC_032870.1,NC_032870.1__M__100,M,100,1900,phage,0.9690305590629578,0.027514,0.751344,0.057766,0.061664,0.033233,0.068479
NC_032870.1,NC_032870.1__M__50,M,50,1950,phage,0.9690588116645813,0.035115,0.678820,0.075366,0.078428,0.045247,0.087023
NC_032870.1,NC_032870.1__M__1,M,1,1999,phage,0.9716843962669373,0.039009,0.654843,0.069917,0.104485,0.052712,0.079033
NC_032888.1,NC_032888.1__none__0,none,0,2000,eukarya,0.7953798770904541,0.019465,0.014548,0.908345,0.014194,0.015562,0.027885
NC_032888.1,NC_032888.1__M__500,M,500,1500,virus,0.5843905806541443,0.055642,0.109704,0.218938,0.022646,0.028571,0.564500
NC_032888.1,NC_032888.1__M__450,M,450,1550,virus,0.6603682637214661,0.090894,0.122795,0.339455,0.024714,0.046354,0.375787
NC_032888.1,NC_032888.1__M__400,M,400,1600,virus,0.706392765045166,0.105189,0.147352,0.300417,0.026431,0.049083,0.371528
NC_032888.1,NC_032888.1__M__350,M,350,1650,virus,0.7515765428543091,0.142674,0.106260,0.314706,0.026910,0.051297,0.358152
NC_032888.1,NC_032888.1__M__300,M,300,1700,eukarya,0.7231209874153137,0.084434,0.066536,0.617627,0.022038,0.034914,0.174451
NC_032888.1,NC_032888.1__M__250,M,250,1750,eukarya,0.7520859241485596,0.058563,0.051158,0.715131,0.019990,0.027816,0.127341
NC_032888.1,NC_032888.1__M__200,M,200,1800,eukarya,0.7678982615470886,0.034990,0.030185,0.832053,0.016553,0.019686,0.066533
NC_032888.1,NC_032888.1__M__150,M,150,1850,eukarya,0.7735533714294434,0.030104,0.025440,0.870194,0.014768,0.018140,0.041353
NC_032888.1,NC_032888.1__M__100,M,100,1900,eukarya,0.7552645206451416,0.025080,0.020257,0.884692,0.014663,0.016995,0.038313
NC_032888.1,NC_032888.1__M__50,M,50,1950,eukarya,0.7635691165924072,0.019222,0.014725,0.911513,0.013931,0.014545,0.026064
NC_032888.1,NC_032888.1__M__1,M,1,1999,eukarya,0.7968549132347107,0.019465,0.014548,0.908376,0.014186,0.015554,0.027871
NC_032940.1,NC_032940.1__none__0,none,0,2000,virus,0.7766944766044617,0.025432,0.092480,0.291974,0.032874,0.031826,0.525414
NC_032940.1,NC_032940.1__M__500,M,500,1500,virus,0.5888917446136475,0.021760,0.358269,0.109634,0.023773,0.034838,0.451727
NC_032940.1,NC_032940.1__M__450,M,450,1550,virus,0.5870378017425537,0.018816,0.217668,0.088815,0.022776,0.026600,0.625325
NC_032940.1,NC_032940.1__M__400,M,400,1600,virus,0.5833706855773926,0.017162,0.158208,0.074014,0.021444,0.022943,0.706230
NC_032940.1,NC_032940.1__M__350,M,350,1650,virus,0.6676695942878723,0.020046,0.187658,0.116431,0.024007,0.025195,0.626664
NC_032940.1,NC_032940.1__M__300,M,300,1700,virus,0.7655081748962402,0.020534,0.118084,0.152201,0.025349,0.025374,0.658459
NC_032940.1,NC_032940.1__M__250,M,250,1750,virus,0.8167047500610352,0.017383,0.114147,0.092588,0.021609,0.023700,0.730575
NC_032940.1,NC_032940.1__M__200,M,200,1800,virus,0.812584400177002,0.020806,0.101585,0.202244,0.026344,0.029180,0.619841
NC_032940.1,NC_032940.1__M__150,M,150,1850,virus,0.8038009405136108,0.022532,0.072703,0.223360,0.028068,0.026768,0.626568
NC_032940.1,NC_032940.1__M__100,M,100,1900,virus,0.787570059299469,0.022727,0.082164,0.259736,0.028790,0.029147,0.577436
NC_032940.1,NC_032940.1__M__50,M,50,1950,virus,0.7749612927436829,0.024144,0.072747,0.224750,0.028846,0.027481,0.622032
NC_032940.1,NC_032940.1__M__1,M,1,1999,virus,0.776786208152771,0.025532,0.092685,0.290992,0.032812,0.031741,0.526238
NC_033164.1,NC_033164.1__none__0,none,0,2000,eukarya,0.948700487613678,0.020735,0.086435,0.739198,0.022172,0.019587,0.111872
NC_033164.1,NC_033164.1__M__500,M,500,1500,eukarya,0.88089519739151,0.024115,0.251848,0.529469,0.029101,0.021719,0.143747
NC_033164.1,NC_033164.1__M__450,M,450,1550,eukarya,0.8919625282287598,0.021960,0.154323,0.625737,0.029470,0.020383,0.148128
NC_033164.1,NC_033164.1__M__400,M,400,1600,eukarya,0.9103348255157471,0.025287,0.206386,0.552240,0.034369,0.023205,0.158513
NC_033164.1,NC_033164.1__M__350,M,350,1650,eukarya,0.9085627198219299,0.019426,0.113128,0.715623,0.026507,0.019169,0.106146
NC_033164.1,NC_033164.1__M__300,M,300,1700,eukarya,0.9298996329307556,0.018783,0.110811,0.750459,0.022817,0.017784,0.079347
NC_033164.1,NC_033164.1__M__250,M,250,1750,eukarya,0.9398751258850098,0.022830,0.167717,0.662584,0.028125,0.021095,0.097649
NC_033164.1,NC_033164.1__M__200,M,200,1800,eukarya,0.9386981129646301,0.021032,0.127949,0.653721,0.025958,0.020348,0.150992
NC_033164.1,NC_033164.1__M__150,M,150,1850,eukarya,0.9420291781425476,0.022302,0.112412,0.648301,0.025669,0.021184,0.170133
NC_033164.1,NC_033164.1__M__100,M,100,1900,eukarya,0.9492232799530029,0.024101,0.135989,0.637678,0.025668,0.021789,0.154776
NC_033164.1,NC_033164.1__M__50,M,50,1950,eukarya,0.9515368342399597,0.022575,0.108009,0.697829,0.022744,0.020369,0.128473
NC_033164.1,NC_033164.1__M__1,M,1,1999,eukarya,0.948291540145874,0.020637,0.085778,0.739213,0.022136,0.019541,0.112694
NC_033233.1,NC_033233.1__none__0,none,0,2000,virus,0.973285973072052,0.013055,0.012019,0.017543,0.009673,0.012392,0.935318
NC_033233.1,NC_033233.1__M__500,M,500,1500,virus,0.9706785678863525,0.015002,0.014194,0.021562,0.010241,0.013094,0.925908
NC_033233.1,NC_033233.1__M__450,M,450,1550,virus,0.9699384570121765,0.016186,0.014632,0.024302,0.013753,0.013931,0.917197
NC_033233.1,NC_033233.1__M__400,M,400,1600,virus,0.9728158116340637,0.014226,0.014677,0.020468,0.014243,0.013577,0.922809
NC_033233.1,NC_033233.1__M__350,M,350,1650,virus,0.9681041836738586,0.012775,0.013649,0.019301,0.011348,0.013878,0.929049
NC_033233.1,NC_033233.1__M__300,M,300,1700,virus,0.9725791811943054,0.012878,0.014809,0.021519,0.010724,0.013474,0.926596
NC_033233.1,NC_033233.1__M__250,M,250,1750,virus,0.972905158996582,0.012682,0.013587,0.019369,0.010223,0.013860,0.930279
NC_033233.1,NC_033233.1__M__200,M,200,1800,virus,0.9707739353179932,0.012276,0.013117,0.015674,0.008792,0.012543,0.937598
NC_033233.1,NC_033233.1__M__150,M,150,1850,virus,0.9746891856193542,0.011915,0.012717,0.015208,0.009090,0.011804,0.939265
NC_033233.1,NC_033233.1__M__100,M,100,1900,virus,0.9717481136322021,0.014140,0.013271,0.023242,0.011150,0.014174,0.924022
NC_033233.1,NC_033233.1__M__50,M,50,1950,virus,0.9708269834518433,0.013244,0.012463,0.021369,0.010682,0.013365,0.928877
NC_033233.1,NC_033233.1__M__1,M,1,1999,virus,0.9732269644737244,0.013065,0.012101,0.017674,0.009709,0.012443,0.935009
NC_032552.1,NC_032552.1__none__0,none,0,2000,virus,0.9765615463256836,0.032485,0.072669,0.102483,0.028930,0.025043,0.738389
NC_032552.1,NC_032552.1__M__500,M,500,1500,eukarya,0.9699941277503967,0.032757,0.042154,0.695104,0.027152,0.023632,0.179200
NC_032552.1,NC_032552.1__M__450,M,450,1550,eukarya,0.9682894349098206,0.029581,0.033324,0.737053,0.025114,0.020958,0.153970
NC_032552.1,NC_032552.1__M__400,M,400,1600,eukarya,0.9675843715667725,0.023331,0.028809,0.793565,0.022003,0.018182,0.114111
NC_032552.1,NC_032552.1__M__350,M,350,1650,eukarya,0.9708221554756165,0.033980,0.047245,0.608789,0.028575,0.022848,0.258563
NC_032552.1,NC_032552.1__M__300,M,300,1700,eukarya,0.973417341709137,0.041133,0.080047,0.490451,0.034689,0.027743,0.325938
NC_032552.1,NC_032552.1__M__250,M,250,1750,virus,0.9732171297073364,0.036471,0.086750,0.332003,0.033606,0.027885,0.483285
NC_032552.1,NC_032552.1__M__200,M,200,1800,virus,0.9741132259368896,0.041350,0.111128,0.274500,0.036351,0.030545,0.506126
NC_032552.1,NC_032552.1__M__150,M,150,1850,virus,0.9744954705238342,0.040853,0.092264,0.156733,0.034601,0.029556,0.645993
NC_032552.1,NC_032552.1__M__100,M,100,1900,virus,0.9751342535018921,0.038977,0.067299,0.153106,0.032427,0.028069,0.680122
NC_032552.1,NC_032552.1__M__50,M,50,1950,virus,0.9763700366020203,0.044922,0.095150,0.138081,0.036522,0.031587,0.653739
NC_032552.1,NC_032552.1__M__1,M,1,1999,virus,0.9765547513961792,0.032309,0.072096,0.101979,0.028867,0.024995,0.739755
NC_032565.1,NC_032565.1__none__0,none,0,2000,virus,0.9702601432800293,0.014385,0.018885,0.022437,0.017201,0.022427,0.904665
NC_032565.1,NC_032565.1__M__500,M,500,1500,virus,0.9764804840087891,0.013119,0.013273,0.019685,0.018972,0.017732,0.917219
NC_032565.1,NC_032565.1__M__450,M,450,1550,virus,0.9761055111885071,0.012977,0.014068,0.020368,0.018367,0.017573,0.916647
NC_032565.1,NC_032565.1__M__400,M,400,1600,virus,0.9731222987174988,0.013122,0.014842,0.018875,0.016448,0.017969,0.918744
NC_032565.1,NC_032565.1__M__350,M,350,1650,virus,0.9701448678970337,0.012234,0.015006,0.019056,0.016301,0.017378,0.920026
NC_032565.1,NC_032565.1__M__300,M,300,1700,virus,0.9718555212020874,0.012234,0.016382,0.020603,0.016808,0.018281,0.915691
NC_032565.1,NC_032565.1__M__250,M,250,1750,virus,0.970973014831543,0.012799,0.017339,0.020339,0.016326,0.019480,0.913717
NC_032565.1,NC_032565.1__M__200,M,200,1800,virus,0.9718790650367737,0.013425,0.018742,0.021126,0.015911,0.020337,0.910459
NC_032565.1,NC_032565.1__M__150,M,150,1850,virus,0.9730157256126404,0.013722,0.018804,0.021853,0.016201,0.021101,0.908319
NC_032565.1,NC_032565.1__M__100,M,100,1900,virus,0.9724434018135071,0.014278,0.016596,0.020847,0.016762,0.020782,0.910734
NC_032565.1,NC_032565.1__M__50,M,50,1950,virus,0.970748782157898,0.014371,0.017486,0.021213,0.016030,0.021094,0.909806
NC_032565.1,NC_032565.1__M__1,M,1,1999,virus,0.9704173803329468,0.014441,0.018837,0.022531,0.017154,0.022492,0.904545
NC_032628.1,NC_032628.1__none__0,none,0,2000,virus,0.9637005925178528,0.040075,0.014607,0.026300,0.015166,0.014011,0.889841
NC_032628.1,NC_032628.1__M__500,M,500,1500,bacteria,0.970146894454956,0.616012,0.062347,0.054319,0.032373,0.084417,0.150532
NC_032628.1,NC_032628.1__M__450,M,450,1550,bacteria,0.9693819880485535,0.609365,0.063476,0.052668,0.032033,0.086741,0.155718
NC_032628.1,NC_032628.1__M__400,M,400,1600,bacteria,0.970095157623291,0.552678,0.084418,0.065731,0.032693,0.096610,0.167870
NC_032628.1,NC_032628.1__M__350,M,350,1650,bacteria,0.9686084985733032,0.509361,0.106262,0.053925,0.035720,0.103354,0.191378
NC_032628.1,NC_032628.1__M__300,M,300,1700,bacteria,0.9656345248222351,0.358944,0.093173,0.077260,0.035491,0.079216,0.355916
NC_032628.1,NC_032628.1__M__250,M,250,1750,virus,0.9637011289596558,0.153262,0.034577,0.068555,0.025472,0.035134,0.683000
NC_032628.1,NC_032628.1__M__200,M,200,1800,virus,0.9665529727935791,0.225326,0.034736,0.060374,0.026845,0.041716,0.611003
NC_032628.1,NC_032628.1__M__150,M,150,1850,virus,0.963882327079773,0.121745,0.023431,0.054779,0.021480,0.026386,0.752180
NC_032628.1,NC_032628.1__M__100,M,100,1900,virus,0.9650305509567261,0.084988,0.021254,0.050244,0.020304,0.024883,0.798327
NC_032628.1,NC_032628.1__M__50,M,50,1950,virus,0.9650728106498718,0.058287,0.018801,0.034980,0.017186,0.020310,0.850437
NC_032628.1,NC_032628.1__M__1,M,1,1999,virus,0.9637548327445984,0.040350,0.014766,0.026506,0.015236,0.014025,0.889119
NC_032632.1,NC_032632.1__none__0,none,0,2000,virus,0.849137544631958,0.017589,0.024998,0.082489,0.019636,0.017060,0.838228
NC_032632.1,NC_032632.1__M__500,M,500,1500,eukarya,0.4502391517162323,0.025228,0.046545,0.561842,0.036749,0.031593,0.298044
NC_032632.1,NC_032632.1__M__450,M,450,1550,eukarya,0.4543783664703369,0.023083,0.042946,0.683361,0.033622,0.030426,0.186562
NC_032632.1,NC_032632.1__M__400,M,400,1600,eukarya,0.49019092321395874,0.023799,0.042572,0.655007,0.031335,0.032287,0.215000
NC_032632.1,NC_032632.1__M__350,M,350,1650,eukarya,0.6450490951538086,0.026808,0.046889,0.463659,0.037385,0.032061,0.393198
NC_032632.1,NC_032632.1__M__300,M,300,1700,virus,0.6939496994018555,0.025421,0.043988,0.296113,0.033977,0.029497,0.571005
NC_032632.1,NC_032632.1__M__250,M,250,1750,virus,0.7318109273910522,0.022643,0.033091,0.163645,0.027051,0.023562,0.730007
NC_032632.1,NC_032632.1__M__200,M,200,1800,virus,0.7715015411376953,0.026637,0.038202,0.284215,0.032380,0.028668,0.589897
NC_032632.1,NC_032632.1__M__150,M,150,1850,virus,0.8025617599487305,0.021491,0.031523,0.131600,0.024681,0.021864,0.768841
NC_032632.1,NC_032632.1__M__100,M,100,1900,virus,0.819450318813324,0.021300,0.029400,0.130235,0.023861,0.020452,0.774753
NC_032632.1,NC_032632.1__M__50,M,50,1950,virus,0.8299192786216736,0.021816,0.026957,0.141591,0.023495,0.020628,0.765512
NC_032632.1,NC_032632.1__M__1,M,1,1999,virus,0.8498210906982422,0.017587,0.025160,0.083523,0.019638,0.017122,0.836970
NC_032635.1,NC_032635.1__none__0,none,0,2000,eukarya,0.9787771105766296,0.021019,0.105438,0.633758,0.024046,0.021677,0.194063
NC_032635.1,NC_032635.1__M__500,M,500,1500,eukarya,0.9814651608467102,0.022329,0.180189,0.607238,0.023492,0.019677,0.147075
NC_032635.1,NC_032635.1__M__450,M,450,1550,eukarya,0.9813392758369446,0.024039,0.242436,0.583108,0.023417,0.018621,0.108379
NC_032635.1,NC_032635.1__M__400,M,400,1600,eukarya,0.9798857569694519,0.026484,0.231725,0.592954,0.026084,0.019077,0.103676
NC_032635.1,NC_032635.1__M__350,M,350,1650,eukarya,0.9811540246009827,0.020729,0.193292,0.621670,0.022533,0.017084,0.124693
NC_032635.1,NC_032635.1__M__300,M,300,1700,eukarya,0.9795554280281067,0.020177,0.160905,0.661891,0.021672,0.017073,0.118282
NC_032635.1,NC_032635.1__M__250,M,250,1750,eukarya,0.980350136756897,0.020297,0.146876,0.635167,0.023722,0.019188,0.154750
NC_032635.1,NC_032635.1__M__200,M,200,1800,eukarya,0.9806627631187439,0.020331,0.149521,0.645904,0.022720,0.018456,0.143068
NC_032635.1,NC_032635.1__M__150,M,150,1850,eukarya,0.9781243801116943,0.019269,0.154323,0.676161,0.021897,0.016759,0.111591
NC_032635.1,NC_032635.1__M__100,M,100,1900,eukarya,0.9773209691047668,0.018034,0.128302,0.699270,0.020949,0.016690,0.116755
NC_032635.1,NC_032635.1__M__50,M,50,1950,eukarya,0.9787411093711853,0.018891,0.114080,0.678443,0.021217,0.018731,0.148638
NC_032635.1,NC_032635.1__M__1,M,1,1999,eukarya,0.9788267612457275,0.020902,0.105069,0.638591,0.023902,0.021559,0.189978
NC_032637.1,NC_032637.1__none__0,none,0,2000,eukarya,0.9414682984352112,0.013418,0.010516,0.934265,0.012882,0.014022,0.014896
NC_032637.1,NC_032637.1__M__500,M,500,1500,eukarya,0.8682116270065308,0.018961,0.012721,0.882644,0.014775,0.029164,0.041735
NC_032637.1,NC_032637.1__M__450,M,450,1550,eukarya,0.8953790068626404,0.015167,0.011497,0.890181,0.014409,0.023538,0.045208
NC_032637.1,NC_032637.1__M__400,M,400,1600,eukarya,0.9187377095222473,0.013840,0.011176,0.906786,0.013680,0.017339,0.037179
NC_032637.1,NC_032637.1__M__350,M,350,1650,eukarya,0.9113351106643677,0.012795,0.010772,0.917745,0.013626,0.016793,0.028270
NC_032637.1,NC_032637.1__M__300,M,300,1700,eukarya,0.9047872424125671,0.012990,0.011505,0.912464,0.014587,0.018552,0.029902
NC_032637.1,NC_032637.1__M__250,M,250,1750,eukarya,0.8955354690551758,0.011877,0.010472,0.927387,0.013138,0.016024,0.021103
NC_032637.1,NC_032637.1__M__200,M,200,1800,eukarya,0.9203259348869324,0.012941,0.010549,0.927899,0.013611,0.014807,0.020192
NC_032637.1,NC_032637.1__M__150,M,150,1850,eukarya,0.9258485436439514,0.013597,0.010818,0.923630,0.014061,0.015525,0.022369
NC_032637.1,NC_032637.1__M__100,M,100,1900,eukarya,0.929048478603363,0.013213,0.010199,0.931476,0.012992,0.013720,0.018399
NC_032637.1,NC_032637.1__M__50,M,50,1950,eukarya,0.9358465075492859,0.013031,0.010531,0.933078,0.012950,0.014648,0.015762
NC_032637.1,NC_032637.1__M__1,M,1,1999,eukarya,0.941418468952179,0.013437,0.010503,0.934319,0.012849,0.014009,0.014883
NC_032460.1,NC_032460.1__none__0,none,0,2000,virus,0.8104658126831055,0.018642,0.150073,0.045583,0.021515,0.017854,0.746332
NC_032460.1,NC_032460.1__M__500,M,500,1500,phage,0.8994726538658142,0.046767,0.463208,0.044708,0.034476,0.028229,0.382612
NC_032460.1,NC_032460.1__M__450,M,450,1550,phage,0.9101452827453613,0.050509,0.603739,0.039533,0.032781,0.026922,0.246516
NC_032460.1,NC_032460.1__M__400,M,400,1600,phage,0.9233248829841614,0.038357,0.521858,0.047370,0.031720,0.024395,0.336300
NC_032460.1,NC_032460.1__M__350,M,350,1650,virus,0.9217396378517151,0.048144,0.386484,0.046220,0.036285,0.029113,0.453755
NC_032460.1,NC_032460.1__M__300,M,300,1700,virus,0.9226188063621521,0.036168,0.331417,0.049443,0.034414,0.025718,0.522839
NC_032460.1,NC_032460.1__M__250,M,250,1750,virus,0.9120326042175293,0.020679,0.135780,0.044267,0.023269,0.018086,0.757920
NC_032460.1,NC_032460.1__M__200,M,200,1800,virus,0.8959038853645325,0.020110,0.135026,0.044088,0.022113,0.017396,0.761267
NC_032460.1,NC_032460.1__M__150,M,150,1850,virus,0.8749462962150574,0.018760,0.117253,0.042804,0.021270,0.016483,0.783430
NC_032460.1,NC_032460.1__M__100,M,100,1900,virus,0.8415632843971252,0.016473,0.102951,0.041543,0.018127,0.015597,0.805310
NC_032460.1,NC_032460.1__M__50,M,50,1950,virus,0.837349534034729,0.017222,0.124149,0.043357,0.019381,0.016212,0.779679
NC_032460.1,NC_032460.1__M__1,M,1,1999,virus,0.8101780414581299,0.018602,0.149569,0.045467,0.021455,0.017866,0.747041
NC_032197.1,NC_032197.1__none__0,none,0,2000,virus,0.960003137588501,0.024577,0.036507,0.223127,0.028955,0.028689,0.658145
NC_032197.1,NC_032197.1__M__500,M,500,1500,eukarya,0.9625916481018066,0.038977,0.025715,0.599982,0.029202,0.045310,0.260814
NC_032197.1,NC_032197.1__M__450,M,450,1550,eukarya,0.9641403555870056,0.032246,0.024275,0.619410,0.028713,0.041105,0.254251
NC_032197.1,NC_032197.1__M__400,M,400,1600,eukarya,0.9582465291023254,0.031080,0.024382,0.536904,0.029743,0.036729,0.341162
NC_032197.1,NC_032197.1__M__350,M,350,1650,virus,0.9560340642929077,0.032964,0.030029,0.399821,0.033156,0.041058,0.462972
NC_032197.1,NC_032197.1__M__300,M,300,1700,virus,0.9551293849945068,0.019458,0.023496,0.131203,0.022629,0.026807,0.776408
NC_032197.1,NC_032197.1__M__250,M,250,1750,virus,0.9575801491737366,0.015341,0.018700,0.071099,0.017979,0.019696,0.857186
NC_032197.1,NC_032197.1__M__200,M,200,1800,virus,0.9629467129707336,0.015785,0.019284,0.066209,0.018481,0.018687,0.861555
NC_032197.1,NC_032197.1__M__150,M,150,1850,virus,0.9655120372772217,0.020109,0.024933,0.130722,0.023323,0.023733,0.777179
NC_032197.1,NC_032197.1__M__100,M,100,1900,virus,0.963487982749939,0.025942,0.033567,0.288981,0.029070,0.029797,0.592643
NC_032197.1,NC_032197.1__M__50,M,50,1950,virus,0.956640899181366,0.024574,0.033833,0.216222,0.028678,0.028188,0.668505
NC_032197.1,NC_032197.1__M__1,M,1,1999,virus,0.9598037600517273,0.024602,0.036499,0.224049,0.029023,0.028705,0.657122
NC_032277.1,NC_032277.1__none__0,none,0,2000,virus,0.976189911365509,0.032739,0.040321,0.267341,0.150565,0.036026,0.473008
NC_032277.1,NC_032277.1__M__500,M,500,1500,virus,0.9813587069511414,0.030614,0.022992,0.404419,0.076523,0.026681,0.438770
NC_032277.1,NC_032277.1__M__450,M,450,1550,virus,0.9805151224136353,0.030835,0.022985,0.394360,0.069409,0.026822,0.455589
NC_032277.1,NC_032277.1__M__400,M,400,1600,virus,0.979977011680603,0.029735,0.023243,0.278708,0.067972,0.026342,0.574000
NC_032277.1,NC_032277.1__M__350,M,350,1650,virus,0.9803677797317505,0.033196,0.027840,0.324580,0.095164,0.028892,0.490328
NC_032277.1,NC_032277.1__M__300,M,300,1700,virus,0.9810524582862854,0.035776,0.032505,0.334166,0.097368,0.030602,0.469583
NC_032277.1,NC_032277.1__M__250,M,250,1750,virus,0.9802870154380798,0.031586,0.031153,0.290267,0.076075,0.030093,0.540825
NC_032277.1,NC_032277.1__M__200,M,200,1800,virus,0.9786919951438904,0.030955,0.031098,0.280420,0.131420,0.031367,0.494741
NC_032277.1,NC_032277.1__M__150,M,150,1850,virus,0.9782334566116333,0.032027,0.030596,0.218889,0.094124,0.029687,0.594676
NC_032277.1,NC_032277.1__M__100,M,100,1900,virus,0.9772571325302124,0.029932,0.030591,0.208897,0.070480,0.028710,0.631390
NC_032277.1,NC_032277.1__M__50,M,50,1950,virus,0.9765917658805847,0.034013,0.038915,0.320432,0.105584,0.034067,0.466989
NC_032277.1,NC_032277.1__M__1,M,1,1999,virus,0.9761444926261902,0.032776,0.040338,0.265910,0.150667,0.035953,0.474356
NC_032129.1,NC_032129.1__none__0,none,0,2000,virus,0.8231596946716309,0.064090,0.054442,0.281845,0.030195,0.053232,0.516195
NC_032129.1,NC_032129.1__M__500,M,500,1500,eukarya,0.5971101522445679,0.015486,0.018517,0.873884,0.017522,0.019622,0.054969
NC_032129.1,NC_032129.1__M__450,M,450,1550,eukarya,0.6690429449081421,0.016543,0.018603,0.860971,0.019274,0.019492,0.065117
NC_032129.1,NC_032129.1__M__400,M,400,1600,eukarya,0.6433318257331848,0.016603,0.018808,0.858982,0.018759,0.020061,0.066787
NC_032129.1,NC_032129.1__M__350,M,350,1650,eukarya,0.6306293606758118,0.018539,0.020739,0.828062,0.019946,0.022862,0.089853
NC_032129.1,NC_032129.1__M__300,M,300,1700,eukarya,0.6870875358581543,0.022214,0.023248,0.822676,0.018312,0.023493,0.090057
NC_032129.1,NC_032129.1__M__250,M,250,1750,eukarya,0.7389767169952393,0.031953,0.031420,0.691058,0.023009,0.029189,0.193372
NC_032129.1,NC_032129.1__M__200,M,200,1800,eukarya,0.7688145041465759,0.048958,0.051396,0.535729,0.027974,0.041450,0.294493
NC_032129.1,NC_032129.1__M__150,M,150,1850,virus,0.8012233972549438,0.048630,0.058244,0.309676,0.028702,0.041700,0.513048
NC_032129.1,NC_032129.1__M__100,M,100,1900,virus,0.8096657395362854,0.059047,0.059208,0.274271,0.029876,0.045583,0.532014
NC_032129.1,NC_032129.1__M__50,M,50,1950,virus,0.817661702632904,0.117293,0.121387,0.298753,0.042465,0.092137,0.327966
NC_032129.1,NC_032129.1__M__1,M,1,1999,virus,0.8221383690834045,0.064010,0.054327,0.281463,0.030144,0.052990,0.517066
NC_032154.1,NC_032154.1__none__0,none,0,2000,virus,0.9877364039421082,0.009267,0.014612,0.022673,0.009670,0.011418,0.932360
NC_032154.1,NC_032154.1__M__500,M,500,1500,virus,0.9840447902679443,0.021024,0.019994,0.181208,0.026203,0.023082,0.728489
NC_032154.1,NC_032154.1__M__450,M,450,1550,virus,0.9817826151847839,0.019461,0.018940,0.135370,0.031601,0.021714,0.772914
NC_032154.1,NC_032154.1__M__400,M,400,1600,virus,0.9835063815116882,0.021300,0.016922,0.157339,0.025271,0.022373,0.756795
NC_032154.1,NC_032154.1__M__350,M,350,1650,virus,0.9847503900527954,0.014492,0.014327,0.060905,0.017093,0.015943,0.877240
NC_032154.1,NC_032154.1__M__300,M,300,1700,virus,0.9851813316345215,0.014856,0.014500,0.069294,0.019496,0.018233,0.863621
NC_032154.1,NC_032154.1__M__250,M,250,1750,virus,0.98302161693573,0.011908,0.014575,0.043590,0.012557,0.013965,0.903405
NC_032154.1,NC_032154.1__M__200,M,200,1800,virus,0.9834833145141602,0.010731,0.012347,0.033286,0.010611,0.012471,0.920554
NC_032154.1,NC_032154.1__M__150,M,150,1850,virus,0.9855981469154358,0.010883,0.011568,0.032085,0.012007,0.012419,0.921039
NC_032154.1,NC_032154.1__M__100,M,100,1900,virus,0.985944390296936,0.009641,0.011990,0.024183,0.009937,0.010926,0.933324
NC_032154.1,NC_032154.1__M__50,M,50,1950,virus,0.9863888621330261,0.009402,0.013354,0.021724,0.009197,0.010792,0.935531
NC_032154.1,NC_032154.1__M__1,M,1,1999,virus,0.9877930283546448,0.009224,0.014535,0.022500,0.009662,0.011413,0.932666
NC_032113.1,NC_032113.1__none__0,none,0,2000,virus,0.956732451915741,0.021218,0.025782,0.153079,0.020941,0.019202,0.759779
NC_032113.1,NC_032113.1__M__500,M,500,1500,eukarya,0.8348947763442993,0.018462,0.029892,0.783108,0.020127,0.018452,0.129960
NC_032113.1,NC_032113.1__M__450,M,450,1550,eukarya,0.8924567699432373,0.021505,0.031674,0.735328,0.021501,0.019656,0.170335
NC_032113.1,NC_032113.1__M__400,M,400,1600,eukarya,0.9276546835899353,0.025115,0.037290,0.619796,0.023978,0.022391,0.271430
NC_032113.1,NC_032113.1__M__350,M,350,1650,eukarya,0.9463052153587341,0.023424,0.032962,0.678221,0.023104,0.023773,0.218517
NC_032113.1,NC_032113.1__M__300,M,300,1700,eukarya,0.947236180305481,0.025241,0.034004,0.565692,0.024952,0.026505,0.323606
NC_032113.1,NC_032113.1__M__250,M,250,1750,virus,0.9350261688232422,0.021907,0.030245,0.182139,0.021674,0.022570,0.721465
NC_032113.1,NC_032113.1__M__200,M,200,1800,virus,0.9380842447280884,0.017814,0.022716,0.087299,0.017345,0.016188,0.838638
NC_032113.1,NC_032113.1__M__150,M,150,1850,virus,0.9452897310256958,0.019215,0.022935,0.110529,0.018546,0.017448,0.811327
NC_032113.1,NC_032113.1__M__100,M,100,1900,virus,0.9475423693656921,0.018730,0.024068,0.109624,0.018709,0.019123,0.809746
NC_032113.1,NC_032113.1__M__50,M,50,1950,virus,0.9512173533439636,0.021590,0.024515,0.150011,0.020730,0.019645,0.763507
NC_032113.1,NC_032113.1__M__1,M,1,1999,virus,0.9568174481391907,0.021143,0.025702,0.152223,0.020954,0.019197,0.760781
NC_032087.1,NC_032087.1__none__0,none,0,2000,virus,0.923655092716217,0.024657,0.030266,0.307833,0.024698,0.024596,0.587950
NC_032087.1,NC_032087.1__M__500,M,500,1500,eukarya,0.8692557215690613,0.021699,0.036611,0.562496,0.026372,0.021297,0.331525
NC_032087.1,NC_032087.1__M__450,M,450,1550,eukarya,0.870560884475708,0.022815,0.033754,0.555532,0.026163,0.022261,0.339475
NC_032087.1,NC_032087.1__M__400,M,400,1600,eukarya,0.8696796298027039,0.022550,0.029005,0.624745,0.025340,0.022137,0.276222
NC_032087.1,NC_032087.1__M__350,M,350,1650,eukarya,0.8609997034072876,0.023727,0.026792,0.600273,0.027138,0.022869,0.299201
NC_032087.1,NC_032087.1__M__300,M,300,1700,eukarya,0.8746412992477417,0.023173,0.025918,0.652366,0.025889,0.022339,0.250316
NC_032087.1,NC_032087.1__M__250,M,250,1750,eukarya,0.9021844863891602,0.022962,0.023597,0.698758,0.024399,0.021853,0.208431
NC_032087.1,NC_032087.1__M__200,M,200,1800,eukarya,0.9042902588844299,0.022114,0.021423,0.768763,0.022323,0.020592,0.144785
NC_032087.1,NC_032087.1__M__150,M,150,1850,eukarya,0.9101488590240479,0.025202,0.025906,0.604313,0.024967,0.025486,0.294127
NC_032087.1,NC_032087.1__M__100,M,100,1900,eukarya,0.9130690097808838,0.026024,0.029730,0.515692,0.026267,0.025765,0.376521
NC_032087.1,NC_032087.1__M__50,M,50,1950,virus,0.9278491139411926,0.026750,0.032475,0.396022,0.026445,0.025807,0.492503
NC_032087.1,NC_032087.1__M__1,M,1,1999,virus,0.9237001538276672,0.024540,0.029853,0.305535,0.024409,0.024471,0.591192
NC_031691.1,NC_031691.1__none__0,none,0,2000,virus,0.977994978427887,0.014060,0.014077,0.014213,0.014685,0.016330,0.926635
NC_031691.1,NC_031691.1__M__500,M,500,1500,virus,0.9821537733078003,0.014191,0.014020,0.015996,0.015286,0.015915,0.924591
NC_031691.1,NC_031691.1__M__450,M,450,1550,virus,0.9830154776573181,0.013776,0.013739,0.013946,0.015170,0.015268,0.928101
NC_031691.1,NC_031691.1__M__400,M,400,1600,virus,0.982958972454071,0.013899,0.013728,0.013379,0.014406,0.014417,0.930171
NC_031691.1,NC_031691.1__M__350,M,350,1650,virus,0.9837431311607361,0.014754,0.015003,0.014452,0.015875,0.015753,0.924163
NC_031691.1,NC_031691.1__M__300,M,300,1700,virus,0.9829771518707275,0.014789,0.014701,0.014486,0.015565,0.016203,0.924256
NC_031691.1,NC_031691.1__M__250,M,250,1750,virus,0.9827433824539185,0.014593,0.014890,0.014770,0.014764,0.016155,0.924827
NC_031691.1,NC_031691.1__M__200,M,200,1800,virus,0.9816206097602844,0.014649,0.014930,0.014781,0.014366,0.016352,0.924921
NC_031691.1,NC_031691.1__M__150,M,150,1850,virus,0.9823164343833923,0.014345,0.014592,0.014475,0.014148,0.015790,0.926650
NC_031691.1,NC_031691.1__M__100,M,100,1900,virus,0.9804105162620544,0.014341,0.014167,0.014421,0.014388,0.016349,0.926335
NC_031691.1,NC_031691.1__M__50,M,50,1950,virus,0.9805120229721069,0.014166,0.013978,0.014370,0.014503,0.016322,0.926662
NC_031691.1,NC_031691.1__M__1,M,1,1999,virus,0.9780895113945007,0.014070,0.014085,0.014218,0.014756,0.016342,0.926529
NC_031282.1,NC_031282.1__none__0,none,0,2000,virus,0.9766649007797241,0.015709,0.011338,0.044828,0.025861,0.015251,0.887013
NC_031282.1,NC_031282.1__M__500,M,500,1500,virus,0.9663041234016418,0.012258,0.011546,0.021848,0.035742,0.016592,0.902014
NC_031282.1,NC_031282.1__M__450,M,450,1550,virus,0.9679564833641052,0.013371,0.013013,0.019730,0.047044,0.018050,0.888792
NC_031282.1,NC_031282.1__M__400,M,400,1600,virus,0.9662044048309326,0.011893,0.011922,0.019174,0.033854,0.016029,0.907127
NC_031282.1,NC_031282.1__M__350,M,350,1650,virus,0.9666352868080139,0.011765,0.011408,0.021746,0.034714,0.015742,0.904625
NC_031282.1,NC_031282.1__M__300,M,300,1700,virus,0.9687297940254211,0.012242,0.010664,0.021430,0.029298,0.014640,0.911727
NC_031282.1,NC_031282.1__M__250,M,250,1750,virus,0.9727544188499451,0.012572,0.011676,0.026300,0.025949,0.013909,0.909594
NC_031282.1,NC_031282.1__M__200,M,200,1800,virus,0.9709479808807373,0.012882,0.011772,0.024885,0.027574,0.013734,0.909153
NC_031282.1,NC_031282.1__M__150,M,150,1850,virus,0.9741126298904419,0.013097,0.011855,0.027215,0.027604,0.014299,0.905931
NC_031282.1,NC_031282.1__M__100,M,100,1900,virus,0.97441565990448,0.014700,0.011767,0.034697,0.031424,0.015849,0.891564
NC_031282.1,NC_031282.1__M__50,M,50,1950,virus,0.9748914837837219,0.014374,0.010070,0.033282,0.026738,0.015217,0.900320
NC_031282.1,NC_031282.1__M__1,M,1,1999,virus,0.9767513275146484,0.015660,0.011334,0.044906,0.025877,0.015285,0.886939
NC_031079.1,NC_031079.1__none__0,none,0,2000,virus,0.9552794694900513,0.012810,0.016657,0.019611,0.013007,0.013562,0.924354
NC_031079.1,NC_031079.1__M__500,M,500,1500,virus,0.9729305505752563,0.010914,0.017165,0.016270,0.011492,0.010977,0.933182
NC_031079.1,NC_031079.1__M__450,M,450,1550,virus,0.9668946862220764,0.010779,0.017163,0.014436,0.010834,0.010887,0.935899
NC_031079.1,NC_031079.1__M__400,M,400,1600,virus,0.9662415981292725,0.011044,0.017913,0.014626,0.010838,0.010766,0.934813
NC_031079.1,NC_031079.1__M__350,M,350,1650,virus,0.9605372548103333,0.010895,0.018045,0.014904,0.010703,0.010358,0.935095
NC_031079.1,NC_031079.1__M__300,M,300,1700,virus,0.9543749094009399,0.011075,0.019424,0.015021,0.011346,0.011348,0.931786
NC_031079.1,NC_031079.1__M__250,M,250,1750,virus,0.9480963945388794,0.012197,0.016207,0.015363,0.011918,0.012142,0.932174
NC_031079.1,NC_031079.1__M__200,M,200,1800,virus,0.9425351619720459,0.012621,0.016146,0.018495,0.012463,0.012329,0.927945
NC_031079.1,NC_031079.1__M__150,M,150,1850,virus,0.9524847269058228,0.011394,0.015392,0.015235,0.011966,0.012168,0.933845
NC_031079.1,NC_031079.1__M__100,M,100,1900,virus,0.9558430910110474,0.012406,0.016219,0.018108,0.012800,0.013202,0.927264
NC_031079.1,NC_031079.1__M__50,M,50,1950,virus,0.9519163966178894,0.011847,0.015735,0.014920,0.012175,0.012670,0.932653
NC_031079.1,NC_031079.1__M__1,M,1,1999,virus,0.9555410742759705,0.012783,0.016673,0.019595,0.012982,0.013570,0.924397
NC_031143.1,NC_031143.1__none__0,none,0,2000,virus,0.9747718572616577,0.010509,0.011207,0.014437,0.011855,0.012073,0.939919
NC_031143.1,NC_031143.1__M__500,M,500,1500,virus,0.9718396663665771,0.014774,0.016851,0.022537,0.026126,0.013684,0.906029
NC_031143.1,NC_031143.1__M__450,M,450,1550,virus,0.9743340611457825,0.011637,0.011078,0.016335,0.014374,0.012362,0.934214
NC_031143.1,NC_031143.1__M__400,M,400,1600,virus,0.9745535254478455,0.010919,0.011200,0.013553,0.011176,0.012107,0.941045
NC_031143.1,NC_031143.1__M__350,M,350,1650,virus,0.9749578833580017,0.011212,0.011109,0.014187,0.011429,0.012213,0.939850
NC_031143.1,NC_031143.1__M__300,M,300,1700,virus,0.977477490901947,0.011501,0.013374,0.014657,0.011207,0.012327,0.936934
NC_031143.1,NC_031143.1__M__250,M,250,1750,virus,0.9765223264694214,0.011401,0.012269,0.014724,0.011056,0.013066,0.937484
NC_031143.1,NC_031143.1__M__200,M,200,1800,virus,0.9801929593086243,0.010617,0.012193,0.014329,0.010681,0.012349,0.939831
NC_031143.1,NC_031143.1__M__150,M,150,1850,virus,0.9800668954849243,0.010953,0.012158,0.013887,0.010710,0.012652,0.939640
NC_031143.1,NC_031143.1__M__100,M,100,1900,virus,0.9790827631950378,0.010825,0.011500,0.014417,0.011380,0.012470,0.939408
NC_031143.1,NC_031143.1__M__50,M,50,1950,virus,0.9788978099822998,0.010335,0.011633,0.014678,0.010806,0.011282,0.941267
NC_031143.1,NC_031143.1__M__1,M,1,1999,virus,0.9747830629348755,0.010525,0.011208,0.014484,0.011887,0.012120,0.939776
NC_030746.1,NC_030746.1__none__0,none,0,2000,virus,0.9804601073265076,0.015507,0.015528,0.040824,0.017403,0.019312,0.891426
NC_030746.1,NC_030746.1__M__500,M,500,1500,virus,0.9849556088447571,0.012934,0.014228,0.031165,0.015434,0.015312,0.910927
NC_030746.1,NC_030746.1__M__450,M,450,1550,virus,0.9860495924949646,0.014001,0.015273,0.032146,0.015666,0.016004,0.906910
NC_030746.1,NC_030746.1__M__400,M,400,1600,virus,0.9865192770957947,0.014556,0.015688,0.039969,0.016491,0.017421,0.895876
NC_030746.1,NC_030746.1__M__350,M,350,1650,virus,0.9853620529174805,0.014443,0.015293,0.042353,0.016829,0.017727,0.893355
NC_030746.1,NC_030746.1__M__300,M,300,1700,virus,0.9851588606834412,0.014880,0.014655,0.037324,0.016703,0.018588,0.897850
NC_030746.1,NC_030746.1__M__250,M,250,1750,virus,0.9881126284599304,0.014388,0.015024,0.037217,0.016218,0.017423,0.899730
NC_030746.1,NC_030746.1__M__200,M,200,1800,virus,0.9845117330551147,0.013680,0.014544,0.032813,0.015890,0.017362,0.905711
NC_030746.1,NC_030746.1__M__150,M,150,1850,virus,0.9823617339134216,0.016074,0.015411,0.045332,0.017854,0.020193,0.885136
NC_030746.1,NC_030746.1__M__100,M,100,1900,virus,0.9826712012290955,0.016197,0.016086,0.046706,0.017933,0.020573,0.882505
NC_030746.1,NC_030746.1__M__50,M,50,1950,virus,0.9811992645263672,0.016751,0.016307,0.046222,0.018494,0.021037,0.881189
NC_030746.1,NC_030746.1__M__1,M,1,1999,virus,0.9804540276527405,0.015507,0.015528,0.040824,0.017403,0.019312,0.891426
NC_030446.1,NC_030446.1__none__0,none,0,2000,virus,0.922194242477417,0.010033,0.012291,0.015041,0.010174,0.009992,0.942469
NC_030446.1,NC_030446.1__M__500,M,500,1500,virus,0.9110645055770874,0.009392,0.011390,0.013863,0.010213,0.008292,0.946850
NC_030446.1,NC_030446.1__M__450,M,450,1550,virus,0.9176836013793945,0.009566,0.012073,0.014638,0.010914,0.008755,0.944054
NC_030446.1,NC_030446.1__M__400,M,400,1600,virus,0.9262980818748474,0.009745,0.011287,0.015493,0.010595,0.008931,0.943948
NC_030446.1,NC_030446.1__M__350,M,350,1650,virus,0.9265325665473938,0.010687,0.011997,0.016737,0.013213,0.008865,0.938500
NC_030446.1,NC_030446.1__M__300,M,300,1700,virus,0.9090865254402161,0.010967,0.011651,0.018657,0.013125,0.009321,0.936280
NC_030446.1,NC_030446.1__M__250,M,250,1750,virus,0.9103378653526306,0.010060,0.010744,0.019140,0.010416,0.009030,0.940610
NC_030446.1,NC_030446.1__M__200,M,200,1800,virus,0.9170796275138855,0.010322,0.010631,0.019710,0.010419,0.009079,0.939839
NC_030446.1,NC_030446.1__M__150,M,150,1850,virus,0.9221158027648926,0.009163,0.010462,0.016546,0.009240,0.008703,0.945887
NC_030446.1,NC_030446.1__M__100,M,100,1900,virus,0.9225460886955261,0.009639,0.011054,0.016146,0.009681,0.008816,0.944664
NC_030446.1,NC_030446.1__M__50,M,50,1950,virus,0.9270939230918884,0.009728,0.010918,0.015614,0.009670,0.008834,0.945237
NC_030446.1,NC_030446.1__M__1,M,1,1999,virus,0.9215118288993835,0.010032,0.012380,0.015162,0.010230,0.010024,0.942172
NC_030294.1,NC_030294.1__none__0,none,0,2000,virus,0.9795767068862915,0.017305,0.019701,0.028879,0.013067,0.018205,0.902843
NC_030294.1,NC_030294.1__M__500,M,500,1500,virus,0.972682535648346,0.013448,0.013475,0.015386,0.011807,0.013525,0.932360
NC_030294.1,NC_030294.1__M__450,M,450,1550,virus,0.9740506410598755,0.013619,0.013544,0.015580,0.011772,0.014018,0.931467
NC_030294.1,NC_030294.1__M__400,M,400,1600,virus,0.9753100872039795,0.014417,0.013857,0.016732,0.011594,0.014530,0.928871
NC_030294.1,NC_030294.1__M__350,M,350,1650,virus,0.9749793410301208,0.013330,0.013172,0.016273,0.011591,0.014029,0.931604
NC_030294.1,NC_030294.1__M__300,M,300,1700,virus,0.9753232598304749,0.014460,0.014763,0.017893,0.012267,0.015371,0.925246
NC_030294.1,NC_030294.1__M__250,M,250,1750,virus,0.9743958711624146,0.019012,0.017450,0.032644,0.014688,0.020483,0.895723
NC_030294.1,NC_030294.1__M__200,M,200,1800,virus,0.9760577082633972,0.017082,0.016812,0.027231,0.013971,0.018757,0.906147
NC_030294.1,NC_030294.1__M__150,M,150,1850,virus,0.9758625030517578,0.017628,0.017975,0.027929,0.013947,0.019267,0.903254
NC_030294.1,NC_030294.1__M__100,M,100,1900,virus,0.9784144163131714,0.017441,0.017338,0.028943,0.014130,0.019179,0.902969
NC_030294.1,NC_030294.1__M__50,M,50,1950,virus,0.9798502922058105,0.017976,0.020463,0.037118,0.014144,0.019602,0.890697
NC_030294.1,NC_030294.1__M__1,M,1,1999,virus,0.979722797870636,0.017454,0.019751,0.029270,0.013142,0.018328,0.902054
NC_029991.1,NC_029991.1__none__0,none,0,2000,eukarya,0.9882977604866028,0.035171,0.129082,0.404440,0.044895,0.033841,0.352572
NC_029991.1,NC_029991.1__M__500,M,500,1500,virus,0.9872990250587463,0.024418,0.293915,0.253781,0.031934,0.022986,0.372966
NC_029991.1,NC_029991.1__M__450,M,450,1550,virus,0.9860650300979614,0.024618,0.228937,0.269196,0.032794,0.024397,0.420059
NC_029991.1,NC_029991.1__M__400,M,400,1600,virus,0.9854292273521423,0.025886,0.191295,0.270166,0.033354,0.024184,0.455115
NC_029991.1,NC_029991.1__M__350,M,350,1650,virus,0.9844436645507812,0.025091,0.169176,0.250107,0.032922,0.024388,0.498316
NC_029991.1,NC_029991.1__M__300,M,300,1700,virus,0.9851935505867004,0.034948,0.265877,0.219941,0.043545,0.032235,0.403453
NC_029991.1,NC_029991.1__M__250,M,250,1750,virus,0.9853876233100891,0.035639,0.207955,0.315961,0.046788,0.032775,0.360882
NC_029991.1,NC_029991.1__M__200,M,200,1800,virus,0.9838234186172485,0.030352,0.126849,0.311325,0.039019,0.029099,0.463356
NC_029991.1,NC_029991.1__M__150,M,150,1850,virus,0.9856644868850708,0.037273,0.191566,0.321982,0.047896,0.034226,0.367058
NC_029991.1,NC_029991.1__M__100,M,100,1900,virus,0.9868677854537964,0.043109,0.223231,0.319850,0.054508,0.039232,0.320070
NC_029991.1,NC_029991.1__M__50,M,50,1950,eukarya,0.9869902729988098,0.035431,0.177172,0.353879,0.045684,0.034875,0.352958
NC_029991.1,NC_029991.1__M__1,M,1,1999,eukarya,0.9882686138153076,0.035248,0.128904,0.403966,0.044979,0.033935,0.352968
NC_029556.1,NC_029556.1__none__0,none,0,2000,virus,0.9771890640258789,0.021805,0.015633,0.036761,0.019506,0.022086,0.884209
NC_029556.1,NC_029556.1__M__500,M,500,1500,virus,0.9798997044563293,0.024092,0.018920,0.057192,0.021517,0.023016,0.855263
NC_029556.1,NC_029556.1__M__450,M,450,1550,virus,0.9811733365058899,0.023362,0.017543,0.049353,0.020244,0.022789,0.866710
NC_029556.1,NC_029556.1__M__400,M,400,1600,virus,0.9795359969139099,0.024975,0.019354,0.062021,0.022124,0.024474,0.847052
NC_029556.1,NC_029556.1__M__350,M,350,1650,virus,0.9793989658355713,0.020499,0.017383,0.040585,0.018264,0.020666,0.882603
NC_029556.1,NC_029556.1__M__300,M,300,1700,virus,0.9800260066986084,0.018749,0.016681,0.037309,0.017507,0.020177,0.889577
NC_029556.1,NC_029556.1__M__250,M,250,1750,virus,0.9781941771507263,0.026475,0.020391,0.076717,0.022404,0.026112,0.827901
NC_029556.1,NC_029556.1__M__200,M,200,1800,virus,0.979341447353363,0.022567,0.018102,0.050075,0.019689,0.023148,0.866419
NC_029556.1,NC_029556.1__M__150,M,150,1850,virus,0.9797502756118774,0.021108,0.016424,0.040450,0.018780,0.021377,0.881861
NC_029556.1,NC_029556.1__M__100,M,100,1900,virus,0.9791002869606018,0.020614,0.015945,0.033338,0.018177,0.021029,0.890895
NC_029556.1,NC_029556.1__M__50,M,50,1950,virus,0.9777860045433044,0.024546,0.018418,0.048614,0.020330,0.024957,0.863136
NC_029556.1,NC_029556.1__M__1,M,1,1999,virus,0.9771671891212463,0.021701,0.015587,0.036546,0.019389,0.022007,0.884770
NC_029565.1,NC_029565.1__none__0,none,0,2000,virus,0.9829403758049011,0.019907,0.031147,0.038022,0.076520,0.027207,0.807198
NC_029565.1,NC_029565.1__M__500,M,500,1500,virus,0.9817337989807129,0.014572,0.019344,0.028030,0.036900,0.017014,0.884139
NC_029565.1,NC_029565.1__M__450,M,450,1550,virus,0.9811888337135315,0.015327,0.021618,0.030737,0.046733,0.018100,0.867485
NC_029565.1,NC_029565.1__M__400,M,400,1600,virus,0.9803218245506287,0.017372,0.027117,0.037729,0.064447,0.021324,0.832011
NC_029565.1,NC_029565.1__M__350,M,350,1650,virus,0.9811650514602661,0.018294,0.030708,0.039470,0.069308,0.022904,0.819317
NC_029565.1,NC_029565.1__M__300,M,300,1700,virus,0.9814471006393433,0.016414,0.026601,0.035114,0.050588,0.020281,0.851002
NC_029565.1,NC_029565.1__M__250,M,250,1750,virus,0.9803691506385803,0.017513,0.030101,0.036548,0.060876,0.021729,0.833234
NC_029565.1,NC_029565.1__M__200,M,200,1800,virus,0.9803698062896729,0.016199,0.027546,0.037964,0.048047,0.020341,0.849903
NC_029565.1,NC_029565.1__M__150,M,150,1850,virus,0.9814768433570862,0.014961,0.021483,0.029543,0.032734,0.019590,0.881689
NC_029565.1,NC_029565.1__M__100,M,100,1900,virus,0.9817847013473511,0.013082,0.017308,0.024942,0.021503,0.016035,0.907129
NC_029565.1,NC_029565.1__M__50,M,50,1950,virus,0.9824994802474976,0.015449,0.021507,0.031957,0.039064,0.020616,0.871408
NC_029565.1,NC_029565.1__M__1,M,1,1999,virus,0.9829848408699036,0.019890,0.031173,0.038205,0.076903,0.027203,0.806626
NC_029082.1,NC_029082.1__none__0,none,0,2000,virus,0.98854660987854,0.011475,0.019209,0.031774,0.021228,0.014908,0.901407
NC_029082.1,NC_029082.1__M__500,M,500,1500,virus,0.9863088726997375,0.012267,0.011965,0.020070,0.028083,0.015027,0.912588
NC_029082.1,NC_029082.1__M__450,M,450,1550,virus,0.9866597652435303,0.012124,0.013051,0.019992,0.029725,0.016117,0.908991
NC_029082.1,NC_029082.1__M__400,M,400,1600,virus,0.9870585799217224,0.011746,0.011773,0.017027,0.022869,0.015317,0.921268
NC_029082.1,NC_029082.1__M__350,M,350,1650,virus,0.9877598881721497,0.012136,0.013035,0.018860,0.023675,0.015304,0.916989
NC_029082.1,NC_029082.1__M__300,M,300,1700,virus,0.98811274766922,0.010885,0.013337,0.020079,0.019058,0.013446,0.923194
NC_029082.1,NC_029082.1__M__250,M,250,1750,virus,0.9879485368728638,0.010837,0.012129,0.018940,0.019913,0.013833,0.924349
NC_029082.1,NC_029082.1__M__200,M,200,1800,virus,0.9882283806800842,0.011585,0.015104,0.023012,0.026175,0.014898,0.909226
NC_029082.1,NC_029082.1__M__150,M,150,1850,virus,0.9886717796325684,0.011369,0.014918,0.022129,0.022596,0.014260,0.914728
NC_029082.1,NC_029082.1__M__100,M,100,1900,virus,0.9883248805999756,0.010519,0.014548,0.020227,0.016469,0.012990,0.925247
NC_029082.1,NC_029082.1__M__50,M,50,1950,virus,0.9877308011054993,0.010666,0.018346,0.028140,0.017732,0.014075,0.911040
NC_029082.1,NC_029082.1__M__1,M,1,1999,virus,0.9885517358779907,0.011452,0.019270,0.031994,0.021472,0.014875,0.900936
NC_028902.1,NC_028902.1__none__0,none,0,2000,phage,0.9820724129676819,0.025071,0.914303,0.012906,0.012876,0.018572,0.016270
NC_028902.1,NC_028902.1__M__500,M,500,1500,phage,0.9828749895095825,0.184465,0.714801,0.017831,0.018528,0.043360,0.021016
NC_028902.1,NC_028902.1__M__450,M,450,1550,phage,0.9827950596809387,0.202261,0.699647,0.017858,0.018643,0.040155,0.021436
NC_028902.1,NC_028902.1__M__400,M,400,1600,phage,0.9815819263458252,0.195239,0.699646,0.017310,0.017878,0.049442,0.020485
NC_028902.1,NC_028902.1__M__350,M,350,1650,phage,0.980554461479187,0.096939,0.819004,0.013415,0.014410,0.038274,0.017958
NC_028902.1,NC_028902.1__M__300,M,300,1700,phage,0.9817392826080322,0.053304,0.878671,0.012147,0.012573,0.027734,0.015570
NC_028902.1,NC_028902.1__M__250,M,250,1750,phage,0.9839714765548706,0.038313,0.902725,0.011741,0.011798,0.020404,0.015019
NC_028902.1,NC_028902.1__M__200,M,200,1800,phage,0.9864764213562012,0.031342,0.906515,0.012649,0.012652,0.021381,0.015462
NC_028902.1,NC_028902.1__M__150,M,150,1850,phage,0.9855843186378479,0.031251,0.897687,0.013006,0.013530,0.027973,0.016554
NC_028902.1,NC_028902.1__M__100,M,100,1900,phage,0.9835671186447144,0.026323,0.899598,0.013633,0.014052,0.028932,0.017462
NC_028902.1,NC_028902.1__M__50,M,50,1950,phage,0.9815296530723572,0.027043,0.902279,0.013366,0.013544,0.026770,0.016998
NC_028902.1,NC_028902.1__M__1,M,1,1999,phage,0.9820745587348938,0.025199,0.914297,0.012878,0.012898,0.018429,0.016299
NC_028097.1,NC_028097.1__none__0,none,0,2000,eukarya,0.9770704507827759,0.019730,0.015339,0.875290,0.021893,0.015851,0.051896
NC_028097.1,NC_028097.1__M__500,M,500,1500,eukarya,0.9708134531974792,0.018075,0.014446,0.890462,0.019305,0.017421,0.040291
NC_028097.1,NC_028097.1__M__450,M,450,1550,eukarya,0.9726640582084656,0.017747,0.014579,0.887843,0.019440,0.016896,0.043494
NC_028097.1,NC_028097.1__M__400,M,400,1600,eukarya,0.9722042679786682,0.018095,0.014079,0.874056,0.021145,0.017034,0.055591
NC_028097.1,NC_028097.1__M__350,M,350,1650,eukarya,0.9735500812530518,0.020522,0.016744,0.864094,0.021854,0.019083,0.057702
NC_028097.1,NC_028097.1__M__300,M,300,1700,eukarya,0.973676323890686,0.016843,0.013757,0.902478,0.017781,0.015626,0.033515
NC_028097.1,NC_028097.1__M__250,M,250,1750,eukarya,0.9788349866867065,0.015486,0.012267,0.911880,0.017156,0.013457,0.029754
NC_028097.1,NC_028097.1__M__200,M,200,1800,eukarya,0.9786821007728577,0.017732,0.013933,0.890610,0.018763,0.015353,0.043609
NC_028097.1,NC_028097.1__M__150,M,150,1850,eukarya,0.9789279699325562,0.018624,0.014375,0.880777,0.020316,0.015860,0.050048
NC_028097.1,NC_028097.1__M__100,M,100,1900,eukarya,0.9762442111968994,0.018762,0.014170,0.886869,0.020510,0.014726,0.044963
NC_028097.1,NC_028097.1__M__50,M,50,1950,eukarya,0.9764204621315002,0.021876,0.017884,0.848604,0.024646,0.017131,0.069859
NC_028097.1,NC_028097.1__M__1,M,1,1999,eukarya,0.9769837260246277,0.019746,0.015276,0.876032,0.021930,0.015767,0.051249
NC_027811.2,NC_027811.2__none__0,none,0,2000,virus,0.9478854537010193,0.027417,0.314186,0.072716,0.030642,0.028201,0.526838
NC_027811.2,NC_027811.2__M__500,M,500,1500,virus,0.9244903326034546,0.035003,0.356559,0.063303,0.031766,0.038356,0.475014
NC_027811.2,NC_027811.2__M__450,M,450,1550,phage,0.92454594373703,0.037812,0.447183,0.065725,0.031614,0.033839,0.383827
NC_027811.2,NC_027811.2__M__400,M,400,1600,phage,0.9355854392051697,0.039494,0.482981,0.063373,0.032503,0.034432,0.347217
NC_027811.2,NC_027811.2__M__350,M,350,1650,phage,0.9386701583862305,0.033500,0.449388,0.062960,0.031716,0.032474,0.389962
NC_027811.2,NC_027811.2__M__300,M,300,1700,phage,0.9403553009033203,0.042665,0.446357,0.062565,0.033621,0.037043,0.377750
NC_027811.2,NC_027811.2__M__250,M,250,1750,virus,0.9373669028282166,0.035199,0.281069,0.068507,0.031343,0.027273,0.556608
NC_027811.2,NC_027811.2__M__200,M,200,1800,phage,0.9314011931419373,0.046313,0.487325,0.071722,0.032362,0.037618,0.324659
NC_027811.2,NC_027811.2__M__150,M,150,1850,phage,0.937921941280365,0.048044,0.438178,0.078755,0.033927,0.041143,0.359953
NC_027811.2,NC_027811.2__M__100,M,100,1900,phage,0.9419245719909668,0.041099,0.423831,0.074672,0.034512,0.044478,0.381408
NC_027811.2,NC_027811.2__M__50,M,50,1950,virus,0.9422665238380432,0.028048,0.279821,0.070237,0.030248,0.031116,0.560531
NC_027811.2,NC_027811.2__M__1,M,1,1999,virus,0.9478256702423096,0.027460,0.313784,0.072982,0.030653,0.028201,0.526919
NC_027720.1,NC_027720.1__none__0,none,0,2000,virus,0.9878990054130554,0.013831,0.014238,0.017695,0.015284,0.016348,0.922605
NC_027720.1,NC_027720.1__M__500,M,500,1500,virus,0.9896048307418823,0.018879,0.020029,0.069664,0.025767,0.018209,0.847451
NC_027720.1,NC_027720.1__M__450,M,450,1550,virus,0.9895367622375488,0.015738,0.017223,0.042206,0.018640,0.015857,0.890336
NC_027720.1,NC_027720.1__M__400,M,400,1600,virus,0.988976240158081,0.013936,0.015473,0.028772,0.015607,0.014351,0.911862
NC_027720.1,NC_027720.1__M__350,M,350,1650,virus,0.9873589873313904,0.013214,0.014757,0.024683,0.014337,0.014516,0.918493
NC_027720.1,NC_027720.1__M__300,M,300,1700,virus,0.9875473976135254,0.014408,0.014210,0.030622,0.016588,0.015953,0.908219
NC_027720.1,NC_027720.1__M__250,M,250,1750,virus,0.9876290559768677,0.013440,0.013255,0.022448,0.015251,0.015019,0.920588
NC_027720.1,NC_027720.1__M__200,M,200,1800,virus,0.9867218732833862,0.013253,0.014231,0.021815,0.014864,0.015581,0.920255
NC_027720.1,NC_027720.1__M__150,M,150,1850,virus,0.986138641834259,0.014150,0.014658,0.023602,0.015592,0.016622,0.915376
NC_027720.1,NC_027720.1__M__100,M,100,1900,virus,0.9877095222473145,0.015527,0.016206,0.027881,0.017140,0.017769,0.905476
NC_027720.1,NC_027720.1__M__50,M,50,1950,virus,0.9880533814430237,0.014920,0.016230,0.023513,0.016384,0.017270,0.911684
NC_027720.1,NC_027720.1__M__1,M,1,1999,virus,0.9879555702209473,0.013812,0.014218,0.017722,0.015319,0.016334,0.922595
NC_026624.1,NC_026624.1__none__0,none,0,2000,virus,0.9703922271728516,0.016616,0.016301,0.017908,0.013974,0.014999,0.920202
NC_026624.1,NC_026624.1__M__500,M,500,1500,virus,0.9753468632698059,0.015483,0.015577,0.016771,0.014213,0.014331,0.923626
NC_026624.1,NC_026624.1__M__450,M,450,1550,virus,0.9751306176185608,0.016062,0.015572,0.017177,0.014431,0.014790,0.921967
NC_026624.1,NC_026624.1__M__400,M,400,1600,virus,0.9733578562736511,0.016314,0.015649,0.016608,0.014362,0.015001,0.922066
NC_026624.1,NC_026624.1__M__350,M,350,1650,virus,0.9731734395027161,0.016415,0.016068,0.016537,0.014235,0.015088,0.921658
NC_026624.1,NC_026624.1__M__300,M,300,1700,virus,0.9712468981742859,0.015148,0.015119,0.015353,0.013794,0.014322,0.926264
NC_026624.1,NC_026624.1__M__250,M,250,1750,virus,0.973491370677948,0.015038,0.015715,0.015429,0.013273,0.013916,0.926630
NC_026624.1,NC_026624.1__M__200,M,200,1800,virus,0.9706327319145203,0.015159,0.015929,0.015836,0.013379,0.014314,0.925382
NC_026624.1,NC_026624.1__M__150,M,150,1850,virus,0.9709025621414185,0.015566,0.016210,0.017014,0.013611,0.014779,0.922820
NC_026624.1,NC_026624.1__M__100,M,100,1900,virus,0.9727335572242737,0.015505,0.016623,0.017479,0.013756,0.015151,0.921485
NC_026624.1,NC_026624.1__M__50,M,50,1950,virus,0.96983802318573,0.016573,0.016347,0.018215,0.014208,0.015596,0.919060
NC_026624.1,NC_026624.1__M__1,M,1,1999,virus,0.9705303311347961,0.016671,0.016301,0.018014,0.013995,0.015045,0.919974
NC_026424.1,NC_026424.1__none__0,none,0,2000,virus,0.9828741550445557,0.017806,0.017326,0.022246,0.033481,0.022524,0.886617
NC_026424.1,NC_026424.1__M__500,M,500,1500,virus,0.9845560789108276,0.017055,0.017586,0.026018,0.050569,0.017708,0.871063
NC_026424.1,NC_026424.1__M__450,M,450,1550,virus,0.9850733876228333,0.019163,0.021001,0.031263,0.083283,0.019609,0.825682
NC_026424.1,NC_026424.1__M__400,M,400,1600,virus,0.9840660691261292,0.018849,0.019599,0.032447,0.087373,0.020857,0.820875
NC_026424.1,NC_026424.1__M__350,M,350,1650,virus,0.9846047759056091,0.020581,0.019872,0.033216,0.099607,0.021834,0.804891
NC_026424.1,NC_026424.1__M__300,M,300,1700,virus,0.9846279621124268,0.021635,0.019232,0.030405,0.093697,0.024218,0.810813
NC_026424.1,NC_026424.1__M__250,M,250,1750,virus,0.9840244650840759,0.016820,0.014750,0.021663,0.038722,0.020028,0.888017
NC_026424.1,NC_026424.1__M__200,M,200,1800,virus,0.9829195737838745,0.015123,0.014558,0.019865,0.026983,0.019183,0.904288
NC_026424.1,NC_026424.1__M__150,M,150,1850,virus,0.9833080768585205,0.015582,0.015329,0.021025,0.030118,0.020184,0.897762
NC_026424.1,NC_026424.1__M__100,M,100,1900,virus,0.9830170273780823,0.015511,0.015345,0.020957,0.027260,0.020780,0.900147
NC_026424.1,NC_026424.1__M__50,M,50,1950,virus,0.9831821918487549,0.017164,0.016561,0.021937,0.032566,0.022688,0.889084
NC_026424.1,NC_026424.1__M__1,M,1,1999,virus,0.9828223586082458,0.017808,0.017330,0.022237,0.033505,0.022543,0.886576
NC_025390.1,NC_025390.1__none__0,none,0,2000,phage,0.9842463731765747,0.023279,0.438944,0.104160,0.022689,0.018387,0.392542
NC_025390.1,NC_025390.1__M__500,M,500,1500,phage,0.9899197816848755,0.017032,0.894044,0.018922,0.025710,0.014759,0.029532
NC_025390.1,NC_025390.1__M__450,M,450,1550,phage,0.990021288394928,0.017549,0.881559,0.023714,0.021858,0.013823,0.041496
NC_025390.1,NC_025390.1__M__400,M,400,1600,phage,0.9885823726654053,0.017642,0.878986,0.025081,0.019951,0.013626,0.044715
NC_025390.1,NC_025390.1__M__350,M,350,1650,phage,0.9865466356277466,0.018089,0.864607,0.027191,0.018103,0.013866,0.058144
NC_025390.1,NC_025390.1__M__300,M,300,1700,phage,0.9853988885879517,0.019167,0.842958,0.032666,0.017989,0.014391,0.072830
NC_025390.1,NC_025390.1__M__250,M,250,1750,phage,0.9849376082420349,0.022398,0.738677,0.065701,0.021030,0.017077,0.135117
NC_025390.1,NC_025390.1__M__200,M,200,1800,phage,0.984713613986969,0.025072,0.521053,0.090021,0.024931,0.019563,0.319361
NC_025390.1,NC_025390.1__M__150,M,150,1850,phage,0.9843475818634033,0.024966,0.612470,0.080985,0.023622,0.018854,0.239103
NC_025390.1,NC_025390.1__M__100,M,100,1900,phage,0.9843177795410156,0.025378,0.536545,0.089356,0.024651,0.019238,0.304832
NC_025390.1,NC_025390.1__M__50,M,50,1950,phage,0.984079897403717,0.025059,0.475565,0.091608,0.025203,0.019959,0.362605
NC_025390.1,NC_025390.1__M__1,M,1,1999,phage,0.9843195080757141,0.023297,0.437646,0.103576,0.022750,0.018371,0.394359
NC_025393.1,NC_025393.1__none__0,none,0,2000,virus,0.9826029539108276,0.013418,0.010353,0.025403,0.017907,0.014932,0.917987
NC_025393.1,NC_025393.1__M__500,M,500,1500,virus,0.980093240737915,0.025211,0.027142,0.086032,0.230985,0.028093,0.602536
NC_025393.1,NC_025393.1__M__450,M,450,1550,virus,0.9797104597091675,0.025273,0.027934,0.070436,0.283830,0.027177,0.565350
NC_025393.1,NC_025393.1__M__400,M,400,1600,virus,0.976815938949585,0.026598,0.028872,0.065423,0.337815,0.029156,0.512136
NC_025393.1,NC_025393.1__M__350,M,350,1650,virus,0.9764002561569214,0.023964,0.024865,0.050976,0.230256,0.025855,0.644085
NC_025393.1,NC_025393.1__M__300,M,300,1700,virus,0.9776066541671753,0.022631,0.025177,0.044035,0.189746,0.024319,0.694092
NC_025393.1,NC_025393.1__M__250,M,250,1750,virus,0.9772048592567444,0.020682,0.022841,0.038678,0.133743,0.021054,0.763003
NC_025393.1,NC_025393.1__M__200,M,200,1800,virus,0.9784038066864014,0.017067,0.029422,0.040051,0.065618,0.018503,0.829340
NC_025393.1,NC_025393.1__M__150,M,150,1850,virus,0.9813142418861389,0.013644,0.016944,0.025515,0.029326,0.014989,0.899581
NC_025393.1,NC_025393.1__M__100,M,100,1900,virus,0.9818442463874817,0.013119,0.014174,0.021668,0.022202,0.014634,0.914204
NC_025393.1,NC_025393.1__M__50,M,50,1950,virus,0.9823198914527893,0.012818,0.010546,0.021574,0.017918,0.014544,0.922601
NC_025393.1,NC_025393.1__M__1,M,1,1999,virus,0.9826059341430664,0.013365,0.010331,0.025576,0.017827,0.014955,0.917946
NC_025340.1,NC_025340.1__none__0,none,0,2000,virus,0.8936228156089783,0.010763,0.021334,0.016484,0.010341,0.011268,0.929810
NC_025340.1,NC_025340.1__M__500,M,500,1500,virus,0.9527201056480408,0.013371,0.015946,0.043992,0.014775,0.012274,0.899641
NC_025340.1,NC_025340.1__M__450,M,450,1550,virus,0.953296422958374,0.013783,0.020663,0.050749,0.014919,0.013213,0.886674
NC_025340.1,NC_025340.1__M__400,M,400,1600,virus,0.9479062557220459,0.012737,0.020523,0.043159,0.013870,0.012111,0.897600
NC_025340.1,NC_025340.1__M__350,M,350,1650,virus,0.9444989562034607,0.011840,0.020789,0.034101,0.012588,0.011214,0.909468
NC_025340.1,NC_025340.1__M__300,M,300,1700,virus,0.9452890753746033,0.011474,0.026072,0.030992,0.012568,0.010587,0.908307
NC_025340.1,NC_025340.1__M__250,M,250,1750,virus,0.9399095177650452,0.012214,0.044995,0.037298,0.013842,0.011836,0.879814
NC_025340.1,NC_025340.1__M__200,M,200,1800,virus,0.9309654831886292,0.011531,0.029616,0.022266,0.011309,0.011172,0.914106
NC_025340.1,NC_025340.1__M__150,M,150,1850,virus,0.9143537878990173,0.011934,0.039626,0.024182,0.012159,0.011792,0.900307
NC_025340.1,NC_025340.1__M__100,M,100,1900,virus,0.9041922092437744,0.011739,0.030075,0.025076,0.011501,0.011400,0.910209
NC_025340.1,NC_025340.1__M__50,M,50,1950,virus,0.9090816974639893,0.011379,0.028929,0.018861,0.010985,0.011510,0.918337
NC_025340.1,NC_025340.1__M__1,M,1,1999,virus,0.8931884765625,0.010743,0.021196,0.016450,0.010273,0.011213,0.930126
NC_024686.1,NC_024686.1__none__0,none,0,2000,virus,0.9417858719825745,0.014198,0.015850,0.037215,0.028295,0.020037,0.884406
NC_024686.1,NC_024686.1__M__500,M,500,1500,virus,0.9477722644805908,0.021230,0.020647,0.055250,0.091641,0.024002,0.787231
NC_024686.1,NC_024686.1__M__450,M,450,1550,virus,0.9563654065132141,0.021911,0.021713,0.061797,0.109481,0.024239,0.760858
NC_024686.1,NC_024686.1__M__400,M,400,1600,virus,0.9434894323348999,0.022265,0.022524,0.066669,0.114713,0.025470,0.748359
NC_024686.1,NC_024686.1__M__350,M,350,1650,virus,0.9487802386283875,0.021444,0.022140,0.072543,0.085254,0.024336,0.774282
NC_024686.1,NC_024686.1__M__300,M,300,1700,virus,0.93491530418396,0.020730,0.023487,0.066972,0.105964,0.025304,0.757542
NC_024686.1,NC_024686.1__M__250,M,250,1750,virus,0.9414596557617188,0.020266,0.023625,0.062561,0.107297,0.025820,0.760430
NC_024686.1,NC_024686.1__M__200,M,200,1800,virus,0.9327070713043213,0.019473,0.021783,0.047970,0.086551,0.025401,0.798821
NC_024686.1,NC_024686.1__M__150,M,150,1850,virus,0.9415785670280457,0.014825,0.016631,0.031181,0.034236,0.020872,0.882255
NC_024686.1,NC_024686.1__M__100,M,100,1900,virus,0.9405537247657776,0.015084,0.016834,0.039106,0.036464,0.021071,0.871442
NC_024686.1,NC_024686.1__M__50,M,50,1950,virus,0.94193434715271,0.014318,0.015934,0.037494,0.030195,0.020335,0.881723
NC_024686.1,NC_024686.1__M__1,M,1,1999,virus,0.941511332988739,0.014259,0.015873,0.037306,0.028511,0.020083,0.883969
NC_024458.1,NC_024458.1__none__0,none,0,2000,virus,0.9772161245346069,0.012482,0.018855,0.028722,0.015250,0.014083,0.910608
NC_024458.1,NC_024458.1__M__500,M,500,1500,virus,0.9831749796867371,0.018137,0.024503,0.048426,0.020120,0.015765,0.873049
NC_024458.1,NC_024458.1__M__450,M,450,1550,virus,0.9813275933265686,0.014216,0.020230,0.035014,0.016151,0.013847,0.900542
NC_024458.1,NC_024458.1__M__400,M,400,1600,virus,0.9820963144302368,0.014001,0.022261,0.041011,0.016531,0.014854,0.891342
NC_024458.1,NC_024458.1__M__350,M,350,1650,virus,0.9807190895080566,0.013293,0.022068,0.040391,0.015368,0.014386,0.894494
NC_024458.1,NC_024458.1__M__300,M,300,1700,virus,0.9804814457893372,0.013141,0.021114,0.037768,0.015597,0.014472,0.897907
NC_024458.1,NC_024458.1__M__250,M,250,1750,virus,0.9773197174072266,0.012900,0.021222,0.036029,0.015496,0.014110,0.900243
NC_024458.1,NC_024458.1__M__200,M,200,1800,virus,0.9756743311882019,0.012656,0.019379,0.034801,0.015167,0.013854,0.904142
NC_024458.1,NC_024458.1__M__150,M,150,1850,virus,0.9778984785079956,0.014419,0.022689,0.038543,0.017301,0.015906,0.891142
NC_024458.1,NC_024458.1__M__100,M,100,1900,virus,0.9758526682853699,0.011522,0.017567,0.026766,0.014005,0.012891,0.917248
NC_024458.1,NC_024458.1__M__50,M,50,1950,virus,0.9775028824806213,0.011728,0.016445,0.026138,0.013776,0.012729,0.919185
NC_024458.1,NC_024458.1__M__1,M,1,1999,virus,0.977227509021759,0.012449,0.018855,0.028637,0.015203,0.014075,0.910781
NC_024297.1,NC_024297.1__none__0,none,0,2000,virus,0.970081627368927,0.012178,0.014289,0.025428,0.013259,0.012317,0.922530
NC_024297.1,NC_024297.1__M__500,M,500,1500,virus,0.9686048626899719,0.025300,0.027022,0.303211,0.031867,0.022252,0.590349
NC_024297.1,NC_024297.1__M__450,M,450,1550,virus,0.9696985483169556,0.025156,0.028091,0.294802,0.032088,0.022680,0.597183
NC_024297.1,NC_024297.1__M__400,M,400,1600,virus,0.9692816138267517,0.023018,0.025065,0.195929,0.029547,0.020269,0.706172
NC_024297.1,NC_024297.1__M__350,M,350,1650,virus,0.9693717956542969,0.017118,0.019708,0.086735,0.021353,0.015392,0.839695
NC_024297.1,NC_024297.1__M__300,M,300,1700,virus,0.9703744649887085,0.012144,0.015668,0.034326,0.014291,0.011199,0.912372
NC_024297.1,NC_024297.1__M__250,M,250,1750,virus,0.9684785008430481,0.015532,0.019564,0.072427,0.020444,0.015629,0.856404
NC_024297.1,NC_024297.1__M__200,M,200,1800,virus,0.9709378480911255,0.012494,0.014858,0.030787,0.014779,0.012962,0.914120
NC_024297.1,NC_024297.1__M__150,M,150,1850,virus,0.9710271954536438,0.011734,0.014571,0.026595,0.014337,0.012281,0.920482
NC_024297.1,NC_024297.1__M__100,M,100,1900,virus,0.9711659550666809,0.011217,0.014141,0.024426,0.014734,0.011717,0.923765
NC_024297.1,NC_024297.1__M__50,M,50,1950,virus,0.9709973335266113,0.012449,0.014362,0.029840,0.014762,0.012798,0.915789
NC_024297.1,NC_024297.1__M__1,M,1,1999,virus,0.9700471758842468,0.012232,0.014369,0.025585,0.013336,0.012348,0.922130
NC_023760.1,NC_023760.1__none__0,none,0,2000,virus,0.9848143458366394,0.010996,0.016426,0.020115,0.011043,0.011230,0.930190
NC_023760.1,NC_023760.1__M__500,M,500,1500,virus,0.9829818606376648,0.014605,0.021822,0.048859,0.017481,0.013004,0.884229
NC_023760.1,NC_023760.1__M__450,M,450,1550,virus,0.9820547103881836,0.013339,0.019728,0.038221,0.018090,0.012980,0.897643
NC_023760.1,NC_023760.1__M__400,M,400,1600,virus,0.9820743203163147,0.013157,0.018969,0.034585,0.017865,0.013668,0.901757
NC_023760.1,NC_023760.1__M__350,M,350,1650,virus,0.9833153486251831,0.012788,0.018745,0.034308,0.020756,0.014420,0.898984
NC_023760.1,NC_023760.1__M__300,M,300,1700,virus,0.9835732579231262,0.012381,0.017499,0.029779,0.020024,0.014168,0.906149
NC_023760.1,NC_023760.1__M__250,M,250,1750,virus,0.9847429990768433,0.011916,0.017110,0.028252,0.016101,0.012944,0.913677
NC_023760.1,NC_023760.1__M__200,M,200,1800,virus,0.9847511053085327,0.012322,0.017644,0.029805,0.015340,0.012442,0.912446
NC_023760.1,NC_023760.1__M__150,M,150,1850,virus,0.9840881824493408,0.011866,0.017336,0.028513,0.013553,0.011876,0.916857
NC_023760.1,NC_023760.1__M__100,M,100,1900,virus,0.9842835664749146,0.010720,0.016665,0.022952,0.011838,0.011461,0.926363
NC_023760.1,NC_023760.1__M__50,M,50,1950,virus,0.9841247797012329,0.011389,0.016952,0.021847,0.011616,0.010830,0.927366
NC_023760.1,NC_023760.1__M__1,M,1,1999,virus,0.9849048852920532,0.010999,0.016452,0.020129,0.011057,0.011243,0.930120
NC_023684.1,NC_023684.1__none__0,none,0,2000,virus,0.9730993509292603,0.011830,0.014755,0.021182,0.012131,0.013163,0.926938
NC_023684.1,NC_023684.1__M__500,M,500,1500,eukarya,0.961323618888855,0.032542,0.027151,0.523575,0.030802,0.032141,0.353789
NC_023684.1,NC_023684.1__M__450,M,450,1550,virus,0.9662501811981201,0.032189,0.026399,0.425342,0.029834,0.032905,0.453330
NC_023684.1,NC_023684.1__M__400,M,400,1600,virus,0.9654724597930908,0.026460,0.023621,0.178295,0.024626,0.028443,0.718555
NC_023684.1,NC_023684.1__M__350,M,350,1650,virus,0.9645069241523743,0.022786,0.021263,0.111161,0.021181,0.024889,0.798720
NC_023684.1,NC_023684.1__M__300,M,300,1700,virus,0.9646275043487549,0.021422,0.020980,0.099083,0.020318,0.023446,0.814752
NC_023684.1,NC_023684.1__M__250,M,250,1750,virus,0.9662232398986816,0.021752,0.020905,0.103857,0.020396,0.023021,0.810068
NC_023684.1,NC_023684.1__M__200,M,200,1800,virus,0.9678900241851807,0.018543,0.018952,0.069342,0.017903,0.020023,0.855237
NC_023684.1,NC_023684.1__M__150,M,150,1850,virus,0.9696243405342102,0.015511,0.017312,0.045495,0.015696,0.016980,0.889007
NC_023684.1,NC_023684.1__M__100,M,100,1900,virus,0.9716745018959045,0.014382,0.016400,0.038950,0.014784,0.016113,0.899371
NC_023684.1,NC_023684.1__M__50,M,50,1950,virus,0.9689304232597351,0.014018,0.015852,0.033084,0.014064,0.015836,0.907146
NC_023684.1,NC_023684.1__M__1,M,1,1999,virus,0.9734460711479187,0.011866,0.014743,0.021226,0.012139,0.013173,0.926853
NC_023424.1,NC_023424.1__none__0,none,0,2000,virus,0.969664454460144,0.014752,0.013460,0.015573,0.014818,0.014278,0.927120
NC_023424.1,NC_023424.1__M__500,M,500,1500,virus,0.9577197432518005,0.011590,0.010806,0.013195,0.012568,0.009376,0.942465
NC_023424.1,NC_023424.1__M__450,M,450,1550,virus,0.9591886401176453,0.012457,0.011454,0.014821,0.016326,0.011001,0.933942
NC_023424.1,NC_023424.1__M__400,M,400,1600,virus,0.956653356552124,0.012550,0.011445,0.014190,0.013880,0.011037,0.936898
NC_023424.1,NC_023424.1__M__350,M,350,1650,virus,0.9555139541625977,0.015031,0.013013,0.016982,0.022415,0.013572,0.918988
NC_023424.1,NC_023424.1__M__300,M,300,1700,virus,0.9528844952583313,0.015698,0.013710,0.017172,0.020888,0.014029,0.918504
NC_023424.1,NC_023424.1__M__250,M,250,1750,virus,0.9558936357498169,0.015342,0.014303,0.018003,0.018511,0.013954,0.919887
NC_023424.1,NC_023424.1__M__200,M,200,1800,virus,0.9631655812263489,0.015725,0.013820,0.017050,0.019889,0.014217,0.919299
NC_023424.1,NC_023424.1__M__150,M,150,1850,virus,0.9654262661933899,0.014966,0.012229,0.016528,0.017617,0.014296,0.924364
NC_023424.1,NC_023424.1__M__100,M,100,1900,virus,0.9687082767486572,0.015385,0.013320,0.016345,0.017685,0.014809,0.922457
NC_023424.1,NC_023424.1__M__50,M,50,1950,virus,0.9693929553031921,0.014587,0.012756,0.015807,0.015368,0.013621,0.927862
NC_023424.1,NC_023424.1__M__1,M,1,1999,virus,0.9697887897491455,0.014869,0.013584,0.015791,0.014959,0.014387,0.926412
NC_023021.1,NC_023021.1__none__0,none,0,2000,virus,0.9734622240066528,0.009938,0.013505,0.017068,0.011061,0.009983,0.938445
NC_023021.1,NC_023021.1__M__500,M,500,1500,virus,0.9657739400863647,0.016621,0.108281,0.068946,0.022851,0.019635,0.763666
NC_023021.1,NC_023021.1__M__450,M,450,1550,virus,0.9701850414276123,0.012591,0.057566,0.045393,0.016910,0.015371,0.852170
NC_023021.1,NC_023021.1__M__400,M,400,1600,virus,0.9739645719528198,0.013871,0.053002,0.065058,0.018688,0.016577,0.832804
NC_023021.1,NC_023021.1__M__350,M,350,1650,virus,0.973502516746521,0.012613,0.035115,0.045375,0.015812,0.014290,0.876795
NC_023021.1,NC_023021.1__M__300,M,300,1700,virus,0.9751397967338562,0.010479,0.027137,0.026663,0.012756,0.011731,0.911234
NC_023021.1,NC_023021.1__M__250,M,250,1750,virus,0.9783772826194763,0.011284,0.028190,0.034721,0.014005,0.012496,0.899304
NC_023021.1,NC_023021.1__M__200,M,200,1800,virus,0.980286180973053,0.010207,0.015448,0.022950,0.012102,0.010900,0.928393
NC_023021.1,NC_023021.1__M__150,M,150,1850,virus,0.9796707630157471,0.009813,0.013858,0.018282,0.011378,0.010516,0.936153
NC_023021.1,NC_023021.1__M__100,M,100,1900,virus,0.9783017635345459,0.009735,0.012949,0.017022,0.011284,0.010291,0.938719
NC_023021.1,NC_023021.1__M__50,M,50,1950,virus,0.9763068556785583,0.009888,0.012906,0.016131,0.011181,0.010099,0.939795
NC_023021.1,NC_023021.1__M__1,M,1,1999,virus,0.9734320640563965,0.009978,0.013479,0.017034,0.011107,0.009968,0.938433
NC_022801.1,NC_022801.1__none__0,none,0,2000,virus,0.9841513633728027,0.021920,0.024343,0.080612,0.023684,0.021055,0.828386
NC_022801.1,NC_022801.1__M__500,M,500,1500,virus,0.9839394092559814,0.017299,0.017268,0.045273,0.017496,0.013242,0.889422
NC_022801.1,NC_022801.1__M__450,M,450,1550,virus,0.9834429621696472,0.017684,0.018926,0.050414,0.018074,0.013872,0.881032
NC_022801.1,NC_022801.1__M__400,M,400,1600,virus,0.9827947020530701,0.016532,0.017836,0.040563,0.017252,0.013613,0.894205
NC_022801.1,NC_022801.1__M__350,M,350,1650,virus,0.9839611053466797,0.016028,0.017374,0.035714,0.016817,0.013506,0.900561
NC_022801.1,NC_022801.1__M__300,M,300,1700,virus,0.9837070107460022,0.017979,0.019343,0.047310,0.019285,0.016684,0.879399
NC_022801.1,NC_022801.1__M__250,M,250,1750,virus,0.9837438464164734,0.016731,0.020079,0.043132,0.019005,0.016543,0.884509
NC_022801.1,NC_022801.1__M__200,M,200,1800,virus,0.9840428233146667,0.017053,0.021052,0.043403,0.019625,0.017221,0.881646
NC_022801.1,NC_022801.1__M__150,M,150,1850,virus,0.9831508994102478,0.017232,0.021517,0.047732,0.019647,0.017405,0.876467
NC_022801.1,NC_022801.1__M__100,M,100,1900,virus,0.9825010895729065,0.015342,0.019148,0.035634,0.017711,0.015406,0.896760
NC_022801.1,NC_022801.1__M__50,M,50,1950,virus,0.9839968085289001,0.014376,0.017931,0.029512,0.016595,0.014863,0.906723
NC_022801.1,NC_022801.1__M__1,M,1,1999,virus,0.9842341542243958,0.022006,0.024375,0.080598,0.023732,0.021117,0.828173
NC_022639.1,NC_022639.1__none__0,none,0,2000,virus,0.969005823135376,0.010438,0.019584,0.020006,0.013373,0.014484,0.922115
NC_022639.1,NC_022639.1__M__500,M,500,1500,virus,0.978295624256134,0.011720,0.033831,0.017296,0.013681,0.013745,0.909727
NC_022639.1,NC_022639.1__M__450,M,450,1550,virus,0.9801915884017944,0.011383,0.032452,0.017445,0.013810,0.014260,0.910650
NC_022639.1,NC_022639.1__M__400,M,400,1600,virus,0.9791116118431091,0.011822,0.027962,0.017514,0.013774,0.014444,0.914484
NC_022639.1,NC_022639.1__M__350,M,350,1650,virus,0.9796515107154846,0.011682,0.018295,0.015977,0.012766,0.012426,0.928853
NC_022639.1,NC_022639.1__M__300,M,300,1700,virus,0.9765145778656006,0.011269,0.018178,0.015496,0.012200,0.011724,0.931134
NC_022639.1,NC_022639.1__M__250,M,250,1750,virus,0.9765827059745789,0.010499,0.015180,0.015520,0.012013,0.010766,0.936021
NC_022639.1,NC_022639.1__M__200,M,200,1800,virus,0.9759588241577148,0.010571,0.016358,0.015768,0.012276,0.011374,0.933652
NC_022639.1,NC_022639.1__M__150,M,150,1850,virus,0.9756715297698975,0.010938,0.014829,0.016965,0.012645,0.011271,0.933351
NC_022639.1,NC_022639.1__M__100,M,100,1900,virus,0.9749246835708618,0.010911,0.017454,0.018398,0.013137,0.012340,0.927760
NC_022639.1,NC_022639.1__M__50,M,50,1950,virus,0.9753419756889343,0.010800,0.018622,0.020053,0.013679,0.013473,0.923372
NC_022639.1,NC_022639.1__M__1,M,1,1999,virus,0.9689992666244507,0.010486,0.019790,0.020008,0.013400,0.014481,0.921834
NC_021626.1,NC_021626.1__none__0,none,0,2000,virus,0.9818528294563293,0.013371,0.026618,0.032180,0.012601,0.010451,0.904779
NC_021626.1,NC_021626.1__M__500,M,500,1500,virus,0.9822667241096497,0.031983,0.296722,0.224341,0.027964,0.020339,0.398650
NC_021626.1,NC_021626.1__M__450,M,450,1550,virus,0.9832243919372559,0.030125,0.211874,0.211700,0.027658,0.020077,0.498566
NC_021626.1,NC_021626.1__M__400,M,400,1600,virus,0.9832821488380432,0.026664,0.171141,0.168258,0.024988,0.017365,0.591584
NC_021626.1,NC_021626.1__M__350,M,350,1650,virus,0.9825876355171204,0.025459,0.128259,0.100096,0.021615,0.016203,0.708369
NC_021626.1,NC_021626.1__M__300,M,300,1700,virus,0.9828945398330688,0.023744,0.099873,0.071737,0.019805,0.015779,0.769061
NC_021626.1,NC_021626.1__M__250,M,250,1750,virus,0.9828981161117554,0.019544,0.067869,0.059490,0.016974,0.012933,0.823190
NC_021626.1,NC_021626.1__M__200,M,200,1800,virus,0.9806667566299438,0.021115,0.067698,0.073128,0.018048,0.013644,0.806367
NC_021626.1,NC_021626.1__M__150,M,150,1850,virus,0.982528030872345,0.014916,0.042914,0.040127,0.014035,0.010763,0.877246
NC_021626.1,NC_021626.1__M__100,M,100,1900,virus,0.9824740290641785,0.013766,0.036453,0.036977,0.013281,0.010386,0.889138
NC_021626.1,NC_021626.1__M__50,M,50,1950,virus,0.9823519587516785,0.013662,0.029290,0.034333,0.012791,0.010283,0.899642
NC_021626.1,NC_021626.1__M__1,M,1,1999,virus,0.9816986322402954,0.013410,0.026620,0.032471,0.012645,0.010494,0.904360
NC_021220.1,NC_021220.1__none__0,none,0,2000,phage,0.9247491955757141,0.025034,0.866862,0.022363,0.032973,0.020577,0.032190
NC_021220.1,NC_021220.1__M__500,M,500,1500,phage,0.9084420204162598,0.116376,0.684169,0.035969,0.042774,0.078766,0.041947
NC_021220.1,NC_021220.1__M__450,M,450,1550,phage,0.9169323444366455,0.084023,0.760742,0.030592,0.035009,0.058069,0.031565
NC_021220.1,NC_021220.1__M__400,M,400,1600,phage,0.9302539825439453,0.075568,0.779644,0.027143,0.033122,0.055291,0.029232
NC_021220.1,NC_021220.1__M__350,M,350,1650,phage,0.9309300780296326,0.059299,0.819729,0.023586,0.030793,0.038933,0.027660
NC_021220.1,NC_021220.1__M__300,M,300,1700,phage,0.9281164407730103,0.057524,0.799085,0.027930,0.036447,0.045013,0.034001
NC_021220.1,NC_021220.1__M__250,M,250,1750,phage,0.9310729503631592,0.066472,0.780926,0.028995,0.039640,0.050274,0.033693
NC_021220.1,NC_021220.1__M__200,M,200,1800,phage,0.9329801201820374,0.043007,0.838169,0.023527,0.032375,0.033541,0.029381
NC_021220.1,NC_021220.1__M__150,M,150,1850,phage,0.9352982640266418,0.040258,0.835895,0.024462,0.037284,0.031676,0.030424
NC_021220.1,NC_021220.1__M__100,M,100,1900,phage,0.929568886756897,0.027473,0.876780,0.018720,0.028774,0.023146,0.025108
NC_021220.1,NC_021220.1__M__50,M,50,1950,phage,0.9210123419761658,0.030287,0.854905,0.023327,0.033373,0.022548,0.035559
NC_021220.1,NC_021220.1__M__1,M,1,1999,phage,0.9248744249343872,0.025091,0.866651,0.022350,0.033102,0.020576,0.032230
NC_020999.1,NC_020999.1__none__0,none,0,2000,bacteria,0.9744583368301392,0.583759,0.261674,0.023968,0.039549,0.042280,0.048769
NC_020999.1,NC_020999.1__M__500,M,500,1500,phage,0.9739267230033875,0.053356,0.865173,0.013359,0.017127,0.021183,0.029803
NC_020999.1,NC_020999.1__M__450,M,450,1550,phage,0.9721970558166504,0.057046,0.863556,0.013532,0.017481,0.020963,0.027422
NC_020999.1,NC_020999.1__M__400,M,400,1600,phage,0.9737862944602966,0.081787,0.834286,0.014959,0.019351,0.023917,0.025701
NC_020999.1,NC_020999.1__M__350,M,350,1650,phage,0.9734162092208862,0.086889,0.816293,0.015114,0.022981,0.025083,0.033641
NC_020999.1,NC_020999.1__M__300,M,300,1700,phage,0.9767940640449524,0.103021,0.786730,0.015361,0.025567,0.028895,0.040427
NC_020999.1,NC_020999.1__M__250,M,250,1750,phage,0.9766560196876526,0.334423,0.499655,0.023445,0.043356,0.048306,0.050815
NC_020999.1,NC_020999.1__M__200,M,200,1800,phage,0.9775022864341736,0.355700,0.488788,0.021933,0.033738,0.050391,0.049450
NC_020999.1,NC_020999.1__M__150,M,150,1850,phage,0.9779972434043884,0.240472,0.610309,0.019951,0.032072,0.043405,0.053792
NC_020999.1,NC_020999.1__M__100,M,100,1900,bacteria,0.9793070554733276,0.484953,0.348723,0.024028,0.041699,0.048009,0.052588
NC_020999.1,NC_020999.1__M__50,M,50,1950,bacteria,0.9760943055152893,0.566944,0.271177,0.024697,0.042586,0.041183,0.053413
NC_020999.1,NC_020999.1__M__1,M,1,1999,bacteria,0.9744274020195007,0.583597,0.261514,0.024029,0.039638,0.042244,0.048977
NC_019920.1,NC_019920.1__none__0,none,0,2000,phage,0.9847763776779175,0.017933,0.918933,0.014773,0.014769,0.015934,0.017658
NC_019920.1,NC_019920.1__M__500,M,500,1500,phage,0.9835436344146729,0.026285,0.910844,0.012551,0.012968,0.022083,0.015270
NC_019920.1,NC_019920.1__M__450,M,450,1550,phage,0.9834665656089783,0.022983,0.912674,0.013701,0.013569,0.020701,0.016372
NC_019920.1,NC_019920.1__M__400,M,400,1600,phage,0.9849869608879089,0.021035,0.917125,0.013538,0.013292,0.018801,0.016208
NC_019920.1,NC_019920.1__M__350,M,350,1650,phage,0.9855901598930359,0.019211,0.919340,0.013983,0.013856,0.017046,0.016565
NC_019920.1,NC_019920.1__M__300,M,300,1700,phage,0.9860617518424988,0.020175,0.913859,0.014258,0.013816,0.021068,0.016824
NC_019920.1,NC_019920.1__M__250,M,250,1750,phage,0.985325813293457,0.021182,0.910827,0.014093,0.013675,0.023472,0.016751
NC_019920.1,NC_019920.1__M__200,M,200,1800,phage,0.9857670068740845,0.020042,0.916816,0.014181,0.014158,0.017971,0.016833
NC_019920.1,NC_019920.1__M__150,M,150,1850,phage,0.9842585325241089,0.019302,0.916763,0.014406,0.014536,0.017811,0.017182
NC_019920.1,NC_019920.1__M__100,M,100,1900,phage,0.9847133755683899,0.019929,0.913338,0.015065,0.015025,0.018699,0.017944
NC_019920.1,NC_019920.1__M__50,M,50,1950,phage,0.9831910729408264,0.019494,0.915963,0.014784,0.014668,0.017204,0.017887
NC_019920.1,NC_019920.1__M__1,M,1,1999,phage,0.9846925735473633,0.017915,0.918856,0.014815,0.014810,0.015967,0.017637
NC_019409.1,NC_019409.1__none__0,none,0,2000,virus,0.9724282026290894,0.075694,0.112356,0.244010,0.031030,0.047680,0.489230
NC_019409.1,NC_019409.1__M__500,M,500,1500,bacteria,0.9752368330955505,0.390160,0.138984,0.129589,0.063108,0.159079,0.119079
NC_019409.1,NC_019409.1__M__450,M,450,1550,bacteria,0.971304714679718,0.229777,0.167402,0.204220,0.054906,0.140905,0.202790
NC_019409.1,NC_019409.1__M__400,M,400,1600,phage,0.9716615676879883,0.251465,0.359218,0.100643,0.048363,0.130965,0.109347
NC_019409.1,NC_019409.1__M__350,M,350,1650,phage,0.972548246383667,0.250682,0.348720,0.100091,0.044415,0.123504,0.132587
NC_019409.1,NC_019409.1__M__300,M,300,1700,phage,0.9735128283500671,0.224701,0.346888,0.090219,0.042009,0.176092,0.120091
NC_019409.1,NC_019409.1__M__250,M,250,1750,phage,0.9741854667663574,0.194539,0.345467,0.105399,0.049060,0.146936,0.158599
NC_019409.1,NC_019409.1__M__200,M,200,1800,virus,0.9747153520584106,0.121454,0.281634,0.156881,0.043205,0.104224,0.292603
NC_019409.1,NC_019409.1__M__150,M,150,1850,virus,0.9734306931495667,0.097910,0.268876,0.166668,0.038748,0.095134,0.332665
NC_019409.1,NC_019409.1__M__100,M,100,1900,phage,0.9719870686531067,0.097442,0.314798,0.197407,0.037473,0.082197,0.270684
NC_019409.1,NC_019409.1__M__50,M,50,1950,virus,0.9702703356742859,0.074576,0.221008,0.235275,0.031591,0.062723,0.374827
NC_019409.1,NC_019409.1__M__1,M,1,1999,virus,0.9723107218742371,0.075541,0.111816,0.243952,0.031054,0.047480,0.490156
NC_018478.1,NC_018478.1__none__0,none,0,2000,virus,0.9773897528648376,0.012740,0.014867,0.020599,0.012160,0.011155,0.928480
NC_018478.1,NC_018478.1__M__500,M,500,1500,virus,0.9781984090805054,0.012576,0.013483,0.022191,0.011934,0.009845,0.929971
NC_018478.1,NC_018478.1__M__450,M,450,1550,virus,0.9764515161514282,0.012565,0.014284,0.021897,0.012113,0.009972,0.929169
NC_018478.1,NC_018478.1__M__400,M,400,1600,virus,0.9759785532951355,0.013439,0.015706,0.024683,0.012413,0.010417,0.923342
NC_018478.1,NC_018478.1__M__350,M,350,1650,virus,0.975456953048706,0.014239,0.017748,0.022804,0.013129,0.010852,0.921226
NC_018478.1,NC_018478.1__M__300,M,300,1700,virus,0.9757777452468872,0.015148,0.019012,0.023600,0.013909,0.011388,0.916945
NC_018478.1,NC_018478.1__M__250,M,250,1750,virus,0.9776676893234253,0.013261,0.016965,0.021805,0.012872,0.010452,0.924646
NC_018478.1,NC_018478.1__M__200,M,200,1800,virus,0.9793415665626526,0.011314,0.013526,0.017843,0.011456,0.009425,0.936436
NC_018478.1,NC_018478.1__M__150,M,150,1850,virus,0.979820191860199,0.014396,0.015181,0.027276,0.013042,0.011849,0.918256
NC_018478.1,NC_018478.1__M__100,M,100,1900,virus,0.9785242080688477,0.014118,0.015243,0.023469,0.012922,0.011864,0.922384
NC_018478.1,NC_018478.1__M__50,M,50,1950,virus,0.9786062836647034,0.013536,0.014995,0.021893,0.012627,0.011482,0.925467
NC_018478.1,NC_018478.1__M__1,M,1,1999,virus,0.9772422313690186,0.012748,0.014940,0.020685,0.012155,0.011163,0.928309
NC_018384.1,NC_018384.1__none__0,none,0,2000,virus,0.9483200907707214,0.016687,0.126601,0.119363,0.021393,0.018670,0.697285
NC_018384.1,NC_018384.1__M__500,M,500,1500,virus,0.9195815920829773,0.019459,0.321202,0.131123,0.027885,0.022565,0.477766
NC_018384.1,NC_018384.1__M__450,M,450,1550,virus,0.9317381381988525,0.018676,0.280443,0.159418,0.026962,0.020113,0.494388
NC_018384.1,NC_018384.1__M__400,M,400,1600,virus,0.9229657649993896,0.019880,0.304263,0.181854,0.026831,0.020221,0.446951
NC_018384.1,NC_018384.1__M__350,M,350,1650,virus,0.9206923246383667,0.019970,0.236527,0.231019,0.027870,0.019476,0.465138
NC_018384.1,NC_018384.1__M__300,M,300,1700,virus,0.9328801035881042,0.020239,0.276001,0.283848,0.027554,0.019066,0.373292
NC_018384.1,NC_018384.1__M__250,M,250,1750,virus,0.9411250352859497,0.018363,0.232118,0.147306,0.025575,0.017708,0.558930
NC_018384.1,NC_018384.1__M__200,M,200,1800,virus,0.9501846432685852,0.019167,0.239529,0.189305,0.028374,0.020764,0.502860
NC_018384.1,NC_018384.1__M__150,M,150,1850,virus,0.9504334926605225,0.019439,0.215459,0.220377,0.028829,0.021646,0.494251
NC_018384.1,NC_018384.1__M__100,M,100,1900,virus,0.9500551819801331,0.017975,0.164443,0.202672,0.024598,0.020225,0.570087
NC_018384.1,NC_018384.1__M__50,M,50,1950,virus,0.9451900720596313,0.019156,0.139494,0.244903,0.026741,0.021404,0.548301
NC_018384.1,NC_018384.1__M__1,M,1,1999,virus,0.9482637047767639,0.016765,0.126535,0.119282,0.021507,0.018759,0.697152
NC_016441.1,NC_016441.1__none__0,none,0,2000,virus,0.9652634859085083,0.012425,0.013301,0.017459,0.013651,0.014417,0.928746
NC_016441.1,NC_016441.1__M__500,M,500,1500,virus,0.9744851589202881,0.010743,0.012188,0.022452,0.012551,0.012225,0.929841
NC_016441.1,NC_016441.1__M__450,M,450,1550,virus,0.9750466346740723,0.011015,0.011642,0.022435,0.012999,0.012897,0.929013
NC_016441.1,NC_016441.1__M__400,M,400,1600,virus,0.9756411910057068,0.011632,0.011708,0.024203,0.013535,0.014372,0.924550
NC_016441.1,NC_016441.1__M__350,M,350,1650,virus,0.9759650826454163,0.011344,0.011507,0.020661,0.013356,0.013921,0.929211
NC_016441.1,NC_016441.1__M__300,M,300,1700,virus,0.9750815629959106,0.012205,0.011867,0.022722,0.014164,0.015229,0.923813
NC_016441.1,NC_016441.1__M__250,M,250,1750,virus,0.9684874415397644,0.011207,0.011122,0.018873,0.013740,0.013908,0.931151
NC_016441.1,NC_016441.1__M__200,M,200,1800,virus,0.9659528732299805,0.011488,0.011695,0.017172,0.013679,0.013920,0.932047
NC_016441.1,NC_016441.1__M__150,M,150,1850,virus,0.9651303291320801,0.011541,0.011963,0.018997,0.013856,0.014258,0.929384
NC_016441.1,NC_016441.1__M__100,M,100,1900,virus,0.9672276973724365,0.011638,0.012106,0.020517,0.014135,0.014179,0.927424
NC_016441.1,NC_016441.1__M__50,M,50,1950,virus,0.9625685811042786,0.011747,0.012150,0.020691,0.013618,0.014199,0.927595
NC_016441.1,NC_016441.1__M__1,M,1,1999,virus,0.9653209447860718,0.012482,0.013438,0.017488,0.013637,0.014497,0.928459
NC_015639.1,NC_015639.1__none__0,none,0,2000,virus,0.9560407996177673,0.018084,0.026792,0.040320,0.096588,0.021754,0.796461
NC_015639.1,NC_015639.1__M__500,M,500,1500,virus,0.9225854277610779,0.020383,0.029859,0.050175,0.174867,0.023188,0.701527
NC_015639.1,NC_015639.1__M__450,M,450,1550,virus,0.9194822907447815,0.019698,0.030357,0.047860,0.161913,0.023774,0.716398
NC_015639.1,NC_015639.1__M__400,M,400,1600,virus,0.9323052763938904,0.022696,0.039633,0.054958,0.305783,0.029223,0.547706
NC_015639.1,NC_015639.1__M__350,M,350,1650,virus,0.9244341850280762,0.022380,0.038488,0.053959,0.271841,0.028519,0.584814
NC_015639.1,NC_015639.1__M__300,M,300,1700,virus,0.9303066730499268,0.024853,0.040346,0.058272,0.377905,0.029121,0.469502
NC_015639.1,NC_015639.1__M__250,M,250,1750,virus,0.9378560185432434,0.025029,0.038927,0.059794,0.337393,0.026937,0.511919
NC_015639.1,NC_015639.1__M__200,M,200,1800,virus,0.9337379336357117,0.022283,0.034201,0.054192,0.224747,0.025401,0.639175
NC_015639.1,NC_015639.1__M__150,M,150,1850,virus,0.9493464231491089,0.019500,0.027919,0.047252,0.135707,0.022855,0.746767
NC_015639.1,NC_015639.1__M__100,M,100,1900,virus,0.9492848515510559,0.019046,0.027627,0.046663,0.117529,0.022341,0.766793
NC_015639.1,NC_015639.1__M__50,M,50,1950,virus,0.9558560252189636,0.018624,0.026458,0.043131,0.097366,0.021434,0.792988
NC_015639.1,NC_015639.1__M__1,M,1,1999,virus,0.9558095335960388,0.018125,0.026860,0.040398,0.096601,0.021852,0.796163
NC_015521.1,NC_015521.1__none__0,none,0,2000,virus,0.9686515927314758,0.012061,0.017034,0.018098,0.012154,0.011235,0.929418
NC_015521.1,NC_015521.1__M__500,M,500,1500,virus,0.9688727855682373,0.011175,0.015474,0.020448,0.012452,0.011207,0.929243
NC_015521.1,NC_015521.1__M__450,M,450,1550,virus,0.9708892107009888,0.011391,0.016789,0.021530,0.012876,0.011842,0.925573
NC_015521.1,NC_015521.1__M__400,M,400,1600,virus,0.9724480509757996,0.012092,0.018297,0.021796,0.014300,0.012326,0.921188
NC_015521.1,NC_015521.1__M__350,M,350,1650,virus,0.9737313389778137,0.011277,0.015876,0.020492,0.012669,0.011329,0.928357
NC_015521.1,NC_015521.1__M__300,M,300,1700,virus,0.9753197431564331,0.011679,0.017709,0.020904,0.012690,0.011883,0.925136
NC_015521.1,NC_015521.1__M__250,M,250,1750,virus,0.9754339456558228,0.011834,0.018563,0.021455,0.012795,0.012382,0.922971
NC_015521.1,NC_015521.1__M__200,M,200,1800,virus,0.972977340221405,0.012107,0.017249,0.020479,0.012870,0.012837,0.924459
NC_015521.1,NC_015521.1__M__150,M,150,1850,virus,0.9718835949897766,0.012055,0.016816,0.018699,0.012756,0.012836,0.926839
NC_015521.1,NC_015521.1__M__100,M,100,1900,virus,0.9732038974761963,0.012315,0.017057,0.020554,0.013265,0.013336,0.923473
NC_015521.1,NC_015521.1__M__50,M,50,1950,virus,0.9668495655059814,0.012168,0.017522,0.019244,0.012668,0.011858,0.926540
NC_015521.1,NC_015521.1__M__1,M,1,1999,virus,0.968553364276886,0.012067,0.017042,0.018083,0.012160,0.011242,0.929407
NC_014904.1,NC_014904.1__none__0,none,0,2000,virus,0.9845911264419556,0.014356,0.014851,0.014602,0.014617,0.016026,0.925548
NC_014904.1,NC_014904.1__M__500,M,500,1500,virus,0.9860215783119202,0.014055,0.014562,0.016148,0.016333,0.016561,0.922342
NC_014904.1,NC_014904.1__M__450,M,450,1550,virus,0.9867200255393982,0.014045,0.014971,0.015948,0.016553,0.017709,0.920774
NC_014904.1,NC_014904.1__M__400,M,400,1600,virus,0.9869349002838135,0.014764,0.015411,0.016458,0.016604,0.018049,0.918715
NC_014904.1,NC_014904.1__M__350,M,350,1650,virus,0.9874165058135986,0.014109,0.015415,0.015303,0.015716,0.017000,0.922458
NC_014904.1,NC_014904.1__M__300,M,300,1700,virus,0.9871453046798706,0.013238,0.014760,0.014892,0.014872,0.015817,0.926421
NC_014904.1,NC_014904.1__M__250,M,250,1750,virus,0.9871436953544617,0.013310,0.014606,0.014949,0.014607,0.015285,0.927243
NC_014904.1,NC_014904.1__M__200,M,200,1800,virus,0.9864841103553772,0.013416,0.013734,0.013312,0.013975,0.015085,0.930479
NC_014904.1,NC_014904.1__M__150,M,150,1850,virus,0.9865649938583374,0.013885,0.014074,0.014027,0.013948,0.015361,0.928705
NC_014904.1,NC_014904.1__M__100,M,100,1900,virus,0.9858698844909668,0.013912,0.014440,0.015073,0.014219,0.015352,0.927005
NC_014904.1,NC_014904.1__M__50,M,50,1950,virus,0.9846701622009277,0.014041,0.014442,0.014551,0.014192,0.015411,0.927363
NC_014904.1,NC_014904.1__M__1,M,1,1999,virus,0.9846189618110657,0.014320,0.014891,0.014578,0.014622,0.016020,0.925568
NC_014511.1,NC_014511.1__none__0,none,0,2000,virus,0.9842218160629272,0.031222,0.070719,0.417217,0.026098,0.023871,0.430873
NC_014511.1,NC_014511.1__M__500,M,500,1500,eukarya,0.9849032163619995,0.022235,0.066528,0.750419,0.021306,0.017057,0.122454
NC_014511.1,NC_014511.1__M__450,M,450,1550,eukarya,0.9859544634819031,0.018333,0.044400,0.815333,0.018752,0.015765,0.087417
NC_014511.1,NC_014511.1__M__400,M,400,1600,eukarya,0.9858060479164124,0.018018,0.037392,0.839340,0.018234,0.016332,0.070684
NC_014511.1,NC_014511.1__M__350,M,350,1650,eukarya,0.985768735408783,0.019033,0.040001,0.813989,0.019173,0.018030,0.089775
NC_014511.1,NC_014511.1__M__300,M,300,1700,eukarya,0.9854912757873535,0.020539,0.046752,0.787226,0.020318,0.018846,0.106318
NC_014511.1,NC_014511.1__M__250,M,250,1750,eukarya,0.9865832924842834,0.023247,0.048219,0.750456,0.021959,0.020287,0.135833
NC_014511.1,NC_014511.1__M__200,M,200,1800,eukarya,0.9855755567550659,0.023283,0.048528,0.759906,0.021272,0.018857,0.128154
NC_014511.1,NC_014511.1__M__150,M,150,1850,eukarya,0.9841622114181519,0.025248,0.050781,0.650106,0.024391,0.023310,0.226163
NC_014511.1,NC_014511.1__M__100,M,100,1900,eukarya,0.9850375056266785,0.028022,0.061959,0.452948,0.025666,0.025519,0.405886
NC_014511.1,NC_014511.1__M__50,M,50,1950,virus,0.9854192733764648,0.027970,0.066043,0.273358,0.024770,0.024197,0.583662
NC_014511.1,NC_014511.1__M__1,M,1,1999,virus,0.9843435287475586,0.031200,0.070677,0.418854,0.026081,0.023960,0.429227
NC_014512.1,NC_014512.1__none__0,none,0,2000,virus,0.9609723091125488,0.023443,0.054779,0.428331,0.028108,0.031453,0.433886
NC_014512.1,NC_014512.1__M__500,M,500,1500,eukarya,0.9702632427215576,0.015630,0.022995,0.872084,0.016631,0.014249,0.058411
NC_014512.1,NC_014512.1__M__450,M,450,1550,eukarya,0.9698997735977173,0.015758,0.024916,0.865025,0.017404,0.015096,0.061800
NC_014512.1,NC_014512.1__M__400,M,400,1600,eukarya,0.9678613543510437,0.016562,0.026079,0.851817,0.017525,0.015265,0.072752
NC_014512.1,NC_014512.1__M__350,M,350,1650,eukarya,0.9673325419425964,0.020897,0.039303,0.722742,0.021879,0.018795,0.176383
NC_014512.1,NC_014512.1__M__300,M,300,1700,eukarya,0.9677889943122864,0.020074,0.043987,0.732956,0.020906,0.018621,0.163455
NC_014512.1,NC_014512.1__M__250,M,250,1750,eukarya,0.9669413566589355,0.023589,0.050391,0.566851,0.024015,0.024382,0.310772
NC_014512.1,NC_014512.1__M__200,M,200,1800,virus,0.9648469686508179,0.021276,0.052590,0.408612,0.026327,0.034018,0.457177
NC_014512.1,NC_014512.1__M__150,M,150,1850,eukarya,0.9645559191703796,0.021336,0.053899,0.436246,0.027041,0.034266,0.427211
NC_014512.1,NC_014512.1__M__100,M,100,1900,virus,0.9624093174934387,0.022172,0.055041,0.382690,0.026132,0.030544,0.483422
NC_014512.1,NC_014512.1__M__50,M,50,1950,virus,0.962476909160614,0.023986,0.050926,0.387435,0.027390,0.029572,0.480691
NC_014512.1,NC_014512.1__M__1,M,1,1999,virus,0.9609615206718445,0.023444,0.054828,0.429026,0.028114,0.031401,0.433187
NC_014514.1,NC_014514.1__none__0,none,0,2000,virus,0.9718092679977417,0.012540,0.021069,0.024249,0.012291,0.013814,0.916036
NC_014514.1,NC_014514.1__M__500,M,500,1500,virus,0.9744292497634888,0.011261,0.017358,0.019608,0.011412,0.012110,0.928251
NC_014514.1,NC_014514.1__M__450,M,450,1550,virus,0.9745492339134216,0.011045,0.017032,0.017053,0.011164,0.011797,0.931909
NC_014514.1,NC_014514.1__M__400,M,400,1600,virus,0.9744089841842651,0.011439,0.018778,0.018619,0.011270,0.012418,0.927475
NC_014514.1,NC_014514.1__M__350,M,350,1650,virus,0.9744483828544617,0.011302,0.020225,0.019680,0.011289,0.012528,0.924975
NC_014514.1,NC_014514.1__M__300,M,300,1700,virus,0.976598858833313,0.012093,0.021203,0.023785,0.011931,0.013060,0.917927
NC_014514.1,NC_014514.1__M__250,M,250,1750,virus,0.9738336801528931,0.012937,0.020325,0.023374,0.012176,0.013952,0.917237
NC_014514.1,NC_014514.1__M__200,M,200,1800,virus,0.9758501648902893,0.014007,0.022019,0.028744,0.012982,0.014840,0.907409
NC_014514.1,NC_014514.1__M__150,M,150,1850,virus,0.9763161540031433,0.012862,0.020964,0.024351,0.012302,0.013459,0.916062
NC_014514.1,NC_014514.1__M__100,M,100,1900,virus,0.9746599793434143,0.012053,0.018085,0.018884,0.011915,0.012857,0.926206
NC_014514.1,NC_014514.1__M__50,M,50,1950,virus,0.9734627604484558,0.015854,0.025215,0.042469,0.014265,0.016654,0.885543
NC_014514.1,NC_014514.1__M__1,M,1,1999,virus,0.9719264507293701,0.012583,0.020990,0.024320,0.012310,0.013804,0.915993
NC_014397.1,NC_014397.1__none__0,none,0,2000,virus,0.9861837029457092,0.013449,0.015667,0.014854,0.013451,0.014825,0.927753
NC_014397.1,NC_014397.1__M__500,M,500,1500,virus,0.9850522875785828,0.010273,0.014907,0.015518,0.011757,0.012660,0.934885
NC_014397.1,NC_014397.1__M__450,M,450,1550,virus,0.9839418530464172,0.010202,0.014690,0.015174,0.011579,0.012773,0.935583
NC_014397.1,NC_014397.1__M__400,M,400,1600,virus,0.9825230836868286,0.010297,0.012738,0.013069,0.010976,0.012801,0.940119
NC_014397.1,NC_014397.1__M__350,M,350,1650,virus,0.9835748672485352,0.010961,0.010624,0.013373,0.011627,0.012547,0.940868
NC_014397.1,NC_014397.1__M__300,M,300,1700,virus,0.9836226105690002,0.012451,0.012218,0.014308,0.012754,0.013296,0.934973
NC_014397.1,NC_014397.1__M__250,M,250,1750,virus,0.9842965006828308,0.013566,0.014003,0.015051,0.013102,0.014189,0.930088
NC_014397.1,NC_014397.1__M__200,M,200,1800,virus,0.9851444959640503,0.013226,0.014310,0.015309,0.013142,0.014349,0.929663
NC_014397.1,NC_014397.1__M__150,M,150,1850,virus,0.9858285188674927,0.013700,0.015229,0.016094,0.012997,0.014378,0.927601
NC_014397.1,NC_014397.1__M__100,M,100,1900,virus,0.9848573207855225,0.013577,0.015617,0.016747,0.013028,0.014634,0.926398
NC_014397.1,NC_014397.1__M__50,M,50,1950,virus,0.9848183393478394,0.013133,0.015690,0.015922,0.012721,0.014295,0.928239
NC_014397.1,NC_014397.1__M__1,M,1,1999,virus,0.9861862659454346,0.013449,0.015667,0.014854,0.013451,0.014825,0.927753
NC_013109.1,NC_013109.1__none__0,none,0,2000,virus,0.9775978922843933,0.035476,0.025103,0.198942,0.024329,0.033490,0.682660
NC_013109.1,NC_013109.1__M__500,M,500,1500,virus,0.9633924961090088,0.023190,0.017496,0.090648,0.017420,0.022186,0.829061
NC_013109.1,NC_013109.1__M__450,M,450,1550,virus,0.9659349322319031,0.020921,0.017987,0.070172,0.015448,0.019343,0.856129
NC_013109.1,NC_013109.1__M__400,M,400,1600,virus,0.9671705961227417,0.017097,0.014256,0.038685,0.013435,0.016485,0.900042
NC_013109.1,NC_013109.1__M__350,M,350,1650,virus,0.9705265164375305,0.018463,0.012970,0.042552,0.014523,0.018027,0.893463
NC_013109.1,NC_013109.1__M__300,M,300,1700,virus,0.9730746746063232,0.018920,0.013556,0.051293,0.015207,0.019252,0.881773
NC_013109.1,NC_013109.1__M__250,M,250,1750,virus,0.974590003490448,0.023572,0.017555,0.088006,0.018493,0.023893,0.828482
NC_013109.1,NC_013109.1__M__200,M,200,1800,virus,0.9762303829193115,0.037383,0.026687,0.222790,0.026019,0.035432,0.651690
NC_013109.1,NC_013109.1__M__150,M,150,1850,virus,0.9752820730209351,0.036554,0.025916,0.190263,0.024700,0.035079,0.687487
NC_013109.1,NC_013109.1__M__100,M,100,1900,virus,0.9766852259635925,0.035943,0.025709,0.185569,0.024788,0.034041,0.693950
NC_013109.1,NC_013109.1__M__50,M,50,1950,virus,0.9778542518615723,0.030559,0.021445,0.132845,0.021597,0.029524,0.764031
NC_013109.1,NC_013109.1__M__1,M,1,1999,virus,0.9775298833847046,0.035484,0.025090,0.199040,0.024370,0.033491,0.682526
NC_012135.1,NC_012135.1__none__0,none,0,2000,virus,0.9797495603561401,0.028029,0.026535,0.125697,0.022431,0.027016,0.770292
NC_012135.1,NC_012135.1__M__500,M,500,1500,virus,0.9826987981796265,0.016728,0.027281,0.062528,0.016871,0.018637,0.857955
NC_012135.1,NC_012135.1__M__450,M,450,1550,virus,0.98406982421875,0.018487,0.028035,0.066094,0.017492,0.020323,0.849570
NC_012135.1,NC_012135.1__M__400,M,400,1600,virus,0.9840338230133057,0.018390,0.023811,0.055900,0.016624,0.020469,0.864806
NC_012135.1,NC_012135.1__M__350,M,350,1650,virus,0.983953058719635,0.017643,0.019510,0.045852,0.015820,0.019600,0.881574
NC_012135.1,NC_012135.1__M__300,M,300,1700,virus,0.9817497730255127,0.025158,0.022353,0.096618,0.020454,0.026067,0.809351
NC_012135.1,NC_012135.1__M__250,M,250,1750,virus,0.9792399406433105,0.025857,0.023284,0.097935,0.020213,0.026079,0.806633
NC_012135.1,NC_012135.1__M__200,M,200,1800,virus,0.9798292517662048,0.022182,0.021290,0.069867,0.018124,0.022361,0.846175
NC_012135.1,NC_012135.1__M__150,M,150,1850,virus,0.9787730574607849,0.023594,0.020287,0.069399,0.018595,0.022876,0.845248
NC_012135.1,NC_012135.1__M__100,M,100,1900,virus,0.9796441793441772,0.018612,0.018112,0.037990,0.015784,0.018146,0.891355
NC_012135.1,NC_012135.1__M__50,M,50,1950,virus,0.979947030544281,0.019344,0.018387,0.045198,0.016268,0.018757,0.882046
NC_012135.1,NC_012135.1__M__1,M,1,1999,virus,0.9796827435493469,0.028113,0.026575,0.126918,0.022481,0.027097,0.768816
NC_011544.1,NC_011544.1__none__0,none,0,2000,virus,0.9703404903411865,0.028810,0.028038,0.277737,0.030781,0.025792,0.608841
NC_011544.1,NC_011544.1__M__500,M,500,1500,virus,0.9577969908714294,0.010197,0.013955,0.019955,0.011639,0.010731,0.933523
NC_011544.1,NC_011544.1__M__450,M,450,1550,virus,0.9638254046440125,0.009573,0.013618,0.017947,0.011055,0.010376,0.937431
NC_011544.1,NC_011544.1__M__400,M,400,1600,virus,0.9669849276542664,0.009895,0.014400,0.020737,0.011145,0.011271,0.932552
NC_011544.1,NC_011544.1__M__350,M,350,1650,virus,0.9659917950630188,0.012100,0.016769,0.034531,0.013202,0.013786,0.909612
NC_011544.1,NC_011544.1__M__300,M,300,1700,virus,0.970406711101532,0.015160,0.017620,0.061480,0.016385,0.016326,0.873029
NC_011544.1,NC_011544.1__M__250,M,250,1750,virus,0.9692997336387634,0.015451,0.017214,0.054134,0.016185,0.015149,0.881866
NC_011544.1,NC_011544.1__M__200,M,200,1800,virus,0.9642156958580017,0.018699,0.019622,0.082838,0.019845,0.017986,0.841010
NC_011544.1,NC_011544.1__M__150,M,150,1850,virus,0.9607819318771362,0.018599,0.019428,0.077756,0.019999,0.017821,0.846397
NC_011544.1,NC_011544.1__M__100,M,100,1900,virus,0.9643459320068359,0.023467,0.023357,0.134022,0.024828,0.021339,0.772986
NC_011544.1,NC_011544.1__M__50,M,50,1950,virus,0.9685482382774353,0.023988,0.023202,0.147812,0.025396,0.021536,0.758065
NC_011544.1,NC_011544.1__M__1,M,1,1999,virus,0.9702680706977844,0.028917,0.028113,0.277142,0.030906,0.025892,0.609030
NC_010809.1,NC_010809.1__none__0,none,0,2000,virus,0.9655169248580933,0.027158,0.024908,0.257942,0.030899,0.027370,0.631722
NC_010809.1,NC_010809.1__M__500,M,500,1500,virus,0.9457697868347168,0.028801,0.021026,0.271344,0.028725,0.019807,0.630296
NC_010809.1,NC_010809.1__M__450,M,450,1550,virus,0.9459421038627625,0.029479,0.022128,0.336502,0.028309,0.020291,0.563292
NC_010809.1,NC_010809.1__M__400,M,400,1600,virus,0.9566990733146667,0.029686,0.021481,0.322004,0.029008,0.019438,0.578384
NC_010809.1,NC_010809.1__M__350,M,350,1650,virus,0.9581759572029114,0.028708,0.022014,0.286834,0.029108,0.019604,0.613733
NC_010809.1,NC_010809.1__M__300,M,300,1700,virus,0.9621689915657043,0.027918,0.021924,0.287480,0.029544,0.021174,0.611960
NC_010809.1,NC_010809.1__M__250,M,250,1750,virus,0.9669651985168457,0.026898,0.021797,0.262683,0.028975,0.021420,0.638227
NC_010809.1,NC_010809.1__M__200,M,200,1800,virus,0.9724899530410767,0.028117,0.023486,0.328893,0.031222,0.024193,0.564089
NC_010809.1,NC_010809.1__M__150,M,150,1850,eukarya,0.9698159098625183,0.029852,0.025541,0.475526,0.033942,0.027133,0.408006
NC_010809.1,NC_010809.1__M__100,M,100,1900,virus,0.9690120816230774,0.028196,0.024229,0.286757,0.032394,0.027164,0.601260
NC_010809.1,NC_010809.1__M__50,M,50,1950,virus,0.9680928587913513,0.027510,0.025133,0.279694,0.030632,0.027172,0.609859
NC_010809.1,NC_010809.1__M__1,M,1,1999,virus,0.9655243754386902,0.027148,0.024971,0.259492,0.030957,0.027213,0.630219
NC_010748.1,NC_010748.1__none__0,none,0,2000,virus,0.9867162704467773,0.016194,0.044771,0.057684,0.019410,0.017679,0.844263
NC_010748.1,NC_010748.1__M__500,M,500,1500,virus,0.987669050693512,0.016602,0.045687,0.073749,0.018406,0.017075,0.828480
NC_010748.1,NC_010748.1__M__450,M,450,1550,virus,0.9881454706192017,0.014290,0.036257,0.048643,0.015856,0.014643,0.870310
NC_010748.1,NC_010748.1__M__400,M,400,1600,virus,0.9892968535423279,0.015332,0.041017,0.053493,0.016730,0.015890,0.857537
NC_010748.1,NC_010748.1__M__350,M,350,1650,virus,0.9879390001296997,0.016762,0.048667,0.046358,0.018673,0.017341,0.852199
NC_010748.1,NC_010748.1__M__300,M,300,1700,virus,0.9870904088020325,0.017322,0.056958,0.052832,0.019771,0.017784,0.835332
NC_010748.1,NC_010748.1__M__250,M,250,1750,virus,0.9875463843345642,0.021928,0.073266,0.079759,0.023899,0.021341,0.779808
NC_010748.1,NC_010748.1__M__200,M,200,1800,virus,0.9869638085365295,0.017164,0.051936,0.051868,0.019960,0.018410,0.840662
NC_010748.1,NC_010748.1__M__150,M,150,1850,virus,0.9870681762695312,0.015871,0.044057,0.045261,0.018723,0.016716,0.859372
NC_010748.1,NC_010748.1__M__100,M,100,1900,virus,0.9861403703689575,0.012435,0.031682,0.032119,0.015364,0.013998,0.894402
NC_010748.1,NC_010748.1__M__50,M,50,1950,virus,0.9858193397521973,0.012181,0.026197,0.028586,0.014345,0.013420,0.905270
NC_010748.1,NC_010748.1__M__1,M,1,1999,virus,0.9867464900016785,0.016204,0.044716,0.057694,0.019412,0.017640,0.844335
NC_010708.1,NC_010708.1__none__0,none,0,2000,virus,0.981497049331665,0.013378,0.013198,0.013062,0.013631,0.014662,0.932069
NC_010708.1,NC_010708.1__M__500,M,500,1500,virus,0.97596675157547,0.014522,0.014310,0.019519,0.013736,0.014645,0.923267
NC_010708.1,NC_010708.1__M__450,M,450,1550,virus,0.9802544713020325,0.013861,0.014152,0.015014,0.012903,0.013617,0.930452
NC_010708.1,NC_010708.1__M__400,M,400,1600,virus,0.978021502494812,0.013916,0.013683,0.015983,0.012800,0.013366,0.930253
NC_010708.1,NC_010708.1__M__350,M,350,1650,virus,0.9781243801116943,0.013991,0.013621,0.014166,0.013089,0.013923,0.931210
NC_010708.1,NC_010708.1__M__300,M,300,1700,virus,0.9789891839027405,0.013866,0.013673,0.013924,0.013421,0.014256,0.930860
NC_010708.1,NC_010708.1__M__250,M,250,1750,virus,0.9785474538803101,0.013659,0.013528,0.013602,0.012843,0.013555,0.932812
NC_010708.1,NC_010708.1__M__200,M,200,1800,virus,0.9797541499137878,0.013616,0.013049,0.013164,0.012788,0.013583,0.933799
NC_010708.1,NC_010708.1__M__150,M,150,1850,virus,0.9775351285934448,0.013634,0.013374,0.013214,0.012956,0.014017,0.932805
NC_010708.1,NC_010708.1__M__100,M,100,1900,virus,0.9791079163551331,0.013578,0.012967,0.013227,0.013594,0.014333,0.932302
NC_010708.1,NC_010708.1__M__50,M,50,1950,virus,0.9817533493041992,0.013682,0.012661,0.013452,0.013174,0.013985,0.933047
NC_010708.1,NC_010708.1__M__1,M,1,1999,virus,0.9814806580543518,0.013505,0.013153,0.013182,0.013692,0.014719,0.931749
NC_008311.1,NC_008311.1__none__0,none,0,2000,virus,0.9666061997413635,0.018865,0.023943,0.107638,0.023369,0.020470,0.805716
NC_008311.1,NC_008311.1__M__500,M,500,1500,eukarya,0.9561392068862915,0.020758,0.054154,0.729787,0.024604,0.017935,0.152762
NC_008311.1,NC_008311.1__M__450,M,450,1550,eukarya,0.9542300701141357,0.023689,0.056230,0.602532,0.028374,0.021939,0.267237
NC_008311.1,NC_008311.1__M__400,M,400,1600,eukarya,0.9547032713890076,0.024198,0.065631,0.530653,0.028767,0.022295,0.328455
NC_008311.1,NC_008311.1__M__350,M,350,1650,eukarya,0.9547051787376404,0.025683,0.063422,0.476893,0.029843,0.023905,0.380254
NC_008311.1,NC_008311.1__M__300,M,300,1700,virus,0.9541767835617065,0.025490,0.059126,0.381007,0.029325,0.024025,0.481027
NC_008311.1,NC_008311.1__M__250,M,250,1750,virus,0.9553452730178833,0.022482,0.042578,0.211145,0.026180,0.022570,0.675045
NC_008311.1,NC_008311.1__M__200,M,200,1800,virus,0.9602652192115784,0.018100,0.030781,0.097993,0.019654,0.019231,0.814242
NC_008311.1,NC_008311.1__M__150,M,150,1850,virus,0.9601154923439026,0.016372,0.026803,0.075880,0.018198,0.019100,0.843647
NC_008311.1,NC_008311.1__M__100,M,100,1900,virus,0.9662955403327942,0.018696,0.027953,0.113215,0.021505,0.020346,0.798285
NC_008311.1,NC_008311.1__M__50,M,50,1950,virus,0.9663800597190857,0.018590,0.025924,0.109929,0.022125,0.019854,0.803578
NC_008311.1,NC_008311.1__M__1,M,1,1999,virus,0.9666789770126343,0.018942,0.024126,0.108087,0.023301,0.020519,0.805025
NC_007731.1,NC_007731.1__none__0,none,0,2000,virus,0.9676529765129089,0.020980,0.024764,0.064713,0.018350,0.022342,0.848851
NC_007731.1,NC_007731.1__M__500,M,500,1500,virus,0.9565767645835876,0.010208,0.016962,0.015195,0.009189,0.012205,0.936241
NC_007731.1,NC_007731.1__M__450,M,450,1550,virus,0.9634664058685303,0.012798,0.020995,0.027470,0.011197,0.014943,0.912597
NC_007731.1,NC_007731.1__M__400,M,400,1600,virus,0.9646024107933044,0.013462,0.019451,0.033016,0.012533,0.015978,0.905560
NC_007731.1,NC_007731.1__M__350,M,350,1650,virus,0.9669387936592102,0.017169,0.021013,0.048407,0.015479,0.017730,0.880203
NC_007731.1,NC_007731.1__M__300,M,300,1700,virus,0.9699357748031616,0.023319,0.029898,0.118358,0.022465,0.024703,0.781257
NC_007731.1,NC_007731.1__M__250,M,250,1750,virus,0.9681361317634583,0.025749,0.030274,0.152918,0.024865,0.026732,0.739463
NC_007731.1,NC_007731.1__M__200,M,200,1800,virus,0.9647761583328247,0.024645,0.027958,0.119153,0.023888,0.025983,0.778373
NC_007731.1,NC_007731.1__M__150,M,150,1850,virus,0.9634782075881958,0.022384,0.026145,0.094080,0.021062,0.024266,0.812063
NC_007731.1,NC_007731.1__M__100,M,100,1900,virus,0.9626737236976624,0.022136,0.026081,0.078315,0.019373,0.022772,0.831323
NC_007731.1,NC_007731.1__M__50,M,50,1950,virus,0.9620131254196167,0.021406,0.026287,0.067705,0.018622,0.021899,0.844081
NC_007731.1,NC_007731.1__M__1,M,1,1999,virus,0.9677348136901855,0.021102,0.024690,0.065373,0.018382,0.022369,0.848084
NC_007158.1,NC_007158.1__none__0,none,0,2000,virus,0.9774907827377319,0.013797,0.044098,0.027633,0.013085,0.013310,0.888079
NC_007158.1,NC_007158.1__M__500,M,500,1500,virus,0.977480411529541,0.014109,0.043465,0.029717,0.011903,0.012100,0.888706
NC_007158.1,NC_007158.1__M__450,M,450,1550,virus,0.977069079875946,0.015324,0.050020,0.030683,0.013345,0.013743,0.876884
NC_007158.1,NC_007158.1__M__400,M,400,1600,virus,0.9762619733810425,0.014235,0.041233,0.028150,0.012652,0.012581,0.891149
NC_007158.1,NC_007158.1__M__350,M,350,1650,virus,0.9752817749977112,0.015942,0.055407,0.030018,0.013841,0.014479,0.870313
NC_007158.1,NC_007158.1__M__300,M,300,1700,virus,0.9748560190200806,0.013797,0.043321,0.030471,0.012779,0.013029,0.886604
NC_007158.1,NC_007158.1__M__250,M,250,1750,virus,0.9731638431549072,0.016537,0.056185,0.031763,0.014631,0.014681,0.866203
NC_007158.1,NC_007158.1__M__200,M,200,1800,virus,0.9744312763214111,0.020873,0.076736,0.035615,0.016780,0.017883,0.832112
NC_007158.1,NC_007158.1__M__150,M,150,1850,virus,0.975356936454773,0.016556,0.048486,0.033404,0.014014,0.014045,0.873495
NC_007158.1,NC_007158.1__M__100,M,100,1900,virus,0.9767331480979919,0.015326,0.044175,0.028441,0.013476,0.013336,0.885246
NC_007158.1,NC_007158.1__M__50,M,50,1950,virus,0.9774709939956665,0.014485,0.041586,0.026231,0.013093,0.013154,0.891450
NC_007158.1,NC_007158.1__M__1,M,1,1999,virus,0.977462887763977,0.013898,0.044014,0.027592,0.013108,0.013347,0.888040
NC_006875.1,NC_006875.1__none__0,none,0,2000,virus,0.9865058064460754,0.016768,0.007523,0.010585,0.010152,0.011342,0.943629
NC_006875.1,NC_006875.1__M__500,M,500,1500,virus,0.9816068410873413,0.014767,0.009085,0.012694,0.010269,0.008275,0.944910
NC_006875.1,NC_006875.1__M__450,M,450,1550,virus,0.9822547435760498,0.014253,0.008273,0.011770,0.009550,0.008465,0.947688
NC_006875.1,NC_006875.1__M__400,M,400,1600,virus,0.984219491481781,0.014570,0.008408,0.012334,0.009962,0.008818,0.945909
NC_006875.1,NC_006875.1__M__350,M,350,1650,virus,0.9835516810417175,0.016272,0.009372,0.013878,0.011430,0.008931,0.940117
NC_006875.1,NC_006875.1__M__300,M,300,1700,virus,0.9835207462310791,0.016140,0.008207,0.011749,0.009856,0.009492,0.944556
NC_006875.1,NC_006875.1__M__250,M,250,1750,virus,0.9860029220581055,0.015902,0.007347,0.010623,0.009589,0.009818,0.946721
NC_006875.1,NC_006875.1__M__200,M,200,1800,virus,0.9864122867584229,0.014144,0.007094,0.010493,0.009383,0.010073,0.948813
NC_006875.1,NC_006875.1__M__150,M,150,1850,virus,0.9869846105575562,0.015742,0.007994,0.010948,0.009918,0.010561,0.944837
NC_006875.1,NC_006875.1__M__100,M,100,1900,virus,0.987214207649231,0.014967,0.007531,0.010688,0.010013,0.010844,0.945957
NC_006875.1,NC_006875.1__M__50,M,50,1950,virus,0.9866807460784912,0.015570,0.007397,0.010358,0.010275,0.011729,0.944672
NC_006875.1,NC_006875.1__M__1,M,1,1999,virus,0.9866211414337158,0.016747,0.007601,0.010581,0.010240,0.011388,0.943443
NC_005990.1,NC_005990.1__none__0,none,0,2000,virus,0.9755182266235352,0.053820,0.082855,0.235175,0.045466,0.027735,0.554948
NC_005990.1,NC_005990.1__M__500,M,500,1500,virus,0.9785544276237488,0.030088,0.097283,0.088521,0.025610,0.020989,0.737508
NC_005990.1,NC_005990.1__M__450,M,450,1550,virus,0.9806362986564636,0.031240,0.120693,0.098519,0.026961,0.021035,0.701550
NC_005990.1,NC_005990.1__M__400,M,400,1600,virus,0.9773273468017578,0.030548,0.137463,0.096136,0.027079,0.021610,0.687163
NC_005990.1,NC_005990.1__M__350,M,350,1650,virus,0.978477954864502,0.032387,0.089577,0.159406,0.028592,0.023836,0.666202
NC_005990.1,NC_005990.1__M__300,M,300,1700,virus,0.9768679141998291,0.024397,0.056455,0.093222,0.022906,0.018843,0.784177
NC_005990.1,NC_005990.1__M__250,M,250,1750,virus,0.9783009886741638,0.031588,0.050500,0.167472,0.031489,0.022522,0.696429
NC_005990.1,NC_005990.1__M__200,M,200,1800,virus,0.980449378490448,0.034281,0.064580,0.177737,0.037332,0.023189,0.662882
NC_005990.1,NC_005990.1__M__150,M,150,1850,virus,0.9796572327613831,0.031722,0.068426,0.156372,0.032287,0.021953,0.689241
NC_005990.1,NC_005990.1__M__100,M,100,1900,virus,0.9787977337837219,0.033708,0.061635,0.155535,0.032666,0.021993,0.694463
NC_005990.1,NC_005990.1__M__50,M,50,1950,virus,0.9774020910263062,0.040909,0.063326,0.150608,0.037625,0.024242,0.683290
NC_005990.1,NC_005990.1__M__1,M,1,1999,virus,0.9754768013954163,0.053818,0.082807,0.235186,0.045461,0.027703,0.555026
NC_005235.1,NC_005235.1__none__0,none,0,2000,virus,0.9812241792678833,0.016031,0.015148,0.025470,0.036997,0.022547,0.883806
NC_005235.1,NC_005235.1__M__500,M,500,1500,virus,0.9834174513816833,0.016661,0.016794,0.031794,0.034140,0.015230,0.885381
NC_005235.1,NC_005235.1__M__450,M,450,1550,virus,0.9831066131591797,0.016786,0.016550,0.032106,0.042994,0.016190,0.875375
NC_005235.1,NC_005235.1__M__400,M,400,1600,virus,0.982147216796875,0.018498,0.017270,0.038095,0.069705,0.018302,0.838130
NC_005235.1,NC_005235.1__M__350,M,350,1650,virus,0.9808121919631958,0.017611,0.015439,0.032326,0.067818,0.019812,0.846994
NC_005235.1,NC_005235.1__M__300,M,300,1700,virus,0.9815894961357117,0.018958,0.017474,0.032498,0.091661,0.021117,0.818292
NC_005235.1,NC_005235.1__M__250,M,250,1750,virus,0.9827385544776917,0.018551,0.017525,0.033990,0.075230,0.020956,0.833748
NC_005235.1,NC_005235.1__M__200,M,200,1800,virus,0.9835016131401062,0.016167,0.015327,0.028398,0.045070,0.019295,0.875743
NC_005235.1,NC_005235.1__M__150,M,150,1850,virus,0.9843674302101135,0.018205,0.016613,0.029810,0.065660,0.021724,0.847988
NC_005235.1,NC_005235.1__M__100,M,100,1900,virus,0.9849919676780701,0.015932,0.015143,0.022395,0.035846,0.021096,0.889587
NC_005235.1,NC_005235.1__M__50,M,50,1950,virus,0.9826199412345886,0.013678,0.013168,0.020086,0.023511,0.018760,0.910797
NC_005235.1,NC_005235.1__M__1,M,1,1999,virus,0.9811851382255554,0.016040,0.015169,0.025443,0.036938,0.022557,0.883854
NC_005238.1,NC_005238.1__none__0,none,0,2000,virus,0.9749783277511597,0.025941,0.025246,0.029162,0.139721,0.035360,0.744570
NC_005238.1,NC_005238.1__M__500,M,500,1500,virus,0.947984516620636,0.025679,0.038215,0.035901,0.249188,0.030417,0.620599
NC_005238.1,NC_005238.1__M__450,M,450,1550,virus,0.9453895688056946,0.025066,0.034116,0.031060,0.185099,0.029147,0.695512
NC_005238.1,NC_005238.1__M__400,M,400,1600,virus,0.9543280005455017,0.025739,0.029741,0.031586,0.217872,0.034244,0.660817
NC_005238.1,NC_005238.1__M__350,M,350,1650,virus,0.9583756923675537,0.026317,0.028946,0.032307,0.228137,0.037796,0.646496
NC_005238.1,NC_005238.1__M__300,M,300,1700,virus,0.9590540528297424,0.024492,0.027930,0.029855,0.191617,0.035176,0.690931
NC_005238.1,NC_005238.1__M__250,M,250,1750,virus,0.9592956900596619,0.023543,0.023038,0.024241,0.119304,0.032683,0.777190
NC_005238.1,NC_005238.1__M__200,M,200,1800,virus,0.9683071970939636,0.024869,0.025709,0.028883,0.157682,0.033462,0.729394
NC_005238.1,NC_005238.1__M__150,M,150,1850,virus,0.9670236110687256,0.025757,0.024066,0.027576,0.147000,0.035422,0.740179
NC_005238.1,NC_005238.1__M__100,M,100,1900,virus,0.967470109462738,0.027606,0.026743,0.031116,0.174495,0.038751,0.701288
NC_005238.1,NC_005238.1__M__50,M,50,1950,virus,0.9723667502403259,0.025085,0.025073,0.028377,0.130175,0.034757,0.756532
NC_005238.1,NC_005238.1__M__1,M,1,1999,virus,0.9749705791473389,0.025937,0.025311,0.029235,0.139707,0.035415,0.744395
NC_004912.1,NC_004912.1__none__0,none,0,2000,virus,0.9857116341590881,0.021062,0.019371,0.021664,0.046208,0.028139,0.863557
NC_004912.1,NC_004912.1__M__500,M,500,1500,virus,0.9877391457557678,0.026486,0.031571,0.041850,0.250373,0.031435,0.618286
NC_004912.1,NC_004912.1__M__450,M,450,1550,virus,0.9882104396820068,0.025840,0.029771,0.038763,0.212930,0.029590,0.663105
NC_004912.1,NC_004912.1__M__400,M,400,1600,virus,0.9864495396614075,0.025112,0.026442,0.033755,0.157126,0.030734,0.726831
NC_004912.1,NC_004912.1__M__350,M,350,1650,virus,0.9871305823326111,0.023976,0.023096,0.028709,0.111826,0.028823,0.783569
NC_004912.1,NC_004912.1__M__300,M,300,1700,virus,0.9867638945579529,0.028195,0.027689,0.034032,0.175703,0.033335,0.701045
NC_004912.1,NC_004912.1__M__250,M,250,1750,virus,0.9887734055519104,0.023182,0.022128,0.025772,0.080458,0.030254,0.818204
NC_004912.1,NC_004912.1__M__200,M,200,1800,virus,0.9861115217208862,0.021069,0.021267,0.024364,0.058440,0.028472,0.846389
NC_004912.1,NC_004912.1__M__150,M,150,1850,virus,0.9857686161994934,0.021122,0.020062,0.022366,0.054836,0.028944,0.852669
NC_004912.1,NC_004912.1__M__100,M,100,1900,virus,0.9848143458366394,0.021100,0.019726,0.023256,0.053483,0.028331,0.854104
NC_004912.1,NC_004912.1__M__50,M,50,1950,virus,0.9845008850097656,0.020711,0.019228,0.021166,0.046491,0.027436,0.864967
NC_004912.1,NC_004912.1__M__1,M,1,1999,virus,0.9858331680297852,0.020816,0.019429,0.021572,0.046269,0.027939,0.863976
NC_004169.1,NC_004169.1__none__0,none,0,2000,phage,0.9860081076622009,0.032744,0.517739,0.120735,0.139519,0.025396,0.163868
NC_004169.1,NC_004169.1__M__500,M,500,1500,phage,0.9878851771354675,0.022711,0.785923,0.033665,0.096985,0.019245,0.041471
NC_004169.1,NC_004169.1__M__450,M,450,1550,phage,0.9867216348648071,0.022370,0.819175,0.038296,0.059742,0.017575,0.042843
NC_004169.1,NC_004169.1__M__400,M,400,1600,phage,0.9877921938896179,0.021760,0.813760,0.050748,0.044774,0.017088,0.051870
NC_004169.1,NC_004169.1__M__350,M,350,1650,phage,0.9875174164772034,0.018700,0.847466,0.031383,0.046865,0.015888,0.039697
NC_004169.1,NC_004169.1__M__300,M,300,1700,phage,0.9881398677825928,0.019622,0.810387,0.034895,0.074824,0.016134,0.044138
NC_004169.1,NC_004169.1__M__250,M,250,1750,phage,0.9880377054214478,0.021219,0.754686,0.054872,0.088487,0.016643,0.064092
NC_004169.1,NC_004169.1__M__200,M,200,1800,phage,0.9872865080833435,0.023633,0.686186,0.072526,0.115656,0.019521,0.082477
NC_004169.1,NC_004169.1__M__150,M,150,1850,phage,0.987305760383606,0.028602,0.543488,0.091043,0.195832,0.025080,0.115954
NC_004169.1,NC_004169.1__M__100,M,100,1900,phage,0.9863341450691223,0.026861,0.604113,0.088794,0.138494,0.021771,0.119967
NC_004169.1,NC_004169.1__M__50,M,50,1950,phage,0.9860107898712158,0.024203,0.655059,0.068259,0.141303,0.019761,0.091415
NC_004169.1,NC_004169.1__M__1,M,1,1999,phage,0.9859732389450073,0.032754,0.513597,0.121301,0.140855,0.025431,0.166063
NC_004186.1,NC_004186.1__none__0,none,0,2000,virus,0.9804022312164307,0.041719,0.046041,0.118319,0.034630,0.044896,0.714394
NC_004186.1,NC_004186.1__M__500,M,500,1500,virus,0.9847267866134644,0.037356,0.051278,0.200584,0.036838,0.049580,0.624365
NC_004186.1,NC_004186.1__M__450,M,450,1550,virus,0.9844133853912354,0.038980,0.047668,0.247062,0.037585,0.047048,0.581657
NC_004186.1,NC_004186.1__M__400,M,400,1600,virus,0.983258843421936,0.032859,0.043341,0.231756,0.032095,0.038022,0.621926
NC_004186.1,NC_004186.1__M__350,M,350,1650,virus,0.982366681098938,0.049443,0.058887,0.272775,0.039499,0.055514,0.523882
NC_004186.1,NC_004186.1__M__300,M,300,1700,virus,0.9821181297302246,0.065759,0.063671,0.290463,0.045130,0.089504,0.445473
NC_004186.1,NC_004186.1__M__250,M,250,1750,virus,0.9795128703117371,0.080911,0.076752,0.202248,0.052257,0.120770,0.467062
NC_004186.1,NC_004186.1__M__200,M,200,1800,virus,0.97889244556427,0.042282,0.045522,0.145105,0.035338,0.052756,0.678996
NC_004186.1,NC_004186.1__M__150,M,150,1850,virus,0.9794427752494812,0.025507,0.033227,0.081994,0.025314,0.030671,0.803286
NC_004186.1,NC_004186.1__M__100,M,100,1900,virus,0.979725182056427,0.045961,0.043397,0.118782,0.032742,0.047830,0.711288
NC_004186.1,NC_004186.1__M__50,M,50,1950,virus,0.9796878099441528,0.047152,0.047606,0.124178,0.035363,0.047276,0.698424
NC_004186.1,NC_004186.1__M__1,M,1,1999,virus,0.980492115020752,0.041469,0.045105,0.116265,0.034119,0.044126,0.718915
NC_001964.1,NC_001964.1__none__0,none,0,2000,phage,0.9610313177108765,0.030557,0.812178,0.032651,0.020664,0.024698,0.079253
NC_001964.1,NC_001964.1__M__500,M,500,1500,phage,0.9720802307128906,0.031153,0.888742,0.015244,0.013290,0.021758,0.029812
NC_001964.1,NC_001964.1__M__450,M,450,1550,phage,0.9717236161231995,0.032376,0.894664,0.014593,0.013115,0.022487,0.022765
NC_001964.1,NC_001964.1__M__400,M,400,1600,phage,0.9713885188102722,0.033117,0.900625,0.012768,0.012724,0.021824,0.018942
NC_001964.1,NC_001964.1__M__350,M,350,1650,phage,0.9737279415130615,0.033885,0.903050,0.011535,0.012493,0.021655,0.017382
NC_001964.1,NC_001964.1__M__300,M,300,1700,phage,0.9694678783416748,0.033400,0.905885,0.010760,0.012251,0.021593,0.016112
NC_001964.1,NC_001964.1__M__250,M,250,1750,phage,0.9653201699256897,0.061323,0.844626,0.015809,0.016289,0.038969,0.022984
NC_001964.1,NC_001964.1__M__200,M,200,1800,phage,0.9662491679191589,0.043036,0.855543,0.019692,0.016977,0.038240,0.026513
NC_001964.1,NC_001964.1__M__150,M,150,1850,phage,0.9661439061164856,0.042314,0.847017,0.023386,0.017570,0.029110,0.040604
NC_001964.1,NC_001964.1__M__100,M,100,1900,phage,0.9655173420906067,0.031958,0.870606,0.020644,0.016390,0.023323,0.037079
NC_001964.1,NC_001964.1__M__50,M,50,1950,phage,0.9605198502540588,0.036278,0.799335,0.034913,0.021720,0.027224,0.080530
NC_001964.1,NC_001964.1__M__1,M,1,1999,phage,0.9609084725379944,0.030628,0.811600,0.032662,0.020665,0.024822,0.079623
NC_003511.1,NC_003511.1__none__0,none,0,2000,virus,0.9264935851097107,0.172829,0.294717,0.097921,0.044843,0.073412,0.316278
NC_003511.1,NC_003511.1__M__500,M,500,1500,virus,0.9017261862754822,0.155210,0.152075,0.065992,0.040442,0.075090,0.511192
NC_003511.1,NC_003511.1__M__450,M,450,1550,virus,0.9148074984550476,0.240057,0.208951,0.061433,0.046372,0.119712,0.323476
NC_003511.1,NC_003511.1__M__400,M,400,1600,virus,0.9309653043746948,0.262901,0.205376,0.059202,0.046348,0.137594,0.288578
NC_003511.1,NC_003511.1__M__350,M,350,1650,virus,0.9313605427742004,0.294057,0.195411,0.062758,0.042372,0.082187,0.323217
NC_003511.1,NC_003511.1__M__300,M,300,1700,bacteria,0.930962085723877,0.338936,0.189761,0.051151,0.041270,0.092190,0.286691
NC_003511.1,NC_003511.1__M__250,M,250,1750,virus,0.9254480600357056,0.260732,0.228151,0.056235,0.040205,0.091053,0.323624
NC_003511.1,NC_003511.1__M__200,M,200,1800,virus,0.9192373752593994,0.189346,0.239973,0.068274,0.037600,0.069779,0.395028
NC_003511.1,NC_003511.1__M__150,M,150,1850,phage,0.9279791116714478,0.154179,0.352614,0.063988,0.035137,0.065952,0.328129
NC_003511.1,NC_003511.1__M__100,M,100,1900,virus,0.92237389087677,0.193442,0.240001,0.077976,0.042476,0.073991,0.372114
NC_003511.1,NC_003511.1__M__50,M,50,1950,virus,0.9227681756019592,0.168634,0.260348,0.093650,0.045521,0.069547,0.362300
NC_003511.1,NC_003511.1__M__1,M,1,1999,virus,0.9262701272964478,0.172268,0.295714,0.099075,0.044731,0.072952,0.315261
NC_001940.1,NC_001940.1__none__0,none,0,2000,virus,0.9138965606689453,0.013105,0.014798,0.015302,0.013184,0.013488,0.930123
NC_001940.1,NC_001940.1__M__500,M,500,1500,virus,0.9312610626220703,0.014505,0.014713,0.016107,0.012867,0.014348,0.927460
NC_001940.1,NC_001940.1__M__450,M,450,1550,virus,0.935171365737915,0.014304,0.014702,0.016539,0.013183,0.014204,0.927068
NC_001940.1,NC_001940.1__M__400,M,400,1600,virus,0.9481313228607178,0.014168,0.014730,0.016143,0.013244,0.014130,0.927585
NC_001940.1,NC_001940.1__M__350,M,350,1650,virus,0.9509878754615784,0.013819,0.014701,0.016023,0.013041,0.013582,0.928835
NC_001940.1,NC_001940.1__M__300,M,300,1700,virus,0.9485064148902893,0.014113,0.015034,0.016369,0.013594,0.014073,0.926818
NC_001940.1,NC_001940.1__M__250,M,250,1750,virus,0.9448330998420715,0.013952,0.014615,0.015697,0.013204,0.013589,0.928943
NC_001940.1,NC_001940.1__M__200,M,200,1800,virus,0.9264333248138428,0.012790,0.014144,0.013904,0.012661,0.012607,0.933893
NC_001940.1,NC_001940.1__M__150,M,150,1850,virus,0.9161624908447266,0.012946,0.014456,0.014057,0.012846,0.012767,0.932927
NC_001940.1,NC_001940.1__M__100,M,100,1900,virus,0.9025256633758545,0.013657,0.014940,0.015782,0.013392,0.013869,0.928360
NC_001940.1,NC_001940.1__M__50,M,50,1950,virus,0.9098734259605408,0.012953,0.014896,0.014707,0.013194,0.013489,0.930762
NC_001940.1,NC_001940.1__M__1,M,1,1999,virus,0.9137459397315979,0.013001,0.014729,0.015284,0.013118,0.013459,0.930408
NC_001841.1,NC_001841.1__none__0,none,0,2000,virus,0.9805050492286682,0.029798,0.035148,0.272528,0.035094,0.026960,0.600472
NC_001841.1,NC_001841.1__M__500,M,500,1500,eukarya,0.9780747890472412,0.020389,0.026201,0.767932,0.028090,0.018663,0.138724
NC_001841.1,NC_001841.1__M__450,M,450,1550,eukarya,0.9772427678108215,0.021403,0.028080,0.729088,0.027873,0.019628,0.173928
NC_001841.1,NC_001841.1__M__400,M,400,1600,eukarya,0.9763575196266174,0.023694,0.031764,0.621356,0.029941,0.022311,0.270933
NC_001841.1,NC_001841.1__M__350,M,350,1650,eukarya,0.9777057766914368,0.023825,0.029393,0.655949,0.030565,0.022478,0.237790
NC_001841.1,NC_001841.1__M__300,M,300,1700,eukarya,0.9775634407997131,0.024853,0.029993,0.676540,0.029734,0.022924,0.215956
NC_001841.1,NC_001841.1__M__250,M,250,1750,eukarya,0.9774749875068665,0.025397,0.031274,0.664570,0.030493,0.023473,0.224794
NC_001841.1,NC_001841.1__M__200,M,200,1800,eukarya,0.977380633354187,0.024843,0.031515,0.671350,0.030711,0.023580,0.218001
NC_001841.1,NC_001841.1__M__150,M,150,1850,eukarya,0.9770742058753967,0.028258,0.033764,0.573132,0.034466,0.025861,0.304519
NC_001841.1,NC_001841.1__M__100,M,100,1900,eukarya,0.9781478643417358,0.029749,0.033167,0.527950,0.036741,0.025862,0.346532
NC_001841.1,NC_001841.1__M__50,M,50,1950,virus,0.9806191921234131,0.030109,0.035113,0.400304,0.036285,0.026664,0.471526
NC_001841.1,NC_001841.1__M__1,M,1,1999,virus,0.9805060625076294,0.029777,0.035117,0.271408,0.035090,0.027020,0.601588
NC_001793.1,NC_001793.1__none__0,none,0,2000,virus,0.97527676820755,0.011991,0.013008,0.015215,0.013011,0.013005,0.933769
NC_001793.1,NC_001793.1__M__500,M,500,1500,virus,0.9687990546226501,0.011469,0.011722,0.016211,0.012599,0.012492,0.935506
NC_001793.1,NC_001793.1__M__450,M,450,1550,virus,0.9692296385765076,0.011293,0.012264,0.018754,0.012696,0.012422,0.932572
NC_001793.1,NC_001793.1__M__400,M,400,1600,virus,0.9700658917427063,0.010599,0.012777,0.019014,0.012232,0.011971,0.933408
NC_001793.1,NC_001793.1__M__350,M,350,1650,virus,0.9741523265838623,0.011231,0.013611,0.022528,0.013349,0.012831,0.926450
NC_001793.1,NC_001793.1__M__300,M,300,1700,virus,0.9747768640518188,0.011148,0.013299,0.022097,0.013557,0.013296,0.926603
NC_001793.1,NC_001793.1__M__250,M,250,1750,virus,0.9770668148994446,0.011157,0.012444,0.017294,0.012750,0.012390,0.933965
NC_001793.1,NC_001793.1__M__200,M,200,1800,virus,0.9774975180625916,0.012066,0.013199,0.019893,0.012941,0.013155,0.928746
NC_001793.1,NC_001793.1__M__150,M,150,1850,virus,0.9764109253883362,0.011844,0.012880,0.016827,0.012623,0.012786,0.933040
NC_001793.1,NC_001793.1__M__100,M,100,1900,virus,0.9752806425094604,0.012494,0.013158,0.017478,0.013379,0.013466,0.930024
NC_001793.1,NC_001793.1__M__50,M,50,1950,virus,0.9747328162193298,0.011997,0.012938,0.015106,0.012807,0.012942,0.934210
NC_001793.1,NC_001793.1__M__1,M,1,1999,virus,0.9753556847572327,0.011829,0.012847,0.014941,0.012832,0.012950,0.934601
NC_004146.1,NC_004146.1__none__0,none,0,2000,phage,0.9818567633628845,0.040020,0.855458,0.019197,0.021676,0.031818,0.031831
NC_004146.1,NC_004146.1__M__500,M,500,1500,phage,0.9775233864784241,0.026092,0.912278,0.012668,0.014113,0.018052,0.016797
NC_004146.1,NC_004146.1__M__450,M,450,1550,phage,0.9782820343971252,0.026243,0.910606,0.013168,0.014419,0.018384,0.017181
NC_004146.1,NC_004146.1__M__400,M,400,1600,phage,0.9792962074279785,0.025021,0.913301,0.013053,0.014127,0.017875,0.016623
NC_004146.1,NC_004146.1__M__350,M,350,1650,phage,0.9824947714805603,0.034165,0.896952,0.013658,0.015600,0.021154,0.018472
NC_004146.1,NC_004146.1__M__300,M,300,1700,phage,0.9836792349815369,0.033408,0.879756,0.018310,0.018094,0.024300,0.026133
NC_004146.1,NC_004146.1__M__250,M,250,1750,phage,0.9804989695549011,0.027154,0.897635,0.016158,0.016516,0.019000,0.023538
NC_004146.1,NC_004146.1__M__200,M,200,1800,phage,0.980449914932251,0.026590,0.880775,0.017765,0.019490,0.022942,0.032438
NC_004146.1,NC_004146.1__M__150,M,150,1850,phage,0.9827749133110046,0.036780,0.864202,0.018677,0.021231,0.026703,0.032407
NC_004146.1,NC_004146.1__M__100,M,100,1900,phage,0.9831361174583435,0.037577,0.867499,0.018611,0.020659,0.026361,0.029294
NC_004146.1,NC_004146.1__M__50,M,50,1950,phage,0.9840660691261292,0.048622,0.817979,0.025747,0.025728,0.035337,0.046587
NC_004146.1,NC_004146.1__M__1,M,1,1999,phage,0.9818524718284607,0.040067,0.855337,0.019247,0.021649,0.031806,0.031894
NC_003616.1,NC_003616.1__none__0,none,0,2000,virus,0.9849632382392883,0.015552,0.014514,0.032078,0.017249,0.017532,0.903074
NC_003616.1,NC_003616.1__M__500,M,500,1500,eukarya,0.984512209892273,0.026679,0.022483,0.707707,0.031552,0.025475,0.186104
NC_003616.1,NC_003616.1__M__450,M,450,1550,eukarya,0.9845527410507202,0.027348,0.023879,0.665045,0.033423,0.025842,0.224464
NC_003616.1,NC_003616.1__M__400,M,400,1600,eukarya,0.9849328398704529,0.028986,0.026551,0.593160,0.035666,0.026960,0.288676
NC_003616.1,NC_003616.1__M__350,M,350,1650,virus,0.9843883514404297,0.026943,0.024641,0.213400,0.031661,0.027703,0.675651
NC_003616.1,NC_003616.1__M__300,M,300,1700,virus,0.9848581552505493,0.024399,0.021621,0.136063,0.026092,0.025346,0.766477
NC_003616.1,NC_003616.1__M__250,M,250,1750,virus,0.9842061996459961,0.024289,0.019940,0.136943,0.026318,0.025016,0.767493
NC_003616.1,NC_003616.1__M__200,M,200,1800,virus,0.9864951372146606,0.020903,0.017116,0.075675,0.022088,0.021809,0.842410
NC_003616.1,NC_003616.1__M__150,M,150,1850,virus,0.9843780398368835,0.020574,0.017335,0.074910,0.021971,0.022167,0.843044
NC_003616.1,NC_003616.1__M__100,M,100,1900,virus,0.9844130873680115,0.014604,0.012690,0.032420,0.016453,0.016472,0.907362
NC_003616.1,NC_003616.1__M__50,M,50,1950,virus,0.9844713807106018,0.015753,0.013402,0.035210,0.017022,0.017788,0.900824
NC_003616.1,NC_003616.1__M__1,M,1,1999,virus,0.9851550459861755,0.015598,0.014583,0.032134,0.017348,0.017563,0.902773
NC_003693.1,NC_003693.1__none__0,none,0,2000,virus,0.9334345459938049,0.013911,0.013028,0.019778,0.012591,0.010761,0.929931
NC_003693.1,NC_003693.1__M__500,M,500,1500,virus,0.9094759821891785,0.015032,0.012310,0.019753,0.012375,0.009082,0.931449
NC_003693.1,NC_003693.1__M__450,M,450,1550,virus,0.8988205790519714,0.016334,0.012200,0.020929,0.012972,0.009591,0.927974
NC_003693.1,NC_003693.1__M__400,M,400,1600,virus,0.9013460874557495,0.020925,0.012884,0.023891,0.014552,0.010937,0.916810
NC_003693.1,NC_003693.1__M__350,M,350,1650,virus,0.8990549445152283,0.023775,0.012737,0.023523,0.014119,0.010060,0.915786
NC_003693.1,NC_003693.1__M__300,M,300,1700,virus,0.901341438293457,0.021234,0.012621,0.024387,0.013925,0.010435,0.917399
NC_003693.1,NC_003693.1__M__250,M,250,1750,virus,0.9147797226905823,0.018491,0.012204,0.021633,0.012859,0.010171,0.924642
NC_003693.1,NC_003693.1__M__200,M,200,1800,virus,0.9244729280471802,0.016526,0.012858,0.020675,0.012806,0.010979,0.926157
NC_003693.1,NC_003693.1__M__150,M,150,1850,virus,0.9327725172042847,0.014120,0.012788,0.019270,0.012172,0.010960,0.930690
NC_003693.1,NC_003693.1__M__100,M,100,1900,virus,0.9335183501243591,0.013245,0.013149,0.019509,0.012281,0.010986,0.930830
NC_003693.1,NC_003693.1__M__50,M,50,1950,virus,0.9300075769424438,0.014065,0.012792,0.019262,0.012275,0.010669,0.930936
NC_003693.1,NC_003693.1__M__1,M,1,1999,virus,0.9336192011833191,0.013920,0.013029,0.019700,0.012511,0.010711,0.930129
NC_001739.2,NC_001739.2__none__0,none,0,2000,phage,0.9856213927268982,0.077536,0.724954,0.029037,0.027206,0.063964,0.077303
NC_001739.2,NC_001739.2__M__500,M,500,1500,phage,0.9891933798789978,0.114771,0.703761,0.027664,0.024494,0.081697,0.047613
NC_001739.2,NC_001739.2__M__450,M,450,1550,phage,0.9882411360740662,0.175835,0.569140,0.037262,0.030432,0.122432,0.064899
NC_001739.2,NC_001739.2__M__400,M,400,1600,phage,0.987940788269043,0.133534,0.559110,0.046955,0.032736,0.108717,0.118949
NC_001739.2,NC_001739.2__M__350,M,350,1650,phage,0.9881767630577087,0.125343,0.637711,0.039436,0.030267,0.086087,0.081156
NC_001739.2,NC_001739.2__M__300,M,300,1700,phage,0.987475574016571,0.109238,0.695394,0.031527,0.026419,0.076647,0.060775
NC_001739.2,NC_001739.2__M__250,M,250,1750,phage,0.9870322942733765,0.091391,0.729302,0.027452,0.024509,0.077146,0.050199
NC_001739.2,NC_001739.2__M__200,M,200,1800,phage,0.9867903590202332,0.096151,0.721599,0.028714,0.025901,0.064279,0.063357
NC_001739.2,NC_001739.2__M__150,M,150,1850,phage,0.9869112968444824,0.061922,0.797250,0.023029,0.022567,0.045933,0.049299
NC_001739.2,NC_001739.2__M__100,M,100,1900,phage,0.986068844795227,0.066214,0.743760,0.030951,0.025545,0.054558,0.078973
NC_001739.2,NC_001739.2__M__50,M,50,1950,phage,0.9852114915847778,0.072568,0.674459,0.039931,0.033688,0.065300,0.114054
NC_001739.2,NC_001739.2__M__1,M,1,1999,phage,0.9855863451957703,0.078921,0.722350,0.029385,0.027423,0.064259,0.077662
