contig_id,frag_id,pad_char,pad_len,real_len,pred_class,reliability,prob_bacteria,prob_phage,prob_eukarya,prob_archaea,prob_plasmid,prob_virus
NC_139368.1,NC_139368.1__none__0,none,0,2000,eukarya,0.9965851306915283,0.073742,0.057570,0.554905,0.121558,0.070207,0.122019
NC_139368.1,NC_139368.1__M__500,M,500,1500,bacteria,0.9947782754898071,0.585060,0.108689,0.049932,0.039459,0.179586,0.037275
NC_139368.1,NC_139368.1__M__450,M,450,1550,bacteria,0.9947856068611145,0.585060,0.108689,0.049932,0.039459,0.179586,0.037275
NC_139368.1,NC_139368.1__M__400,M,400,1600,bacteria,0.9947919249534607,0.585060,0.108689,0.049932,0.039459,0.179586,0.037275
NC_139368.1,NC_139368.1__M__350,M,350,1650,bacteria,0.9999274015426636,0.585060,0.108689,0.049932,0.039459,0.179586,0.037275
NC_139368.1,NC_139368.1__M__300,M,300,1700,bacteria,0.9999352693557739,0.585060,0.108689,0.049932,0.039459,0.179586,0.037275
NC_139368.1,NC_139368.1__M__250,M,250,1750,bacteria,0.9999375343322754,0.585060,0.108689,0.049932,0.039459,0.179586,0.037275
NC_139368.1,NC_139368.1__M__200,M,200,1800,bacteria,0.9999345541000366,0.585060,0.108689,0.049932,0.039459,0.179586,0.037275
NC_139368.1,NC_139368.1__M__150,M,150,1850,bacteria,0.9999282360076904,0.585060,0.108689,0.049932,0.039459,0.179586,0.037275
NC_139368.1,NC_139368.1__M__100,M,100,1900,bacteria,0.999921441078186,0.585060,0.108689,0.049932,0.039459,0.179586,0.037275
NC_139368.1,NC_139368.1__M__50,M,50,1950,eukarya,0.9961214661598206,0.075793,0.059006,0.553001,0.113034,0.076772,0.122395
NC_139368.1,NC_139368.1__M__1,M,1,1999,eukarya,0.9965715408325195,0.073742,0.057570,0.554905,0.121558,0.070207,0.122019
NC_139181.1,NC_139181.1__none__0,none,0,2000,eukarya,0.9120320081710815,0.068984,0.048838,0.631263,0.089095,0.066469,0.095351
NC_139181.1,NC_139181.1__M__500,M,500,1500,bacteria,0.9874905943870544,0.585060,0.108689,0.049932,0.039459,0.179586,0.037275
NC_139181.1,NC_139181.1__M__450,M,450,1550,bacteria,0.9873666763305664,0.585060,0.108689,0.049932,0.039459,0.179586,0.037275
NC_139181.1,NC_139181.1__M__400,M,400,1600,bacteria,0.9875719547271729,0.585060,0.108689,0.049932,0.039459,0.179586,0.037275
NC_139181.1,NC_139181.1__M__350,M,350,1650,bacteria,0.998661994934082,0.585060,0.108689,0.049932,0.039459,0.179586,0.037275
NC_139181.1,NC_139181.1__M__300,M,300,1700,bacteria,0.9993703961372375,0.585060,0.108689,0.049932,0.039459,0.179586,0.037275
NC_139181.1,NC_139181.1__M__250,M,250,1750,bacteria,0.9994082450866699,0.585060,0.108689,0.049932,0.039459,0.179586,0.037275
NC_139181.1,NC_139181.1__M__200,M,200,1800,bacteria,0.9994269609451294,0.585060,0.108689,0.049932,0.039459,0.179586,0.037275
NC_139181.1,NC_139181.1__M__150,M,150,1850,bacteria,0.9994449019432068,0.585060,0.108689,0.049932,0.039459,0.179586,0.037275
NC_139181.1,NC_139181.1__M__100,M,100,1900,bacteria,0.9994493126869202,0.585060,0.108689,0.049932,0.039459,0.179586,0.037275
NC_139181.1,NC_139181.1__M__50,M,50,1950,eukarya,0.9127680659294128,0.074265,0.052936,0.593726,0.102559,0.071643,0.104870
NC_139181.1,NC_139181.1__M__1,M,1,1999,eukarya,0.9104112982749939,0.068984,0.048838,0.631263,0.089095,0.066469,0.095351
NC_138481.1,NC_138481.1__none__0,none,0,2000,eukarya,0.9936389327049255,0.075346,0.052973,0.577383,0.114316,0.071275,0.108708
NC_138481.1,NC_138481.1__M__500,M,500,1500,bacteria,0.9906576871871948,0.585060,0.108689,0.049932,0.039459,0.179586,0.037275
NC_138481.1,NC_138481.1__M__450,M,450,1550,bacteria,0.9907490611076355,0.585060,0.108689,0.049932,0.039459,0.179586,0.037275
NC_138481.1,NC_138481.1__M__400,M,400,1600,bacteria,0.9911432266235352,0.585060,0.108689,0.049932,0.039459,0.179586,0.037275
NC_138481.1,NC_138481.1__M__350,M,350,1650,bacteria,0.9995255470275879,0.585060,0.108689,0.049932,0.039459,0.179586,0.037275
NC_138481.1,NC_138481.1__M__300,M,300,1700,bacteria,0.9998383522033691,0.585060,0.108689,0.049932,0.039459,0.179586,0.037275
NC_138481.1,NC_138481.1__M__250,M,250,1750,bacteria,0.9998934268951416,0.585060,0.108689,0.049932,0.039459,0.179586,0.037275
NC_138481.1,NC_138481.1__M__200,M,200,1800,bacteria,0.9999029636383057,0.585060,0.108689,0.049932,0.039459,0.179586,0.037275
NC_138481.1,NC_138481.1__M__150,M,150,1850,bacteria,0.9999022483825684,0.585060,0.108689,0.049932,0.039459,0.179586,0.037275
NC_138481.1,NC_138481.1__M__100,M,100,1900,bacteria,0.9998874664306641,0.585060,0.108689,0.049932,0.039459,0.179586,0.037275
NC_138481.1,NC_138481.1__M__50,M,50,1950,eukarya,0.9925980567932129,0.078501,0.056715,0.556070,0.115791,0.075945,0.116978
NC_138481.1,NC_138481.1__M__1,M,1,1999,eukarya,0.9937760829925537,0.075346,0.052973,0.577383,0.114316,0.071275,0.108708
NC_137529.1,NC_137529.1__none__0,none,0,2000,eukarya,0.9428442716598511,0.076562,0.060991,0.585207,0.091916,0.071741,0.113583
NC_137529.1,NC_137529.1__M__500,M,500,1500,bacteria,0.9885377883911133,0.585060,0.108689,0.049932,0.039459,0.179586,0.037275
NC_137529.1,NC_137529.1__M__450,M,450,1550,bacteria,0.9877405762672424,0.585060,0.108689,0.049932,0.039459,0.179586,0.037275
NC_137529.1,NC_137529.1__M__400,M,400,1600,bacteria,0.9874739646911621,0.585060,0.108689,0.049932,0.039459,0.179586,0.037275
NC_137529.1,NC_137529.1__M__350,M,350,1650,bacteria,0.9991310238838196,0.585060,0.108689,0.049932,0.039459,0.179586,0.037275
NC_137529.1,NC_137529.1__M__300,M,300,1700,bacteria,0.9991874098777771,0.585060,0.108689,0.049932,0.039459,0.179586,0.037275
NC_137529.1,NC_137529.1__M__250,M,250,1750,bacteria,0.999416708946228,0.585060,0.108689,0.049932,0.039459,0.179586,0.037275
NC_137529.1,NC_137529.1__M__200,M,200,1800,bacteria,0.9995654225349426,0.585060,0.108689,0.049932,0.039459,0.179586,0.037275
NC_137529.1,NC_137529.1__M__150,M,150,1850,bacteria,0.9996091723442078,0.585060,0.108689,0.049932,0.039459,0.179586,0.037275
NC_137529.1,NC_137529.1__M__100,M,100,1900,bacteria,0.9996387958526611,0.585060,0.108689,0.049932,0.039459,0.179586,0.037275
NC_137529.1,NC_137529.1__M__50,M,50,1950,eukarya,0.9416913390159607,0.080176,0.060520,0.556651,0.105719,0.077004,0.119929
NC_137529.1,NC_137529.1__M__1,M,1,1999,eukarya,0.9447414875030518,0.076562,0.060991,0.585207,0.091916,0.071741,0.113583
NC_117365.1,NC_117365.1__none__0,none,0,2000,eukarya,0.993047297000885,0.073523,0.055288,0.575449,0.110573,0.073175,0.111992
NC_117365.1,NC_117365.1__M__500,M,500,1500,bacteria,0.9927482008934021,0.585060,0.108689,0.049932,0.039459,0.179586,0.037275
NC_117365.1,NC_117365.1__M__450,M,450,1550,bacteria,0.992878258228302,0.585060,0.108689,0.049932,0.039459,0.179586,0.037275
NC_117365.1,NC_117365.1__M__400,M,400,1600,bacteria,0.9926309585571289,0.585060,0.108689,0.049932,0.039459,0.179586,0.037275
NC_117365.1,NC_117365.1__M__350,M,350,1650,bacteria,0.9999340772628784,0.585060,0.108689,0.049932,0.039459,0.179586,0.037275
NC_117365.1,NC_117365.1__M__300,M,300,1700,bacteria,0.9999330043792725,0.585060,0.108689,0.049932,0.039459,0.179586,0.037275
NC_117365.1,NC_117365.1__M__250,M,250,1750,bacteria,0.9999334812164307,0.585060,0.108689,0.049932,0.039459,0.179586,0.037275
NC_117365.1,NC_117365.1__M__200,M,200,1800,bacteria,0.9999324083328247,0.585060,0.108689,0.049932,0.039459,0.179586,0.037275
NC_117365.1,NC_117365.1__M__150,M,150,1850,bacteria,0.9999086856842041,0.585060,0.108689,0.049932,0.039459,0.179586,0.037275
NC_117365.1,NC_117365.1__M__100,M,100,1900,bacteria,0.9998780488967896,0.585060,0.108689,0.049932,0.039459,0.179586,0.037275
NC_117365.1,NC_117365.1__M__50,M,50,1950,eukarya,0.992377758026123,0.076565,0.059980,0.548433,0.119097,0.079187,0.116738
NC_117365.1,NC_117365.1__M__1,M,1,1999,eukarya,0.9921854138374329,0.073523,0.055288,0.575449,0.110573,0.073175,0.111992
NC_078320.1,NC_078320.1__none__0,none,0,2000,eukarya,0.998217761516571,0.076209,0.050634,0.599319,0.096870,0.067568,0.109401
NC_078320.1,NC_078320.1__M__500,M,500,1500,bacteria,0.9950495362281799,0.585060,0.108689,0.049932,0.039459,0.179586,0.037275
NC_078320.1,NC_078320.1__M__450,M,450,1550,bacteria,0.9950166344642639,0.585060,0.108689,0.049932,0.039459,0.179586,0.037275
NC_078320.1,NC_078320.1__M__400,M,400,1600,bacteria,0.9949315190315247,0.585060,0.108689,0.049932,0.039459,0.179586,0.037275
NC_078320.1,NC_078320.1__M__350,M,350,1650,bacteria,0.9999468326568604,0.585060,0.108689,0.049932,0.039459,0.179586,0.037275
NC_078320.1,NC_078320.1__M__300,M,300,1700,bacteria,0.9999712705612183,0.585060,0.108689,0.049932,0.039459,0.179586,0.037275
NC_078320.1,NC_078320.1__M__250,M,250,1750,bacteria,0.9999734163284302,0.585060,0.108689,0.049932,0.039459,0.179586,0.037275
NC_078320.1,NC_078320.1__M__200,M,200,1800,bacteria,0.9999715089797974,0.585060,0.108689,0.049932,0.039459,0.179586,0.037275
NC_078320.1,NC_078320.1__M__150,M,150,1850,bacteria,0.9999725818634033,0.585060,0.108689,0.049932,0.039459,0.179586,0.037275
NC_078320.1,NC_078320.1__M__100,M,100,1900,bacteria,0.9999724626541138,0.585060,0.108689,0.049932,0.039459,0.179586,0.037275
NC_078320.1,NC_078320.1__M__50,M,50,1950,eukarya,0.9985853433609009,0.078377,0.056852,0.560162,0.109916,0.077481,0.117211
NC_078320.1,NC_078320.1__M__1,M,1,1999,eukarya,0.9982263445854187,0.076209,0.050634,0.599319,0.096870,0.067568,0.109401
NC_078100.1,NC_078100.1__none__0,none,0,2000,eukarya,0.998420000076294,0.077323,0.059436,0.516037,0.130387,0.073266,0.143551
NC_078100.1,NC_078100.1__M__500,M,500,1500,bacteria,0.9966933727264404,0.585060,0.108689,0.049932,0.039459,0.179586,0.037275
NC_078100.1,NC_078100.1__M__450,M,450,1550,bacteria,0.9967558979988098,0.585060,0.108689,0.049932,0.039459,0.179586,0.037275
NC_078100.1,NC_078100.1__M__400,M,400,1600,bacteria,0.9967572093009949,0.585060,0.108689,0.049932,0.039459,0.179586,0.037275
NC_078100.1,NC_078100.1__M__350,M,350,1650,bacteria,0.9999847412109375,0.585060,0.108689,0.049932,0.039459,0.179586,0.037275
NC_078100.1,NC_078100.1__M__300,M,300,1700,bacteria,0.9999853372573853,0.585060,0.108689,0.049932,0.039459,0.179586,0.037275
NC_078100.1,NC_078100.1__M__250,M,250,1750,bacteria,0.9999856948852539,0.585060,0.108689,0.049932,0.039459,0.179586,0.037275
NC_078100.1,NC_078100.1__M__200,M,200,1800,bacteria,0.9999815225601196,0.585060,0.108689,0.049932,0.039459,0.179586,0.037275
NC_078100.1,NC_078100.1__M__150,M,150,1850,bacteria,0.9999768733978271,0.585060,0.108689,0.049932,0.039459,0.179586,0.037275
NC_078100.1,NC_078100.1__M__100,M,100,1900,bacteria,0.9999737739562988,0.585060,0.108689,0.049932,0.039459,0.179586,0.037275
NC_078100.1,NC_078100.1__M__50,M,50,1950,eukarya,0.9981343150138855,0.076828,0.061687,0.519945,0.123983,0.078647,0.138910
NC_078100.1,NC_078100.1__M__1,M,1,1999,eukarya,0.998339056968689,0.077323,0.059436,0.516037,0.130387,0.073266,0.143551
NC_078225.1,NC_078225.1__none__0,none,0,2000,eukarya,0.9996077418327332,0.076369,0.052070,0.557253,0.096483,0.064967,0.152858
NC_078225.1,NC_078225.1__M__500,M,500,1500,bacteria,0.9964625239372253,0.585060,0.108689,0.049932,0.039459,0.179586,0.037275
NC_078225.1,NC_078225.1__M__450,M,450,1550,bacteria,0.9965057373046875,0.585060,0.108689,0.049932,0.039459,0.179586,0.037275
NC_078225.1,NC_078225.1__M__400,M,400,1600,bacteria,0.9965699911117554,0.585060,0.108689,0.049932,0.039459,0.179586,0.037275
NC_078225.1,NC_078225.1__M__350,M,350,1650,bacteria,0.9999500513076782,0.585060,0.108689,0.049932,0.039459,0.179586,0.037275
NC_078225.1,NC_078225.1__M__300,M,300,1700,bacteria,0.9999432563781738,0.585060,0.108689,0.049932,0.039459,0.179586,0.037275
NC_078225.1,NC_078225.1__M__250,M,250,1750,bacteria,0.9999597072601318,0.585060,0.108689,0.049932,0.039459,0.179586,0.037275
NC_078225.1,NC_078225.1__M__200,M,200,1800,bacteria,0.9999691247940063,0.585060,0.108689,0.049932,0.039459,0.179586,0.037275
NC_078225.1,NC_078225.1__M__150,M,150,1850,bacteria,0.9999731779098511,0.585060,0.108689,0.049932,0.039459,0.179586,0.037275
NC_078225.1,NC_078225.1__M__100,M,100,1900,bacteria,0.9999752044677734,0.585060,0.108689,0.049932,0.039459,0.179586,0.037275
NC_078225.1,NC_078225.1__M__50,M,50,1950,eukarya,0.9996606111526489,0.076555,0.052796,0.574257,0.092662,0.068397,0.135334
NC_078225.1,NC_078225.1__M__1,M,1,1999,eukarya,0.9995892643928528,0.076369,0.052070,0.557253,0.096483,0.064967,0.152858
NC_078270.1,NC_078270.1__none__0,none,0,2000,eukarya,0.9984205961227417,0.069621,0.057203,0.577239,0.102422,0.074743,0.118771
NC_078270.1,NC_078270.1__M__500,M,500,1500,bacteria,0.9963887929916382,0.585060,0.108689,0.049932,0.039459,0.179586,0.037275
NC_078270.1,NC_078270.1__M__450,M,450,1550,bacteria,0.996399998664856,0.585060,0.108689,0.049932,0.039459,0.179586,0.037275
NC_078270.1,NC_078270.1__M__400,M,400,1600,bacteria,0.9965782761573792,0.585060,0.108689,0.049932,0.039459,0.179586,0.037275
NC_078270.1,NC_078270.1__M__350,M,350,1650,bacteria,0.9999666213989258,0.585060,0.108689,0.049932,0.039459,0.179586,0.037275
NC_078270.1,NC_078270.1__M__300,M,300,1700,bacteria,0.9999672174453735,0.585060,0.108689,0.049932,0.039459,0.179586,0.037275
NC_078270.1,NC_078270.1__M__250,M,250,1750,bacteria,0.9999712705612183,0.585060,0.108689,0.049932,0.039459,0.179586,0.037275
NC_078270.1,NC_078270.1__M__200,M,200,1800,bacteria,0.9999704360961914,0.585060,0.108689,0.049932,0.039459,0.179586,0.037275
NC_078270.1,NC_078270.1__M__150,M,150,1850,bacteria,0.9999672174453735,0.585060,0.108689,0.049932,0.039459,0.179586,0.037275
NC_078270.1,NC_078270.1__M__100,M,100,1900,bacteria,0.9999624490737915,0.585060,0.108689,0.049932,0.039459,0.179586,0.037275
NC_078270.1,NC_078270.1__M__50,M,50,1950,eukarya,0.9971611499786377,0.072078,0.059497,0.565236,0.106451,0.079380,0.117357
NC_078270.1,NC_078270.1__M__1,M,1,1999,eukarya,0.998392641544342,0.069621,0.057203,0.577239,0.102422,0.074743,0.118771
NC_078409.1,NC_078409.1__none__0,none,0,2000,eukarya,0.999779999256134,0.070710,0.054620,0.542787,0.135186,0.067080,0.129617
NC_078409.1,NC_078409.1__M__500,M,500,1500,bacteria,0.994739830493927,0.585060,0.108689,0.049932,0.039459,0.179586,0.037275
NC_078409.1,NC_078409.1__M__450,M,450,1550,bacteria,0.9943570494651794,0.585060,0.108689,0.049932,0.039459,0.179586,0.037275
NC_078409.1,NC_078409.1__M__400,M,400,1600,bacteria,0.9943702816963196,0.585060,0.108689,0.049932,0.039459,0.179586,0.037275
NC_078409.1,NC_078409.1__M__350,M,350,1650,bacteria,0.9999866485595703,0.585060,0.108689,0.049932,0.039459,0.179586,0.037275
NC_078409.1,NC_078409.1__M__300,M,300,1700,bacteria,0.9999819993972778,0.585060,0.108689,0.049932,0.039459,0.179586,0.037275
NC_078409.1,NC_078409.1__M__250,M,250,1750,bacteria,0.9999872446060181,0.585060,0.108689,0.049932,0.039459,0.179586,0.037275
NC_078409.1,NC_078409.1__M__200,M,200,1800,bacteria,0.9999860525131226,0.585060,0.108689,0.049932,0.039459,0.179586,0.037275
NC_078409.1,NC_078409.1__M__150,M,150,1850,bacteria,0.9999865293502808,0.585060,0.108689,0.049932,0.039459,0.179586,0.037275
NC_078409.1,NC_078409.1__M__100,M,100,1900,bacteria,0.9999876022338867,0.585060,0.108689,0.049932,0.039459,0.179586,0.037275
NC_078409.1,NC_078409.1__M__50,M,50,1950,eukarya,0.9997484087944031,0.075034,0.058688,0.531316,0.126311,0.075499,0.133152
NC_078409.1,NC_078409.1__M__1,M,1,1999,eukarya,0.9997878670692444,0.070710,0.054620,0.542787,0.135186,0.067080,0.129617
NC_078484.1,NC_078484.1__none__0,none,0,2000,eukarya,0.9932194352149963,0.069723,0.056305,0.559313,0.120224,0.071690,0.122745
NC_078484.1,NC_078484.1__M__500,M,500,1500,bacteria,0.9933987855911255,0.585060,0.108689,0.049932,0.039459,0.179586,0.037275
NC_078484.1,NC_078484.1__M__450,M,450,1550,bacteria,0.9932518601417542,0.585060,0.108689,0.049932,0.039459,0.179586,0.037275
NC_078484.1,NC_078484.1__M__400,M,400,1600,bacteria,0.9932645559310913,0.585060,0.108689,0.049932,0.039459,0.179586,0.037275
NC_078484.1,NC_078484.1__M__350,M,350,1650,bacteria,0.999848484992981,0.585060,0.108689,0.049932,0.039459,0.179586,0.037275
NC_078484.1,NC_078484.1__M__300,M,300,1700,bacteria,0.9998818635940552,0.585060,0.108689,0.049932,0.039459,0.179586,0.037275
NC_078484.1,NC_078484.1__M__250,M,250,1750,bacteria,0.9998916387557983,0.585060,0.108689,0.049932,0.039459,0.179586,0.037275
NC_078484.1,NC_078484.1__M__200,M,200,1800,bacteria,0.9998724460601807,0.585060,0.108689,0.049932,0.039459,0.179586,0.037275
NC_078484.1,NC_078484.1__M__150,M,150,1850,bacteria,0.9998363256454468,0.585060,0.108689,0.049932,0.039459,0.179586,0.037275
NC_078484.1,NC_078484.1__M__100,M,100,1900,bacteria,0.9998226761817932,0.585060,0.108689,0.049932,0.039459,0.179586,0.037275
NC_078484.1,NC_078484.1__M__50,M,50,1950,eukarya,0.9941052198410034,0.072551,0.058807,0.554064,0.118037,0.074913,0.121628
NC_078484.1,NC_078484.1__M__1,M,1,1999,eukarya,0.9933331608772278,0.069723,0.056305,0.559313,0.120224,0.071690,0.122745
NC_078627.1,NC_078627.1__none__0,none,0,2000,eukarya,0.9994491934776306,0.075100,0.052821,0.579419,0.112555,0.072547,0.107557
NC_078627.1,NC_078627.1__M__500,M,500,1500,bacteria,0.9976410865783691,0.585060,0.108689,0.049932,0.039459,0.179586,0.037275
NC_078627.1,NC_078627.1__M__450,M,450,1550,bacteria,0.9975467324256897,0.585060,0.108689,0.049932,0.039459,0.179586,0.037275
NC_078627.1,NC_078627.1__M__400,M,400,1600,bacteria,0.9976065158843994,0.585060,0.108689,0.049932,0.039459,0.179586,0.037275
NC_078627.1,NC_078627.1__M__350,M,350,1650,bacteria,0.9999831914901733,0.585060,0.108689,0.049932,0.039459,0.179586,0.037275
NC_078627.1,NC_078627.1__M__300,M,300,1700,bacteria,0.9999889135360718,0.585060,0.108689,0.049932,0.039459,0.179586,0.037275
NC_078627.1,NC_078627.1__M__250,M,250,1750,bacteria,0.9999890327453613,0.585060,0.108689,0.049932,0.039459,0.179586,0.037275
NC_078627.1,NC_078627.1__M__200,M,200,1800,bacteria,0.9999895095825195,0.585060,0.108689,0.049932,0.039459,0.179586,0.037275
NC_078627.1,NC_078627.1__M__150,M,150,1850,bacteria,0.9999878406524658,0.585060,0.108689,0.049932,0.039459,0.179586,0.037275
NC_078627.1,NC_078627.1__M__100,M,100,1900,bacteria,0.9999849796295166,0.585060,0.108689,0.049932,0.039459,0.179586,0.037275
NC_078627.1,NC_078627.1__M__50,M,50,1950,eukarya,0.9994695782661438,0.076924,0.055584,0.566314,0.111056,0.073389,0.116732
NC_078627.1,NC_078627.1__M__1,M,1,1999,eukarya,0.9994231462478638,0.075100,0.052821,0.579419,0.112555,0.072547,0.107557
NC_078670.1,NC_078670.1__none__0,none,0,2000,eukarya,0.9986938834190369,0.073959,0.054581,0.557395,0.105978,0.078327,0.129760
NC_078670.1,NC_078670.1__M__500,M,500,1500,bacteria,0.9967408776283264,0.585060,0.108689,0.049932,0.039459,0.179586,0.037275
NC_078670.1,NC_078670.1__M__450,M,450,1550,bacteria,0.9965294003486633,0.585060,0.108689,0.049932,0.039459,0.179586,0.037275
NC_078670.1,NC_078670.1__M__400,M,400,1600,bacteria,0.9963156580924988,0.585060,0.108689,0.049932,0.039459,0.179586,0.037275
NC_078670.1,NC_078670.1__M__350,M,350,1650,bacteria,0.9999673366546631,0.585060,0.108689,0.049932,0.039459,0.179586,0.037275
NC_078670.1,NC_078670.1__M__300,M,300,1700,bacteria,0.9999693632125854,0.585060,0.108689,0.049932,0.039459,0.179586,0.037275
NC_078670.1,NC_078670.1__M__250,M,250,1750,bacteria,0.999975323677063,0.585060,0.108689,0.049932,0.039459,0.179586,0.037275
NC_078670.1,NC_078670.1__M__200,M,200,1800,bacteria,0.9999814033508301,0.585060,0.108689,0.049932,0.039459,0.179586,0.037275
NC_078670.1,NC_078670.1__M__150,M,150,1850,bacteria,0.99997878074646,0.585060,0.108689,0.049932,0.039459,0.179586,0.037275
NC_078670.1,NC_078670.1__M__100,M,100,1900,bacteria,0.9999734163284302,0.585060,0.108689,0.049932,0.039459,0.179586,0.037275
NC_078670.1,NC_078670.1__M__50,M,50,1950,eukarya,0.9989352822303772,0.073573,0.057506,0.557961,0.108478,0.080177,0.122305
NC_078670.1,NC_078670.1__M__1,M,1,1999,eukarya,0.998713493347168,0.073959,0.054581,0.557395,0.105978,0.078327,0.129760
NC_078676.1,NC_078676.1__none__0,none,0,2000,eukarya,0.9992662072181702,0.071586,0.062160,0.566709,0.100978,0.066420,0.132147
NC_078676.1,NC_078676.1__M__500,M,500,1500,bacteria,0.9970852732658386,0.585060,0.108689,0.049932,0.039459,0.179586,0.037275
NC_078676.1,NC_078676.1__M__450,M,450,1550,bacteria,0.9970661997795105,0.585060,0.108689,0.049932,0.039459,0.179586,0.037275
NC_078676.1,NC_078676.1__M__400,M,400,1600,bacteria,0.9969298243522644,0.585060,0.108689,0.049932,0.039459,0.179586,0.037275
NC_078676.1,NC_078676.1__M__350,M,350,1650,bacteria,0.9999803304672241,0.585060,0.108689,0.049932,0.039459,0.179586,0.037275
NC_078676.1,NC_078676.1__M__300,M,300,1700,bacteria,0.9999788999557495,0.585060,0.108689,0.049932,0.039459,0.179586,0.037275
NC_078676.1,NC_078676.1__M__250,M,250,1750,bacteria,0.9999734163284302,0.585060,0.108689,0.049932,0.039459,0.179586,0.037275
NC_078676.1,NC_078676.1__M__200,M,200,1800,bacteria,0.9999735355377197,0.585060,0.108689,0.049932,0.039459,0.179586,0.037275
NC_078676.1,NC_078676.1__M__150,M,150,1850,bacteria,0.9999741315841675,0.585060,0.108689,0.049932,0.039459,0.179586,0.037275
NC_078676.1,NC_078676.1__M__100,M,100,1900,bacteria,0.9999747276306152,0.585060,0.108689,0.049932,0.039459,0.179586,0.037275
NC_078676.1,NC_078676.1__M__50,M,50,1950,eukarya,0.9992189407348633,0.073665,0.060324,0.574386,0.094466,0.075060,0.122099
NC_078676.1,NC_078676.1__M__1,M,1,1999,eukarya,0.9992682337760925,0.071586,0.062160,0.566709,0.100978,0.066420,0.132147
NC_078823.1,NC_078823.1__none__0,none,0,2000,eukarya,0.8940557837486267,0.072405,0.047390,0.629401,0.084681,0.061112,0.105011
NC_078823.1,NC_078823.1__M__500,M,500,1500,bacteria,0.9892426133155823,0.585060,0.108689,0.049932,0.039459,0.179586,0.037275
NC_078823.1,NC_078823.1__M__450,M,450,1550,bacteria,0.9890538454055786,0.585060,0.108689,0.049932,0.039459,0.179586,0.037275
NC_078823.1,NC_078823.1__M__400,M,400,1600,bacteria,0.989314079284668,0.585060,0.108689,0.049932,0.039459,0.179586,0.037275
NC_078823.1,NC_078823.1__M__350,M,350,1650,bacteria,0.9994932413101196,0.585060,0.108689,0.049932,0.039459,0.179586,0.037275
NC_078823.1,NC_078823.1__M__300,M,300,1700,bacteria,0.9994544386863708,0.585060,0.108689,0.049932,0.039459,0.179586,0.037275
NC_078823.1,NC_078823.1__M__250,M,250,1750,bacteria,0.9996064305305481,0.585060,0.108689,0.049932,0.039459,0.179586,0.037275
NC_078823.1,NC_078823.1__M__200,M,200,1800,bacteria,0.9996780157089233,0.585060,0.108689,0.049932,0.039459,0.179586,0.037275
NC_078823.1,NC_078823.1__M__150,M,150,1850,bacteria,0.9996911287307739,0.585060,0.108689,0.049932,0.039459,0.179586,0.037275
NC_078823.1,NC_078823.1__M__100,M,100,1900,bacteria,0.9996778964996338,0.585060,0.108689,0.049932,0.039459,0.179586,0.037275
NC_078823.1,NC_078823.1__M__50,M,50,1950,eukarya,0.9178518652915955,0.077839,0.057339,0.576910,0.105340,0.073922,0.108649
NC_078823.1,NC_078823.1__M__1,M,1,1999,eukarya,0.896869421005249,0.072405,0.047390,0.629401,0.084681,0.061112,0.105011
NC_078826.1,NC_078826.1__none__0,none,0,2000,eukarya,0.9596318006515503,0.074557,0.053027,0.562436,0.110337,0.074631,0.125011
NC_078826.1,NC_078826.1__M__500,M,500,1500,bacteria,0.9948987364768982,0.585060,0.108689,0.049932,0.039459,0.179586,0.037275
NC_078826.1,NC_078826.1__M__450,M,450,1550,bacteria,0.9948002099990845,0.585060,0.108689,0.049932,0.039459,0.179586,0.037275
NC_078826.1,NC_078826.1__M__400,M,400,1600,bacteria,0.9949304461479187,0.585060,0.108689,0.049932,0.039459,0.179586,0.037275
NC_078826.1,NC_078826.1__M__350,M,350,1650,bacteria,0.999840497970581,0.585060,0.108689,0.049932,0.039459,0.179586,0.037275
NC_078826.1,NC_078826.1__M__300,M,300,1700,bacteria,0.9997690320014954,0.585060,0.108689,0.049932,0.039459,0.179586,0.037275
NC_078826.1,NC_078826.1__M__250,M,250,1750,bacteria,0.9998433589935303,0.585060,0.108689,0.049932,0.039459,0.179586,0.037275
NC_078826.1,NC_078826.1__M__200,M,200,1800,bacteria,0.9998266100883484,0.585060,0.108689,0.049932,0.039459,0.179586,0.037275
NC_078826.1,NC_078826.1__M__150,M,150,1850,bacteria,0.9997677206993103,0.585060,0.108689,0.049932,0.039459,0.179586,0.037275
NC_078826.1,NC_078826.1__M__100,M,100,1900,bacteria,0.9997542500495911,0.585060,0.108689,0.049932,0.039459,0.179586,0.037275
NC_078826.1,NC_078826.1__M__50,M,50,1950,eukarya,0.9624159336090088,0.074587,0.054841,0.556471,0.111912,0.078201,0.123989
NC_078826.1,NC_078826.1__M__1,M,1,1999,eukarya,0.9571032524108887,0.074557,0.053027,0.562436,0.110337,0.074631,0.125011
NC_078867.1,NC_078867.1__none__0,none,0,2000,eukarya,0.9992451667785645,0.073290,0.059302,0.553926,0.122734,0.067143,0.123606
NC_078867.1,NC_078867.1__M__500,M,500,1500,bacteria,0.9965997338294983,0.585060,0.108689,0.049932,0.039459,0.179586,0.037275
NC_078867.1,NC_078867.1__M__450,M,450,1550,bacteria,0.9964015483856201,0.585060,0.108689,0.049932,0.039459,0.179586,0.037275
NC_078867.1,NC_078867.1__M__400,M,400,1600,bacteria,0.996311604976654,0.585060,0.108689,0.049932,0.039459,0.179586,0.037275
NC_078867.1,NC_078867.1__M__350,M,350,1650,bacteria,0.9999712705612183,0.585060,0.108689,0.049932,0.039459,0.179586,0.037275
NC_078867.1,NC_078867.1__M__300,M,300,1700,bacteria,0.999968409538269,0.585060,0.108689,0.049932,0.039459,0.179586,0.037275
NC_078867.1,NC_078867.1__M__250,M,250,1750,bacteria,0.9999595880508423,0.585060,0.108689,0.049932,0.039459,0.179586,0.037275
NC_078867.1,NC_078867.1__M__200,M,200,1800,bacteria,0.9999598264694214,0.585060,0.108689,0.049932,0.039459,0.179586,0.037275
NC_078867.1,NC_078867.1__M__150,M,150,1850,bacteria,0.9999604225158691,0.585060,0.108689,0.049932,0.039459,0.179586,0.037275
NC_078867.1,NC_078867.1__M__100,M,100,1900,bacteria,0.9999610185623169,0.585060,0.108689,0.049932,0.039459,0.179586,0.037275
NC_078867.1,NC_078867.1__M__50,M,50,1950,eukarya,0.9990020394325256,0.075789,0.056330,0.571351,0.114093,0.067602,0.114835
NC_078867.1,NC_078867.1__M__1,M,1,1999,eukarya,0.9992122650146484,0.073290,0.059302,0.553926,0.122734,0.067143,0.123606
NC_078917.1,NC_078917.1__none__0,none,0,2000,eukarya,0.9969329833984375,0.072139,0.058568,0.581860,0.098570,0.075905,0.112958
NC_078917.1,NC_078917.1__M__500,M,500,1500,bacteria,0.9965772032737732,0.585060,0.108689,0.049932,0.039459,0.179586,0.037275
NC_078917.1,NC_078917.1__M__450,M,450,1550,bacteria,0.9965789914131165,0.585060,0.108689,0.049932,0.039459,0.179586,0.037275
NC_078917.1,NC_078917.1__M__400,M,400,1600,bacteria,0.9965709447860718,0.585060,0.108689,0.049932,0.039459,0.179586,0.037275
NC_078917.1,NC_078917.1__M__350,M,350,1650,bacteria,0.9999560117721558,0.585060,0.108689,0.049932,0.039459,0.179586,0.037275
NC_078917.1,NC_078917.1__M__300,M,300,1700,bacteria,0.9999604225158691,0.585060,0.108689,0.049932,0.039459,0.179586,0.037275
NC_078917.1,NC_078917.1__M__250,M,250,1750,bacteria,0.999962329864502,0.585060,0.108689,0.049932,0.039459,0.179586,0.037275
NC_078917.1,NC_078917.1__M__200,M,200,1800,bacteria,0.9999607801437378,0.585060,0.108689,0.049932,0.039459,0.179586,0.037275
NC_078917.1,NC_078917.1__M__150,M,150,1850,bacteria,0.9999624490737915,0.585060,0.108689,0.049932,0.039459,0.179586,0.037275
NC_078917.1,NC_078917.1__M__100,M,100,1900,bacteria,0.9999591112136841,0.585060,0.108689,0.049932,0.039459,0.179586,0.037275
NC_078917.1,NC_078917.1__M__50,M,50,1950,eukarya,0.9977608919143677,0.075120,0.059396,0.561561,0.107847,0.081887,0.114189
NC_078917.1,NC_078917.1__M__1,M,1,1999,eukarya,0.9969488978385925,0.072139,0.058568,0.581860,0.098570,0.075905,0.112958
NC_079036.1,NC_079036.1__none__0,none,0,2000,eukarya,0.9986456036567688,0.078685,0.058718,0.559061,0.100197,0.074007,0.129333
NC_079036.1,NC_079036.1__M__500,M,500,1500,bacteria,0.9950788021087646,0.585060,0.108689,0.049932,0.039459,0.179586,0.037275
NC_079036.1,NC_079036.1__M__450,M,450,1550,bacteria,0.9949222207069397,0.585060,0.108689,0.049932,0.039459,0.179586,0.037275
NC_079036.1,NC_079036.1__M__400,M,400,1600,bacteria,0.9949331879615784,0.585060,0.108689,0.049932,0.039459,0.179586,0.037275
NC_079036.1,NC_079036.1__M__350,M,350,1650,bacteria,0.9999160766601562,0.585060,0.108689,0.049932,0.039459,0.179586,0.037275
NC_079036.1,NC_079036.1__M__300,M,300,1700,bacteria,0.9999327659606934,0.585060,0.108689,0.049932,0.039459,0.179586,0.037275
NC_079036.1,NC_079036.1__M__250,M,250,1750,bacteria,0.9999222755432129,0.585060,0.108689,0.049932,0.039459,0.179586,0.037275
NC_079036.1,NC_079036.1__M__200,M,200,1800,bacteria,0.9999319314956665,0.585060,0.108689,0.049932,0.039459,0.179586,0.037275
NC_079036.1,NC_079036.1__M__150,M,150,1850,bacteria,0.999946117401123,0.585060,0.108689,0.049932,0.039459,0.179586,0.037275
NC_079036.1,NC_079036.1__M__100,M,100,1900,bacteria,0.999950647354126,0.585060,0.108689,0.049932,0.039459,0.179586,0.037275
NC_079036.1,NC_079036.1__M__50,M,50,1950,eukarya,0.9980744123458862,0.077261,0.063758,0.532923,0.109343,0.083397,0.133319
NC_079036.1,NC_079036.1__M__1,M,1,1999,eukarya,0.9984159469604492,0.078685,0.058718,0.559061,0.100197,0.074007,0.129333
NC_079122.1,NC_079122.1__none__0,none,0,2000,eukarya,0.9998784065246582,0.065594,0.049230,0.564224,0.105492,0.067918,0.147543
NC_079122.1,NC_079122.1__M__500,M,500,1500,bacteria,0.9956531524658203,0.585060,0.108689,0.049932,0.039459,0.179586,0.037275
NC_079122.1,NC_079122.1__M__450,M,450,1550,bacteria,0.9956108927726746,0.585060,0.108689,0.049932,0.039459,0.179586,0.037275
NC_079122.1,NC_079122.1__M__400,M,400,1600,bacteria,0.9954041242599487,0.585060,0.108689,0.049932,0.039459,0.179586,0.037275
NC_079122.1,NC_079122.1__M__350,M,350,1650,bacteria,0.9999889135360718,0.585060,0.108689,0.049932,0.039459,0.179586,0.037275
NC_079122.1,NC_079122.1__M__300,M,300,1700,bacteria,0.9999916553497314,0.585060,0.108689,0.049932,0.039459,0.179586,0.037275
NC_079122.1,NC_079122.1__M__250,M,250,1750,bacteria,0.999991774559021,0.585060,0.108689,0.049932,0.039459,0.179586,0.037275
NC_079122.1,NC_079122.1__M__200,M,200,1800,bacteria,0.9999915361404419,0.585060,0.108689,0.049932,0.039459,0.179586,0.037275
NC_079122.1,NC_079122.1__M__150,M,150,1850,bacteria,0.9999915361404419,0.585060,0.108689,0.049932,0.039459,0.179586,0.037275
NC_079122.1,NC_079122.1__M__100,M,100,1900,bacteria,0.9999910593032837,0.585060,0.108689,0.049932,0.039459,0.179586,0.037275
NC_079122.1,NC_079122.1__M__50,M,50,1950,eukarya,0.9999039173126221,0.069101,0.054629,0.529800,0.113534,0.080462,0.152473
NC_079122.1,NC_079122.1__M__1,M,1,1999,eukarya,0.9998824596405029,0.065594,0.049230,0.564224,0.105492,0.067918,0.147543
NC_075296.1,NC_075296.1__none__0,none,0,2000,eukarya,0.9052726626396179,0.081379,0.062583,0.541500,0.102928,0.082920,0.128690
NC_075296.1,NC_075296.1__M__500,M,500,1500,bacteria,0.9905783534049988,0.585060,0.108689,0.049932,0.039459,0.179586,0.037275
NC_075296.1,NC_075296.1__M__450,M,450,1550,bacteria,0.990216851234436,0.585060,0.108689,0.049932,0.039459,0.179586,0.037275
NC_075296.1,NC_075296.1__M__400,M,400,1600,bacteria,0.9901450872421265,0.585060,0.108689,0.049932,0.039459,0.179586,0.037275
NC_075296.1,NC_075296.1__M__350,M,350,1650,bacteria,0.9990620017051697,0.585060,0.108689,0.049932,0.039459,0.179586,0.037275
NC_075296.1,NC_075296.1__M__300,M,300,1700,bacteria,0.9993157386779785,0.585060,0.108689,0.049932,0.039459,0.179586,0.037275
NC_075296.1,NC_075296.1__M__250,M,250,1750,bacteria,0.9994590878486633,0.585060,0.108689,0.049932,0.039459,0.179586,0.037275
NC_075296.1,NC_075296.1__M__200,M,200,1800,bacteria,0.9994435906410217,0.585060,0.108689,0.049932,0.039459,0.179586,0.037275
NC_075296.1,NC_075296.1__M__150,M,150,1850,bacteria,0.9994509816169739,0.585060,0.108689,0.049932,0.039459,0.179586,0.037275
NC_075296.1,NC_075296.1__M__100,M,100,1900,bacteria,0.9994327425956726,0.585060,0.108689,0.049932,0.039459,0.179586,0.037275
NC_075296.1,NC_075296.1__M__50,M,50,1950,eukarya,0.9050469994544983,0.077663,0.062081,0.540592,0.108273,0.083388,0.128003
NC_075296.1,NC_075296.1__M__1,M,1,1999,eukarya,0.9105185270309448,0.081379,0.062583,0.541500,0.102928,0.082920,0.128690
NC_076013.1,NC_076013.1__none__0,none,0,2000,eukarya,0.9948347806930542,0.070684,0.056590,0.575668,0.110907,0.067038,0.119112
NC_076013.1,NC_076013.1__M__500,M,500,1500,bacteria,0.9930769205093384,0.585060,0.108689,0.049932,0.039459,0.179586,0.037275
NC_076013.1,NC_076013.1__M__450,M,450,1550,bacteria,0.9928176403045654,0.585060,0.108689,0.049932,0.039459,0.179586,0.037275
NC_076013.1,NC_076013.1__M__400,M,400,1600,bacteria,0.9925007224082947,0.585060,0.108689,0.049932,0.039459,0.179586,0.037275
NC_076013.1,NC_076013.1__M__350,M,350,1650,bacteria,0.9998443126678467,0.585060,0.108689,0.049932,0.039459,0.179586,0.037275
NC_076013.1,NC_076013.1__M__300,M,300,1700,bacteria,0.999923825263977,0.585060,0.108689,0.049932,0.039459,0.179586,0.037275
NC_076013.1,NC_076013.1__M__250,M,250,1750,bacteria,0.9999363422393799,0.585060,0.108689,0.049932,0.039459,0.179586,0.037275
NC_076013.1,NC_076013.1__M__200,M,200,1800,bacteria,0.9999086856842041,0.585060,0.108689,0.049932,0.039459,0.179586,0.037275
NC_076013.1,NC_076013.1__M__150,M,150,1850,bacteria,0.9998953342437744,0.585060,0.108689,0.049932,0.039459,0.179586,0.037275
NC_076013.1,NC_076013.1__M__100,M,100,1900,bacteria,0.9998821020126343,0.585060,0.108689,0.049932,0.039459,0.179586,0.037275
NC_076013.1,NC_076013.1__M__50,M,50,1950,eukarya,0.9955530762672424,0.074871,0.059684,0.558545,0.111687,0.075313,0.119900
NC_076013.1,NC_076013.1__M__1,M,1,1999,eukarya,0.9948996901512146,0.070684,0.056590,0.575668,0.110907,0.067038,0.119112
NC_076016.1,NC_076016.1__none__0,none,0,2000,eukarya,0.9990686774253845,0.068235,0.048962,0.573885,0.114524,0.074025,0.120369
NC_076016.1,NC_076016.1__M__500,M,500,1500,bacteria,0.9953806400299072,0.585060,0.108689,0.049932,0.039459,0.179586,0.037275
NC_076016.1,NC_076016.1__M__450,M,450,1550,bacteria,0.9953534603118896,0.585060,0.108689,0.049932,0.039459,0.179586,0.037275
NC_076016.1,NC_076016.1__M__400,M,400,1600,bacteria,0.995254635810852,0.585060,0.108689,0.049932,0.039459,0.179586,0.037275
NC_076016.1,NC_076016.1__M__350,M,350,1650,bacteria,0.9999246597290039,0.585060,0.108689,0.049932,0.039459,0.179586,0.037275
NC_076016.1,NC_076016.1__M__300,M,300,1700,bacteria,0.9999551773071289,0.585060,0.108689,0.049932,0.039459,0.179586,0.037275
NC_076016.1,NC_076016.1__M__250,M,250,1750,bacteria,0.9999586343765259,0.585060,0.108689,0.049932,0.039459,0.179586,0.037275
NC_076016.1,NC_076016.1__M__200,M,200,1800,bacteria,0.9999575614929199,0.585060,0.108689,0.049932,0.039459,0.179586,0.037275
NC_076016.1,NC_076016.1__M__150,M,150,1850,bacteria,0.9999624490737915,0.585060,0.108689,0.049932,0.039459,0.179586,0.037275
NC_076016.1,NC_076016.1__M__100,M,100,1900,bacteria,0.9999605417251587,0.585060,0.108689,0.049932,0.039459,0.179586,0.037275
NC_076016.1,NC_076016.1__M__50,M,50,1950,eukarya,0.9983978867530823,0.071992,0.054765,0.554519,0.115377,0.080587,0.122759
NC_076016.1,NC_076016.1__M__1,M,1,1999,eukarya,0.9990755319595337,0.068235,0.048962,0.573885,0.114524,0.074025,0.120369
NC_076099.1,NC_076099.1__none__0,none,0,2000,eukarya,0.9555563926696777,0.074711,0.064169,0.581259,0.091102,0.071256,0.117504
NC_076099.1,NC_076099.1__M__500,M,500,1500,bacteria,0.982698917388916,0.585060,0.108689,0.049932,0.039459,0.179586,0.037275
NC_076099.1,NC_076099.1__M__450,M,450,1550,bacteria,0.9828958511352539,0.585060,0.108689,0.049932,0.039459,0.179586,0.037275
NC_076099.1,NC_076099.1__M__400,M,400,1600,bacteria,0.9833003282546997,0.585060,0.108689,0.049932,0.039459,0.179586,0.037275
NC_076099.1,NC_076099.1__M__350,M,350,1650,bacteria,0.9987403750419617,0.585060,0.108689,0.049932,0.039459,0.179586,0.037275
NC_076099.1,NC_076099.1__M__300,M,300,1700,bacteria,0.9985324144363403,0.585060,0.108689,0.049932,0.039459,0.179586,0.037275
NC_076099.1,NC_076099.1__M__250,M,250,1750,bacteria,0.9985957741737366,0.585060,0.108689,0.049932,0.039459,0.179586,0.037275
NC_076099.1,NC_076099.1__M__200,M,200,1800,bacteria,0.9982578158378601,0.585060,0.108689,0.049932,0.039459,0.179586,0.037275
NC_076099.1,NC_076099.1__M__150,M,150,1850,bacteria,0.9976046085357666,0.585060,0.108689,0.049932,0.039459,0.179586,0.037275
NC_076099.1,NC_076099.1__M__100,M,100,1900,bacteria,0.9981075525283813,0.585060,0.108689,0.049932,0.039459,0.179586,0.037275
NC_076099.1,NC_076099.1__M__50,M,50,1950,eukarya,0.8293219208717346,0.080622,0.061082,0.568385,0.101667,0.079797,0.108447
NC_076099.1,NC_076099.1__M__1,M,1,1999,eukarya,0.9522116780281067,0.074711,0.064169,0.581259,0.091102,0.071256,0.117504
NC_076400.1,NC_076400.1__none__0,none,0,2000,bacteria,0.995372474193573,0.585060,0.108689,0.049932,0.039459,0.179586,0.037275
NC_076400.1,NC_076400.1__M__500,M,500,1500,bacteria,0.9955332279205322,0.585060,0.108689,0.049932,0.039459,0.179586,0.037275
NC_076400.1,NC_076400.1__M__450,M,450,1550,bacteria,0.9954019784927368,0.585060,0.108689,0.049932,0.039459,0.179586,0.037275
NC_076400.1,NC_076400.1__M__400,M,400,1600,bacteria,0.9954159259796143,0.585060,0.108689,0.049932,0.039459,0.179586,0.037275
NC_076400.1,NC_076400.1__M__350,M,350,1650,bacteria,0.9954105019569397,0.585060,0.108689,0.049932,0.039459,0.179586,0.037275
NC_076400.1,NC_076400.1__M__300,M,300,1700,bacteria,0.9954105019569397,0.585060,0.108689,0.049932,0.039459,0.179586,0.037275
NC_076400.1,NC_076400.1__M__250,M,250,1750,bacteria,0.9954105019569397,0.585060,0.108689,0.049932,0.039459,0.179586,0.037275
NC_076400.1,NC_076400.1__M__200,M,200,1800,bacteria,0.9954138398170471,0.585060,0.108689,0.049932,0.039459,0.179586,0.037275
NC_076400.1,NC_076400.1__M__150,M,150,1850,bacteria,0.9954162836074829,0.585060,0.108689,0.049932,0.039459,0.179586,0.037275
NC_076400.1,NC_076400.1__M__100,M,100,1900,bacteria,0.9953873753547668,0.585060,0.108689,0.049932,0.039459,0.179586,0.037275
NC_076400.1,NC_076400.1__M__50,M,50,1950,bacteria,0.9953892230987549,0.585060,0.108689,0.049932,0.039459,0.179586,0.037275
NC_076400.1,NC_076400.1__M__1,M,1,1999,bacteria,0.9953729510307312,0.585060,0.108689,0.049932,0.039459,0.179586,0.037275
NC_076412.1,NC_076412.1__none__0,none,0,2000,eukarya,0.9993250370025635,0.071847,0.057704,0.569464,0.109158,0.074053,0.117775
NC_076412.1,NC_076412.1__M__500,M,500,1500,bacteria,0.9965834021568298,0.585060,0.108689,0.049932,0.039459,0.179586,0.037275
NC_076412.1,NC_076412.1__M__450,M,450,1550,bacteria,0.9966875910758972,0.585060,0.108689,0.049932,0.039459,0.179586,0.037275
NC_076412.1,NC_076412.1__M__400,M,400,1600,bacteria,0.9965040683746338,0.585060,0.108689,0.049932,0.039459,0.179586,0.037275
NC_076412.1,NC_076412.1__M__350,M,350,1650,bacteria,0.9999691247940063,0.585060,0.108689,0.049932,0.039459,0.179586,0.037275
NC_076412.1,NC_076412.1__M__300,M,300,1700,bacteria,0.9999798536300659,0.585060,0.108689,0.049932,0.039459,0.179586,0.037275
NC_076412.1,NC_076412.1__M__250,M,250,1750,bacteria,0.9999806880950928,0.585060,0.108689,0.049932,0.039459,0.179586,0.037275
NC_076412.1,NC_076412.1__M__200,M,200,1800,bacteria,0.9999730587005615,0.585060,0.108689,0.049932,0.039459,0.179586,0.037275
NC_076412.1,NC_076412.1__M__150,M,150,1850,bacteria,0.9999709129333496,0.585060,0.108689,0.049932,0.039459,0.179586,0.037275
NC_076412.1,NC_076412.1__M__100,M,100,1900,bacteria,0.9999741315841675,0.585060,0.108689,0.049932,0.039459,0.179586,0.037275
NC_076412.1,NC_076412.1__M__50,M,50,1950,eukarya,0.9991106390953064,0.075198,0.058844,0.560641,0.106275,0.079526,0.119516
NC_076412.1,NC_076412.1__M__1,M,1,1999,eukarya,0.9993333220481873,0.071847,0.057704,0.569464,0.109158,0.074053,0.117775
NC_076598.1,NC_076598.1__none__0,none,0,2000,eukarya,0.9965973496437073,0.078244,0.052992,0.562231,0.110363,0.065640,0.130531
NC_076598.1,NC_076598.1__M__500,M,500,1500,bacteria,0.992191731929779,0.585060,0.108689,0.049932,0.039459,0.179586,0.037275
NC_076598.1,NC_076598.1__M__450,M,450,1550,bacteria,0.9923768043518066,0.585060,0.108689,0.049932,0.039459,0.179586,0.037275
NC_076598.1,NC_076598.1__M__400,M,400,1600,bacteria,0.9926109910011292,0.585060,0.108689,0.049932,0.039459,0.179586,0.037275
NC_076598.1,NC_076598.1__M__350,M,350,1650,bacteria,0.9999427795410156,0.585060,0.108689,0.049932,0.039459,0.179586,0.037275
NC_076598.1,NC_076598.1__M__300,M,300,1700,bacteria,0.9999336004257202,0.585060,0.108689,0.049932,0.039459,0.179586,0.037275
NC_076598.1,NC_076598.1__M__250,M,250,1750,bacteria,0.9999258518218994,0.585060,0.108689,0.049932,0.039459,0.179586,0.037275
NC_076598.1,NC_076598.1__M__200,M,200,1800,bacteria,0.9999388456344604,0.585060,0.108689,0.049932,0.039459,0.179586,0.037275
NC_076598.1,NC_076598.1__M__150,M,150,1850,bacteria,0.9999432563781738,0.585060,0.108689,0.049932,0.039459,0.179586,0.037275
NC_076598.1,NC_076598.1__M__100,M,100,1900,bacteria,0.9999394416809082,0.585060,0.108689,0.049932,0.039459,0.179586,0.037275
NC_076598.1,NC_076598.1__M__50,M,50,1950,eukarya,0.9968500733375549,0.081057,0.057239,0.560464,0.103871,0.070867,0.126502
NC_076598.1,NC_076598.1__M__1,M,1,1999,eukarya,0.9966932535171509,0.078244,0.052992,0.562231,0.110363,0.065640,0.130531
NC_076602.1,NC_076602.1__none__0,none,0,2000,eukarya,0.8325161337852478,0.075923,0.050538,0.583649,0.107305,0.074332,0.108254
NC_076602.1,NC_076602.1__M__500,M,500,1500,bacteria,0.9880908727645874,0.585060,0.108689,0.049932,0.039459,0.179586,0.037275
NC_076602.1,NC_076602.1__M__450,M,450,1550,bacteria,0.9884408712387085,0.585060,0.108689,0.049932,0.039459,0.179586,0.037275
NC_076602.1,NC_076602.1__M__400,M,400,1600,bacteria,0.9886360168457031,0.585060,0.108689,0.049932,0.039459,0.179586,0.037275
NC_076602.1,NC_076602.1__M__350,M,350,1650,bacteria,0.998887836933136,0.585060,0.108689,0.049932,0.039459,0.179586,0.037275
NC_076602.1,NC_076602.1__M__300,M,300,1700,bacteria,0.9991139769554138,0.585060,0.108689,0.049932,0.039459,0.179586,0.037275
NC_076602.1,NC_076602.1__M__250,M,250,1750,bacteria,0.999138593673706,0.585060,0.108689,0.049932,0.039459,0.179586,0.037275
NC_076602.1,NC_076602.1__M__200,M,200,1800,bacteria,0.9991888403892517,0.585060,0.108689,0.049932,0.039459,0.179586,0.037275
NC_076602.1,NC_076602.1__M__150,M,150,1850,bacteria,0.9992916584014893,0.585060,0.108689,0.049932,0.039459,0.179586,0.037275
NC_076602.1,NC_076602.1__M__100,M,100,1900,bacteria,0.999303936958313,0.585060,0.108689,0.049932,0.039459,0.179586,0.037275
NC_076602.1,NC_076602.1__M__50,M,50,1950,eukarya,0.8650029301643372,0.076355,0.058712,0.555628,0.111367,0.084427,0.113510
NC_076602.1,NC_076602.1__M__1,M,1,1999,eukarya,0.8251944780349731,0.075923,0.050538,0.583649,0.107305,0.074332,0.108254
NC_076658.1,NC_076658.1__none__0,none,0,2000,eukarya,0.9788057208061218,0.075391,0.057617,0.596893,0.095801,0.063693,0.110605
NC_076658.1,NC_076658.1__M__500,M,500,1500,bacteria,0.9917797446250916,0.585060,0.108689,0.049932,0.039459,0.179586,0.037275
NC_076658.1,NC_076658.1__M__450,M,450,1550,bacteria,0.9915213584899902,0.585060,0.108689,0.049932,0.039459,0.179586,0.037275
NC_076658.1,NC_076658.1__M__400,M,400,1600,bacteria,0.991607666015625,0.585060,0.108689,0.049932,0.039459,0.179586,0.037275
NC_076658.1,NC_076658.1__M__350,M,350,1650,bacteria,0.9996362924575806,0.585060,0.108689,0.049932,0.039459,0.179586,0.037275
NC_076658.1,NC_076658.1__M__300,M,300,1700,bacteria,0.9996582269668579,0.585060,0.108689,0.049932,0.039459,0.179586,0.037275
NC_076658.1,NC_076658.1__M__250,M,250,1750,bacteria,0.9996974468231201,0.585060,0.108689,0.049932,0.039459,0.179586,0.037275
NC_076658.1,NC_076658.1__M__200,M,200,1800,bacteria,0.9997915625572205,0.585060,0.108689,0.049932,0.039459,0.179586,0.037275
NC_076658.1,NC_076658.1__M__150,M,150,1850,bacteria,0.9997990727424622,0.585060,0.108689,0.049932,0.039459,0.179586,0.037275
NC_076658.1,NC_076658.1__M__100,M,100,1900,bacteria,0.9998055100440979,0.585060,0.108689,0.049932,0.039459,0.179586,0.037275
NC_076658.1,NC_076658.1__M__50,M,50,1950,eukarya,0.9792919754981995,0.076932,0.060466,0.562713,0.108777,0.075971,0.115140
NC_076658.1,NC_076658.1__M__1,M,1,1999,eukarya,0.9774966239929199,0.075391,0.057617,0.596893,0.095801,0.063693,0.110605
NC_076678.1,NC_076678.1__none__0,none,0,2000,eukarya,0.9628814458847046,0.077364,0.057062,0.562354,0.110415,0.080463,0.112342
NC_076678.1,NC_076678.1__M__500,M,500,1500,bacteria,0.9915928840637207,0.585060,0.108689,0.049932,0.039459,0.179586,0.037275
NC_076678.1,NC_076678.1__M__450,M,450,1550,bacteria,0.9919657707214355,0.585060,0.108689,0.049932,0.039459,0.179586,0.037275
NC_076678.1,NC_076678.1__M__400,M,400,1600,bacteria,0.9916080236434937,0.585060,0.108689,0.049932,0.039459,0.179586,0.037275
NC_076678.1,NC_076678.1__M__350,M,350,1650,bacteria,0.9997867941856384,0.585060,0.108689,0.049932,0.039459,0.179586,0.037275
NC_076678.1,NC_076678.1__M__300,M,300,1700,bacteria,0.9997946619987488,0.585060,0.108689,0.049932,0.039459,0.179586,0.037275
NC_076678.1,NC_076678.1__M__250,M,250,1750,bacteria,0.9997685551643372,0.585060,0.108689,0.049932,0.039459,0.179586,0.037275
NC_076678.1,NC_076678.1__M__200,M,200,1800,bacteria,0.9997673630714417,0.585060,0.108689,0.049932,0.039459,0.179586,0.037275
NC_076678.1,NC_076678.1__M__150,M,150,1850,bacteria,0.9997610449790955,0.585060,0.108689,0.049932,0.039459,0.179586,0.037275
NC_076678.1,NC_076678.1__M__100,M,100,1900,bacteria,0.9997561573982239,0.585060,0.108689,0.049932,0.039459,0.179586,0.037275
NC_076678.1,NC_076678.1__M__50,M,50,1950,eukarya,0.9485958814620972,0.080300,0.061800,0.537816,0.117010,0.083839,0.119236
NC_076678.1,NC_076678.1__M__1,M,1,1999,eukarya,0.9606255888938904,0.077364,0.057062,0.562354,0.110415,0.080463,0.112342
NC_076687.1,NC_076687.1__none__0,none,0,2000,eukarya,0.9987851977348328,0.082998,0.053327,0.522190,0.127098,0.057240,0.157147
NC_076687.1,NC_076687.1__M__500,M,500,1500,bacteria,0.9950758814811707,0.585060,0.108689,0.049932,0.039459,0.179586,0.037275
NC_076687.1,NC_076687.1__M__450,M,450,1550,bacteria,0.9949766397476196,0.585060,0.108689,0.049932,0.039459,0.179586,0.037275
NC_076687.1,NC_076687.1__M__400,M,400,1600,bacteria,0.9950860142707825,0.585060,0.108689,0.049932,0.039459,0.179586,0.037275
NC_076687.1,NC_076687.1__M__350,M,350,1650,bacteria,0.9998724460601807,0.585060,0.108689,0.049932,0.039459,0.179586,0.037275
NC_076687.1,NC_076687.1__M__300,M,300,1700,bacteria,0.999879002571106,0.585060,0.108689,0.049932,0.039459,0.179586,0.037275
NC_076687.1,NC_076687.1__M__250,M,250,1750,bacteria,0.9999173879623413,0.585060,0.108689,0.049932,0.039459,0.179586,0.037275
NC_076687.1,NC_076687.1__M__200,M,200,1800,bacteria,0.9999502897262573,0.585060,0.108689,0.049932,0.039459,0.179586,0.037275
NC_076687.1,NC_076687.1__M__150,M,150,1850,bacteria,0.9999516010284424,0.585060,0.108689,0.049932,0.039459,0.179586,0.037275
NC_076687.1,NC_076687.1__M__100,M,100,1900,bacteria,0.9999547004699707,0.585060,0.108689,0.049932,0.039459,0.179586,0.037275
NC_076687.1,NC_076687.1__M__50,M,50,1950,eukarya,0.9988289475440979,0.084264,0.052913,0.537120,0.125210,0.058676,0.141817
NC_076687.1,NC_076687.1__M__1,M,1,1999,eukarya,0.9986963868141174,0.082998,0.053327,0.522190,0.127098,0.057240,0.157147
NC_076725.1,NC_076725.1__none__0,none,0,2000,eukarya,0.24662336707115173,0.118029,0.047149,0.650684,0.051940,0.058834,0.073365
NC_076725.1,NC_076725.1__M__500,M,500,1500,bacteria,0.9805615544319153,0.585060,0.108689,0.049932,0.039459,0.179586,0.037275
NC_076725.1,NC_076725.1__M__450,M,450,1550,bacteria,0.9795944094657898,0.585060,0.108689,0.049932,0.039459,0.179586,0.037275
NC_076725.1,NC_076725.1__M__400,M,400,1600,bacteria,0.9799842238426208,0.585060,0.108689,0.049932,0.039459,0.179586,0.037275
NC_076725.1,NC_076725.1__M__350,M,350,1650,bacteria,0.9846042990684509,0.585060,0.108689,0.049932,0.039459,0.179586,0.037275
NC_076725.1,NC_076725.1__M__300,M,300,1700,bacteria,0.976763129234314,0.585060,0.108689,0.049932,0.039459,0.179586,0.037275
NC_076725.1,NC_076725.1__M__250,M,250,1750,bacteria,0.9812074303627014,0.585060,0.108689,0.049932,0.039459,0.179586,0.037275
NC_076725.1,NC_076725.1__M__200,M,200,1800,bacteria,0.9830924868583679,0.585060,0.108689,0.049932,0.039459,0.179586,0.037275
NC_076725.1,NC_076725.1__M__150,M,150,1850,bacteria,0.9888256192207336,0.585060,0.108689,0.049932,0.039459,0.179586,0.037275
NC_076725.1,NC_076725.1__M__100,M,100,1900,bacteria,0.9922985434532166,0.585060,0.108689,0.049932,0.039459,0.179586,0.037275
NC_076725.1,NC_076725.1__M__50,M,50,1950,eukarya,0.2375136762857437,0.095462,0.055336,0.608555,0.078791,0.069532,0.092323
NC_076725.1,NC_076725.1__M__1,M,1,1999,eukarya,0.22436533868312836,0.118029,0.047149,0.650684,0.051940,0.058834,0.073365
NC_076729.1,NC_076729.1__none__0,none,0,2000,eukarya,0.9048045873641968,0.073699,0.056612,0.547691,0.112947,0.081358,0.127692
NC_076729.1,NC_076729.1__M__500,M,500,1500,bacteria,0.9778283834457397,0.585060,0.108689,0.049932,0.039459,0.179586,0.037275
NC_076729.1,NC_076729.1__M__450,M,450,1550,bacteria,0.9788901805877686,0.585060,0.108689,0.049932,0.039459,0.179586,0.037275
NC_076729.1,NC_076729.1__M__400,M,400,1600,bacteria,0.9806031584739685,0.585060,0.108689,0.049932,0.039459,0.179586,0.037275
NC_076729.1,NC_076729.1__M__350,M,350,1650,bacteria,0.9942653775215149,0.585060,0.108689,0.049932,0.039459,0.179586,0.037275
NC_076729.1,NC_076729.1__M__300,M,300,1700,bacteria,0.9980418682098389,0.585060,0.108689,0.049932,0.039459,0.179586,0.037275
NC_076729.1,NC_076729.1__M__250,M,250,1750,bacteria,0.9987700581550598,0.585060,0.108689,0.049932,0.039459,0.179586,0.037275
NC_076729.1,NC_076729.1__M__200,M,200,1800,bacteria,0.9991492033004761,0.585060,0.108689,0.049932,0.039459,0.179586,0.037275
NC_076729.1,NC_076729.1__M__150,M,150,1850,bacteria,0.9993875026702881,0.585060,0.108689,0.049932,0.039459,0.179586,0.037275
NC_076729.1,NC_076729.1__M__100,M,100,1900,bacteria,0.9995272159576416,0.585060,0.108689,0.049932,0.039459,0.179586,0.037275
NC_076729.1,NC_076729.1__M__50,M,50,1950,eukarya,0.902447521686554,0.076060,0.058976,0.543778,0.115800,0.083361,0.122025
NC_076729.1,NC_076729.1__M__1,M,1,1999,eukarya,0.9058170914649963,0.073699,0.056612,0.547691,0.112947,0.081358,0.127692
NC_076823.1,NC_076823.1__none__0,none,0,2000,eukarya,0.9976435303688049,0.076224,0.052422,0.570490,0.114630,0.071800,0.114434
NC_076823.1,NC_076823.1__M__500,M,500,1500,bacteria,0.9941406846046448,0.585060,0.108689,0.049932,0.039459,0.179586,0.037275
NC_076823.1,NC_076823.1__M__450,M,450,1550,bacteria,0.9942078590393066,0.585060,0.108689,0.049932,0.039459,0.179586,0.037275
NC_076823.1,NC_076823.1__M__400,M,400,1600,bacteria,0.9942954182624817,0.585060,0.108689,0.049932,0.039459,0.179586,0.037275
NC_076823.1,NC_076823.1__M__350,M,350,1650,bacteria,0.9997969269752502,0.585060,0.108689,0.049932,0.039459,0.179586,0.037275
NC_076823.1,NC_076823.1__M__300,M,300,1700,bacteria,0.9998297691345215,0.585060,0.108689,0.049932,0.039459,0.179586,0.037275
NC_076823.1,NC_076823.1__M__250,M,250,1750,bacteria,0.9998390674591064,0.585060,0.108689,0.049932,0.039459,0.179586,0.037275
NC_076823.1,NC_076823.1__M__200,M,200,1800,bacteria,0.9998301267623901,0.585060,0.108689,0.049932,0.039459,0.179586,0.037275
NC_076823.1,NC_076823.1__M__150,M,150,1850,bacteria,0.99986732006073,0.585060,0.108689,0.049932,0.039459,0.179586,0.037275
NC_076823.1,NC_076823.1__M__100,M,100,1900,bacteria,0.9999008178710938,0.585060,0.108689,0.049932,0.039459,0.179586,0.037275
NC_076823.1,NC_076823.1__M__50,M,50,1950,eukarya,0.9952700734138489,0.079253,0.058001,0.545602,0.113520,0.073133,0.130492
NC_076823.1,NC_076823.1__M__1,M,1,1999,eukarya,0.9977073669433594,0.076224,0.052422,0.570490,0.114630,0.071800,0.114434
NC_076901.1,NC_076901.1__none__0,none,0,2000,eukarya,0.9925092458724976,0.070056,0.054891,0.566058,0.118664,0.077174,0.113157
NC_076901.1,NC_076901.1__M__500,M,500,1500,bacteria,0.9917312264442444,0.585060,0.108689,0.049932,0.039459,0.179586,0.037275
NC_076901.1,NC_076901.1__M__450,M,450,1550,bacteria,0.9917160868644714,0.585060,0.108689,0.049932,0.039459,0.179586,0.037275
NC_076901.1,NC_076901.1__M__400,M,400,1600,bacteria,0.9918686151504517,0.585060,0.108689,0.049932,0.039459,0.179586,0.037275
NC_076901.1,NC_076901.1__M__350,M,350,1650,bacteria,0.9999057054519653,0.585060,0.108689,0.049932,0.039459,0.179586,0.037275
NC_076901.1,NC_076901.1__M__300,M,300,1700,bacteria,0.9999167919158936,0.585060,0.108689,0.049932,0.039459,0.179586,0.037275
NC_076901.1,NC_076901.1__M__250,M,250,1750,bacteria,0.999936580657959,0.585060,0.108689,0.049932,0.039459,0.179586,0.037275
NC_076901.1,NC_076901.1__M__200,M,200,1800,bacteria,0.9999370574951172,0.585060,0.108689,0.049932,0.039459,0.179586,0.037275
NC_076901.1,NC_076901.1__M__150,M,150,1850,bacteria,0.9999315738677979,0.585060,0.108689,0.049932,0.039459,0.179586,0.037275
NC_076901.1,NC_076901.1__M__100,M,100,1900,bacteria,0.9999226331710815,0.585060,0.108689,0.049932,0.039459,0.179586,0.037275
NC_076901.1,NC_076901.1__M__50,M,50,1950,eukarya,0.9936960339546204,0.072261,0.057566,0.550545,0.120127,0.079261,0.120239
NC_076901.1,NC_076901.1__M__1,M,1,1999,eukarya,0.9926943778991699,0.070056,0.054891,0.566058,0.118664,0.077174,0.113157
NC_076937.1,NC_076937.1__none__0,none,0,2000,eukarya,0.998760461807251,0.073058,0.056899,0.546736,0.124199,0.070578,0.128530
NC_076937.1,NC_076937.1__M__500,M,500,1500,bacteria,0.9934971332550049,0.585060,0.108689,0.049932,0.039459,0.179586,0.037275
NC_076937.1,NC_076937.1__M__450,M,450,1550,bacteria,0.9936884045600891,0.585060,0.108689,0.049932,0.039459,0.179586,0.037275
NC_076937.1,NC_076937.1__M__400,M,400,1600,bacteria,0.9937475919723511,0.585060,0.108689,0.049932,0.039459,0.179586,0.037275
NC_076937.1,NC_076937.1__M__350,M,350,1650,bacteria,0.9998842477798462,0.585060,0.108689,0.049932,0.039459,0.179586,0.037275
NC_076937.1,NC_076937.1__M__300,M,300,1700,bacteria,0.9999232292175293,0.585060,0.108689,0.049932,0.039459,0.179586,0.037275
NC_076937.1,NC_076937.1__M__250,M,250,1750,bacteria,0.9999325275421143,0.585060,0.108689,0.049932,0.039459,0.179586,0.037275
NC_076937.1,NC_076937.1__M__200,M,200,1800,bacteria,0.9999544620513916,0.585060,0.108689,0.049932,0.039459,0.179586,0.037275
NC_076937.1,NC_076937.1__M__150,M,150,1850,bacteria,0.9999654293060303,0.585060,0.108689,0.049932,0.039459,0.179586,0.037275
NC_076937.1,NC_076937.1__M__100,M,100,1900,bacteria,0.9999688863754272,0.585060,0.108689,0.049932,0.039459,0.179586,0.037275
NC_076937.1,NC_076937.1__M__50,M,50,1950,eukarya,0.998856782913208,0.076556,0.058192,0.536011,0.124876,0.076307,0.128059
NC_076937.1,NC_076937.1__M__1,M,1,1999,eukarya,0.9987514019012451,0.073058,0.056899,0.546736,0.124199,0.070578,0.128530
NC_077019.1,NC_077019.1__none__0,none,0,2000,eukarya,0.9993184804916382,0.073753,0.052509,0.589095,0.117899,0.067004,0.099741
NC_077019.1,NC_077019.1__M__500,M,500,1500,bacteria,0.9952520132064819,0.585060,0.108689,0.049932,0.039459,0.179586,0.037275
NC_077019.1,NC_077019.1__M__450,M,450,1550,bacteria,0.9950443506240845,0.585060,0.108689,0.049932,0.039459,0.179586,0.037275
NC_077019.1,NC_077019.1__M__400,M,400,1600,bacteria,0.9947596192359924,0.585060,0.108689,0.049932,0.039459,0.179586,0.037275
NC_077019.1,NC_077019.1__M__350,M,350,1650,bacteria,0.9999853372573853,0.585060,0.108689,0.049932,0.039459,0.179586,0.037275
NC_077019.1,NC_077019.1__M__300,M,300,1700,bacteria,0.9999837875366211,0.585060,0.108689,0.049932,0.039459,0.179586,0.037275
NC_077019.1,NC_077019.1__M__250,M,250,1750,bacteria,0.9999769926071167,0.585060,0.108689,0.049932,0.039459,0.179586,0.037275
NC_077019.1,NC_077019.1__M__200,M,200,1800,bacteria,0.9999741315841675,0.585060,0.108689,0.049932,0.039459,0.179586,0.037275
NC_077019.1,NC_077019.1__M__150,M,150,1850,bacteria,0.999977707862854,0.585060,0.108689,0.049932,0.039459,0.179586,0.037275
NC_077019.1,NC_077019.1__M__100,M,100,1900,bacteria,0.9999785423278809,0.585060,0.108689,0.049932,0.039459,0.179586,0.037275
NC_077019.1,NC_077019.1__M__50,M,50,1950,eukarya,0.999233603477478,0.078871,0.055354,0.573492,0.113638,0.071924,0.106721
NC_077019.1,NC_077019.1__M__1,M,1,1999,eukarya,0.999340832233429,0.073753,0.052509,0.589095,0.117899,0.067004,0.099741
NC_077040.1,NC_077040.1__none__0,none,0,2000,bacteria,0.9906161427497864,0.585060,0.108689,0.049932,0.039459,0.179586,0.037275
NC_077040.1,NC_077040.1__M__500,M,500,1500,bacteria,0.9914278388023376,0.585060,0.108689,0.049932,0.039459,0.179586,0.037275
NC_077040.1,NC_077040.1__M__450,M,450,1550,bacteria,0.9914461374282837,0.585060,0.108689,0.049932,0.039459,0.179586,0.037275
NC_077040.1,NC_077040.1__M__400,M,400,1600,bacteria,0.9914433360099792,0.585060,0.108689,0.049932,0.039459,0.179586,0.037275
NC_077040.1,NC_077040.1__M__350,M,350,1650,bacteria,0.9914365410804749,0.585060,0.108689,0.049932,0.039459,0.179586,0.037275
NC_077040.1,NC_077040.1__M__300,M,300,1700,bacteria,0.9914612770080566,0.585060,0.108689,0.049932,0.039459,0.179586,0.037275
NC_077040.1,NC_077040.1__M__250,M,250,1750,bacteria,0.9914131164550781,0.585060,0.108689,0.049932,0.039459,0.179586,0.037275
NC_077040.1,NC_077040.1__M__200,M,200,1800,bacteria,0.9911131262779236,0.585060,0.108689,0.049932,0.039459,0.179586,0.037275
NC_077040.1,NC_077040.1__M__150,M,150,1850,bacteria,0.9910383224487305,0.585060,0.108689,0.049932,0.039459,0.179586,0.037275
NC_077040.1,NC_077040.1__M__100,M,100,1900,bacteria,0.9910823106765747,0.585060,0.108689,0.049932,0.039459,0.179586,0.037275
NC_077040.1,NC_077040.1__M__50,M,50,1950,bacteria,0.9908759593963623,0.585060,0.108689,0.049932,0.039459,0.179586,0.037275
NC_077040.1,NC_077040.1__M__1,M,1,1999,bacteria,0.9906626343727112,0.585060,0.108689,0.049932,0.039459,0.179586,0.037275
NC_073802.1,NC_073802.1__none__0,none,0,2000,eukarya,0.9948493838310242,0.078930,0.057438,0.537828,0.117622,0.084335,0.123848
NC_073802.1,NC_073802.1__M__500,M,500,1500,bacteria,0.9929507970809937,0.585060,0.108689,0.049932,0.039459,0.179586,0.037275
NC_073802.1,NC_073802.1__M__450,M,450,1550,bacteria,0.9928175210952759,0.585060,0.108689,0.049932,0.039459,0.179586,0.037275
NC_073802.1,NC_073802.1__M__400,M,400,1600,bacteria,0.9929589033126831,0.585060,0.108689,0.049932,0.039459,0.179586,0.037275
NC_073802.1,NC_073802.1__M__350,M,350,1650,bacteria,0.999941349029541,0.585060,0.108689,0.049932,0.039459,0.179586,0.037275
NC_073802.1,NC_073802.1__M__300,M,300,1700,bacteria,0.9999550580978394,0.585060,0.108689,0.049932,0.039459,0.179586,0.037275
NC_073802.1,NC_073802.1__M__250,M,250,1750,bacteria,0.999936580657959,0.585060,0.108689,0.049932,0.039459,0.179586,0.037275
NC_073802.1,NC_073802.1__M__200,M,200,1800,bacteria,0.999925971031189,0.585060,0.108689,0.049932,0.039459,0.179586,0.037275
NC_073802.1,NC_073802.1__M__150,M,150,1850,bacteria,0.9999240636825562,0.585060,0.108689,0.049932,0.039459,0.179586,0.037275
NC_073802.1,NC_073802.1__M__100,M,100,1900,bacteria,0.9999207258224487,0.585060,0.108689,0.049932,0.039459,0.179586,0.037275
NC_073802.1,NC_073802.1__M__50,M,50,1950,eukarya,0.9932107329368591,0.079712,0.056845,0.540467,0.116487,0.083743,0.122746
NC_073802.1,NC_073802.1__M__1,M,1,1999,eukarya,0.9942588806152344,0.078930,0.057438,0.537828,0.117622,0.084335,0.123848
NC_073874.1,NC_073874.1__none__0,none,0,2000,eukarya,0.9914200305938721,0.072359,0.054372,0.580944,0.101541,0.072986,0.117799
NC_073874.1,NC_073874.1__M__500,M,500,1500,bacteria,0.9911500215530396,0.585060,0.108689,0.049932,0.039459,0.179586,0.037275
NC_073874.1,NC_073874.1__M__450,M,450,1550,bacteria,0.9907870888710022,0.585060,0.108689,0.049932,0.039459,0.179586,0.037275
NC_073874.1,NC_073874.1__M__400,M,400,1600,bacteria,0.9909636974334717,0.585060,0.108689,0.049932,0.039459,0.179586,0.037275
NC_073874.1,NC_073874.1__M__350,M,350,1650,bacteria,0.9992621541023254,0.585060,0.108689,0.049932,0.039459,0.179586,0.037275
NC_073874.1,NC_073874.1__M__300,M,300,1700,bacteria,0.9995879530906677,0.585060,0.108689,0.049932,0.039459,0.179586,0.037275
NC_073874.1,NC_073874.1__M__250,M,250,1750,bacteria,0.9997231364250183,0.585060,0.108689,0.049932,0.039459,0.179586,0.037275
NC_073874.1,NC_073874.1__M__200,M,200,1800,bacteria,0.9997979998588562,0.585060,0.108689,0.049932,0.039459,0.179586,0.037275
NC_073874.1,NC_073874.1__M__150,M,150,1850,bacteria,0.9998061060905457,0.585060,0.108689,0.049932,0.039459,0.179586,0.037275
NC_073874.1,NC_073874.1__M__100,M,100,1900,bacteria,0.9998156428337097,0.585060,0.108689,0.049932,0.039459,0.179586,0.037275
NC_073874.1,NC_073874.1__M__50,M,50,1950,eukarya,0.988725483417511,0.072375,0.054598,0.586693,0.101409,0.076834,0.108092
NC_073874.1,NC_073874.1__M__1,M,1,1999,eukarya,0.9915128350257874,0.072359,0.054372,0.580944,0.101541,0.072986,0.117799
NC_073882.1,NC_073882.1__none__0,none,0,2000,eukarya,0.9944546818733215,0.074191,0.057046,0.597050,0.102647,0.076745,0.092321
NC_073882.1,NC_073882.1__M__500,M,500,1500,bacteria,0.9929428100585938,0.585060,0.108689,0.049932,0.039459,0.179586,0.037275
NC_073882.1,NC_073882.1__M__450,M,450,1550,bacteria,0.992857813835144,0.585060,0.108689,0.049932,0.039459,0.179586,0.037275
NC_073882.1,NC_073882.1__M__400,M,400,1600,bacteria,0.9931163787841797,0.585060,0.108689,0.049932,0.039459,0.179586,0.037275
NC_073882.1,NC_073882.1__M__350,M,350,1650,bacteria,0.9999319314956665,0.585060,0.108689,0.049932,0.039459,0.179586,0.037275
NC_073882.1,NC_073882.1__M__300,M,300,1700,bacteria,0.9999451637268066,0.585060,0.108689,0.049932,0.039459,0.179586,0.037275
NC_073882.1,NC_073882.1__M__250,M,250,1750,bacteria,0.9999566078186035,0.585060,0.108689,0.049932,0.039459,0.179586,0.037275
NC_073882.1,NC_073882.1__M__200,M,200,1800,bacteria,0.9999535083770752,0.585060,0.108689,0.049932,0.039459,0.179586,0.037275
NC_073882.1,NC_073882.1__M__150,M,150,1850,bacteria,0.9999499320983887,0.585060,0.108689,0.049932,0.039459,0.179586,0.037275
NC_073882.1,NC_073882.1__M__100,M,100,1900,bacteria,0.9999470710754395,0.585060,0.108689,0.049932,0.039459,0.179586,0.037275
NC_073882.1,NC_073882.1__M__50,M,50,1950,eukarya,0.9957531690597534,0.075667,0.057702,0.570017,0.113649,0.074968,0.107997
NC_073882.1,NC_073882.1__M__1,M,1,1999,eukarya,0.9946131110191345,0.074191,0.057046,0.597050,0.102647,0.076745,0.092321
NC_073952.1,NC_073952.1__none__0,none,0,2000,eukarya,0.9438194632530212,0.071813,0.052197,0.605680,0.100413,0.071875,0.098023
NC_073952.1,NC_073952.1__M__500,M,500,1500,bacteria,0.9874711632728577,0.585060,0.108689,0.049932,0.039459,0.179586,0.037275
NC_073952.1,NC_073952.1__M__450,M,450,1550,bacteria,0.9874339699745178,0.585060,0.108689,0.049932,0.039459,0.179586,0.037275
NC_073952.1,NC_073952.1__M__400,M,400,1600,bacteria,0.9880115389823914,0.585060,0.108689,0.049932,0.039459,0.179586,0.037275
NC_073952.1,NC_073952.1__M__350,M,350,1650,bacteria,0.9987413287162781,0.585060,0.108689,0.049932,0.039459,0.179586,0.037275
NC_073952.1,NC_073952.1__M__300,M,300,1700,bacteria,0.9990628361701965,0.585060,0.108689,0.049932,0.039459,0.179586,0.037275
NC_073952.1,NC_073952.1__M__250,M,250,1750,bacteria,0.9990739822387695,0.585060,0.108689,0.049932,0.039459,0.179586,0.037275
NC_073952.1,NC_073952.1__M__200,M,200,1800,bacteria,0.9993941783905029,0.585060,0.108689,0.049932,0.039459,0.179586,0.037275
NC_073952.1,NC_073952.1__M__150,M,150,1850,bacteria,0.9994931221008301,0.585060,0.108689,0.049932,0.039459,0.179586,0.037275
NC_073952.1,NC_073952.1__M__100,M,100,1900,bacteria,0.999487042427063,0.585060,0.108689,0.049932,0.039459,0.179586,0.037275
NC_073952.1,NC_073952.1__M__50,M,50,1950,eukarya,0.9565480947494507,0.074994,0.052813,0.585220,0.106783,0.075455,0.104735
NC_073952.1,NC_073952.1__M__1,M,1,1999,eukarya,0.9442675709724426,0.071813,0.052197,0.605680,0.100413,0.071875,0.098023
NC_073983.1,NC_073983.1__none__0,none,0,2000,eukarya,0.9706392288208008,0.070841,0.053322,0.583448,0.096734,0.077840,0.117814
NC_073983.1,NC_073983.1__M__500,M,500,1500,bacteria,0.9899043440818787,0.585060,0.108689,0.049932,0.039459,0.179586,0.037275
NC_073983.1,NC_073983.1__M__450,M,450,1550,bacteria,0.9896962642669678,0.585060,0.108689,0.049932,0.039459,0.179586,0.037275
NC_073983.1,NC_073983.1__M__400,M,400,1600,bacteria,0.990006685256958,0.585060,0.108689,0.049932,0.039459,0.179586,0.037275
NC_073983.1,NC_073983.1__M__350,M,350,1650,bacteria,0.9997426867485046,0.585060,0.108689,0.049932,0.039459,0.179586,0.037275
NC_073983.1,NC_073983.1__M__300,M,300,1700,bacteria,0.9996845722198486,0.585060,0.108689,0.049932,0.039459,0.179586,0.037275
NC_073983.1,NC_073983.1__M__250,M,250,1750,bacteria,0.9996738433837891,0.585060,0.108689,0.049932,0.039459,0.179586,0.037275
NC_073983.1,NC_073983.1__M__200,M,200,1800,bacteria,0.9996515512466431,0.585060,0.108689,0.049932,0.039459,0.179586,0.037275
NC_073983.1,NC_073983.1__M__150,M,150,1850,bacteria,0.9996521472930908,0.585060,0.108689,0.049932,0.039459,0.179586,0.037275
NC_073983.1,NC_073983.1__M__100,M,100,1900,bacteria,0.9996519088745117,0.585060,0.108689,0.049932,0.039459,0.179586,0.037275
NC_073983.1,NC_073983.1__M__50,M,50,1950,eukarya,0.9736570119857788,0.074706,0.058763,0.541376,0.116534,0.082906,0.125714
NC_073983.1,NC_073983.1__M__1,M,1,1999,eukarya,0.9672747254371643,0.070841,0.053322,0.583448,0.096734,0.077840,0.117814
NC_073999.1,NC_073999.1__none__0,none,0,2000,eukarya,0.9939223527908325,0.074252,0.057301,0.547318,0.115365,0.069838,0.135926
NC_073999.1,NC_073999.1__M__500,M,500,1500,bacteria,0.9926542043685913,0.585060,0.108689,0.049932,0.039459,0.179586,0.037275
NC_073999.1,NC_073999.1__M__450,M,450,1550,bacteria,0.9921185970306396,0.585060,0.108689,0.049932,0.039459,0.179586,0.037275
NC_073999.1,NC_073999.1__M__400,M,400,1600,bacteria,0.9916572570800781,0.585060,0.108689,0.049932,0.039459,0.179586,0.037275
NC_073999.1,NC_073999.1__M__350,M,350,1650,bacteria,0.9996849298477173,0.585060,0.108689,0.049932,0.039459,0.179586,0.037275
NC_073999.1,NC_073999.1__M__300,M,300,1700,bacteria,0.9998252987861633,0.585060,0.108689,0.049932,0.039459,0.179586,0.037275
NC_073999.1,NC_073999.1__M__250,M,250,1750,bacteria,0.9998838901519775,0.585060,0.108689,0.049932,0.039459,0.179586,0.037275
NC_073999.1,NC_073999.1__M__200,M,200,1800,bacteria,0.9998767375946045,0.585060,0.108689,0.049932,0.039459,0.179586,0.037275
NC_073999.1,NC_073999.1__M__150,M,150,1850,bacteria,0.9998753070831299,0.585060,0.108689,0.049932,0.039459,0.179586,0.037275
NC_073999.1,NC_073999.1__M__100,M,100,1900,bacteria,0.9998699426651001,0.585060,0.108689,0.049932,0.039459,0.179586,0.037275
NC_073999.1,NC_073999.1__M__50,M,50,1950,eukarya,0.9899463057518005,0.078841,0.058496,0.547976,0.110423,0.074688,0.129576
NC_073999.1,NC_073999.1__M__1,M,1,1999,eukarya,0.9934513568878174,0.074252,0.057301,0.547318,0.115365,0.069838,0.135926
NC_074034.1,NC_074034.1__none__0,none,0,2000,eukarya,0.9730572700500488,0.078540,0.059378,0.582262,0.103133,0.072136,0.104551
NC_074034.1,NC_074034.1__M__500,M,500,1500,bacteria,0.9888335466384888,0.585060,0.108689,0.049932,0.039459,0.179586,0.037275
NC_074034.1,NC_074034.1__M__450,M,450,1550,bacteria,0.9898444414138794,0.585060,0.108689,0.049932,0.039459,0.179586,0.037275
NC_074034.1,NC_074034.1__M__400,M,400,1600,bacteria,0.9902876615524292,0.585060,0.108689,0.049932,0.039459,0.179586,0.037275
NC_074034.1,NC_074034.1__M__350,M,350,1650,bacteria,0.9997562766075134,0.585060,0.108689,0.049932,0.039459,0.179586,0.037275
NC_074034.1,NC_074034.1__M__300,M,300,1700,bacteria,0.9998465776443481,0.585060,0.108689,0.049932,0.039459,0.179586,0.037275
NC_074034.1,NC_074034.1__M__250,M,250,1750,bacteria,0.9998494386672974,0.585060,0.108689,0.049932,0.039459,0.179586,0.037275
NC_074034.1,NC_074034.1__M__200,M,200,1800,bacteria,0.9998534917831421,0.585060,0.108689,0.049932,0.039459,0.179586,0.037275
NC_074034.1,NC_074034.1__M__150,M,150,1850,bacteria,0.999863862991333,0.585060,0.108689,0.049932,0.039459,0.179586,0.037275
NC_074034.1,NC_074034.1__M__100,M,100,1900,bacteria,0.9998621940612793,0.585060,0.108689,0.049932,0.039459,0.179586,0.037275
NC_074034.1,NC_074034.1__M__50,M,50,1950,eukarya,0.9819642305374146,0.081644,0.063036,0.552562,0.112935,0.076376,0.113447
NC_074034.1,NC_074034.1__M__1,M,1,1999,eukarya,0.9725603461265564,0.078540,0.059378,0.582262,0.103133,0.072136,0.104551
NC_074251.1,NC_074251.1__none__0,none,0,2000,eukarya,0.9634714722633362,0.079151,0.058392,0.585915,0.097132,0.068164,0.111246
NC_074251.1,NC_074251.1__M__500,M,500,1500,bacteria,0.9878154993057251,0.585060,0.108689,0.049932,0.039459,0.179586,0.037275
NC_074251.1,NC_074251.1__M__450,M,450,1550,bacteria,0.9878465533256531,0.585060,0.108689,0.049932,0.039459,0.179586,0.037275
NC_074251.1,NC_074251.1__M__400,M,400,1600,bacteria,0.9871719479560852,0.585060,0.108689,0.049932,0.039459,0.179586,0.037275
NC_074251.1,NC_074251.1__M__350,M,350,1650,bacteria,0.9980491399765015,0.585060,0.108689,0.049932,0.039459,0.179586,0.037275
NC_074251.1,NC_074251.1__M__300,M,300,1700,bacteria,0.9989567995071411,0.585060,0.108689,0.049932,0.039459,0.179586,0.037275
NC_074251.1,NC_074251.1__M__250,M,250,1750,bacteria,0.9991564750671387,0.585060,0.108689,0.049932,0.039459,0.179586,0.037275
NC_074251.1,NC_074251.1__M__200,M,200,1800,bacteria,0.9992966651916504,0.585060,0.108689,0.049932,0.039459,0.179586,0.037275
NC_074251.1,NC_074251.1__M__150,M,150,1850,bacteria,0.9994124174118042,0.585060,0.108689,0.049932,0.039459,0.179586,0.037275
NC_074251.1,NC_074251.1__M__100,M,100,1900,bacteria,0.9994779229164124,0.585060,0.108689,0.049932,0.039459,0.179586,0.037275
NC_074251.1,NC_074251.1__M__50,M,50,1950,eukarya,0.9611802101135254,0.080270,0.056582,0.575991,0.097923,0.072936,0.116297
NC_074251.1,NC_074251.1__M__1,M,1,1999,eukarya,0.9578397274017334,0.079151,0.058392,0.585915,0.097132,0.068164,0.111246
NC_074274.1,NC_074274.1__none__0,none,0,2000,eukarya,0.9791871309280396,0.073787,0.051867,0.613857,0.086966,0.063291,0.110232
NC_074274.1,NC_074274.1__M__500,M,500,1500,bacteria,0.9886515736579895,0.585060,0.108689,0.049932,0.039459,0.179586,0.037275
NC_074274.1,NC_074274.1__M__450,M,450,1550,bacteria,0.9886748194694519,0.585060,0.108689,0.049932,0.039459,0.179586,0.037275
NC_074274.1,NC_074274.1__M__400,M,400,1600,bacteria,0.9886505603790283,0.585060,0.108689,0.049932,0.039459,0.179586,0.037275
NC_074274.1,NC_074274.1__M__350,M,350,1650,bacteria,0.9997711777687073,0.585060,0.108689,0.049932,0.039459,0.179586,0.037275
NC_074274.1,NC_074274.1__M__300,M,300,1700,bacteria,0.9998650550842285,0.585060,0.108689,0.049932,0.039459,0.179586,0.037275
NC_074274.1,NC_074274.1__M__250,M,250,1750,bacteria,0.9998266100883484,0.585060,0.108689,0.049932,0.039459,0.179586,0.037275
NC_074274.1,NC_074274.1__M__200,M,200,1800,bacteria,0.9997634291648865,0.585060,0.108689,0.049932,0.039459,0.179586,0.037275
NC_074274.1,NC_074274.1__M__150,M,150,1850,bacteria,0.9997004270553589,0.585060,0.108689,0.049932,0.039459,0.179586,0.037275
NC_074274.1,NC_074274.1__M__100,M,100,1900,bacteria,0.9996957778930664,0.585060,0.108689,0.049932,0.039459,0.179586,0.037275
NC_074274.1,NC_074274.1__M__50,M,50,1950,eukarya,0.9724107384681702,0.075742,0.053946,0.588813,0.098597,0.074244,0.108657
NC_074274.1,NC_074274.1__M__1,M,1,1999,eukarya,0.9797248840332031,0.073787,0.051867,0.613857,0.086966,0.063291,0.110232
NC_074278.1,NC_074278.1__none__0,none,0,2000,eukarya,0.9731946587562561,0.076748,0.050431,0.618028,0.086634,0.069918,0.098241
NC_074278.1,NC_074278.1__M__500,M,500,1500,bacteria,0.9872186183929443,0.585060,0.108689,0.049932,0.039459,0.179586,0.037275
NC_074278.1,NC_074278.1__M__450,M,450,1550,bacteria,0.9879278540611267,0.585060,0.108689,0.049932,0.039459,0.179586,0.037275
NC_074278.1,NC_074278.1__M__400,M,400,1600,bacteria,0.987939715385437,0.585060,0.108689,0.049932,0.039459,0.179586,0.037275
NC_074278.1,NC_074278.1__M__350,M,350,1650,bacteria,0.9985080361366272,0.585060,0.108689,0.049932,0.039459,0.179586,0.037275
NC_074278.1,NC_074278.1__M__300,M,300,1700,bacteria,0.9985053539276123,0.585060,0.108689,0.049932,0.039459,0.179586,0.037275
NC_074278.1,NC_074278.1__M__250,M,250,1750,bacteria,0.9990247488021851,0.585060,0.108689,0.049932,0.039459,0.179586,0.037275
NC_074278.1,NC_074278.1__M__200,M,200,1800,bacteria,0.9992146492004395,0.585060,0.108689,0.049932,0.039459,0.179586,0.037275
NC_074278.1,NC_074278.1__M__150,M,150,1850,bacteria,0.9993523955345154,0.585060,0.108689,0.049932,0.039459,0.179586,0.037275
NC_074278.1,NC_074278.1__M__100,M,100,1900,bacteria,0.9995953440666199,0.585060,0.108689,0.049932,0.039459,0.179586,0.037275
NC_074278.1,NC_074278.1__M__50,M,50,1950,eukarya,0.9608928561210632,0.077222,0.057073,0.576657,0.099863,0.081133,0.108052
NC_074278.1,NC_074278.1__M__1,M,1,1999,eukarya,0.9733912348747253,0.076748,0.050431,0.618028,0.086634,0.069918,0.098241
NC_074318.1,NC_074318.1__none__0,none,0,2000,eukarya,0.9929607510566711,0.067359,0.048883,0.597575,0.105308,0.079194,0.101680
NC_074318.1,NC_074318.1__M__500,M,500,1500,bacteria,0.9909554123878479,0.585060,0.108689,0.049932,0.039459,0.179586,0.037275
NC_074318.1,NC_074318.1__M__450,M,450,1550,bacteria,0.9908464550971985,0.585060,0.108689,0.049932,0.039459,0.179586,0.037275
NC_074318.1,NC_074318.1__M__400,M,400,1600,bacteria,0.9910716414451599,0.585060,0.108689,0.049932,0.039459,0.179586,0.037275
NC_074318.1,NC_074318.1__M__350,M,350,1650,bacteria,0.9998475313186646,0.585060,0.108689,0.049932,0.039459,0.179586,0.037275
NC_074318.1,NC_074318.1__M__300,M,300,1700,bacteria,0.9998984336853027,0.585060,0.108689,0.049932,0.039459,0.179586,0.037275
NC_074318.1,NC_074318.1__M__250,M,250,1750,bacteria,0.9998829364776611,0.585060,0.108689,0.049932,0.039459,0.179586,0.037275
NC_074318.1,NC_074318.1__M__200,M,200,1800,bacteria,0.9998809099197388,0.585060,0.108689,0.049932,0.039459,0.179586,0.037275
NC_074318.1,NC_074318.1__M__150,M,150,1850,bacteria,0.9999030828475952,0.585060,0.108689,0.049932,0.039459,0.179586,0.037275
NC_074318.1,NC_074318.1__M__100,M,100,1900,bacteria,0.999896764755249,0.585060,0.108689,0.049932,0.039459,0.179586,0.037275
NC_074318.1,NC_074318.1__M__50,M,50,1950,eukarya,0.9931163787841797,0.071598,0.049311,0.579915,0.111931,0.078681,0.108566
NC_074318.1,NC_074318.1__M__1,M,1,1999,eukarya,0.9933804273605347,0.067359,0.048883,0.597575,0.105308,0.079194,0.101680
NC_074355.1,NC_074355.1__none__0,none,0,2000,eukarya,0.9855813384056091,0.076267,0.053618,0.574055,0.105790,0.072483,0.117787
NC_074355.1,NC_074355.1__M__500,M,500,1500,bacteria,0.9889258742332458,0.585060,0.108689,0.049932,0.039459,0.179586,0.037275
NC_074355.1,NC_074355.1__M__450,M,450,1550,bacteria,0.9892633557319641,0.585060,0.108689,0.049932,0.039459,0.179586,0.037275
NC_074355.1,NC_074355.1__M__400,M,400,1600,bacteria,0.9893078207969666,0.585060,0.108689,0.049932,0.039459,0.179586,0.037275
NC_074355.1,NC_074355.1__M__350,M,350,1650,bacteria,0.9992939233779907,0.585060,0.108689,0.049932,0.039459,0.179586,0.037275
NC_074355.1,NC_074355.1__M__300,M,300,1700,bacteria,0.9995017051696777,0.585060,0.108689,0.049932,0.039459,0.179586,0.037275
NC_074355.1,NC_074355.1__M__250,M,250,1750,bacteria,0.9997443556785583,0.585060,0.108689,0.049932,0.039459,0.179586,0.037275
NC_074355.1,NC_074355.1__M__200,M,200,1800,bacteria,0.9998059868812561,0.585060,0.108689,0.049932,0.039459,0.179586,0.037275
NC_074355.1,NC_074355.1__M__150,M,150,1850,bacteria,0.9998617172241211,0.585060,0.108689,0.049932,0.039459,0.179586,0.037275
NC_074355.1,NC_074355.1__M__100,M,100,1900,bacteria,0.9998824596405029,0.585060,0.108689,0.049932,0.039459,0.179586,0.037275
NC_074355.1,NC_074355.1__M__50,M,50,1950,eukarya,0.9880802035331726,0.076214,0.054660,0.567652,0.108089,0.079770,0.113615
NC_074355.1,NC_074355.1__M__1,M,1,1999,eukarya,0.9850919842720032,0.076267,0.053618,0.574055,0.105790,0.072483,0.117787
NC_074412.1,NC_074412.1__none__0,none,0,2000,eukarya,0.9600774049758911,0.076552,0.054483,0.592086,0.103676,0.066139,0.107065
NC_074412.1,NC_074412.1__M__500,M,500,1500,bacteria,0.9868232011795044,0.585060,0.108689,0.049932,0.039459,0.179586,0.037275
NC_074412.1,NC_074412.1__M__450,M,450,1550,bacteria,0.9864796996116638,0.585060,0.108689,0.049932,0.039459,0.179586,0.037275
NC_074412.1,NC_074412.1__M__400,M,400,1600,bacteria,0.9858745336532593,0.585060,0.108689,0.049932,0.039459,0.179586,0.037275
NC_074412.1,NC_074412.1__M__350,M,350,1650,bacteria,0.9988366961479187,0.585060,0.108689,0.049932,0.039459,0.179586,0.037275
NC_074412.1,NC_074412.1__M__300,M,300,1700,bacteria,0.999103844165802,0.585060,0.108689,0.049932,0.039459,0.179586,0.037275
NC_074412.1,NC_074412.1__M__250,M,250,1750,bacteria,0.999254047870636,0.585060,0.108689,0.049932,0.039459,0.179586,0.037275
NC_074412.1,NC_074412.1__M__200,M,200,1800,bacteria,0.9992050528526306,0.585060,0.108689,0.049932,0.039459,0.179586,0.037275
NC_074412.1,NC_074412.1__M__150,M,150,1850,bacteria,0.9992707371711731,0.585060,0.108689,0.049932,0.039459,0.179586,0.037275
NC_074412.1,NC_074412.1__M__100,M,100,1900,bacteria,0.9992493987083435,0.585060,0.108689,0.049932,0.039459,0.179586,0.037275
NC_074412.1,NC_074412.1__M__50,M,50,1950,eukarya,0.9320576190948486,0.076448,0.057860,0.559403,0.111859,0.078172,0.116258
NC_074412.1,NC_074412.1__M__1,M,1,1999,eukarya,0.961708128452301,0.076552,0.054483,0.592086,0.103676,0.066139,0.107065
NC_074484.1,NC_074484.1__none__0,none,0,2000,eukarya,0.9871793389320374,0.072422,0.056655,0.577797,0.124956,0.074054,0.094116
NC_074484.1,NC_074484.1__M__500,M,500,1500,bacteria,0.9889694452285767,0.585060,0.108689,0.049932,0.039459,0.179586,0.037275
NC_074484.1,NC_074484.1__M__450,M,450,1550,bacteria,0.988587498664856,0.585060,0.108689,0.049932,0.039459,0.179586,0.037275
NC_074484.1,NC_074484.1__M__400,M,400,1600,bacteria,0.9883466362953186,0.585060,0.108689,0.049932,0.039459,0.179586,0.037275
NC_074484.1,NC_074484.1__M__350,M,350,1650,bacteria,0.9989314675331116,0.585060,0.108689,0.049932,0.039459,0.179586,0.037275
NC_074484.1,NC_074484.1__M__300,M,300,1700,bacteria,0.999327540397644,0.585060,0.108689,0.049932,0.039459,0.179586,0.037275
NC_074484.1,NC_074484.1__M__250,M,250,1750,bacteria,0.9993618130683899,0.585060,0.108689,0.049932,0.039459,0.179586,0.037275
NC_074484.1,NC_074484.1__M__200,M,200,1800,bacteria,0.9995238780975342,0.585060,0.108689,0.049932,0.039459,0.179586,0.037275
NC_074484.1,NC_074484.1__M__150,M,150,1850,bacteria,0.9995614886283875,0.585060,0.108689,0.049932,0.039459,0.179586,0.037275
NC_074484.1,NC_074484.1__M__100,M,100,1900,bacteria,0.999632716178894,0.585060,0.108689,0.049932,0.039459,0.179586,0.037275
NC_074484.1,NC_074484.1__M__50,M,50,1950,eukarya,0.9808691740036011,0.076143,0.056623,0.586728,0.106146,0.073654,0.100707
NC_074484.1,NC_074484.1__M__1,M,1,1999,eukarya,0.9859471321105957,0.072422,0.056655,0.577797,0.124956,0.074054,0.094116
NC_074487.1,NC_074487.1__none__0,none,0,2000,eukarya,0.9880325794219971,0.076902,0.054939,0.620017,0.093785,0.069586,0.084772
NC_074487.1,NC_074487.1__M__500,M,500,1500,bacteria,0.9887613654136658,0.585060,0.108689,0.049932,0.039459,0.179586,0.037275
NC_074487.1,NC_074487.1__M__450,M,450,1550,bacteria,0.9888569712638855,0.585060,0.108689,0.049932,0.039459,0.179586,0.037275
NC_074487.1,NC_074487.1__M__400,M,400,1600,bacteria,0.9884523749351501,0.585060,0.108689,0.049932,0.039459,0.179586,0.037275
NC_074487.1,NC_074487.1__M__350,M,350,1650,bacteria,0.9998832941055298,0.585060,0.108689,0.049932,0.039459,0.179586,0.037275
NC_074487.1,NC_074487.1__M__300,M,300,1700,bacteria,0.9998525381088257,0.585060,0.108689,0.049932,0.039459,0.179586,0.037275
NC_074487.1,NC_074487.1__M__250,M,250,1750,bacteria,0.9998677968978882,0.585060,0.108689,0.049932,0.039459,0.179586,0.037275
NC_074487.1,NC_074487.1__M__200,M,200,1800,bacteria,0.9998387098312378,0.585060,0.108689,0.049932,0.039459,0.179586,0.037275
NC_074487.1,NC_074487.1__M__150,M,150,1850,bacteria,0.9997949004173279,0.585060,0.108689,0.049932,0.039459,0.179586,0.037275
NC_074487.1,NC_074487.1__M__100,M,100,1900,bacteria,0.999782383441925,0.585060,0.108689,0.049932,0.039459,0.179586,0.037275
NC_074487.1,NC_074487.1__M__50,M,50,1950,eukarya,0.9796823859214783,0.079176,0.058672,0.587971,0.099779,0.075165,0.099237
NC_074487.1,NC_074487.1__M__1,M,1,1999,eukarya,0.98842853307724,0.076902,0.054939,0.620017,0.093785,0.069586,0.084772
NC_074536.1,NC_074536.1__none__0,none,0,2000,eukarya,0.9675005674362183,0.072416,0.054104,0.592289,0.101834,0.072056,0.107302
NC_074536.1,NC_074536.1__M__500,M,500,1500,bacteria,0.9877304434776306,0.585060,0.108689,0.049932,0.039459,0.179586,0.037275
NC_074536.1,NC_074536.1__M__450,M,450,1550,bacteria,0.9871447682380676,0.585060,0.108689,0.049932,0.039459,0.179586,0.037275
NC_074536.1,NC_074536.1__M__400,M,400,1600,bacteria,0.9871200323104858,0.585060,0.108689,0.049932,0.039459,0.179586,0.037275
NC_074536.1,NC_074536.1__M__350,M,350,1650,bacteria,0.9996090531349182,0.585060,0.108689,0.049932,0.039459,0.179586,0.037275
NC_074536.1,NC_074536.1__M__300,M,300,1700,bacteria,0.9998730421066284,0.585060,0.108689,0.049932,0.039459,0.179586,0.037275
NC_074536.1,NC_074536.1__M__250,M,250,1750,bacteria,0.9998527765274048,0.585060,0.108689,0.049932,0.039459,0.179586,0.037275
NC_074536.1,NC_074536.1__M__200,M,200,1800,bacteria,0.9998216032981873,0.585060,0.108689,0.049932,0.039459,0.179586,0.037275
NC_074536.1,NC_074536.1__M__150,M,150,1850,bacteria,0.9997830986976624,0.585060,0.108689,0.049932,0.039459,0.179586,0.037275
NC_074536.1,NC_074536.1__M__100,M,100,1900,bacteria,0.999699592590332,0.585060,0.108689,0.049932,0.039459,0.179586,0.037275
NC_074536.1,NC_074536.1__M__50,M,50,1950,eukarya,0.9734017848968506,0.074411,0.054611,0.578940,0.108014,0.076994,0.107029
NC_074536.1,NC_074536.1__M__1,M,1,1999,eukarya,0.9640325307846069,0.072416,0.054104,0.592289,0.101834,0.072056,0.107302
NC_074631.1,NC_074631.1__none__0,none,0,2000,eukarya,0.9710791707038879,0.078417,0.060502,0.591913,0.094040,0.071267,0.103862
NC_074631.1,NC_074631.1__M__500,M,500,1500,bacteria,0.9858047366142273,0.585060,0.108689,0.049932,0.039459,0.179586,0.037275
NC_074631.1,NC_074631.1__M__450,M,450,1550,bacteria,0.9862441420555115,0.585060,0.108689,0.049932,0.039459,0.179586,0.037275
NC_074631.1,NC_074631.1__M__400,M,400,1600,bacteria,0.9867009520530701,0.585060,0.108689,0.049932,0.039459,0.179586,0.037275
NC_074631.1,NC_074631.1__M__350,M,350,1650,bacteria,0.9994564652442932,0.585060,0.108689,0.049932,0.039459,0.179586,0.037275
NC_074631.1,NC_074631.1__M__300,M,300,1700,bacteria,0.999646782875061,0.585060,0.108689,0.049932,0.039459,0.179586,0.037275
NC_074631.1,NC_074631.1__M__250,M,250,1750,bacteria,0.9995996356010437,0.585060,0.108689,0.049932,0.039459,0.179586,0.037275
NC_074631.1,NC_074631.1__M__200,M,200,1800,bacteria,0.9994804263114929,0.585060,0.108689,0.049932,0.039459,0.179586,0.037275
NC_074631.1,NC_074631.1__M__150,M,150,1850,bacteria,0.9995183944702148,0.585060,0.108689,0.049932,0.039459,0.179586,0.037275
NC_074631.1,NC_074631.1__M__100,M,100,1900,bacteria,0.9996408224105835,0.585060,0.108689,0.049932,0.039459,0.179586,0.037275
NC_074631.1,NC_074631.1__M__50,M,50,1950,eukarya,0.9607210755348206,0.077434,0.059963,0.572773,0.102166,0.076423,0.111242
NC_074631.1,NC_074631.1__M__1,M,1,1999,eukarya,0.9718664884567261,0.078417,0.060502,0.591913,0.094040,0.071267,0.103862
NC_055111.1,NC_055111.1__none__0,none,0,2000,eukarya,0.9996708631515503,0.072531,0.056096,0.556656,0.120357,0.075334,0.119025
NC_055111.1,NC_055111.1__M__500,M,500,1500,bacteria,0.996969997882843,0.585060,0.108689,0.049932,0.039459,0.179586,0.037275
NC_055111.1,NC_055111.1__M__450,M,450,1550,bacteria,0.9970513582229614,0.585060,0.108689,0.049932,0.039459,0.179586,0.037275
NC_055111.1,NC_055111.1__M__400,M,400,1600,bacteria,0.9971553087234497,0.585060,0.108689,0.049932,0.039459,0.179586,0.037275
NC_055111.1,NC_055111.1__M__350,M,350,1650,bacteria,0.9999756813049316,0.585060,0.108689,0.049932,0.039459,0.179586,0.037275
NC_055111.1,NC_055111.1__M__300,M,300,1700,bacteria,0.9999905824661255,0.585060,0.108689,0.049932,0.039459,0.179586,0.037275
NC_055111.1,NC_055111.1__M__250,M,250,1750,bacteria,0.9999918937683105,0.585060,0.108689,0.049932,0.039459,0.179586,0.037275
NC_055111.1,NC_055111.1__M__200,M,200,1800,bacteria,0.99998939037323,0.585060,0.108689,0.049932,0.039459,0.179586,0.037275
NC_055111.1,NC_055111.1__M__150,M,150,1850,bacteria,0.9999868869781494,0.585060,0.108689,0.049932,0.039459,0.179586,0.037275
NC_055111.1,NC_055111.1__M__100,M,100,1900,bacteria,0.9999841451644897,0.585060,0.108689,0.049932,0.039459,0.179586,0.037275
NC_055111.1,NC_055111.1__M__50,M,50,1950,eukarya,0.9995735287666321,0.073969,0.056903,0.552691,0.118050,0.076809,0.121578
NC_055111.1,NC_055111.1__M__1,M,1,1999,eukarya,0.999657154083252,0.072531,0.056096,0.556656,0.120357,0.075334,0.119025
NC_055185.1,NC_055185.1__none__0,none,0,2000,eukarya,0.9985892176628113,0.074104,0.052876,0.549752,0.115817,0.070791,0.136660
NC_055185.1,NC_055185.1__M__500,M,500,1500,bacteria,0.9968125224113464,0.585060,0.108689,0.049932,0.039459,0.179586,0.037275
NC_055185.1,NC_055185.1__M__450,M,450,1550,bacteria,0.9966745376586914,0.585060,0.108689,0.049932,0.039459,0.179586,0.037275
NC_055185.1,NC_055185.1__M__400,M,400,1600,bacteria,0.9965469241142273,0.585060,0.108689,0.049932,0.039459,0.179586,0.037275
NC_055185.1,NC_055185.1__M__350,M,350,1650,bacteria,0.9999439716339111,0.585060,0.108689,0.049932,0.039459,0.179586,0.037275
NC_055185.1,NC_055185.1__M__300,M,300,1700,bacteria,0.999977707862854,0.585060,0.108689,0.049932,0.039459,0.179586,0.037275
NC_055185.1,NC_055185.1__M__250,M,250,1750,bacteria,0.9999828338623047,0.585060,0.108689,0.049932,0.039459,0.179586,0.037275
NC_055185.1,NC_055185.1__M__200,M,200,1800,bacteria,0.9999806880950928,0.585060,0.108689,0.049932,0.039459,0.179586,0.037275
NC_055185.1,NC_055185.1__M__150,M,150,1850,bacteria,0.9999805688858032,0.585060,0.108689,0.049932,0.039459,0.179586,0.037275
NC_055185.1,NC_055185.1__M__100,M,100,1900,bacteria,0.9999803304672241,0.585060,0.108689,0.049932,0.039459,0.179586,0.037275
NC_055185.1,NC_055185.1__M__50,M,50,1950,eukarya,0.9988440275192261,0.074627,0.056350,0.528233,0.123493,0.077466,0.139831
NC_055185.1,NC_055185.1__M__1,M,1,1999,eukarya,0.9986440539360046,0.074104,0.052876,0.549752,0.115817,0.070791,0.136660
NC_055299.1,NC_055299.1__none__0,none,0,2000,eukarya,0.9996289014816284,0.069677,0.048563,0.582671,0.104216,0.072429,0.122444
NC_055299.1,NC_055299.1__M__500,M,500,1500,bacteria,0.9962316155433655,0.585060,0.108689,0.049932,0.039459,0.179586,0.037275
NC_055299.1,NC_055299.1__M__450,M,450,1550,bacteria,0.9960856437683105,0.585060,0.108689,0.049932,0.039459,0.179586,0.037275
NC_055299.1,NC_055299.1__M__400,M,400,1600,bacteria,0.9958001971244812,0.585060,0.108689,0.049932,0.039459,0.179586,0.037275
NC_055299.1,NC_055299.1__M__350,M,350,1650,bacteria,0.9999344348907471,0.585060,0.108689,0.049932,0.039459,0.179586,0.037275
NC_055299.1,NC_055299.1__M__300,M,300,1700,bacteria,0.9999566078186035,0.585060,0.108689,0.049932,0.039459,0.179586,0.037275
NC_055299.1,NC_055299.1__M__250,M,250,1750,bacteria,0.9999698400497437,0.585060,0.108689,0.049932,0.039459,0.179586,0.037275
NC_055299.1,NC_055299.1__M__200,M,200,1800,bacteria,0.999981164932251,0.585060,0.108689,0.049932,0.039459,0.179586,0.037275
NC_055299.1,NC_055299.1__M__150,M,150,1850,bacteria,0.999983549118042,0.585060,0.108689,0.049932,0.039459,0.179586,0.037275
NC_055299.1,NC_055299.1__M__100,M,100,1900,bacteria,0.9999855756759644,0.585060,0.108689,0.049932,0.039459,0.179586,0.037275
NC_055299.1,NC_055299.1__M__50,M,50,1950,eukarya,0.9996688365936279,0.073401,0.051724,0.568526,0.111324,0.072190,0.122835
NC_055299.1,NC_055299.1__M__1,M,1,1999,eukarya,0.9996073842048645,0.069677,0.048563,0.582671,0.104216,0.072429,0.122444
NC_055368.1,NC_055368.1__none__0,none,0,2000,eukarya,0.9942757487297058,0.073472,0.052088,0.568175,0.112702,0.068271,0.125292
NC_055368.1,NC_055368.1__M__500,M,500,1500,bacteria,0.9931731820106506,0.585060,0.108689,0.049932,0.039459,0.179586,0.037275
NC_055368.1,NC_055368.1__M__450,M,450,1550,bacteria,0.9934098124504089,0.585060,0.108689,0.049932,0.039459,0.179586,0.037275
NC_055368.1,NC_055368.1__M__400,M,400,1600,bacteria,0.9933156371116638,0.585060,0.108689,0.049932,0.039459,0.179586,0.037275
NC_055368.1,NC_055368.1__M__350,M,350,1650,bacteria,0.9994843006134033,0.585060,0.108689,0.049932,0.039459,0.179586,0.037275
NC_055368.1,NC_055368.1__M__300,M,300,1700,bacteria,0.9996362924575806,0.585060,0.108689,0.049932,0.039459,0.179586,0.037275
NC_055368.1,NC_055368.1__M__250,M,250,1750,bacteria,0.9996311664581299,0.585060,0.108689,0.049932,0.039459,0.179586,0.037275
NC_055368.1,NC_055368.1__M__200,M,200,1800,bacteria,0.999649167060852,0.585060,0.108689,0.049932,0.039459,0.179586,0.037275
NC_055368.1,NC_055368.1__M__150,M,150,1850,bacteria,0.9997439980506897,0.585060,0.108689,0.049932,0.039459,0.179586,0.037275
NC_055368.1,NC_055368.1__M__100,M,100,1900,bacteria,0.9998107552528381,0.585060,0.108689,0.049932,0.039459,0.179586,0.037275
NC_055368.1,NC_055368.1__M__50,M,50,1950,eukarya,0.9905767440795898,0.077373,0.054689,0.552077,0.113894,0.072528,0.129439
NC_055368.1,NC_055368.1__M__1,M,1,1999,eukarya,0.9937660694122314,0.073472,0.052088,0.568175,0.112702,0.068271,0.125292
NC_055409.1,NC_055409.1__none__0,none,0,2000,eukarya,0.9978061318397522,0.073580,0.053863,0.545753,0.128563,0.070057,0.128183
NC_055409.1,NC_055409.1__M__500,M,500,1500,bacteria,0.9961494207382202,0.585060,0.108689,0.049932,0.039459,0.179586,0.037275
NC_055409.1,NC_055409.1__M__450,M,450,1550,bacteria,0.9961014986038208,0.585060,0.108689,0.049932,0.039459,0.179586,0.037275
NC_055409.1,NC_055409.1__M__400,M,400,1600,bacteria,0.9961766004562378,0.585060,0.108689,0.049932,0.039459,0.179586,0.037275
NC_055409.1,NC_055409.1__M__350,M,350,1650,bacteria,0.9999079704284668,0.585060,0.108689,0.049932,0.039459,0.179586,0.037275
NC_055409.1,NC_055409.1__M__300,M,300,1700,bacteria,0.9999479055404663,0.585060,0.108689,0.049932,0.039459,0.179586,0.037275
NC_055409.1,NC_055409.1__M__250,M,250,1750,bacteria,0.9999494552612305,0.585060,0.108689,0.049932,0.039459,0.179586,0.037275
NC_055409.1,NC_055409.1__M__200,M,200,1800,bacteria,0.9999569654464722,0.585060,0.108689,0.049932,0.039459,0.179586,0.037275
NC_055409.1,NC_055409.1__M__150,M,150,1850,bacteria,0.9999598264694214,0.585060,0.108689,0.049932,0.039459,0.179586,0.037275
NC_055409.1,NC_055409.1__M__100,M,100,1900,bacteria,0.9999581575393677,0.585060,0.108689,0.049932,0.039459,0.179586,0.037275
NC_055409.1,NC_055409.1__M__50,M,50,1950,eukarya,0.9970219731330872,0.077641,0.061371,0.522287,0.133184,0.075899,0.129619
NC_055409.1,NC_055409.1__M__1,M,1,1999,eukarya,0.9977940320968628,0.073580,0.053863,0.545753,0.128563,0.070057,0.128183
NC_055433.1,NC_055433.1__none__0,none,0,2000,eukarya,0.9993942975997925,0.071982,0.052553,0.554281,0.126752,0.075424,0.119008
NC_055433.1,NC_055433.1__M__500,M,500,1500,bacteria,0.9985114932060242,0.585060,0.108689,0.049932,0.039459,0.179586,0.037275
NC_055433.1,NC_055433.1__M__450,M,450,1550,bacteria,0.9984574317932129,0.585060,0.108689,0.049932,0.039459,0.179586,0.037275
NC_055433.1,NC_055433.1__M__400,M,400,1600,bacteria,0.9985476136207581,0.585060,0.108689,0.049932,0.039459,0.179586,0.037275
NC_055433.1,NC_055433.1__M__350,M,350,1650,bacteria,0.9999899864196777,0.585060,0.108689,0.049932,0.039459,0.179586,0.037275
NC_055433.1,NC_055433.1__M__300,M,300,1700,bacteria,0.9999911785125732,0.585060,0.108689,0.049932,0.039459,0.179586,0.037275
NC_055433.1,NC_055433.1__M__250,M,250,1750,bacteria,0.9999856948852539,0.585060,0.108689,0.049932,0.039459,0.179586,0.037275
NC_055433.1,NC_055433.1__M__200,M,200,1800,bacteria,0.9999849796295166,0.585060,0.108689,0.049932,0.039459,0.179586,0.037275
NC_055433.1,NC_055433.1__M__150,M,150,1850,bacteria,0.999983549118042,0.585060,0.108689,0.049932,0.039459,0.179586,0.037275
NC_055433.1,NC_055433.1__M__100,M,100,1900,bacteria,0.9999841451644897,0.585060,0.108689,0.049932,0.039459,0.179586,0.037275
NC_055433.1,NC_055433.1__M__50,M,50,1950,eukarya,0.9995371103286743,0.076997,0.056251,0.535394,0.124446,0.078529,0.128384
NC_055433.1,NC_055433.1__M__1,M,1,1999,eukarya,0.9993591904640198,0.071982,0.052553,0.554281,0.126752,0.075424,0.119008
NC_055454.1,NC_055454.1__none__0,none,0,2000,eukarya,0.9952735304832458,0.079379,0.053992,0.569817,0.108559,0.069734,0.118519
NC_055454.1,NC_055454.1__M__500,M,500,1500,bacteria,0.9916229844093323,0.585060,0.108689,0.049932,0.039459,0.179586,0.037275
NC_055454.1,NC_055454.1__M__450,M,450,1550,bacteria,0.9920105934143066,0.585060,0.108689,0.049932,0.039459,0.179586,0.037275
NC_055454.1,NC_055454.1__M__400,M,400,1600,bacteria,0.9922094345092773,0.585060,0.108689,0.049932,0.039459,0.179586,0.037275
NC_055454.1,NC_055454.1__M__350,M,350,1650,bacteria,0.9993829727172852,0.585060,0.108689,0.049932,0.039459,0.179586,0.037275
NC_055454.1,NC_055454.1__M__300,M,300,1700,bacteria,0.9997484087944031,0.585060,0.108689,0.049932,0.039459,0.179586,0.037275
NC_055454.1,NC_055454.1__M__250,M,250,1750,bacteria,0.9998103976249695,0.585060,0.108689,0.049932,0.039459,0.179586,0.037275
NC_055454.1,NC_055454.1__M__200,M,200,1800,bacteria,0.9997995495796204,0.585060,0.108689,0.049932,0.039459,0.179586,0.037275
NC_055454.1,NC_055454.1__M__150,M,150,1850,bacteria,0.9998114705085754,0.585060,0.108689,0.049932,0.039459,0.179586,0.037275
NC_055454.1,NC_055454.1__M__100,M,100,1900,bacteria,0.9998459815979004,0.585060,0.108689,0.049932,0.039459,0.179586,0.037275
NC_055454.1,NC_055454.1__M__50,M,50,1950,eukarya,0.9927567839622498,0.080537,0.059828,0.544557,0.112357,0.075308,0.127413
NC_055454.1,NC_055454.1__M__1,M,1,1999,eukarya,0.9948614239692688,0.079379,0.053992,0.569817,0.108559,0.069734,0.118519
NC_055640.1,NC_055640.1__none__0,none,0,2000,eukarya,0.9802990555763245,0.075595,0.054806,0.551604,0.123841,0.071685,0.122470
NC_055640.1,NC_055640.1__M__500,M,500,1500,bacteria,0.9929609894752502,0.585060,0.108689,0.049932,0.039459,0.179586,0.037275
NC_055640.1,NC_055640.1__M__450,M,450,1550,bacteria,0.992919385433197,0.585060,0.108689,0.049932,0.039459,0.179586,0.037275
NC_055640.1,NC_055640.1__M__400,M,400,1600,bacteria,0.9925147891044617,0.585060,0.108689,0.049932,0.039459,0.179586,0.037275
NC_055640.1,NC_055640.1__M__350,M,350,1650,bacteria,0.9994764924049377,0.585060,0.108689,0.049932,0.039459,0.179586,0.037275
NC_055640.1,NC_055640.1__M__300,M,300,1700,bacteria,0.9996067881584167,0.585060,0.108689,0.049932,0.039459,0.179586,0.037275
NC_055640.1,NC_055640.1__M__250,M,250,1750,bacteria,0.9995986819267273,0.585060,0.108689,0.049932,0.039459,0.179586,0.037275
NC_055640.1,NC_055640.1__M__200,M,200,1800,bacteria,0.9996465444564819,0.585060,0.108689,0.049932,0.039459,0.179586,0.037275
NC_055640.1,NC_055640.1__M__150,M,150,1850,bacteria,0.9996988773345947,0.585060,0.108689,0.049932,0.039459,0.179586,0.037275
NC_055640.1,NC_055640.1__M__100,M,100,1900,bacteria,0.9996625185012817,0.585060,0.108689,0.049932,0.039459,0.179586,0.037275
NC_055640.1,NC_055640.1__M__50,M,50,1950,eukarya,0.982821524143219,0.077880,0.057950,0.527288,0.127845,0.077530,0.131508
NC_055640.1,NC_055640.1__M__1,M,1,1999,eukarya,0.9806438684463501,0.075595,0.054806,0.551604,0.123841,0.071685,0.122470
NC_048211.1,NC_048211.1__none__0,none,0,2000,eukarya,0.9999790191650391,0.069793,0.052361,0.537679,0.116274,0.074974,0.148918
NC_048211.1,NC_048211.1__M__500,M,500,1500,bacteria,0.9976418018341064,0.585060,0.108689,0.049932,0.039459,0.179586,0.037275
NC_048211.1,NC_048211.1__M__450,M,450,1550,bacteria,0.9976321458816528,0.585060,0.108689,0.049932,0.039459,0.179586,0.037275
NC_048211.1,NC_048211.1__M__400,M,400,1600,bacteria,0.9976158142089844,0.585060,0.108689,0.049932,0.039459,0.179586,0.037275
NC_048211.1,NC_048211.1__M__350,M,350,1650,bacteria,0.9999927282333374,0.585060,0.108689,0.049932,0.039459,0.179586,0.037275
NC_048211.1,NC_048211.1__M__300,M,300,1700,bacteria,0.9999970197677612,0.585060,0.108689,0.049932,0.039459,0.179586,0.037275
NC_048211.1,NC_048211.1__M__250,M,250,1750,bacteria,0.9999979734420776,0.585060,0.108689,0.049932,0.039459,0.179586,0.037275
NC_048211.1,NC_048211.1__M__200,M,200,1800,bacteria,0.9999980926513672,0.585060,0.108689,0.049932,0.039459,0.179586,0.037275
NC_048211.1,NC_048211.1__M__150,M,150,1850,bacteria,0.9999980926513672,0.585060,0.108689,0.049932,0.039459,0.179586,0.037275
NC_048211.1,NC_048211.1__M__100,M,100,1900,bacteria,0.9999978542327881,0.585060,0.108689,0.049932,0.039459,0.179586,0.037275
NC_048211.1,NC_048211.1__M__50,M,50,1950,eukarya,0.9999806880950928,0.070410,0.053858,0.526983,0.122069,0.075865,0.150815
NC_048211.1,NC_048211.1__M__1,M,1,1999,eukarya,0.9999790191650391,0.069793,0.052361,0.537679,0.116274,0.074974,0.148918
NC_046958.1,NC_046958.1__none__0,none,0,2000,eukarya,0.987097442150116,0.079746,0.057361,0.508367,0.128336,0.089271,0.136919
NC_046958.1,NC_046958.1__M__500,M,500,1500,bacteria,0.9897488951683044,0.585060,0.108689,0.049932,0.039459,0.179586,0.037275
NC_046958.1,NC_046958.1__M__450,M,450,1550,bacteria,0.9899060130119324,0.585060,0.108689,0.049932,0.039459,0.179586,0.037275
NC_046958.1,NC_046958.1__M__400,M,400,1600,bacteria,0.9900216460227966,0.585060,0.108689,0.049932,0.039459,0.179586,0.037275
NC_046958.1,NC_046958.1__M__350,M,350,1650,bacteria,0.9977433681488037,0.585060,0.108689,0.049932,0.039459,0.179586,0.037275
NC_046958.1,NC_046958.1__M__300,M,300,1700,bacteria,0.9992745518684387,0.585060,0.108689,0.049932,0.039459,0.179586,0.037275
NC_046958.1,NC_046958.1__M__250,M,250,1750,bacteria,0.9996985197067261,0.585060,0.108689,0.049932,0.039459,0.179586,0.037275
NC_046958.1,NC_046958.1__M__200,M,200,1800,bacteria,0.9998216032981873,0.585060,0.108689,0.049932,0.039459,0.179586,0.037275
NC_046958.1,NC_046958.1__M__150,M,150,1850,bacteria,0.999894380569458,0.585060,0.108689,0.049932,0.039459,0.179586,0.037275
NC_046958.1,NC_046958.1__M__100,M,100,1900,bacteria,0.9998760223388672,0.585060,0.108689,0.049932,0.039459,0.179586,0.037275
NC_046958.1,NC_046958.1__M__50,M,50,1950,eukarya,0.9838008284568787,0.077964,0.057209,0.549973,0.119058,0.081521,0.114276
NC_046958.1,NC_046958.1__M__1,M,1,1999,eukarya,0.9873126149177551,0.079746,0.057361,0.508367,0.128336,0.089271,0.136919
NC_046963.1,NC_046963.1__none__0,none,0,2000,eukarya,0.9932655096054077,0.074236,0.052980,0.570276,0.119028,0.064382,0.119099
NC_046963.1,NC_046963.1__M__500,M,500,1500,bacteria,0.9911632537841797,0.585060,0.108689,0.049932,0.039459,0.179586,0.037275
NC_046963.1,NC_046963.1__M__450,M,450,1550,bacteria,0.9909825921058655,0.585060,0.108689,0.049932,0.039459,0.179586,0.037275
NC_046963.1,NC_046963.1__M__400,M,400,1600,bacteria,0.9910506010055542,0.585060,0.108689,0.049932,0.039459,0.179586,0.037275
NC_046963.1,NC_046963.1__M__350,M,350,1650,bacteria,0.9998140931129456,0.585060,0.108689,0.049932,0.039459,0.179586,0.037275
NC_046963.1,NC_046963.1__M__300,M,300,1700,bacteria,0.9997754693031311,0.585060,0.108689,0.049932,0.039459,0.179586,0.037275
NC_046963.1,NC_046963.1__M__250,M,250,1750,bacteria,0.9997705817222595,0.585060,0.108689,0.049932,0.039459,0.179586,0.037275
NC_046963.1,NC_046963.1__M__200,M,200,1800,bacteria,0.9997761845588684,0.585060,0.108689,0.049932,0.039459,0.179586,0.037275
NC_046963.1,NC_046963.1__M__150,M,150,1850,bacteria,0.9997863173484802,0.585060,0.108689,0.049932,0.039459,0.179586,0.037275
NC_046963.1,NC_046963.1__M__100,M,100,1900,bacteria,0.9998513460159302,0.585060,0.108689,0.049932,0.039459,0.179586,0.037275
NC_046963.1,NC_046963.1__M__50,M,50,1950,eukarya,0.9881876111030579,0.075177,0.058246,0.557444,0.117331,0.076169,0.115634
NC_046963.1,NC_046963.1__M__1,M,1,1999,eukarya,0.9926450252532959,0.074236,0.052980,0.570276,0.119028,0.064382,0.119099
NC_043036.1,NC_043036.1__none__0,none,0,2000,eukarya,0.9986785054206848,0.079277,0.057025,0.537702,0.122830,0.076300,0.126868
NC_043036.1,NC_043036.1__M__500,M,500,1500,bacteria,0.994531512260437,0.585060,0.108689,0.049932,0.039459,0.179586,0.037275
NC_043036.1,NC_043036.1__M__450,M,450,1550,bacteria,0.9946737289428711,0.585060,0.108689,0.049932,0.039459,0.179586,0.037275
NC_043036.1,NC_043036.1__M__400,M,400,1600,bacteria,0.9947336912155151,0.585060,0.108689,0.049932,0.039459,0.179586,0.037275
NC_043036.1,NC_043036.1__M__350,M,350,1650,bacteria,0.999376118183136,0.585060,0.108689,0.049932,0.039459,0.179586,0.037275
NC_043036.1,NC_043036.1__M__300,M,300,1700,bacteria,0.9998359680175781,0.585060,0.108689,0.049932,0.039459,0.179586,0.037275
NC_043036.1,NC_043036.1__M__250,M,250,1750,bacteria,0.9998955726623535,0.585060,0.108689,0.049932,0.039459,0.179586,0.037275
NC_043036.1,NC_043036.1__M__200,M,200,1800,bacteria,0.9999516010284424,0.585060,0.108689,0.049932,0.039459,0.179586,0.037275
NC_043036.1,NC_043036.1__M__150,M,150,1850,bacteria,0.9999639987945557,0.585060,0.108689,0.049932,0.039459,0.179586,0.037275
NC_043036.1,NC_043036.1__M__100,M,100,1900,bacteria,0.9999608993530273,0.585060,0.108689,0.049932,0.039459,0.179586,0.037275
NC_043036.1,NC_043036.1__M__50,M,50,1950,eukarya,0.9987156391143799,0.080988,0.059688,0.547054,0.110421,0.076467,0.125382
NC_043036.1,NC_043036.1__M__1,M,1,1999,eukarya,0.9987209439277649,0.079277,0.057025,0.537702,0.122830,0.076300,0.126868
NC_043510.1,NC_043510.1__none__0,none,0,2000,eukarya,0.9984439015388489,0.076724,0.051722,0.559454,0.117426,0.061759,0.132915
NC_043510.1,NC_043510.1__M__500,M,500,1500,bacteria,0.9921494722366333,0.585060,0.108689,0.049932,0.039459,0.179586,0.037275
NC_043510.1,NC_043510.1__M__450,M,450,1550,bacteria,0.9921286106109619,0.585060,0.108689,0.049932,0.039459,0.179586,0.037275
NC_043510.1,NC_043510.1__M__400,M,400,1600,bacteria,0.9924870729446411,0.585060,0.108689,0.049932,0.039459,0.179586,0.037275
NC_043510.1,NC_043510.1__M__350,M,350,1650,bacteria,0.999762237071991,0.585060,0.108689,0.049932,0.039459,0.179586,0.037275
NC_043510.1,NC_043510.1__M__300,M,300,1700,bacteria,0.9998795986175537,0.585060,0.108689,0.049932,0.039459,0.179586,0.037275
NC_043510.1,NC_043510.1__M__250,M,250,1750,bacteria,0.9999322891235352,0.585060,0.108689,0.049932,0.039459,0.179586,0.037275
NC_043510.1,NC_043510.1__M__200,M,200,1800,bacteria,0.9999303817749023,0.585060,0.108689,0.049932,0.039459,0.179586,0.037275
NC_043510.1,NC_043510.1__M__150,M,150,1850,bacteria,0.9999399185180664,0.585060,0.108689,0.049932,0.039459,0.179586,0.037275
NC_043510.1,NC_043510.1__M__100,M,100,1900,bacteria,0.9999452829360962,0.585060,0.108689,0.049932,0.039459,0.179586,0.037275
NC_043510.1,NC_043510.1__M__50,M,50,1950,eukarya,0.9983318448066711,0.080000,0.057085,0.531584,0.121666,0.071261,0.138403
NC_043510.1,NC_043510.1__M__1,M,1,1999,eukarya,0.9984769225120544,0.076724,0.051722,0.559454,0.117426,0.061759,0.132915
NC_043537.1,NC_043537.1__none__0,none,0,2000,eukarya,0.9794766306877136,0.076326,0.052850,0.570968,0.102568,0.070918,0.126371
NC_043537.1,NC_043537.1__M__500,M,500,1500,bacteria,0.9938936829566956,0.585060,0.108689,0.049932,0.039459,0.179586,0.037275
NC_043537.1,NC_043537.1__M__450,M,450,1550,bacteria,0.9939112663269043,0.585060,0.108689,0.049932,0.039459,0.179586,0.037275
NC_043537.1,NC_043537.1__M__400,M,400,1600,bacteria,0.9940302968025208,0.585060,0.108689,0.049932,0.039459,0.179586,0.037275
NC_043537.1,NC_043537.1__M__350,M,350,1650,bacteria,0.999863862991333,0.585060,0.108689,0.049932,0.039459,0.179586,0.037275
NC_043537.1,NC_043537.1__M__300,M,300,1700,bacteria,0.9998925924301147,0.585060,0.108689,0.049932,0.039459,0.179586,0.037275
NC_043537.1,NC_043537.1__M__250,M,250,1750,bacteria,0.9998594522476196,0.585060,0.108689,0.049932,0.039459,0.179586,0.037275
NC_043537.1,NC_043537.1__M__200,M,200,1800,bacteria,0.9998123049736023,0.585060,0.108689,0.049932,0.039459,0.179586,0.037275
NC_043537.1,NC_043537.1__M__150,M,150,1850,bacteria,0.9997915625572205,0.585060,0.108689,0.049932,0.039459,0.179586,0.037275
NC_043537.1,NC_043537.1__M__100,M,100,1900,bacteria,0.999761164188385,0.585060,0.108689,0.049932,0.039459,0.179586,0.037275
NC_043537.1,NC_043537.1__M__50,M,50,1950,eukarya,0.977695882320404,0.076071,0.055676,0.559737,0.110222,0.076210,0.122084
NC_043537.1,NC_043537.1__M__1,M,1,1999,eukarya,0.9796635508537292,0.076326,0.052850,0.570968,0.102568,0.070918,0.126371
NC_043661.1,NC_043661.1__none__0,none,0,2000,eukarya,0.9774815440177917,0.078246,0.057163,0.539669,0.117128,0.072275,0.135519
NC_043661.1,NC_043661.1__M__500,M,500,1500,bacteria,0.9937800765037537,0.585060,0.108689,0.049932,0.039459,0.179586,0.037275
NC_043661.1,NC_043661.1__M__450,M,450,1550,bacteria,0.9939117431640625,0.585060,0.108689,0.049932,0.039459,0.179586,0.037275
NC_043661.1,NC_043661.1__M__400,M,400,1600,bacteria,0.9940621256828308,0.585060,0.108689,0.049932,0.039459,0.179586,0.037275
NC_043661.1,NC_043661.1__M__350,M,350,1650,bacteria,0.9999353885650635,0.585060,0.108689,0.049932,0.039459,0.179586,0.037275
NC_043661.1,NC_043661.1__M__300,M,300,1700,bacteria,0.9999014139175415,0.585060,0.108689,0.049932,0.039459,0.179586,0.037275
NC_043661.1,NC_043661.1__M__250,M,250,1750,bacteria,0.9998853206634521,0.585060,0.108689,0.049932,0.039459,0.179586,0.037275
NC_043661.1,NC_043661.1__M__200,M,200,1800,bacteria,0.9998500347137451,0.585060,0.108689,0.049932,0.039459,0.179586,0.037275
NC_043661.1,NC_043661.1__M__150,M,150,1850,bacteria,0.9998279809951782,0.585060,0.108689,0.049932,0.039459,0.179586,0.037275
NC_043661.1,NC_043661.1__M__100,M,100,1900,bacteria,0.9998099207878113,0.585060,0.108689,0.049932,0.039459,0.179586,0.037275
NC_043661.1,NC_043661.1__M__50,M,50,1950,eukarya,0.974393904209137,0.082531,0.060599,0.534146,0.115032,0.078878,0.128814
NC_043661.1,NC_043661.1__M__1,M,1,1999,eukarya,0.9778996706008911,0.078246,0.057163,0.539669,0.117128,0.072275,0.135519
NC_040434.1,NC_040434.1__none__0,none,0,2000,eukarya,0.8098186254501343,0.070633,0.053205,0.610480,0.085192,0.065553,0.114937
NC_040434.1,NC_040434.1__M__500,M,500,1500,bacteria,0.9835768342018127,0.585060,0.108689,0.049932,0.039459,0.179586,0.037275
NC_040434.1,NC_040434.1__M__450,M,450,1550,bacteria,0.9837889671325684,0.585060,0.108689,0.049932,0.039459,0.179586,0.037275
NC_040434.1,NC_040434.1__M__400,M,400,1600,bacteria,0.9838467836380005,0.585060,0.108689,0.049932,0.039459,0.179586,0.037275
NC_040434.1,NC_040434.1__M__350,M,350,1650,bacteria,0.9997298121452332,0.585060,0.108689,0.049932,0.039459,0.179586,0.037275
NC_040434.1,NC_040434.1__M__300,M,300,1700,bacteria,0.9996274709701538,0.585060,0.108689,0.049932,0.039459,0.179586,0.037275
NC_040434.1,NC_040434.1__M__250,M,250,1750,bacteria,0.9994972944259644,0.585060,0.108689,0.049932,0.039459,0.179586,0.037275
NC_040434.1,NC_040434.1__M__200,M,200,1800,bacteria,0.999397873878479,0.585060,0.108689,0.049932,0.039459,0.179586,0.037275
NC_040434.1,NC_040434.1__M__150,M,150,1850,bacteria,0.9993403553962708,0.585060,0.108689,0.049932,0.039459,0.179586,0.037275
NC_040434.1,NC_040434.1__M__100,M,100,1900,bacteria,0.9991727471351624,0.585060,0.108689,0.049932,0.039459,0.179586,0.037275
NC_040434.1,NC_040434.1__M__50,M,50,1950,eukarya,0.8134282231330872,0.073004,0.056144,0.575518,0.103505,0.077323,0.114506
NC_040434.1,NC_040434.1__M__1,M,1,1999,eukarya,0.7994332313537598,0.070633,0.053205,0.610480,0.085192,0.065553,0.114937
NC_040443.1,NC_040443.1__none__0,none,0,2000,eukarya,0.9959670305252075,0.081291,0.052773,0.550105,0.103136,0.073153,0.139543
NC_040443.1,NC_040443.1__M__500,M,500,1500,bacteria,0.9908401370048523,0.585060,0.108689,0.049932,0.039459,0.179586,0.037275
NC_040443.1,NC_040443.1__M__450,M,450,1550,bacteria,0.9907393455505371,0.585060,0.108689,0.049932,0.039459,0.179586,0.037275
NC_040443.1,NC_040443.1__M__400,M,400,1600,bacteria,0.9909971952438354,0.585060,0.108689,0.049932,0.039459,0.179586,0.037275
NC_040443.1,NC_040443.1__M__350,M,350,1650,bacteria,0.9997802376747131,0.585060,0.108689,0.049932,0.039459,0.179586,0.037275
NC_040443.1,NC_040443.1__M__300,M,300,1700,bacteria,0.9998511075973511,0.585060,0.108689,0.049932,0.039459,0.179586,0.037275
NC_040443.1,NC_040443.1__M__250,M,250,1750,bacteria,0.999871015548706,0.585060,0.108689,0.049932,0.039459,0.179586,0.037275
NC_040443.1,NC_040443.1__M__200,M,200,1800,bacteria,0.9999052286148071,0.585060,0.108689,0.049932,0.039459,0.179586,0.037275
NC_040443.1,NC_040443.1__M__150,M,150,1850,bacteria,0.999913215637207,0.585060,0.108689,0.049932,0.039459,0.179586,0.037275
NC_040443.1,NC_040443.1__M__100,M,100,1900,bacteria,0.999907374382019,0.585060,0.108689,0.049932,0.039459,0.179586,0.037275
NC_040443.1,NC_040443.1__M__50,M,50,1950,eukarya,0.9959046244621277,0.075825,0.053245,0.551961,0.102873,0.078368,0.137728
NC_040443.1,NC_040443.1__M__1,M,1,1999,eukarya,0.9961010217666626,0.081291,0.052773,0.550105,0.103136,0.073153,0.139543
NC_040464.1,NC_040464.1__none__0,none,0,2000,eukarya,0.998630702495575,0.075501,0.053884,0.551549,0.122592,0.068353,0.128121
NC_040464.1,NC_040464.1__M__500,M,500,1500,bacteria,0.9948462247848511,0.585060,0.108689,0.049932,0.039459,0.179586,0.037275
NC_040464.1,NC_040464.1__M__450,M,450,1550,bacteria,0.9949783682823181,0.585060,0.108689,0.049932,0.039459,0.179586,0.037275
NC_040464.1,NC_040464.1__M__400,M,400,1600,bacteria,0.9951114058494568,0.585060,0.108689,0.049932,0.039459,0.179586,0.037275
NC_040464.1,NC_040464.1__M__350,M,350,1650,bacteria,0.9999796152114868,0.585060,0.108689,0.049932,0.039459,0.179586,0.037275
NC_040464.1,NC_040464.1__M__300,M,300,1700,bacteria,0.9999700784683228,0.585060,0.108689,0.049932,0.039459,0.179586,0.037275
NC_040464.1,NC_040464.1__M__250,M,250,1750,bacteria,0.9999597072601318,0.585060,0.108689,0.049932,0.039459,0.179586,0.037275
NC_040464.1,NC_040464.1__M__200,M,200,1800,bacteria,0.9999576807022095,0.585060,0.108689,0.049932,0.039459,0.179586,0.037275
NC_040464.1,NC_040464.1__M__150,M,150,1850,bacteria,0.9999614953994751,0.585060,0.108689,0.049932,0.039459,0.179586,0.037275
NC_040464.1,NC_040464.1__M__100,M,100,1900,bacteria,0.9999654293060303,0.585060,0.108689,0.049932,0.039459,0.179586,0.037275
NC_040464.1,NC_040464.1__M__50,M,50,1950,eukarya,0.9987103939056396,0.076421,0.054013,0.557766,0.117761,0.074910,0.119130
NC_040464.1,NC_040464.1__M__1,M,1,1999,eukarya,0.9986639022827148,0.075501,0.053884,0.551549,0.122592,0.068353,0.128121
NC_040485.1,NC_040485.1__none__0,none,0,2000,eukarya,0.9824469089508057,0.076550,0.059842,0.534574,0.117946,0.080154,0.130934
NC_040485.1,NC_040485.1__M__500,M,500,1500,bacteria,0.9939666986465454,0.585060,0.108689,0.049932,0.039459,0.179586,0.037275
NC_040485.1,NC_040485.1__M__450,M,450,1550,bacteria,0.9939045310020447,0.585060,0.108689,0.049932,0.039459,0.179586,0.037275
NC_040485.1,NC_040485.1__M__400,M,400,1600,bacteria,0.9938774704933167,0.585060,0.108689,0.049932,0.039459,0.179586,0.037275
NC_040485.1,NC_040485.1__M__350,M,350,1650,bacteria,0.9996389150619507,0.585060,0.108689,0.049932,0.039459,0.179586,0.037275
NC_040485.1,NC_040485.1__M__300,M,300,1700,bacteria,0.999620795249939,0.585060,0.108689,0.049932,0.039459,0.179586,0.037275
NC_040485.1,NC_040485.1__M__250,M,250,1750,bacteria,0.9995808005332947,0.585060,0.108689,0.049932,0.039459,0.179586,0.037275
NC_040485.1,NC_040485.1__M__200,M,200,1800,bacteria,0.9996367692947388,0.585060,0.108689,0.049932,0.039459,0.179586,0.037275
NC_040485.1,NC_040485.1__M__150,M,150,1850,bacteria,0.9996721744537354,0.585060,0.108689,0.049932,0.039459,0.179586,0.037275
NC_040485.1,NC_040485.1__M__100,M,100,1900,bacteria,0.9997257590293884,0.585060,0.108689,0.049932,0.039459,0.179586,0.037275
NC_040485.1,NC_040485.1__M__50,M,50,1950,eukarya,0.9716269969940186,0.080347,0.063260,0.530847,0.110621,0.083476,0.131449
NC_040485.1,NC_040485.1__M__1,M,1,1999,eukarya,0.9825623035430908,0.076550,0.059842,0.534574,0.117946,0.080154,0.130934
NC_040601.1,NC_040601.1__none__0,none,0,2000,eukarya,0.9654896855354309,0.072991,0.053116,0.600702,0.091908,0.069251,0.112032
NC_040601.1,NC_040601.1__M__500,M,500,1500,bacteria,0.9899506568908691,0.585060,0.108689,0.049932,0.039459,0.179586,0.037275
NC_040601.1,NC_040601.1__M__450,M,450,1550,bacteria,0.989686906337738,0.585060,0.108689,0.049932,0.039459,0.179586,0.037275
NC_040601.1,NC_040601.1__M__400,M,400,1600,bacteria,0.9899522662162781,0.585060,0.108689,0.049932,0.039459,0.179586,0.037275
NC_040601.1,NC_040601.1__M__350,M,350,1650,bacteria,0.9998151659965515,0.585060,0.108689,0.049932,0.039459,0.179586,0.037275
NC_040601.1,NC_040601.1__M__300,M,300,1700,bacteria,0.9998047947883606,0.585060,0.108689,0.049932,0.039459,0.179586,0.037275
NC_040601.1,NC_040601.1__M__250,M,250,1750,bacteria,0.9998501539230347,0.585060,0.108689,0.049932,0.039459,0.179586,0.037275
NC_040601.1,NC_040601.1__M__200,M,200,1800,bacteria,0.9998650550842285,0.585060,0.108689,0.049932,0.039459,0.179586,0.037275
NC_040601.1,NC_040601.1__M__150,M,150,1850,bacteria,0.9998534917831421,0.585060,0.108689,0.049932,0.039459,0.179586,0.037275
NC_040601.1,NC_040601.1__M__100,M,100,1900,bacteria,0.9998195767402649,0.585060,0.108689,0.049932,0.039459,0.179586,0.037275
NC_040601.1,NC_040601.1__M__50,M,50,1950,eukarya,0.970652163028717,0.075088,0.052649,0.594546,0.093371,0.074906,0.109440
NC_040601.1,NC_040601.1__M__1,M,1,1999,eukarya,0.9637600779533386,0.072991,0.053116,0.600702,0.091908,0.069251,0.112032
NC_040685.2,NC_040685.2__none__0,none,0,2000,eukarya,0.99598628282547,0.072825,0.052222,0.566596,0.107847,0.075702,0.124808
NC_040685.2,NC_040685.2__M__500,M,500,1500,bacteria,0.993736982345581,0.585060,0.108689,0.049932,0.039459,0.179586,0.037275
NC_040685.2,NC_040685.2__M__450,M,450,1550,bacteria,0.9936200976371765,0.585060,0.108689,0.049932,0.039459,0.179586,0.037275
NC_040685.2,NC_040685.2__M__400,M,400,1600,bacteria,0.993535041809082,0.585060,0.108689,0.049932,0.039459,0.179586,0.037275
NC_040685.2,NC_040685.2__M__350,M,350,1650,bacteria,0.9999284744262695,0.585060,0.108689,0.049932,0.039459,0.179586,0.037275
NC_040685.2,NC_040685.2__M__300,M,300,1700,bacteria,0.9999032020568848,0.585060,0.108689,0.049932,0.039459,0.179586,0.037275
NC_040685.2,NC_040685.2__M__250,M,250,1750,bacteria,0.9999265670776367,0.585060,0.108689,0.049932,0.039459,0.179586,0.037275
NC_040685.2,NC_040685.2__M__200,M,200,1800,bacteria,0.9999450445175171,0.585060,0.108689,0.049932,0.039459,0.179586,0.037275
NC_040685.2,NC_040685.2__M__150,M,150,1850,bacteria,0.9999353885650635,0.585060,0.108689,0.049932,0.039459,0.179586,0.037275
NC_040685.2,NC_040685.2__M__100,M,100,1900,bacteria,0.9999344348907471,0.585060,0.108689,0.049932,0.039459,0.179586,0.037275
NC_040685.2,NC_040685.2__M__50,M,50,1950,eukarya,0.9963260293006897,0.073775,0.053926,0.549202,0.110622,0.080054,0.132422
NC_040685.2,NC_040685.2__M__1,M,1,1999,eukarya,0.9960728883743286,0.072825,0.052222,0.566596,0.107847,0.075702,0.124808
NC_040774.1,NC_040774.1__none__0,none,0,2000,eukarya,0.9987760186195374,0.080031,0.054618,0.555854,0.119929,0.070720,0.118847
NC_040774.1,NC_040774.1__M__500,M,500,1500,bacteria,0.9930055737495422,0.585060,0.108689,0.049932,0.039459,0.179586,0.037275
NC_040774.1,NC_040774.1__M__450,M,450,1550,bacteria,0.9932726621627808,0.585060,0.108689,0.049932,0.039459,0.179586,0.037275
NC_040774.1,NC_040774.1__M__400,M,400,1600,bacteria,0.99327552318573,0.585060,0.108689,0.049932,0.039459,0.179586,0.037275
NC_040774.1,NC_040774.1__M__350,M,350,1650,bacteria,0.9999147653579712,0.585060,0.108689,0.049932,0.039459,0.179586,0.037275
NC_040774.1,NC_040774.1__M__300,M,300,1700,bacteria,0.9999210834503174,0.585060,0.108689,0.049932,0.039459,0.179586,0.037275
NC_040774.1,NC_040774.1__M__250,M,250,1750,bacteria,0.999923586845398,0.585060,0.108689,0.049932,0.039459,0.179586,0.037275
NC_040774.1,NC_040774.1__M__200,M,200,1800,bacteria,0.9999439716339111,0.585060,0.108689,0.049932,0.039459,0.179586,0.037275
NC_040774.1,NC_040774.1__M__150,M,150,1850,bacteria,0.9999560117721558,0.585060,0.108689,0.049932,0.039459,0.179586,0.037275
NC_040774.1,NC_040774.1__M__100,M,100,1900,bacteria,0.999955415725708,0.585060,0.108689,0.049932,0.039459,0.179586,0.037275
NC_040774.1,NC_040774.1__M__50,M,50,1950,eukarya,0.9985730648040771,0.085320,0.058841,0.542331,0.116695,0.072854,0.123959
NC_040774.1,NC_040774.1__M__1,M,1,1999,eukarya,0.9988239407539368,0.080031,0.054618,0.555854,0.119929,0.070720,0.118847
NC_040795.1,NC_040795.1__none__0,none,0,2000,eukarya,0.9907584190368652,0.070451,0.054685,0.608042,0.099497,0.068113,0.099211
NC_040795.1,NC_040795.1__M__500,M,500,1500,bacteria,0.9908002018928528,0.585060,0.108689,0.049932,0.039459,0.179586,0.037275
NC_040795.1,NC_040795.1__M__450,M,450,1550,bacteria,0.9912746548652649,0.585060,0.108689,0.049932,0.039459,0.179586,0.037275
NC_040795.1,NC_040795.1__M__400,M,400,1600,bacteria,0.9919795989990234,0.585060,0.108689,0.049932,0.039459,0.179586,0.037275
NC_040795.1,NC_040795.1__M__350,M,350,1650,bacteria,0.9999305009841919,0.585060,0.108689,0.049932,0.039459,0.179586,0.037275
NC_040795.1,NC_040795.1__M__300,M,300,1700,bacteria,0.9999454021453857,0.585060,0.108689,0.049932,0.039459,0.179586,0.037275
NC_040795.1,NC_040795.1__M__250,M,250,1750,bacteria,0.9999322891235352,0.585060,0.108689,0.049932,0.039459,0.179586,0.037275
NC_040795.1,NC_040795.1__M__200,M,200,1800,bacteria,0.9999154806137085,0.585060,0.108689,0.049932,0.039459,0.179586,0.037275
NC_040795.1,NC_040795.1__M__150,M,150,1850,bacteria,0.9998891353607178,0.585060,0.108689,0.049932,0.039459,0.179586,0.037275
NC_040795.1,NC_040795.1__M__100,M,100,1900,bacteria,0.999879002571106,0.585060,0.108689,0.049932,0.039459,0.179586,0.037275
NC_040795.1,NC_040795.1__M__50,M,50,1950,eukarya,0.9922129511833191,0.073164,0.056163,0.582357,0.105192,0.075183,0.107941
NC_040795.1,NC_040795.1__M__1,M,1,1999,eukarya,0.9908696413040161,0.070451,0.054685,0.608042,0.099497,0.068113,0.099211
NC_040813.1,NC_040813.1__none__0,none,0,2000,eukarya,0.9969623684883118,0.077090,0.059827,0.567161,0.105392,0.073613,0.116916
NC_040813.1,NC_040813.1__M__500,M,500,1500,bacteria,0.9953221678733826,0.585060,0.108689,0.049932,0.039459,0.179586,0.037275
NC_040813.1,NC_040813.1__M__450,M,450,1550,bacteria,0.9953842759132385,0.585060,0.108689,0.049932,0.039459,0.179586,0.037275
NC_040813.1,NC_040813.1__M__400,M,400,1600,bacteria,0.9956050515174866,0.585060,0.108689,0.049932,0.039459,0.179586,0.037275
NC_040813.1,NC_040813.1__M__350,M,350,1650,bacteria,0.9998785257339478,0.585060,0.108689,0.049932,0.039459,0.179586,0.037275
NC_040813.1,NC_040813.1__M__300,M,300,1700,bacteria,0.9999197721481323,0.585060,0.108689,0.049932,0.039459,0.179586,0.037275
NC_040813.1,NC_040813.1__M__250,M,250,1750,bacteria,0.9999359846115112,0.585060,0.108689,0.049932,0.039459,0.179586,0.037275
NC_040813.1,NC_040813.1__M__200,M,200,1800,bacteria,0.9999265670776367,0.585060,0.108689,0.049932,0.039459,0.179586,0.037275
NC_040813.1,NC_040813.1__M__150,M,150,1850,bacteria,0.9999325275421143,0.585060,0.108689,0.049932,0.039459,0.179586,0.037275
NC_040813.1,NC_040813.1__M__100,M,100,1900,bacteria,0.9999405145645142,0.585060,0.108689,0.049932,0.039459,0.179586,0.037275
NC_040813.1,NC_040813.1__M__50,M,50,1950,eukarya,0.9936657547950745,0.075690,0.058845,0.543240,0.118396,0.081698,0.122132
NC_040813.1,NC_040813.1__M__1,M,1,1999,eukarya,0.9970447421073914,0.077090,0.059827,0.567161,0.105392,0.073613,0.116916
NC_040835.1,NC_040835.1__none__0,none,0,2000,eukarya,0.9586511850357056,0.079808,0.052269,0.574700,0.103551,0.072301,0.117370
NC_040835.1,NC_040835.1__M__500,M,500,1500,bacteria,0.9909647703170776,0.585060,0.108689,0.049932,0.039459,0.179586,0.037275
NC_040835.1,NC_040835.1__M__450,M,450,1550,bacteria,0.9910855889320374,0.585060,0.108689,0.049932,0.039459,0.179586,0.037275
NC_040835.1,NC_040835.1__M__400,M,400,1600,bacteria,0.991275429725647,0.585060,0.108689,0.049932,0.039459,0.179586,0.037275
NC_040835.1,NC_040835.1__M__350,M,350,1650,bacteria,0.9995632767677307,0.585060,0.108689,0.049932,0.039459,0.179586,0.037275
NC_040835.1,NC_040835.1__M__300,M,300,1700,bacteria,0.9996926784515381,0.585060,0.108689,0.049932,0.039459,0.179586,0.037275
NC_040835.1,NC_040835.1__M__250,M,250,1750,bacteria,0.9997676014900208,0.585060,0.108689,0.049932,0.039459,0.179586,0.037275
NC_040835.1,NC_040835.1__M__200,M,200,1800,bacteria,0.9997978806495667,0.585060,0.108689,0.049932,0.039459,0.179586,0.037275
NC_040835.1,NC_040835.1__M__150,M,150,1850,bacteria,0.9997653365135193,0.585060,0.108689,0.049932,0.039459,0.179586,0.037275
NC_040835.1,NC_040835.1__M__100,M,100,1900,bacteria,0.9997175335884094,0.585060,0.108689,0.049932,0.039459,0.179586,0.037275
NC_040835.1,NC_040835.1__M__50,M,50,1950,eukarya,0.9702192544937134,0.079681,0.052898,0.583085,0.098356,0.073419,0.112560
NC_040835.1,NC_040835.1__M__1,M,1,1999,eukarya,0.9602394700050354,0.079808,0.052269,0.574700,0.103551,0.072301,0.117370
NC_039476.1,NC_039476.1__none__0,none,0,2000,eukarya,0.9974769949913025,0.074943,0.056267,0.533642,0.134064,0.068886,0.132198
NC_039476.1,NC_039476.1__M__500,M,500,1500,bacteria,0.9948180317878723,0.585060,0.108689,0.049932,0.039459,0.179586,0.037275
NC_039476.1,NC_039476.1__M__450,M,450,1550,bacteria,0.9951260685920715,0.585060,0.108689,0.049932,0.039459,0.179586,0.037275
NC_039476.1,NC_039476.1__M__400,M,400,1600,bacteria,0.9955568909645081,0.585060,0.108689,0.049932,0.039459,0.179586,0.037275
NC_039476.1,NC_039476.1__M__350,M,350,1650,bacteria,0.9999217987060547,0.585060,0.108689,0.049932,0.039459,0.179586,0.037275
NC_039476.1,NC_039476.1__M__300,M,300,1700,bacteria,0.9998918771743774,0.585060,0.108689,0.049932,0.039459,0.179586,0.037275
NC_039476.1,NC_039476.1__M__250,M,250,1750,bacteria,0.9999079704284668,0.585060,0.108689,0.049932,0.039459,0.179586,0.037275
NC_039476.1,NC_039476.1__M__200,M,200,1800,bacteria,0.9999278783798218,0.585060,0.108689,0.049932,0.039459,0.179586,0.037275
NC_039476.1,NC_039476.1__M__150,M,150,1850,bacteria,0.9999357461929321,0.585060,0.108689,0.049932,0.039459,0.179586,0.037275
NC_039476.1,NC_039476.1__M__100,M,100,1900,bacteria,0.9999517202377319,0.585060,0.108689,0.049932,0.039459,0.179586,0.037275
NC_039476.1,NC_039476.1__M__50,M,50,1950,eukarya,0.9971404075622559,0.076673,0.060090,0.538084,0.127222,0.076530,0.121401
NC_039476.1,NC_039476.1__M__1,M,1,1999,eukarya,0.9975298047065735,0.074943,0.056267,0.533642,0.134064,0.068886,0.132198
NC_039199.1,NC_039199.1__none__0,none,0,2000,eukarya,0.9963470101356506,0.073302,0.052985,0.579621,0.112762,0.074854,0.106476
NC_039199.1,NC_039199.1__M__500,M,500,1500,bacteria,0.994958221912384,0.585060,0.108689,0.049932,0.039459,0.179586,0.037275
NC_039199.1,NC_039199.1__M__450,M,450,1550,bacteria,0.9951207041740417,0.585060,0.108689,0.049932,0.039459,0.179586,0.037275
NC_039199.1,NC_039199.1__M__400,M,400,1600,bacteria,0.9953267574310303,0.585060,0.108689,0.049932,0.039459,0.179586,0.037275
NC_039199.1,NC_039199.1__M__350,M,350,1650,bacteria,0.9997275471687317,0.585060,0.108689,0.049932,0.039459,0.179586,0.037275
NC_039199.1,NC_039199.1__M__300,M,300,1700,bacteria,0.9997901320457458,0.585060,0.108689,0.049932,0.039459,0.179586,0.037275
NC_039199.1,NC_039199.1__M__250,M,250,1750,bacteria,0.9998456239700317,0.585060,0.108689,0.049932,0.039459,0.179586,0.037275
NC_039199.1,NC_039199.1__M__200,M,200,1800,bacteria,0.9998819828033447,0.585060,0.108689,0.049932,0.039459,0.179586,0.037275
NC_039199.1,NC_039199.1__M__150,M,150,1850,bacteria,0.9999041557312012,0.585060,0.108689,0.049932,0.039459,0.179586,0.037275
NC_039199.1,NC_039199.1__M__100,M,100,1900,bacteria,0.9999160766601562,0.585060,0.108689,0.049932,0.039459,0.179586,0.037275
NC_039199.1,NC_039199.1__M__50,M,50,1950,eukarya,0.995995283126831,0.073524,0.055871,0.558133,0.117700,0.081531,0.113242
NC_039199.1,NC_039199.1__M__1,M,1,1999,eukarya,0.9963697195053101,0.073302,0.052985,0.579621,0.112762,0.074854,0.106476
NC_038272.1,NC_038272.1__none__0,none,0,2000,eukarya,0.9884800910949707,0.073268,0.061388,0.556781,0.118136,0.076769,0.113658
NC_038272.1,NC_038272.1__M__500,M,500,1500,bacteria,0.9948017597198486,0.585060,0.108689,0.049932,0.039459,0.179586,0.037275
NC_038272.1,NC_038272.1__M__450,M,450,1550,bacteria,0.9948492646217346,0.585060,0.108689,0.049932,0.039459,0.179586,0.037275
NC_038272.1,NC_038272.1__M__400,M,400,1600,bacteria,0.9947633743286133,0.585060,0.108689,0.049932,0.039459,0.179586,0.037275
NC_038272.1,NC_038272.1__M__350,M,350,1650,bacteria,0.9999597072601318,0.585060,0.108689,0.049932,0.039459,0.179586,0.037275
NC_038272.1,NC_038272.1__M__300,M,300,1700,bacteria,0.9999583959579468,0.585060,0.108689,0.049932,0.039459,0.179586,0.037275
NC_038272.1,NC_038272.1__M__250,M,250,1750,bacteria,0.9999368190765381,0.585060,0.108689,0.049932,0.039459,0.179586,0.037275
NC_038272.1,NC_038272.1__M__200,M,200,1800,bacteria,0.9998952150344849,0.585060,0.108689,0.049932,0.039459,0.179586,0.037275
NC_038272.1,NC_038272.1__M__150,M,150,1850,bacteria,0.9998674392700195,0.585060,0.108689,0.049932,0.039459,0.179586,0.037275
NC_038272.1,NC_038272.1__M__100,M,100,1900,bacteria,0.9998528957366943,0.585060,0.108689,0.049932,0.039459,0.179586,0.037275
NC_038272.1,NC_038272.1__M__50,M,50,1950,eukarya,0.9871134757995605,0.078763,0.062755,0.552198,0.111132,0.080493,0.114659
NC_038272.1,NC_038272.1__M__1,M,1,1999,eukarya,0.9883463978767395,0.073268,0.061388,0.556781,0.118136,0.076769,0.113658
NC_038287.1,NC_038287.1__none__0,none,0,2000,eukarya,0.9655412435531616,0.076187,0.050636,0.621803,0.089989,0.068655,0.092730
NC_038287.1,NC_038287.1__M__500,M,500,1500,bacteria,0.9942465424537659,0.585060,0.108689,0.049932,0.039459,0.179586,0.037275
NC_038287.1,NC_038287.1__M__450,M,450,1550,bacteria,0.9940549731254578,0.585060,0.108689,0.049932,0.039459,0.179586,0.037275
NC_038287.1,NC_038287.1__M__400,M,400,1600,bacteria,0.993624210357666,0.585060,0.108689,0.049932,0.039459,0.179586,0.037275
NC_038287.1,NC_038287.1__M__350,M,350,1650,bacteria,0.9999386072158813,0.585060,0.108689,0.049932,0.039459,0.179586,0.037275
NC_038287.1,NC_038287.1__M__300,M,300,1700,bacteria,0.9998935461044312,0.585060,0.108689,0.049932,0.039459,0.179586,0.037275
NC_038287.1,NC_038287.1__M__250,M,250,1750,bacteria,0.9998263716697693,0.585060,0.108689,0.049932,0.039459,0.179586,0.037275
NC_038287.1,NC_038287.1__M__200,M,200,1800,bacteria,0.9997667670249939,0.585060,0.108689,0.049932,0.039459,0.179586,0.037275
NC_038287.1,NC_038287.1__M__150,M,150,1850,bacteria,0.9997311234474182,0.585060,0.108689,0.049932,0.039459,0.179586,0.037275
NC_038287.1,NC_038287.1__M__100,M,100,1900,bacteria,0.9997550845146179,0.585060,0.108689,0.049932,0.039459,0.179586,0.037275
NC_038287.1,NC_038287.1__M__50,M,50,1950,eukarya,0.960940420627594,0.077243,0.057504,0.578324,0.104143,0.076155,0.106631
NC_038287.1,NC_038287.1__M__1,M,1,1999,eukarya,0.963391125202179,0.076187,0.050636,0.621803,0.089989,0.068655,0.092730
NC_038311.1,NC_038311.1__none__0,none,0,2000,eukarya,0.9934740662574768,0.073395,0.059483,0.549901,0.112891,0.080318,0.124012
NC_038311.1,NC_038311.1__M__500,M,500,1500,bacteria,0.9917542934417725,0.585060,0.108689,0.049932,0.039459,0.179586,0.037275
NC_038311.1,NC_038311.1__M__450,M,450,1550,bacteria,0.9923993945121765,0.585060,0.108689,0.049932,0.039459,0.179586,0.037275
NC_038311.1,NC_038311.1__M__400,M,400,1600,bacteria,0.9927114248275757,0.585060,0.108689,0.049932,0.039459,0.179586,0.037275
NC_038311.1,NC_038311.1__M__350,M,350,1650,bacteria,0.9995042085647583,0.585060,0.108689,0.049932,0.039459,0.179586,0.037275
NC_038311.1,NC_038311.1__M__300,M,300,1700,bacteria,0.9996951818466187,0.585060,0.108689,0.049932,0.039459,0.179586,0.037275
NC_038311.1,NC_038311.1__M__250,M,250,1750,bacteria,0.9997697472572327,0.585060,0.108689,0.049932,0.039459,0.179586,0.037275
NC_038311.1,NC_038311.1__M__200,M,200,1800,bacteria,0.9998217225074768,0.585060,0.108689,0.049932,0.039459,0.179586,0.037275
NC_038311.1,NC_038311.1__M__150,M,150,1850,bacteria,0.9998577833175659,0.585060,0.108689,0.049932,0.039459,0.179586,0.037275
NC_038311.1,NC_038311.1__M__100,M,100,1900,bacteria,0.9998817443847656,0.585060,0.108689,0.049932,0.039459,0.179586,0.037275
NC_038311.1,NC_038311.1__M__50,M,50,1950,eukarya,0.9911918044090271,0.075884,0.062063,0.536226,0.118869,0.082100,0.124858
NC_038311.1,NC_038311.1__M__1,M,1,1999,eukarya,0.993006706237793,0.073395,0.059483,0.549901,0.112891,0.080318,0.124012
NC_038317.1,NC_038317.1__none__0,none,0,2000,eukarya,0.9938934445381165,0.073816,0.065375,0.532639,0.105541,0.077086,0.145543
NC_038317.1,NC_038317.1__M__500,M,500,1500,bacteria,0.9953076243400574,0.585060,0.108689,0.049932,0.039459,0.179586,0.037275
NC_038317.1,NC_038317.1__M__450,M,450,1550,bacteria,0.9955148100852966,0.585060,0.108689,0.049932,0.039459,0.179586,0.037275
NC_038317.1,NC_038317.1__M__400,M,400,1600,bacteria,0.9955795407295227,0.585060,0.108689,0.049932,0.039459,0.179586,0.037275
NC_038317.1,NC_038317.1__M__350,M,350,1650,bacteria,0.9999347925186157,0.585060,0.108689,0.049932,0.039459,0.179586,0.037275
NC_038317.1,NC_038317.1__M__300,M,300,1700,bacteria,0.9999300241470337,0.585060,0.108689,0.049932,0.039459,0.179586,0.037275
NC_038317.1,NC_038317.1__M__250,M,250,1750,bacteria,0.9999350309371948,0.585060,0.108689,0.049932,0.039459,0.179586,0.037275
NC_038317.1,NC_038317.1__M__200,M,200,1800,bacteria,0.9999438524246216,0.585060,0.108689,0.049932,0.039459,0.179586,0.037275
NC_038317.1,NC_038317.1__M__150,M,150,1850,bacteria,0.9999443292617798,0.585060,0.108689,0.049932,0.039459,0.179586,0.037275
NC_038317.1,NC_038317.1__M__100,M,100,1900,bacteria,0.9999343156814575,0.585060,0.108689,0.049932,0.039459,0.179586,0.037275
NC_038317.1,NC_038317.1__M__50,M,50,1950,eukarya,0.9958594441413879,0.073415,0.057249,0.569788,0.109002,0.073826,0.116720
NC_038317.1,NC_038317.1__M__1,M,1,1999,eukarya,0.9935021996498108,0.073816,0.065375,0.532639,0.105541,0.077086,0.145543
NC_038435.1,NC_038435.1__none__0,none,0,2000,eukarya,0.995945394039154,0.073457,0.049518,0.606292,0.095055,0.066289,0.109390
NC_038435.1,NC_038435.1__M__500,M,500,1500,bacteria,0.993263840675354,0.585060,0.108689,0.049932,0.039459,0.179586,0.037275
NC_038435.1,NC_038435.1__M__450,M,450,1550,bacteria,0.9932470321655273,0.585060,0.108689,0.049932,0.039459,0.179586,0.037275
NC_038435.1,NC_038435.1__M__400,M,400,1600,bacteria,0.993037760257721,0.585060,0.108689,0.049932,0.039459,0.179586,0.037275
NC_038435.1,NC_038435.1__M__350,M,350,1650,bacteria,0.9995063543319702,0.585060,0.108689,0.049932,0.039459,0.179586,0.037275
NC_038435.1,NC_038435.1__M__300,M,300,1700,bacteria,0.9995624423027039,0.585060,0.108689,0.049932,0.039459,0.179586,0.037275
NC_038435.1,NC_038435.1__M__250,M,250,1750,bacteria,0.999642014503479,0.585060,0.108689,0.049932,0.039459,0.179586,0.037275
NC_038435.1,NC_038435.1__M__200,M,200,1800,bacteria,0.9997730851173401,0.585060,0.108689,0.049932,0.039459,0.179586,0.037275
NC_038435.1,NC_038435.1__M__150,M,150,1850,bacteria,0.9998513460159302,0.585060,0.108689,0.049932,0.039459,0.179586,0.037275
NC_038435.1,NC_038435.1__M__100,M,100,1900,bacteria,0.9998538494110107,0.585060,0.108689,0.049932,0.039459,0.179586,0.037275
NC_038435.1,NC_038435.1__M__50,M,50,1950,eukarya,0.9936285614967346,0.073849,0.052914,0.587022,0.104209,0.074805,0.107200
NC_038435.1,NC_038435.1__M__1,M,1,1999,eukarya,0.9960934519767761,0.073457,0.049518,0.606292,0.095055,0.066289,0.109390
NC_038697.1,NC_038697.1__none__0,none,0,2000,eukarya,0.9998844861984253,0.068925,0.051412,0.594531,0.100780,0.073667,0.110686
NC_038697.1,NC_038697.1__M__500,M,500,1500,bacteria,0.9973015189170837,0.585060,0.108689,0.049932,0.039459,0.179586,0.037275
NC_038697.1,NC_038697.1__M__450,M,450,1550,bacteria,0.9974920749664307,0.585060,0.108689,0.049932,0.039459,0.179586,0.037275
NC_038697.1,NC_038697.1__M__400,M,400,1600,bacteria,0.9977070093154907,0.585060,0.108689,0.049932,0.039459,0.179586,0.037275
NC_038697.1,NC_038697.1__M__350,M,350,1650,bacteria,0.9999923706054688,0.585060,0.108689,0.049932,0.039459,0.179586,0.037275
NC_038697.1,NC_038697.1__M__300,M,300,1700,bacteria,0.9999948740005493,0.585060,0.108689,0.049932,0.039459,0.179586,0.037275
NC_038697.1,NC_038697.1__M__250,M,250,1750,bacteria,0.9999949932098389,0.585060,0.108689,0.049932,0.039459,0.179586,0.037275
NC_038697.1,NC_038697.1__M__200,M,200,1800,bacteria,0.9999947547912598,0.585060,0.108689,0.049932,0.039459,0.179586,0.037275
NC_038697.1,NC_038697.1__M__150,M,150,1850,bacteria,0.9999948740005493,0.585060,0.108689,0.049932,0.039459,0.179586,0.037275
NC_038697.1,NC_038697.1__M__100,M,100,1900,bacteria,0.9999945163726807,0.585060,0.108689,0.049932,0.039459,0.179586,0.037275
NC_038697.1,NC_038697.1__M__50,M,50,1950,eukarya,0.9998779296875,0.073857,0.056140,0.570409,0.108107,0.074476,0.117011
NC_038697.1,NC_038697.1__M__1,M,1,1999,eukarya,0.9998829364776611,0.068925,0.051412,0.594531,0.100780,0.073667,0.110686
NC_038717.1,NC_038717.1__none__0,none,0,2000,eukarya,0.9947828650474548,0.073042,0.055139,0.545836,0.107054,0.071804,0.147125
NC_038717.1,NC_038717.1__M__500,M,500,1500,bacteria,0.9944602251052856,0.585060,0.108689,0.049932,0.039459,0.179586,0.037275
NC_038717.1,NC_038717.1__M__450,M,450,1550,bacteria,0.9945785999298096,0.585060,0.108689,0.049932,0.039459,0.179586,0.037275
NC_038717.1,NC_038717.1__M__400,M,400,1600,bacteria,0.9946457147598267,0.585060,0.108689,0.049932,0.039459,0.179586,0.037275
NC_038717.1,NC_038717.1__M__350,M,350,1650,bacteria,0.9999184608459473,0.585060,0.108689,0.049932,0.039459,0.179586,0.037275
NC_038717.1,NC_038717.1__M__300,M,300,1700,bacteria,0.9999288320541382,0.585060,0.108689,0.049932,0.039459,0.179586,0.037275
NC_038717.1,NC_038717.1__M__250,M,250,1750,bacteria,0.9999216794967651,0.585060,0.108689,0.049932,0.039459,0.179586,0.037275
NC_038717.1,NC_038717.1__M__200,M,200,1800,bacteria,0.9999186992645264,0.585060,0.108689,0.049932,0.039459,0.179586,0.037275
NC_038717.1,NC_038717.1__M__150,M,150,1850,bacteria,0.9999195337295532,0.585060,0.108689,0.049932,0.039459,0.179586,0.037275
NC_038717.1,NC_038717.1__M__100,M,100,1900,bacteria,0.9999186992645264,0.585060,0.108689,0.049932,0.039459,0.179586,0.037275
NC_038717.1,NC_038717.1__M__50,M,50,1950,eukarya,0.9936491847038269,0.076343,0.058349,0.541309,0.115279,0.077910,0.130811
NC_038717.1,NC_038717.1__M__1,M,1,1999,eukarya,0.9947507977485657,0.073042,0.055139,0.545836,0.107054,0.071804,0.147125
NC_038747.1,NC_038747.1__none__0,none,0,2000,bacteria,0.9999508857727051,0.585060,0.108689,0.049932,0.039459,0.179586,0.037275
NC_038747.1,NC_038747.1__M__500,M,500,1500,bacteria,0.9972981810569763,0.585060,0.108689,0.049932,0.039459,0.179586,0.037275
NC_038747.1,NC_038747.1__M__450,M,450,1550,bacteria,0.9972043633460999,0.585060,0.108689,0.049932,0.039459,0.179586,0.037275
NC_038747.1,NC_038747.1__M__400,M,400,1600,bacteria,0.997075080871582,0.585060,0.108689,0.049932,0.039459,0.179586,0.037275
NC_038747.1,NC_038747.1__M__350,M,350,1650,bacteria,0.9969321489334106,0.585060,0.108689,0.049932,0.039459,0.179586,0.037275
NC_038747.1,NC_038747.1__M__300,M,300,1700,bacteria,0.996722400188446,0.585060,0.108689,0.049932,0.039459,0.179586,0.037275
NC_038747.1,NC_038747.1__M__250,M,250,1750,bacteria,0.9966713786125183,0.585060,0.108689,0.049932,0.039459,0.179586,0.037275
NC_038747.1,NC_038747.1__M__200,M,200,1800,bacteria,0.9965903759002686,0.585060,0.108689,0.049932,0.039459,0.179586,0.037275
NC_038747.1,NC_038747.1__M__150,M,150,1850,bacteria,0.9966554641723633,0.585060,0.108689,0.049932,0.039459,0.179586,0.037275
NC_038747.1,NC_038747.1__M__100,M,100,1900,bacteria,0.9965846538543701,0.585060,0.108689,0.049932,0.039459,0.179586,0.037275
NC_038747.1,NC_038747.1__M__50,M,50,1950,bacteria,0.9964430928230286,0.585060,0.108689,0.049932,0.039459,0.179586,0.037275
NC_038747.1,NC_038747.1__M__1,M,1,1999,bacteria,0.9999663829803467,0.585060,0.108689,0.049932,0.039459,0.179586,0.037275
NC_038769.1,NC_038769.1__none__0,none,0,2000,eukarya,0.9997180104255676,0.073135,0.054902,0.545919,0.114378,0.070861,0.140805
NC_038769.1,NC_038769.1__M__500,M,500,1500,bacteria,0.9958953857421875,0.585060,0.108689,0.049932,0.039459,0.179586,0.037275
NC_038769.1,NC_038769.1__M__450,M,450,1550,bacteria,0.9957934617996216,0.585060,0.108689,0.049932,0.039459,0.179586,0.037275
NC_038769.1,NC_038769.1__M__400,M,400,1600,bacteria,0.9957283139228821,0.585060,0.108689,0.049932,0.039459,0.179586,0.037275
NC_038769.1,NC_038769.1__M__350,M,350,1650,bacteria,0.9999908208847046,0.585060,0.108689,0.049932,0.039459,0.179586,0.037275
NC_038769.1,NC_038769.1__M__300,M,300,1700,bacteria,0.9999854564666748,0.585060,0.108689,0.049932,0.039459,0.179586,0.037275
NC_038769.1,NC_038769.1__M__250,M,250,1750,bacteria,0.9999817609786987,0.585060,0.108689,0.049932,0.039459,0.179586,0.037275
NC_038769.1,NC_038769.1__M__200,M,200,1800,bacteria,0.9999794960021973,0.585060,0.108689,0.049932,0.039459,0.179586,0.037275
NC_038769.1,NC_038769.1__M__150,M,150,1850,bacteria,0.9999831914901733,0.585060,0.108689,0.049932,0.039459,0.179586,0.037275
NC_038769.1,NC_038769.1__M__100,M,100,1900,bacteria,0.999983549118042,0.585060,0.108689,0.049932,0.039459,0.179586,0.037275
NC_038769.1,NC_038769.1__M__50,M,50,1950,eukarya,0.9996846914291382,0.074492,0.053171,0.564731,0.107294,0.074613,0.125699
NC_038769.1,NC_038769.1__M__1,M,1,1999,eukarya,0.9997265934944153,0.073135,0.054902,0.545919,0.114378,0.070861,0.140805
NC_038782.1,NC_038782.1__none__0,none,0,2000,eukarya,0.9833764433860779,0.073796,0.054081,0.574091,0.115883,0.072410,0.109739
NC_038782.1,NC_038782.1__M__500,M,500,1500,bacteria,0.9941964149475098,0.585060,0.108689,0.049932,0.039459,0.179586,0.037275
NC_038782.1,NC_038782.1__M__450,M,450,1550,bacteria,0.9937353730201721,0.585060,0.108689,0.049932,0.039459,0.179586,0.037275
NC_038782.1,NC_038782.1__M__400,M,400,1600,bacteria,0.9932811260223389,0.585060,0.108689,0.049932,0.039459,0.179586,0.037275
NC_038782.1,NC_038782.1__M__350,M,350,1650,bacteria,0.9995527863502502,0.585060,0.108689,0.049932,0.039459,0.179586,0.037275
NC_038782.1,NC_038782.1__M__300,M,300,1700,bacteria,0.9996050000190735,0.585060,0.108689,0.049932,0.039459,0.179586,0.037275
NC_038782.1,NC_038782.1__M__250,M,250,1750,bacteria,0.9995067119598389,0.585060,0.108689,0.049932,0.039459,0.179586,0.037275
NC_038782.1,NC_038782.1__M__200,M,200,1800,bacteria,0.9995538592338562,0.585060,0.108689,0.049932,0.039459,0.179586,0.037275
NC_038782.1,NC_038782.1__M__150,M,150,1850,bacteria,0.9996359348297119,0.585060,0.108689,0.049932,0.039459,0.179586,0.037275
NC_038782.1,NC_038782.1__M__100,M,100,1900,bacteria,0.9996801614761353,0.585060,0.108689,0.049932,0.039459,0.179586,0.037275
NC_038782.1,NC_038782.1__M__50,M,50,1950,eukarya,0.9794137477874756,0.078909,0.059517,0.556557,0.111858,0.079164,0.113994
NC_038782.1,NC_038782.1__M__1,M,1,1999,eukarya,0.9835454225540161,0.073796,0.054081,0.574091,0.115883,0.072410,0.109739
NC_038874.1,NC_038874.1__none__0,none,0,2000,eukarya,0.9981933236122131,0.080712,0.058639,0.524747,0.112964,0.070149,0.152788
NC_038874.1,NC_038874.1__M__500,M,500,1500,bacteria,0.9951083064079285,0.585060,0.108689,0.049932,0.039459,0.179586,0.037275
NC_038874.1,NC_038874.1__M__450,M,450,1550,bacteria,0.9949637651443481,0.585060,0.108689,0.049932,0.039459,0.179586,0.037275
NC_038874.1,NC_038874.1__M__400,M,400,1600,bacteria,0.9948204755783081,0.585060,0.108689,0.049932,0.039459,0.179586,0.037275
NC_038874.1,NC_038874.1__M__350,M,350,1650,bacteria,0.9999243021011353,0.585060,0.108689,0.049932,0.039459,0.179586,0.037275
NC_038874.1,NC_038874.1__M__300,M,300,1700,bacteria,0.9999301433563232,0.585060,0.108689,0.049932,0.039459,0.179586,0.037275
NC_038874.1,NC_038874.1__M__250,M,250,1750,bacteria,0.9999339580535889,0.585060,0.108689,0.049932,0.039459,0.179586,0.037275
NC_038874.1,NC_038874.1__M__200,M,200,1800,bacteria,0.9999300241470337,0.585060,0.108689,0.049932,0.039459,0.179586,0.037275
NC_038874.1,NC_038874.1__M__150,M,150,1850,bacteria,0.9999326467514038,0.585060,0.108689,0.049932,0.039459,0.179586,0.037275
NC_038874.1,NC_038874.1__M__100,M,100,1900,bacteria,0.9999419450759888,0.585060,0.108689,0.049932,0.039459,0.179586,0.037275
NC_038874.1,NC_038874.1__M__50,M,50,1950,eukarya,0.99806147813797,0.081888,0.059493,0.539179,0.113185,0.075605,0.130651
NC_038874.1,NC_038874.1__M__1,M,1,1999,eukarya,0.9981945157051086,0.080712,0.058639,0.524747,0.112964,0.070149,0.152788
NC_038882.1,NC_038882.1__none__0,none,0,2000,eukarya,0.9362643361091614,0.071114,0.052150,0.595554,0.105420,0.070114,0.105648
NC_038882.1,NC_038882.1__M__500,M,500,1500,bacteria,0.9851325750350952,0.585060,0.108689,0.049932,0.039459,0.179586,0.037275
NC_038882.1,NC_038882.1__M__450,M,450,1550,bacteria,0.9850715398788452,0.585060,0.108689,0.049932,0.039459,0.179586,0.037275
NC_038882.1,NC_038882.1__M__400,M,400,1600,bacteria,0.9855926632881165,0.585060,0.108689,0.049932,0.039459,0.179586,0.037275
NC_038882.1,NC_038882.1__M__350,M,350,1650,bacteria,0.9988327622413635,0.585060,0.108689,0.049932,0.039459,0.179586,0.037275
NC_038882.1,NC_038882.1__M__300,M,300,1700,bacteria,0.9994269609451294,0.585060,0.108689,0.049932,0.039459,0.179586,0.037275
NC_038882.1,NC_038882.1__M__250,M,250,1750,bacteria,0.9993343949317932,0.585060,0.108689,0.049932,0.039459,0.179586,0.037275
NC_038882.1,NC_038882.1__M__200,M,200,1800,bacteria,0.9992119073867798,0.585060,0.108689,0.049932,0.039459,0.179586,0.037275
NC_038882.1,NC_038882.1__M__150,M,150,1850,bacteria,0.9992699027061462,0.585060,0.108689,0.049932,0.039459,0.179586,0.037275
NC_038882.1,NC_038882.1__M__100,M,100,1900,bacteria,0.9993427395820618,0.585060,0.108689,0.049932,0.039459,0.179586,0.037275
NC_038882.1,NC_038882.1__M__50,M,50,1950,eukarya,0.9289290308952332,0.073890,0.056493,0.584997,0.104868,0.077026,0.102726
NC_038882.1,NC_038882.1__M__1,M,1,1999,eukarya,0.9306164979934692,0.071114,0.052150,0.595554,0.105420,0.070114,0.105648
NC_038940.1,NC_038940.1__none__0,none,0,2000,eukarya,0.9885680675506592,0.066133,0.051282,0.588860,0.119643,0.068215,0.105867
NC_038940.1,NC_038940.1__M__500,M,500,1500,bacteria,0.9948886036872864,0.585060,0.108689,0.049932,0.039459,0.179586,0.037275
NC_038940.1,NC_038940.1__M__450,M,450,1550,bacteria,0.9945524334907532,0.585060,0.108689,0.049932,0.039459,0.179586,0.037275
NC_038940.1,NC_038940.1__M__400,M,400,1600,bacteria,0.994273841381073,0.585060,0.108689,0.049932,0.039459,0.179586,0.037275
NC_038940.1,NC_038940.1__M__350,M,350,1650,bacteria,0.9996036887168884,0.585060,0.108689,0.049932,0.039459,0.179586,0.037275
NC_038940.1,NC_038940.1__M__300,M,300,1700,bacteria,0.9996861219406128,0.585060,0.108689,0.049932,0.039459,0.179586,0.037275
NC_038940.1,NC_038940.1__M__250,M,250,1750,bacteria,0.9997178912162781,0.585060,0.108689,0.049932,0.039459,0.179586,0.037275
NC_038940.1,NC_038940.1__M__200,M,200,1800,bacteria,0.9997792840003967,0.585060,0.108689,0.049932,0.039459,0.179586,0.037275
NC_038940.1,NC_038940.1__M__150,M,150,1850,bacteria,0.999832034111023,0.585060,0.108689,0.049932,0.039459,0.179586,0.037275
NC_038940.1,NC_038940.1__M__100,M,100,1900,bacteria,0.9998233914375305,0.585060,0.108689,0.049932,0.039459,0.179586,0.037275
NC_038940.1,NC_038940.1__M__50,M,50,1950,eukarya,0.9894564747810364,0.071582,0.057451,0.565030,0.115455,0.077832,0.112649
NC_038940.1,NC_038940.1__M__1,M,1,1999,eukarya,0.9890663623809814,0.066133,0.051282,0.588860,0.119643,0.068215,0.105867
NC_036469.1,NC_036469.1__none__0,none,0,2000,eukarya,0.9936109185218811,0.076294,0.053893,0.570159,0.112138,0.076170,0.111346
NC_036469.1,NC_036469.1__M__500,M,500,1500,bacteria,0.9922983050346375,0.585060,0.108689,0.049932,0.039459,0.179586,0.037275
NC_036469.1,NC_036469.1__M__450,M,450,1550,bacteria,0.9926238059997559,0.585060,0.108689,0.049932,0.039459,0.179586,0.037275
NC_036469.1,NC_036469.1__M__400,M,400,1600,bacteria,0.9928712248802185,0.585060,0.108689,0.049932,0.039459,0.179586,0.037275
NC_036469.1,NC_036469.1__M__350,M,350,1650,bacteria,0.9998612403869629,0.585060,0.108689,0.049932,0.039459,0.179586,0.037275
NC_036469.1,NC_036469.1__M__300,M,300,1700,bacteria,0.9999136924743652,0.585060,0.108689,0.049932,0.039459,0.179586,0.037275
NC_036469.1,NC_036469.1__M__250,M,250,1750,bacteria,0.9999167919158936,0.585060,0.108689,0.049932,0.039459,0.179586,0.037275
NC_036469.1,NC_036469.1__M__200,M,200,1800,bacteria,0.9999219179153442,0.585060,0.108689,0.049932,0.039459,0.179586,0.037275
NC_036469.1,NC_036469.1__M__150,M,150,1850,bacteria,0.9999068975448608,0.585060,0.108689,0.049932,0.039459,0.179586,0.037275
NC_036469.1,NC_036469.1__M__100,M,100,1900,bacteria,0.9999059438705444,0.585060,0.108689,0.049932,0.039459,0.179586,0.037275
NC_036469.1,NC_036469.1__M__50,M,50,1950,eukarya,0.9917805790901184,0.077751,0.057660,0.558357,0.107589,0.078779,0.119864
NC_036469.1,NC_036469.1__M__1,M,1,1999,eukarya,0.9936895370483398,0.076294,0.053893,0.570159,0.112138,0.076170,0.111346
NC_036476.1,NC_036476.1__none__0,none,0,2000,eukarya,0.9972760081291199,0.076543,0.055672,0.560156,0.094519,0.074926,0.138184
NC_036476.1,NC_036476.1__M__500,M,500,1500,bacteria,0.995722770690918,0.585060,0.108689,0.049932,0.039459,0.179586,0.037275
NC_036476.1,NC_036476.1__M__450,M,450,1550,bacteria,0.9956600069999695,0.585060,0.108689,0.049932,0.039459,0.179586,0.037275
NC_036476.1,NC_036476.1__M__400,M,400,1600,bacteria,0.9957078695297241,0.585060,0.108689,0.049932,0.039459,0.179586,0.037275
NC_036476.1,NC_036476.1__M__350,M,350,1650,bacteria,0.9999397993087769,0.585060,0.108689,0.049932,0.039459,0.179586,0.037275
NC_036476.1,NC_036476.1__M__300,M,300,1700,bacteria,0.9999569654464722,0.585060,0.108689,0.049932,0.039459,0.179586,0.037275
NC_036476.1,NC_036476.1__M__250,M,250,1750,bacteria,0.9999568462371826,0.585060,0.108689,0.049932,0.039459,0.179586,0.037275
NC_036476.1,NC_036476.1__M__200,M,200,1800,bacteria,0.9999536275863647,0.585060,0.108689,0.049932,0.039459,0.179586,0.037275
NC_036476.1,NC_036476.1__M__150,M,150,1850,bacteria,0.9999524354934692,0.585060,0.108689,0.049932,0.039459,0.179586,0.037275
NC_036476.1,NC_036476.1__M__100,M,100,1900,bacteria,0.9999483823776245,0.585060,0.108689,0.049932,0.039459,0.179586,0.037275
NC_036476.1,NC_036476.1__M__50,M,50,1950,eukarya,0.9972990155220032,0.076599,0.055689,0.562338,0.101440,0.078897,0.125036
NC_036476.1,NC_036476.1__M__1,M,1,1999,eukarya,0.9973697662353516,0.076543,0.055672,0.560156,0.094519,0.074926,0.138184
NC_035183.1,NC_035183.1__none__0,none,0,2000,eukarya,0.9676861763000488,0.070275,0.055967,0.579144,0.109331,0.074402,0.110881
NC_035183.1,NC_035183.1__M__500,M,500,1500,bacteria,0.9881823658943176,0.585060,0.108689,0.049932,0.039459,0.179586,0.037275
NC_035183.1,NC_035183.1__M__450,M,450,1550,bacteria,0.9882021546363831,0.585060,0.108689,0.049932,0.039459,0.179586,0.037275
NC_035183.1,NC_035183.1__M__400,M,400,1600,bacteria,0.9881644248962402,0.585060,0.108689,0.049932,0.039459,0.179586,0.037275
NC_035183.1,NC_035183.1__M__350,M,350,1650,bacteria,0.9995566010475159,0.585060,0.108689,0.049932,0.039459,0.179586,0.037275
NC_035183.1,NC_035183.1__M__300,M,300,1700,bacteria,0.9996341466903687,0.585060,0.108689,0.049932,0.039459,0.179586,0.037275
NC_035183.1,NC_035183.1__M__250,M,250,1750,bacteria,0.9997507929801941,0.585060,0.108689,0.049932,0.039459,0.179586,0.037275
NC_035183.1,NC_035183.1__M__200,M,200,1800,bacteria,0.9997493624687195,0.585060,0.108689,0.049932,0.039459,0.179586,0.037275
NC_035183.1,NC_035183.1__M__150,M,150,1850,bacteria,0.9997766613960266,0.585060,0.108689,0.049932,0.039459,0.179586,0.037275
NC_035183.1,NC_035183.1__M__100,M,100,1900,bacteria,0.999765932559967,0.585060,0.108689,0.049932,0.039459,0.179586,0.037275
NC_035183.1,NC_035183.1__M__50,M,50,1950,eukarya,0.9647627472877502,0.075007,0.058663,0.550197,0.114522,0.080849,0.120762
NC_035183.1,NC_035183.1__M__1,M,1,1999,eukarya,0.9688962697982788,0.070275,0.055967,0.579144,0.109331,0.074402,0.110881
NC_035215.1,NC_035215.1__none__0,none,0,2000,eukarya,0.9872909188270569,0.068923,0.049995,0.631818,0.080254,0.060915,0.108094
NC_035215.1,NC_035215.1__M__500,M,500,1500,bacteria,0.992927610874176,0.585060,0.108689,0.049932,0.039459,0.179586,0.037275
NC_035215.1,NC_035215.1__M__450,M,450,1550,bacteria,0.9926488995552063,0.585060,0.108689,0.049932,0.039459,0.179586,0.037275
NC_035215.1,NC_035215.1__M__400,M,400,1600,bacteria,0.992576003074646,0.585060,0.108689,0.049932,0.039459,0.179586,0.037275
NC_035215.1,NC_035215.1__M__350,M,350,1650,bacteria,0.9999295473098755,0.585060,0.108689,0.049932,0.039459,0.179586,0.037275
NC_035215.1,NC_035215.1__M__300,M,300,1700,bacteria,0.9999542236328125,0.585060,0.108689,0.049932,0.039459,0.179586,0.037275
NC_035215.1,NC_035215.1__M__250,M,250,1750,bacteria,0.9999575614929199,0.585060,0.108689,0.049932,0.039459,0.179586,0.037275
NC_035215.1,NC_035215.1__M__200,M,200,1800,bacteria,0.999945878982544,0.585060,0.108689,0.049932,0.039459,0.179586,0.037275
NC_035215.1,NC_035215.1__M__150,M,150,1850,bacteria,0.9999241828918457,0.585060,0.108689,0.049932,0.039459,0.179586,0.037275
NC_035215.1,NC_035215.1__M__100,M,100,1900,bacteria,0.9998843669891357,0.585060,0.108689,0.049932,0.039459,0.179586,0.037275
NC_035215.1,NC_035215.1__M__50,M,50,1950,eukarya,0.9839439392089844,0.073887,0.056318,0.587710,0.096245,0.068070,0.117770
NC_035215.1,NC_035215.1__M__1,M,1,1999,eukarya,0.9879834651947021,0.068923,0.049995,0.631818,0.080254,0.060915,0.108094
NC_034836.1,NC_034836.1__none__0,none,0,2000,eukarya,0.9995404481887817,0.070264,0.046414,0.634448,0.073386,0.070869,0.104620
NC_034836.1,NC_034836.1__M__500,M,500,1500,bacteria,0.9944815635681152,0.585060,0.108689,0.049932,0.039459,0.179586,0.037275
NC_034836.1,NC_034836.1__M__450,M,450,1550,bacteria,0.9941354990005493,0.585060,0.108689,0.049932,0.039459,0.179586,0.037275
NC_034836.1,NC_034836.1__M__400,M,400,1600,bacteria,0.9941651225090027,0.585060,0.108689,0.049932,0.039459,0.179586,0.037275
NC_034836.1,NC_034836.1__M__350,M,350,1650,bacteria,0.9999779462814331,0.585060,0.108689,0.049932,0.039459,0.179586,0.037275
NC_034836.1,NC_034836.1__M__300,M,300,1700,bacteria,0.9999741315841675,0.585060,0.108689,0.049932,0.039459,0.179586,0.037275
NC_034836.1,NC_034836.1__M__250,M,250,1750,bacteria,0.999982476234436,0.585060,0.108689,0.049932,0.039459,0.179586,0.037275
NC_034836.1,NC_034836.1__M__200,M,200,1800,bacteria,0.9999836683273315,0.585060,0.108689,0.049932,0.039459,0.179586,0.037275
NC_034836.1,NC_034836.1__M__150,M,150,1850,bacteria,0.9999822378158569,0.585060,0.108689,0.049932,0.039459,0.179586,0.037275
NC_034836.1,NC_034836.1__M__100,M,100,1900,bacteria,0.9999819993972778,0.585060,0.108689,0.049932,0.039459,0.179586,0.037275
NC_034836.1,NC_034836.1__M__50,M,50,1950,eukarya,0.9992651343345642,0.081171,0.055141,0.590730,0.093413,0.072251,0.107294
NC_034836.1,NC_034836.1__M__1,M,1,1999,eukarya,0.9995064735412598,0.070264,0.046414,0.634448,0.073386,0.070869,0.104620
NC_034835.1,NC_034835.1__none__0,none,0,2000,eukarya,0.8694283366203308,0.077765,0.057339,0.565243,0.113061,0.068782,0.117809
NC_034835.1,NC_034835.1__M__500,M,500,1500,bacteria,0.9886689782142639,0.585060,0.108689,0.049932,0.039459,0.179586,0.037275
NC_034835.1,NC_034835.1__M__450,M,450,1550,bacteria,0.9881971478462219,0.585060,0.108689,0.049932,0.039459,0.179586,0.037275
NC_034835.1,NC_034835.1__M__400,M,400,1600,bacteria,0.9880419969558716,0.585060,0.108689,0.049932,0.039459,0.179586,0.037275
NC_034835.1,NC_034835.1__M__350,M,350,1650,bacteria,0.9995366334915161,0.585060,0.108689,0.049932,0.039459,0.179586,0.037275
NC_034835.1,NC_034835.1__M__300,M,300,1700,bacteria,0.9994619488716125,0.585060,0.108689,0.049932,0.039459,0.179586,0.037275
NC_034835.1,NC_034835.1__M__250,M,250,1750,bacteria,0.9994065761566162,0.585060,0.108689,0.049932,0.039459,0.179586,0.037275
NC_034835.1,NC_034835.1__M__200,M,200,1800,bacteria,0.9993587136268616,0.585060,0.108689,0.049932,0.039459,0.179586,0.037275
NC_034835.1,NC_034835.1__M__150,M,150,1850,bacteria,0.999392032623291,0.585060,0.108689,0.049932,0.039459,0.179586,0.037275
NC_034835.1,NC_034835.1__M__100,M,100,1900,bacteria,0.999406099319458,0.585060,0.108689,0.049932,0.039459,0.179586,0.037275
NC_034835.1,NC_034835.1__M__50,M,50,1950,eukarya,0.8723310232162476,0.082581,0.060473,0.551390,0.106708,0.074888,0.123960
NC_034835.1,NC_034835.1__M__1,M,1,1999,eukarya,0.8703591227531433,0.077765,0.057339,0.565243,0.113061,0.068782,0.117809
NC_034508.1,NC_034508.1__none__0,none,0,2000,eukarya,0.9963255524635315,0.072301,0.052411,0.595950,0.107946,0.064238,0.107154
NC_034508.1,NC_034508.1__M__500,M,500,1500,bacteria,0.993726372718811,0.585060,0.108689,0.049932,0.039459,0.179586,0.037275
NC_034508.1,NC_034508.1__M__450,M,450,1550,bacteria,0.9938828945159912,0.585060,0.108689,0.049932,0.039459,0.179586,0.037275
NC_034508.1,NC_034508.1__M__400,M,400,1600,bacteria,0.9939004182815552,0.585060,0.108689,0.049932,0.039459,0.179586,0.037275
NC_034508.1,NC_034508.1__M__350,M,350,1650,bacteria,0.9999243021011353,0.585060,0.108689,0.049932,0.039459,0.179586,0.037275
NC_034508.1,NC_034508.1__M__300,M,300,1700,bacteria,0.9999332427978516,0.585060,0.108689,0.049932,0.039459,0.179586,0.037275
NC_034508.1,NC_034508.1__M__250,M,250,1750,bacteria,0.9999285936355591,0.585060,0.108689,0.049932,0.039459,0.179586,0.037275
NC_034508.1,NC_034508.1__M__200,M,200,1800,bacteria,0.9999173879623413,0.585060,0.108689,0.049932,0.039459,0.179586,0.037275
NC_034508.1,NC_034508.1__M__150,M,150,1850,bacteria,0.9999350309371948,0.585060,0.108689,0.049932,0.039459,0.179586,0.037275
NC_034508.1,NC_034508.1__M__100,M,100,1900,bacteria,0.9999428987503052,0.585060,0.108689,0.049932,0.039459,0.179586,0.037275
NC_034508.1,NC_034508.1__M__50,M,50,1950,eukarya,0.9960411787033081,0.079380,0.057745,0.561429,0.110262,0.071944,0.119240
NC_034508.1,NC_034508.1__M__1,M,1,1999,eukarya,0.9960899353027344,0.072301,0.052411,0.595950,0.107946,0.064238,0.107154
NC_034520.1,NC_034520.1__none__0,none,0,2000,eukarya,0.9983668923377991,0.074735,0.056885,0.568589,0.094081,0.073743,0.131967
NC_034520.1,NC_034520.1__M__500,M,500,1500,bacteria,0.9959828853607178,0.585060,0.108689,0.049932,0.039459,0.179586,0.037275
NC_034520.1,NC_034520.1__M__450,M,450,1550,bacteria,0.996134877204895,0.585060,0.108689,0.049932,0.039459,0.179586,0.037275
NC_034520.1,NC_034520.1__M__400,M,400,1600,bacteria,0.9962474703788757,0.585060,0.108689,0.049932,0.039459,0.179586,0.037275
NC_034520.1,NC_034520.1__M__350,M,350,1650,bacteria,0.999970555305481,0.585060,0.108689,0.049932,0.039459,0.179586,0.037275
NC_034520.1,NC_034520.1__M__300,M,300,1700,bacteria,0.9999823570251465,0.585060,0.108689,0.049932,0.039459,0.179586,0.037275
NC_034520.1,NC_034520.1__M__250,M,250,1750,bacteria,0.9999792575836182,0.585060,0.108689,0.049932,0.039459,0.179586,0.037275
NC_034520.1,NC_034520.1__M__200,M,200,1800,bacteria,0.9999748468399048,0.585060,0.108689,0.049932,0.039459,0.179586,0.037275
NC_034520.1,NC_034520.1__M__150,M,150,1850,bacteria,0.9999697208404541,0.585060,0.108689,0.049932,0.039459,0.179586,0.037275
NC_034520.1,NC_034520.1__M__100,M,100,1900,bacteria,0.9999643564224243,0.585060,0.108689,0.049932,0.039459,0.179586,0.037275
NC_034520.1,NC_034520.1__M__50,M,50,1950,eukarya,0.9980432987213135,0.076338,0.059974,0.536589,0.110010,0.080602,0.136487
NC_034520.1,NC_034520.1__M__1,M,1,1999,eukarya,0.9982444047927856,0.074735,0.056885,0.568589,0.094081,0.073743,0.131967
NC_034391.1,NC_034391.1__none__0,none,0,2000,eukarya,0.9971733093261719,0.073765,0.053271,0.548869,0.119985,0.070684,0.133428
NC_034391.1,NC_034391.1__M__500,M,500,1500,bacteria,0.9946346282958984,0.585060,0.108689,0.049932,0.039459,0.179586,0.037275
NC_034391.1,NC_034391.1__M__450,M,450,1550,bacteria,0.994726836681366,0.585060,0.108689,0.049932,0.039459,0.179586,0.037275
NC_034391.1,NC_034391.1__M__400,M,400,1600,bacteria,0.9949458241462708,0.585060,0.108689,0.049932,0.039459,0.179586,0.037275
NC_034391.1,NC_034391.1__M__350,M,350,1650,bacteria,0.9999215602874756,0.585060,0.108689,0.049932,0.039459,0.179586,0.037275
NC_034391.1,NC_034391.1__M__300,M,300,1700,bacteria,0.9999401569366455,0.585060,0.108689,0.049932,0.039459,0.179586,0.037275
NC_034391.1,NC_034391.1__M__250,M,250,1750,bacteria,0.9999332427978516,0.585060,0.108689,0.049932,0.039459,0.179586,0.037275
NC_034391.1,NC_034391.1__M__200,M,200,1800,bacteria,0.999919056892395,0.585060,0.108689,0.049932,0.039459,0.179586,0.037275
NC_034391.1,NC_034391.1__M__150,M,150,1850,bacteria,0.9998995065689087,0.585060,0.108689,0.049932,0.039459,0.179586,0.037275
NC_034391.1,NC_034391.1__M__100,M,100,1900,bacteria,0.9998903274536133,0.585060,0.108689,0.049932,0.039459,0.179586,0.037275
NC_034391.1,NC_034391.1__M__50,M,50,1950,eukarya,0.9946733117103577,0.076310,0.059307,0.533909,0.124695,0.078118,0.127661
NC_034391.1,NC_034391.1__M__1,M,1,1999,eukarya,0.9969524145126343,0.073765,0.053271,0.548869,0.119985,0.070684,0.133428
NC_033774.1,NC_033774.1__none__0,none,0,2000,eukarya,0.9986066222190857,0.073190,0.054580,0.558894,0.116486,0.075766,0.121084
NC_033774.1,NC_033774.1__M__500,M,500,1500,bacteria,0.9944379329681396,0.585060,0.108689,0.049932,0.039459,0.179586,0.037275
NC_033774.1,NC_033774.1__M__450,M,450,1550,bacteria,0.9947622418403625,0.585060,0.108689,0.049932,0.039459,0.179586,0.037275
NC_033774.1,NC_033774.1__M__400,M,400,1600,bacteria,0.9953749775886536,0.585060,0.108689,0.049932,0.039459,0.179586,0.037275
NC_033774.1,NC_033774.1__M__350,M,350,1650,bacteria,0.9999295473098755,0.585060,0.108689,0.049932,0.039459,0.179586,0.037275
NC_033774.1,NC_033774.1__M__300,M,300,1700,bacteria,0.9999508857727051,0.585060,0.108689,0.049932,0.039459,0.179586,0.037275
NC_033774.1,NC_033774.1__M__250,M,250,1750,bacteria,0.9999656677246094,0.585060,0.108689,0.049932,0.039459,0.179586,0.037275
NC_033774.1,NC_033774.1__M__200,M,200,1800,bacteria,0.9999675750732422,0.585060,0.108689,0.049932,0.039459,0.179586,0.037275
NC_033774.1,NC_033774.1__M__150,M,150,1850,bacteria,0.9999651908874512,0.585060,0.108689,0.049932,0.039459,0.179586,0.037275
NC_033774.1,NC_033774.1__M__100,M,100,1900,bacteria,0.9999637603759766,0.585060,0.108689,0.049932,0.039459,0.179586,0.037275
NC_033774.1,NC_033774.1__M__50,M,50,1950,eukarya,0.9979815483093262,0.074716,0.057054,0.552691,0.110622,0.081823,0.123094
NC_033774.1,NC_033774.1__M__1,M,1,1999,eukarya,0.9985383749008179,0.073190,0.054580,0.558894,0.116486,0.075766,0.121084
NC_033480.1,NC_033480.1__none__0,none,0,2000,eukarya,0.9973625540733337,0.072566,0.059956,0.553978,0.118649,0.081034,0.113818
NC_033480.1,NC_033480.1__M__500,M,500,1500,bacteria,0.994321346282959,0.585060,0.108689,0.049932,0.039459,0.179586,0.037275
NC_033480.1,NC_033480.1__M__450,M,450,1550,bacteria,0.9940126538276672,0.585060,0.108689,0.049932,0.039459,0.179586,0.037275
NC_033480.1,NC_033480.1__M__400,M,400,1600,bacteria,0.993518054485321,0.585060,0.108689,0.049932,0.039459,0.179586,0.037275
NC_033480.1,NC_033480.1__M__350,M,350,1650,bacteria,0.9998286962509155,0.585060,0.108689,0.049932,0.039459,0.179586,0.037275
NC_033480.1,NC_033480.1__M__300,M,300,1700,bacteria,0.999840259552002,0.585060,0.108689,0.049932,0.039459,0.179586,0.037275
NC_033480.1,NC_033480.1__M__250,M,250,1750,bacteria,0.9998679161071777,0.585060,0.108689,0.049932,0.039459,0.179586,0.037275
NC_033480.1,NC_033480.1__M__200,M,200,1800,bacteria,0.9998817443847656,0.585060,0.108689,0.049932,0.039459,0.179586,0.037275
NC_033480.1,NC_033480.1__M__150,M,150,1850,bacteria,0.9999001026153564,0.585060,0.108689,0.049932,0.039459,0.179586,0.037275
NC_033480.1,NC_033480.1__M__100,M,100,1900,bacteria,0.9999200105667114,0.585060,0.108689,0.049932,0.039459,0.179586,0.037275
NC_033480.1,NC_033480.1__M__50,M,50,1950,eukarya,0.9955673813819885,0.075804,0.058630,0.556258,0.112242,0.082403,0.114662
NC_033480.1,NC_033480.1__M__1,M,1,1999,eukarya,0.9974307417869568,0.072566,0.059956,0.553978,0.118649,0.081034,0.113818
NC_032732.1,NC_032732.1__none__0,none,0,2000,eukarya,0.9960171580314636,0.075821,0.054335,0.575882,0.111201,0.073874,0.108887
NC_032732.1,NC_032732.1__M__500,M,500,1500,bacteria,0.9950841069221497,0.585060,0.108689,0.049932,0.039459,0.179586,0.037275
NC_032732.1,NC_032732.1__M__450,M,450,1550,bacteria,0.9949172735214233,0.585060,0.108689,0.049932,0.039459,0.179586,0.037275
NC_032732.1,NC_032732.1__M__400,M,400,1600,bacteria,0.9947934746742249,0.585060,0.108689,0.049932,0.039459,0.179586,0.037275
NC_032732.1,NC_032732.1__M__350,M,350,1650,bacteria,0.9998438358306885,0.585060,0.108689,0.049932,0.039459,0.179586,0.037275
NC_032732.1,NC_032732.1__M__300,M,300,1700,bacteria,0.9998774528503418,0.585060,0.108689,0.049932,0.039459,0.179586,0.037275
NC_032732.1,NC_032732.1__M__250,M,250,1750,bacteria,0.9998717308044434,0.585060,0.108689,0.049932,0.039459,0.179586,0.037275
NC_032732.1,NC_032732.1__M__200,M,200,1800,bacteria,0.9998846054077148,0.585060,0.108689,0.049932,0.039459,0.179586,0.037275
NC_032732.1,NC_032732.1__M__150,M,150,1850,bacteria,0.9999016523361206,0.585060,0.108689,0.049932,0.039459,0.179586,0.037275
NC_032732.1,NC_032732.1__M__100,M,100,1900,bacteria,0.9999247789382935,0.585060,0.108689,0.049932,0.039459,0.179586,0.037275
NC_032732.1,NC_032732.1__M__50,M,50,1950,eukarya,0.9954209923744202,0.077544,0.057107,0.561674,0.112823,0.078206,0.112647
NC_032732.1,NC_032732.1__M__1,M,1,1999,eukarya,0.9959983825683594,0.075821,0.054335,0.575882,0.111201,0.073874,0.108887
NC_032780.1,NC_032780.1__none__0,none,0,2000,eukarya,0.9998941421508789,0.072866,0.053026,0.578781,0.103634,0.069677,0.122016
NC_032780.1,NC_032780.1__M__500,M,500,1500,bacteria,0.9975334405899048,0.585060,0.108689,0.049932,0.039459,0.179586,0.037275
NC_032780.1,NC_032780.1__M__450,M,450,1550,bacteria,0.9976531863212585,0.585060,0.108689,0.049932,0.039459,0.179586,0.037275
NC_032780.1,NC_032780.1__M__400,M,400,1600,bacteria,0.9977042078971863,0.585060,0.108689,0.049932,0.039459,0.179586,0.037275
NC_032780.1,NC_032780.1__M__350,M,350,1650,bacteria,0.9999814033508301,0.585060,0.108689,0.049932,0.039459,0.179586,0.037275
NC_032780.1,NC_032780.1__M__300,M,300,1700,bacteria,0.9999819993972778,0.585060,0.108689,0.049932,0.039459,0.179586,0.037275
NC_032780.1,NC_032780.1__M__250,M,250,1750,bacteria,0.999984622001648,0.585060,0.108689,0.049932,0.039459,0.179586,0.037275
NC_032780.1,NC_032780.1__M__200,M,200,1800,bacteria,0.9999843835830688,0.585060,0.108689,0.049932,0.039459,0.179586,0.037275
NC_032780.1,NC_032780.1__M__150,M,150,1850,bacteria,0.9999833106994629,0.585060,0.108689,0.049932,0.039459,0.179586,0.037275
NC_032780.1,NC_032780.1__M__100,M,100,1900,bacteria,0.9999871253967285,0.585060,0.108689,0.049932,0.039459,0.179586,0.037275
NC_032780.1,NC_032780.1__M__50,M,50,1950,eukarya,0.9998200535774231,0.072907,0.058538,0.554724,0.111913,0.078417,0.123499
NC_032780.1,NC_032780.1__M__1,M,1,1999,eukarya,0.999891996383667,0.072866,0.053026,0.578781,0.103634,0.069677,0.122016
NC_032785.1,NC_032785.1__none__0,none,0,2000,eukarya,0.9942958950996399,0.079106,0.060024,0.564778,0.103658,0.074744,0.117689
NC_032785.1,NC_032785.1__M__500,M,500,1500,bacteria,0.992871105670929,0.585060,0.108689,0.049932,0.039459,0.179586,0.037275
NC_032785.1,NC_032785.1__M__450,M,450,1550,bacteria,0.99299556016922,0.585060,0.108689,0.049932,0.039459,0.179586,0.037275
NC_032785.1,NC_032785.1__M__400,M,400,1600,bacteria,0.993449866771698,0.585060,0.108689,0.049932,0.039459,0.179586,0.037275
NC_032785.1,NC_032785.1__M__350,M,350,1650,bacteria,0.9997645020484924,0.585060,0.108689,0.049932,0.039459,0.179586,0.037275
NC_032785.1,NC_032785.1__M__300,M,300,1700,bacteria,0.9998289346694946,0.585060,0.108689,0.049932,0.039459,0.179586,0.037275
NC_032785.1,NC_032785.1__M__250,M,250,1750,bacteria,0.9998706579208374,0.585060,0.108689,0.049932,0.039459,0.179586,0.037275
NC_032785.1,NC_032785.1__M__200,M,200,1800,bacteria,0.9998680353164673,0.585060,0.108689,0.049932,0.039459,0.179586,0.037275
NC_032785.1,NC_032785.1__M__150,M,150,1850,bacteria,0.999860405921936,0.585060,0.108689,0.049932,0.039459,0.179586,0.037275
NC_032785.1,NC_032785.1__M__100,M,100,1900,bacteria,0.999882698059082,0.585060,0.108689,0.049932,0.039459,0.179586,0.037275
NC_032785.1,NC_032785.1__M__50,M,50,1950,eukarya,0.9911127686500549,0.079567,0.059677,0.554565,0.109291,0.076386,0.120516
NC_032785.1,NC_032785.1__M__1,M,1,1999,eukarya,0.9939594268798828,0.079106,0.060024,0.564778,0.103658,0.074744,0.117689
NC_032822.1,NC_032822.1__none__0,none,0,2000,eukarya,0.9996649026870728,0.075086,0.051590,0.592651,0.102177,0.066622,0.111874
NC_032822.1,NC_032822.1__M__500,M,500,1500,bacteria,0.9974936246871948,0.585060,0.108689,0.049932,0.039459,0.179586,0.037275
NC_032822.1,NC_032822.1__M__450,M,450,1550,bacteria,0.9975680708885193,0.585060,0.108689,0.049932,0.039459,0.179586,0.037275
NC_032822.1,NC_032822.1__M__400,M,400,1600,bacteria,0.9976043105125427,0.585060,0.108689,0.049932,0.039459,0.179586,0.037275
NC_032822.1,NC_032822.1__M__350,M,350,1650,bacteria,0.9999730587005615,0.585060,0.108689,0.049932,0.039459,0.179586,0.037275
NC_032822.1,NC_032822.1__M__300,M,300,1700,bacteria,0.9999828338623047,0.585060,0.108689,0.049932,0.039459,0.179586,0.037275
NC_032822.1,NC_032822.1__M__250,M,250,1750,bacteria,0.9999872446060181,0.585060,0.108689,0.049932,0.039459,0.179586,0.037275
NC_032822.1,NC_032822.1__M__200,M,200,1800,bacteria,0.9999842643737793,0.585060,0.108689,0.049932,0.039459,0.179586,0.037275
NC_032822.1,NC_032822.1__M__150,M,150,1850,bacteria,0.9999831914901733,0.585060,0.108689,0.049932,0.039459,0.179586,0.037275
NC_032822.1,NC_032822.1__M__100,M,100,1900,bacteria,0.9999815225601196,0.585060,0.108689,0.049932,0.039459,0.179586,0.037275
NC_032822.1,NC_032822.1__M__50,M,50,1950,eukarya,0.999595582485199,0.080058,0.055756,0.555032,0.113149,0.071922,0.124082
NC_032822.1,NC_032822.1__M__1,M,1,1999,eukarya,0.9996356964111328,0.075086,0.051590,0.592651,0.102177,0.066622,0.111874
NC_032825.1,NC_032825.1__none__0,none,0,2000,eukarya,0.997323215007782,0.076916,0.055899,0.543547,0.120848,0.070221,0.132570
NC_032825.1,NC_032825.1__M__500,M,500,1500,bacteria,0.9899539947509766,0.585060,0.108689,0.049932,0.039459,0.179586,0.037275
NC_032825.1,NC_032825.1__M__450,M,450,1550,bacteria,0.9906511306762695,0.585060,0.108689,0.049932,0.039459,0.179586,0.037275
NC_032825.1,NC_032825.1__M__400,M,400,1600,bacteria,0.9912965297698975,0.585060,0.108689,0.049932,0.039459,0.179586,0.037275
NC_032825.1,NC_032825.1__M__350,M,350,1650,bacteria,0.9998428821563721,0.585060,0.108689,0.049932,0.039459,0.179586,0.037275
NC_032825.1,NC_032825.1__M__300,M,300,1700,bacteria,0.9999207258224487,0.585060,0.108689,0.049932,0.039459,0.179586,0.037275
NC_032825.1,NC_032825.1__M__250,M,250,1750,bacteria,0.9999363422393799,0.585060,0.108689,0.049932,0.039459,0.179586,0.037275
NC_032825.1,NC_032825.1__M__200,M,200,1800,bacteria,0.9999409914016724,0.585060,0.108689,0.049932,0.039459,0.179586,0.037275
NC_032825.1,NC_032825.1__M__150,M,150,1850,bacteria,0.9999494552612305,0.585060,0.108689,0.049932,0.039459,0.179586,0.037275
NC_032825.1,NC_032825.1__M__100,M,100,1900,bacteria,0.9999487400054932,0.585060,0.108689,0.049932,0.039459,0.179586,0.037275
NC_032825.1,NC_032825.1__M__50,M,50,1950,eukarya,0.9965619444847107,0.077872,0.059739,0.531297,0.122886,0.078280,0.129925
NC_032825.1,NC_032825.1__M__1,M,1,1999,eukarya,0.9973401427268982,0.076916,0.055899,0.543547,0.120848,0.070221,0.132570
NC_032834.1,NC_032834.1__none__0,none,0,2000,eukarya,0.9992105960845947,0.076964,0.053246,0.578413,0.094282,0.064256,0.132839
NC_032834.1,NC_032834.1__M__500,M,500,1500,bacteria,0.9946900606155396,0.585060,0.108689,0.049932,0.039459,0.179586,0.037275
NC_032834.1,NC_032834.1__M__450,M,450,1550,bacteria,0.9943270087242126,0.585060,0.108689,0.049932,0.039459,0.179586,0.037275
NC_032834.1,NC_032834.1__M__400,M,400,1600,bacteria,0.9941628575325012,0.585060,0.108689,0.049932,0.039459,0.179586,0.037275
NC_032834.1,NC_032834.1__M__350,M,350,1650,bacteria,0.9999840259552002,0.585060,0.108689,0.049932,0.039459,0.179586,0.037275
NC_032834.1,NC_032834.1__M__300,M,300,1700,bacteria,0.9999860525131226,0.585060,0.108689,0.049932,0.039459,0.179586,0.037275
NC_032834.1,NC_032834.1__M__250,M,250,1750,bacteria,0.9999865293502808,0.585060,0.108689,0.049932,0.039459,0.179586,0.037275
NC_032834.1,NC_032834.1__M__200,M,200,1800,bacteria,0.9999854564666748,0.585060,0.108689,0.049932,0.039459,0.179586,0.037275
NC_032834.1,NC_032834.1__M__150,M,150,1850,bacteria,0.9999841451644897,0.585060,0.108689,0.049932,0.039459,0.179586,0.037275
NC_032834.1,NC_032834.1__M__100,M,100,1900,bacteria,0.9999817609786987,0.585060,0.108689,0.049932,0.039459,0.179586,0.037275
NC_032834.1,NC_032834.1__M__50,M,50,1950,eukarya,0.9991926550865173,0.078203,0.053559,0.561725,0.097157,0.073974,0.135382
NC_032834.1,NC_032834.1__M__1,M,1,1999,eukarya,0.9991447925567627,0.076964,0.053246,0.578413,0.094282,0.064256,0.132839
NC_032867.1,NC_032867.1__none__0,none,0,2000,eukarya,0.9882084727287292,0.078972,0.058719,0.540017,0.115403,0.080346,0.126544
NC_032867.1,NC_032867.1__M__500,M,500,1500,bacteria,0.9898894429206848,0.585060,0.108689,0.049932,0.039459,0.179586,0.037275
NC_032867.1,NC_032867.1__M__450,M,450,1550,bacteria,0.99041348695755,0.585060,0.108689,0.049932,0.039459,0.179586,0.037275
NC_032867.1,NC_032867.1__M__400,M,400,1600,bacteria,0.990713357925415,0.585060,0.108689,0.049932,0.039459,0.179586,0.037275
NC_032867.1,NC_032867.1__M__350,M,350,1650,bacteria,0.999803364276886,0.585060,0.108689,0.049932,0.039459,0.179586,0.037275
NC_032867.1,NC_032867.1__M__300,M,300,1700,bacteria,0.9999158382415771,0.585060,0.108689,0.049932,0.039459,0.179586,0.037275
NC_032867.1,NC_032867.1__M__250,M,250,1750,bacteria,0.9999109506607056,0.585060,0.108689,0.049932,0.039459,0.179586,0.037275
NC_032867.1,NC_032867.1__M__200,M,200,1800,bacteria,0.9998960494995117,0.585060,0.108689,0.049932,0.039459,0.179586,0.037275
NC_032867.1,NC_032867.1__M__150,M,150,1850,bacteria,0.9998964071273804,0.585060,0.108689,0.049932,0.039459,0.179586,0.037275
NC_032867.1,NC_032867.1__M__100,M,100,1900,bacteria,0.9999008178710938,0.585060,0.108689,0.049932,0.039459,0.179586,0.037275
NC_032867.1,NC_032867.1__M__50,M,50,1950,eukarya,0.9863685965538025,0.079960,0.062574,0.529517,0.118558,0.083093,0.126299
NC_032867.1,NC_032867.1__M__1,M,1,1999,eukarya,0.9874668717384338,0.078972,0.058719,0.540017,0.115403,0.080346,0.126544
NC_032870.1,NC_032870.1__none__0,none,0,2000,eukarya,0.9062265753746033,0.077005,0.057551,0.566400,0.109260,0.071273,0.118511
NC_032870.1,NC_032870.1__M__500,M,500,1500,bacteria,0.9901210069656372,0.585060,0.108689,0.049932,0.039459,0.179586,0.037275
NC_032870.1,NC_032870.1__M__450,M,450,1550,bacteria,0.9898752570152283,0.585060,0.108689,0.049932,0.039459,0.179586,0.037275
NC_032870.1,NC_032870.1__M__400,M,400,1600,bacteria,0.9898034334182739,0.585060,0.108689,0.049932,0.039459,0.179586,0.037275
NC_032870.1,NC_032870.1__M__350,M,350,1650,bacteria,0.9984442591667175,0.585060,0.108689,0.049932,0.039459,0.179586,0.037275
NC_032870.1,NC_032870.1__M__300,M,300,1700,bacteria,0.9988721013069153,0.585060,0.108689,0.049932,0.039459,0.179586,0.037275
NC_032870.1,NC_032870.1__M__250,M,250,1750,bacteria,0.9988853335380554,0.585060,0.108689,0.049932,0.039459,0.179586,0.037275
NC_032870.1,NC_032870.1__M__200,M,200,1800,bacteria,0.9989334940910339,0.585060,0.108689,0.049932,0.039459,0.179586,0.037275
NC_032870.1,NC_032870.1__M__150,M,150,1850,bacteria,0.9992013573646545,0.585060,0.108689,0.049932,0.039459,0.179586,0.037275
NC_032870.1,NC_032870.1__M__100,M,100,1900,bacteria,0.9992571473121643,0.585060,0.108689,0.049932,0.039459,0.179586,0.037275
NC_032870.1,NC_032870.1__M__50,M,50,1950,eukarya,0.8907186388969421,0.078055,0.060766,0.546629,0.112758,0.079481,0.122310
NC_032870.1,NC_032870.1__M__1,M,1,1999,eukarya,0.9077314734458923,0.077005,0.057551,0.566400,0.109260,0.071273,0.118511
NC_032888.1,NC_032888.1__none__0,none,0,2000,eukarya,0.9146543741226196,0.075882,0.055732,0.590100,0.091429,0.076122,0.110735
NC_032888.1,NC_032888.1__M__500,M,500,1500,bacteria,0.9916887879371643,0.585060,0.108689,0.049932,0.039459,0.179586,0.037275
NC_032888.1,NC_032888.1__M__450,M,450,1550,bacteria,0.991897463798523,0.585060,0.108689,0.049932,0.039459,0.179586,0.037275
NC_032888.1,NC_032888.1__M__400,M,400,1600,bacteria,0.9919822812080383,0.585060,0.108689,0.049932,0.039459,0.179586,0.037275
NC_032888.1,NC_032888.1__M__350,M,350,1650,bacteria,0.9946817755699158,0.585060,0.108689,0.049932,0.039459,0.179586,0.037275
NC_032888.1,NC_032888.1__M__300,M,300,1700,bacteria,0.9973674416542053,0.585060,0.108689,0.049932,0.039459,0.179586,0.037275
NC_032888.1,NC_032888.1__M__250,M,250,1750,bacteria,0.9986200332641602,0.585060,0.108689,0.049932,0.039459,0.179586,0.037275
NC_032888.1,NC_032888.1__M__200,M,200,1800,bacteria,0.9989967942237854,0.585060,0.108689,0.049932,0.039459,0.179586,0.037275
NC_032888.1,NC_032888.1__M__150,M,150,1850,bacteria,0.9992048144340515,0.585060,0.108689,0.049932,0.039459,0.179586,0.037275
NC_032888.1,NC_032888.1__M__100,M,100,1900,bacteria,0.9993860721588135,0.585060,0.108689,0.049932,0.039459,0.179586,0.037275
NC_032888.1,NC_032888.1__M__50,M,50,1950,eukarya,0.8855461478233337,0.076795,0.060655,0.552533,0.113329,0.082042,0.114646
NC_032888.1,NC_032888.1__M__1,M,1,1999,eukarya,0.914898693561554,0.075882,0.055732,0.590100,0.091429,0.076122,0.110735
NC_032940.1,NC_032940.1__none__0,none,0,2000,eukarya,0.9932408332824707,0.075757,0.056629,0.577572,0.101782,0.075813,0.112447
NC_032940.1,NC_032940.1__M__500,M,500,1500,bacteria,0.9885136485099792,0.585060,0.108689,0.049932,0.039459,0.179586,0.037275
NC_032940.1,NC_032940.1__M__450,M,450,1550,bacteria,0.9895502924919128,0.585060,0.108689,0.049932,0.039459,0.179586,0.037275
NC_032940.1,NC_032940.1__M__400,M,400,1600,bacteria,0.9904111623764038,0.585060,0.108689,0.049932,0.039459,0.179586,0.037275
NC_032940.1,NC_032940.1__M__350,M,350,1650,bacteria,0.9984473586082458,0.585060,0.108689,0.049932,0.039459,0.179586,0.037275
NC_032940.1,NC_032940.1__M__300,M,300,1700,bacteria,0.999390721321106,0.585060,0.108689,0.049932,0.039459,0.179586,0.037275
NC_032940.1,NC_032940.1__M__250,M,250,1750,bacteria,0.9997245669364929,0.585060,0.108689,0.049932,0.039459,0.179586,0.037275
NC_032940.1,NC_032940.1__M__200,M,200,1800,bacteria,0.9997685551643372,0.585060,0.108689,0.049932,0.039459,0.179586,0.037275
NC_032940.1,NC_032940.1__M__150,M,150,1850,bacteria,0.9998239874839783,0.585060,0.108689,0.049932,0.039459,0.179586,0.037275
NC_032940.1,NC_032940.1__M__100,M,100,1900,bacteria,0.9998475313186646,0.585060,0.108689,0.049932,0.039459,0.179586,0.037275
NC_032940.1,NC_032940.1__M__50,M,50,1950,eukarya,0.989376425743103,0.076933,0.060399,0.559021,0.106889,0.080903,0.115856
NC_032940.1,NC_032940.1__M__1,M,1,1999,eukarya,0.9929026961326599,0.075757,0.056629,0.577572,0.101782,0.075813,0.112447
NC_033164.1,NC_033164.1__none__0,none,0,2000,eukarya,0.9060482382774353,0.074529,0.057618,0.548766,0.123312,0.071927,0.123849
NC_033164.1,NC_033164.1__M__500,M,500,1500,bacteria,0.984441339969635,0.585060,0.108689,0.049932,0.039459,0.179586,0.037275
NC_033164.1,NC_033164.1__M__450,M,450,1550,bacteria,0.9842544794082642,0.585060,0.108689,0.049932,0.039459,0.179586,0.037275
NC_033164.1,NC_033164.1__M__400,M,400,1600,bacteria,0.9843919277191162,0.585060,0.108689,0.049932,0.039459,0.179586,0.037275
NC_033164.1,NC_033164.1__M__350,M,350,1650,bacteria,0.9975520968437195,0.585060,0.108689,0.049932,0.039459,0.179586,0.037275
NC_033164.1,NC_033164.1__M__300,M,300,1700,bacteria,0.9985405206680298,0.585060,0.108689,0.049932,0.039459,0.179586,0.037275
NC_033164.1,NC_033164.1__M__250,M,250,1750,bacteria,0.9989033937454224,0.585060,0.108689,0.049932,0.039459,0.179586,0.037275
NC_033164.1,NC_033164.1__M__200,M,200,1800,bacteria,0.9990641474723816,0.585060,0.108689,0.049932,0.039459,0.179586,0.037275
NC_033164.1,NC_033164.1__M__150,M,150,1850,bacteria,0.9992062449455261,0.585060,0.108689,0.049932,0.039459,0.179586,0.037275
NC_033164.1,NC_033164.1__M__100,M,100,1900,bacteria,0.9994325041770935,0.585060,0.108689,0.049932,0.039459,0.179586,0.037275
NC_033164.1,NC_033164.1__M__50,M,50,1950,eukarya,0.9248245358467102,0.075789,0.059432,0.539829,0.122041,0.078773,0.124137
NC_033164.1,NC_033164.1__M__1,M,1,1999,eukarya,0.901846170425415,0.074529,0.057618,0.548766,0.123312,0.071927,0.123849
NC_033233.1,NC_033233.1__none__0,none,0,2000,eukarya,0.98846834897995,0.066752,0.051788,0.574642,0.116647,0.071997,0.118173
NC_033233.1,NC_033233.1__M__500,M,500,1500,bacteria,0.9937964677810669,0.585060,0.108689,0.049932,0.039459,0.179586,0.037275
NC_033233.1,NC_033233.1__M__450,M,450,1550,bacteria,0.9934870004653931,0.585060,0.108689,0.049932,0.039459,0.179586,0.037275
NC_033233.1,NC_033233.1__M__400,M,400,1600,bacteria,0.9933356046676636,0.585060,0.108689,0.049932,0.039459,0.179586,0.037275
NC_033233.1,NC_033233.1__M__350,M,350,1650,bacteria,0.9998769760131836,0.585060,0.108689,0.049932,0.039459,0.179586,0.037275
NC_033233.1,NC_033233.1__M__300,M,300,1700,bacteria,0.9998193383216858,0.585060,0.108689,0.049932,0.039459,0.179586,0.037275
NC_033233.1,NC_033233.1__M__250,M,250,1750,bacteria,0.999782145023346,0.585060,0.108689,0.049932,0.039459,0.179586,0.037275
NC_033233.1,NC_033233.1__M__200,M,200,1800,bacteria,0.9998262524604797,0.585060,0.108689,0.049932,0.039459,0.179586,0.037275
NC_033233.1,NC_033233.1__M__150,M,150,1850,bacteria,0.9998513460159302,0.585060,0.108689,0.049932,0.039459,0.179586,0.037275
NC_033233.1,NC_033233.1__M__100,M,100,1900,bacteria,0.9998674392700195,0.585060,0.108689,0.049932,0.039459,0.179586,0.037275
NC_033233.1,NC_033233.1__M__50,M,50,1950,eukarya,0.9849776029586792,0.070459,0.055605,0.561050,0.117618,0.077647,0.117622
NC_033233.1,NC_033233.1__M__1,M,1,1999,eukarya,0.98886638879776,0.066752,0.051788,0.574642,0.116647,0.071997,0.118173
NC_032552.1,NC_032552.1__none__0,none,0,2000,eukarya,0.9996077418327332,0.069216,0.049563,0.593563,0.106092,0.067878,0.113688
NC_032552.1,NC_032552.1__M__500,M,500,1500,bacteria,0.9958731532096863,0.585060,0.108689,0.049932,0.039459,0.179586,0.037275
NC_032552.1,NC_032552.1__M__450,M,450,1550,bacteria,0.9957299828529358,0.585060,0.108689,0.049932,0.039459,0.179586,0.037275
NC_032552.1,NC_032552.1__M__400,M,400,1600,bacteria,0.9957093000411987,0.585060,0.108689,0.049932,0.039459,0.179586,0.037275
NC_032552.1,NC_032552.1__M__350,M,350,1650,bacteria,0.9999686479568481,0.585060,0.108689,0.049932,0.039459,0.179586,0.037275
NC_032552.1,NC_032552.1__M__300,M,300,1700,bacteria,0.9999797344207764,0.585060,0.108689,0.049932,0.039459,0.179586,0.037275
NC_032552.1,NC_032552.1__M__250,M,250,1750,bacteria,0.9999804496765137,0.585060,0.108689,0.049932,0.039459,0.179586,0.037275
NC_032552.1,NC_032552.1__M__200,M,200,1800,bacteria,0.9999790191650391,0.585060,0.108689,0.049932,0.039459,0.179586,0.037275
NC_032552.1,NC_032552.1__M__150,M,150,1850,bacteria,0.999980092048645,0.585060,0.108689,0.049932,0.039459,0.179586,0.037275
NC_032552.1,NC_032552.1__M__100,M,100,1900,bacteria,0.9999815225601196,0.585060,0.108689,0.049932,0.039459,0.179586,0.037275
NC_032552.1,NC_032552.1__M__50,M,50,1950,eukarya,0.99941086769104,0.072588,0.052605,0.572856,0.105097,0.075201,0.121653
NC_032552.1,NC_032552.1__M__1,M,1,1999,eukarya,0.9996205568313599,0.069216,0.049563,0.593563,0.106092,0.067878,0.113688
NC_032565.1,NC_032565.1__none__0,none,0,2000,eukarya,0.9997811913490295,0.073477,0.054983,0.570022,0.117155,0.068264,0.116099
NC_032565.1,NC_032565.1__M__500,M,500,1500,bacteria,0.9968616962432861,0.585060,0.108689,0.049932,0.039459,0.179586,0.037275
NC_032565.1,NC_032565.1__M__450,M,450,1550,bacteria,0.996842622756958,0.585060,0.108689,0.049932,0.039459,0.179586,0.037275
NC_032565.1,NC_032565.1__M__400,M,400,1600,bacteria,0.996740996837616,0.585060,0.108689,0.049932,0.039459,0.179586,0.037275
NC_032565.1,NC_032565.1__M__350,M,350,1650,bacteria,0.9999746084213257,0.585060,0.108689,0.049932,0.039459,0.179586,0.037275
NC_032565.1,NC_032565.1__M__300,M,300,1700,bacteria,0.9999864101409912,0.585060,0.108689,0.049932,0.039459,0.179586,0.037275
NC_032565.1,NC_032565.1__M__250,M,250,1750,bacteria,0.9999866485595703,0.585060,0.108689,0.049932,0.039459,0.179586,0.037275
NC_032565.1,NC_032565.1__M__200,M,200,1800,bacteria,0.9999868869781494,0.585060,0.108689,0.049932,0.039459,0.179586,0.037275
NC_032565.1,NC_032565.1__M__150,M,150,1850,bacteria,0.9999881982803345,0.585060,0.108689,0.049932,0.039459,0.179586,0.037275
NC_032565.1,NC_032565.1__M__100,M,100,1900,bacteria,0.9999905824661255,0.585060,0.108689,0.049932,0.039459,0.179586,0.037275
NC_032565.1,NC_032565.1__M__50,M,50,1950,eukarya,0.999769389629364,0.075664,0.058915,0.555413,0.116616,0.072021,0.121371
NC_032565.1,NC_032565.1__M__1,M,1,1999,eukarya,0.9997918009757996,0.073477,0.054983,0.570022,0.117155,0.068264,0.116099
NC_032628.1,NC_032628.1__none__0,none,0,2000,eukarya,0.9981458187103271,0.078158,0.054309,0.562563,0.116357,0.071872,0.116741
NC_032628.1,NC_032628.1__M__500,M,500,1500,bacteria,0.9944078922271729,0.585060,0.108689,0.049932,0.039459,0.179586,0.037275
NC_032628.1,NC_032628.1__M__450,M,450,1550,bacteria,0.9945220947265625,0.585060,0.108689,0.049932,0.039459,0.179586,0.037275
NC_032628.1,NC_032628.1__M__400,M,400,1600,bacteria,0.994870662689209,0.585060,0.108689,0.049932,0.039459,0.179586,0.037275
NC_032628.1,NC_032628.1__M__350,M,350,1650,bacteria,0.9999319314956665,0.585060,0.108689,0.049932,0.039459,0.179586,0.037275
NC_032628.1,NC_032628.1__M__300,M,300,1700,bacteria,0.9999538660049438,0.585060,0.108689,0.049932,0.039459,0.179586,0.037275
NC_032628.1,NC_032628.1__M__250,M,250,1750,bacteria,0.9999712705612183,0.585060,0.108689,0.049932,0.039459,0.179586,0.037275
NC_032628.1,NC_032628.1__M__200,M,200,1800,bacteria,0.9999656677246094,0.585060,0.108689,0.049932,0.039459,0.179586,0.037275
NC_032628.1,NC_032628.1__M__150,M,150,1850,bacteria,0.9999591112136841,0.585060,0.108689,0.049932,0.039459,0.179586,0.037275
NC_032628.1,NC_032628.1__M__100,M,100,1900,bacteria,0.9999626874923706,0.585060,0.108689,0.049932,0.039459,0.179586,0.037275
NC_032628.1,NC_032628.1__M__50,M,50,1950,eukarya,0.9976226687431335,0.080994,0.058553,0.537286,0.115801,0.079172,0.128194
NC_032628.1,NC_032628.1__M__1,M,1,1999,eukarya,0.9982033967971802,0.078158,0.054309,0.562563,0.116357,0.071872,0.116741
NC_032632.1,NC_032632.1__none__0,none,0,2000,eukarya,0.97050541639328,0.077617,0.057301,0.572105,0.107107,0.074483,0.111387
NC_032632.1,NC_032632.1__M__500,M,500,1500,bacteria,0.9863262176513672,0.585060,0.108689,0.049932,0.039459,0.179586,0.037275
NC_032632.1,NC_032632.1__M__450,M,450,1550,bacteria,0.9875390529632568,0.585060,0.108689,0.049932,0.039459,0.179586,0.037275
NC_032632.1,NC_032632.1__M__400,M,400,1600,bacteria,0.9883014559745789,0.585060,0.108689,0.049932,0.039459,0.179586,0.037275
NC_032632.1,NC_032632.1__M__350,M,350,1650,bacteria,0.9984813332557678,0.585060,0.108689,0.049932,0.039459,0.179586,0.037275
NC_032632.1,NC_032632.1__M__300,M,300,1700,bacteria,0.9992924928665161,0.585060,0.108689,0.049932,0.039459,0.179586,0.037275
NC_032632.1,NC_032632.1__M__250,M,250,1750,bacteria,0.9994227886199951,0.585060,0.108689,0.049932,0.039459,0.179586,0.037275
NC_032632.1,NC_032632.1__M__200,M,200,1800,bacteria,0.9995102882385254,0.585060,0.108689,0.049932,0.039459,0.179586,0.037275
NC_032632.1,NC_032632.1__M__150,M,150,1850,bacteria,0.9996469020843506,0.585060,0.108689,0.049932,0.039459,0.179586,0.037275
NC_032632.1,NC_032632.1__M__100,M,100,1900,bacteria,0.9997053742408752,0.585060,0.108689,0.049932,0.039459,0.179586,0.037275
NC_032632.1,NC_032632.1__M__50,M,50,1950,eukarya,0.96314936876297,0.077257,0.057461,0.568702,0.109665,0.078466,0.108450
NC_032632.1,NC_032632.1__M__1,M,1,1999,eukarya,0.9707221388816833,0.077617,0.057301,0.572105,0.107107,0.074483,0.111387
NC_032635.1,NC_032635.1__none__0,none,0,2000,eukarya,0.9993897676467896,0.069556,0.062594,0.540203,0.105684,0.082147,0.139815
NC_032635.1,NC_032635.1__M__500,M,500,1500,bacteria,0.9942522644996643,0.585060,0.108689,0.049932,0.039459,0.179586,0.037275
NC_032635.1,NC_032635.1__M__450,M,450,1550,bacteria,0.9952834248542786,0.585060,0.108689,0.049932,0.039459,0.179586,0.037275
NC_032635.1,NC_032635.1__M__400,M,400,1600,bacteria,0.9960544109344482,0.585060,0.108689,0.049932,0.039459,0.179586,0.037275
NC_032635.1,NC_032635.1__M__350,M,350,1650,bacteria,0.999874472618103,0.585060,0.108689,0.049932,0.039459,0.179586,0.037275
NC_032635.1,NC_032635.1__M__300,M,300,1700,bacteria,0.999836802482605,0.585060,0.108689,0.049932,0.039459,0.179586,0.037275
NC_032635.1,NC_032635.1__M__250,M,250,1750,bacteria,0.9998599290847778,0.585060,0.108689,0.049932,0.039459,0.179586,0.037275
NC_032635.1,NC_032635.1__M__200,M,200,1800,bacteria,0.9998995065689087,0.585060,0.108689,0.049932,0.039459,0.179586,0.037275
NC_032635.1,NC_032635.1__M__150,M,150,1850,bacteria,0.9999446868896484,0.585060,0.108689,0.049932,0.039459,0.179586,0.037275
NC_032635.1,NC_032635.1__M__100,M,100,1900,bacteria,0.9999606609344482,0.585060,0.108689,0.049932,0.039459,0.179586,0.037275
NC_032635.1,NC_032635.1__M__50,M,50,1950,eukarya,0.9987155199050903,0.073879,0.059287,0.566305,0.097331,0.081004,0.122195
NC_032635.1,NC_032635.1__M__1,M,1,1999,eukarya,0.9993809461593628,0.069556,0.062594,0.540203,0.105684,0.082147,0.139815
NC_032637.1,NC_032637.1__none__0,none,0,2000,eukarya,0.9627944827079773,0.077457,0.058491,0.555802,0.113201,0.077352,0.117698
NC_032637.1,NC_032637.1__M__500,M,500,1500,bacteria,0.9899995923042297,0.585060,0.108689,0.049932,0.039459,0.179586,0.037275
NC_032637.1,NC_032637.1__M__450,M,450,1550,bacteria,0.9899373054504395,0.585060,0.108689,0.049932,0.039459,0.179586,0.037275
NC_032637.1,NC_032637.1__M__400,M,400,1600,bacteria,0.9901717305183411,0.585060,0.108689,0.049932,0.039459,0.179586,0.037275
NC_032637.1,NC_032637.1__M__350,M,350,1650,bacteria,0.9997633099555969,0.585060,0.108689,0.049932,0.039459,0.179586,0.037275
NC_032637.1,NC_032637.1__M__300,M,300,1700,bacteria,0.9996521472930908,0.585060,0.108689,0.049932,0.039459,0.179586,0.037275
NC_032637.1,NC_032637.1__M__250,M,250,1750,bacteria,0.9995303153991699,0.585060,0.108689,0.049932,0.039459,0.179586,0.037275
NC_032637.1,NC_032637.1__M__200,M,200,1800,bacteria,0.9995967745780945,0.585060,0.108689,0.049932,0.039459,0.179586,0.037275
NC_032637.1,NC_032637.1__M__150,M,150,1850,bacteria,0.9996281862258911,0.585060,0.108689,0.049932,0.039459,0.179586,0.037275
NC_032637.1,NC_032637.1__M__100,M,100,1900,bacteria,0.9997177720069885,0.585060,0.108689,0.049932,0.039459,0.179586,0.037275
NC_032637.1,NC_032637.1__M__50,M,50,1950,eukarya,0.9715548753738403,0.082728,0.063265,0.531812,0.113762,0.084597,0.123835
NC_032637.1,NC_032637.1__M__1,M,1,1999,eukarya,0.9609439373016357,0.077457,0.058491,0.555802,0.113201,0.077352,0.117698
NC_032460.1,NC_032460.1__none__0,none,0,2000,eukarya,0.6995920538902283,0.078308,0.060120,0.558472,0.112736,0.074079,0.116286
NC_032460.1,NC_032460.1__M__500,M,500,1500,bacteria,0.9805501103401184,0.585060,0.108689,0.049932,0.039459,0.179586,0.037275
NC_032460.1,NC_032460.1__M__450,M,450,1550,bacteria,0.9803527593612671,0.585060,0.108689,0.049932,0.039459,0.179586,0.037275
NC_032460.1,NC_032460.1__M__400,M,400,1600,bacteria,0.9807839393615723,0.585060,0.108689,0.049932,0.039459,0.179586,0.037275
NC_032460.1,NC_032460.1__M__350,M,350,1650,bacteria,0.9917107820510864,0.585060,0.108689,0.049932,0.039459,0.179586,0.037275
NC_032460.1,NC_032460.1__M__300,M,300,1700,bacteria,0.9950689077377319,0.585060,0.108689,0.049932,0.039459,0.179586,0.037275
NC_032460.1,NC_032460.1__M__250,M,250,1750,bacteria,0.9962402582168579,0.585060,0.108689,0.049932,0.039459,0.179586,0.037275
NC_032460.1,NC_032460.1__M__200,M,200,1800,bacteria,0.9968467354774475,0.585060,0.108689,0.049932,0.039459,0.179586,0.037275
NC_032460.1,NC_032460.1__M__150,M,150,1850,bacteria,0.9973880648612976,0.585060,0.108689,0.049932,0.039459,0.179586,0.037275
NC_032460.1,NC_032460.1__M__100,M,100,1900,bacteria,0.9976916313171387,0.585060,0.108689,0.049932,0.039459,0.179586,0.037275
NC_032460.1,NC_032460.1__M__50,M,50,1950,eukarya,0.7515501976013184,0.078720,0.061224,0.555090,0.110539,0.077777,0.116650
NC_032460.1,NC_032460.1__M__1,M,1,1999,eukarya,0.7011367678642273,0.078308,0.060120,0.558472,0.112736,0.074079,0.116286
NC_032197.1,NC_032197.1__none__0,none,0,2000,eukarya,0.9904032945632935,0.071502,0.051073,0.598861,0.103520,0.075260,0.099784
NC_032197.1,NC_032197.1__M__500,M,500,1500,bacteria,0.9934506416320801,0.585060,0.108689,0.049932,0.039459,0.179586,0.037275
NC_032197.1,NC_032197.1__M__450,M,450,1550,bacteria,0.9936829805374146,0.585060,0.108689,0.049932,0.039459,0.179586,0.037275
NC_032197.1,NC_032197.1__M__400,M,400,1600,bacteria,0.9938268065452576,0.585060,0.108689,0.049932,0.039459,0.179586,0.037275
NC_032197.1,NC_032197.1__M__350,M,350,1650,bacteria,0.9998000264167786,0.585060,0.108689,0.049932,0.039459,0.179586,0.037275
NC_032197.1,NC_032197.1__M__300,M,300,1700,bacteria,0.9998432397842407,0.585060,0.108689,0.049932,0.039459,0.179586,0.037275
NC_032197.1,NC_032197.1__M__250,M,250,1750,bacteria,0.9998784065246582,0.585060,0.108689,0.049932,0.039459,0.179586,0.037275
NC_032197.1,NC_032197.1__M__200,M,200,1800,bacteria,0.9998569488525391,0.585060,0.108689,0.049932,0.039459,0.179586,0.037275
NC_032197.1,NC_032197.1__M__150,M,150,1850,bacteria,0.9998688697814941,0.585060,0.108689,0.049932,0.039459,0.179586,0.037275
NC_032197.1,NC_032197.1__M__100,M,100,1900,bacteria,0.9998793601989746,0.585060,0.108689,0.049932,0.039459,0.179586,0.037275
NC_032197.1,NC_032197.1__M__50,M,50,1950,eukarya,0.9891803860664368,0.075525,0.057324,0.561875,0.109994,0.082065,0.113216
NC_032197.1,NC_032197.1__M__1,M,1,1999,eukarya,0.9906378984451294,0.071502,0.051073,0.598861,0.103520,0.075260,0.099784
NC_032277.1,NC_032277.1__none__0,none,0,2000,eukarya,0.9987471103668213,0.069599,0.049120,0.592509,0.106797,0.068897,0.113078
NC_032277.1,NC_032277.1__M__500,M,500,1500,bacteria,0.9957624077796936,0.585060,0.108689,0.049932,0.039459,0.179586,0.037275
NC_032277.1,NC_032277.1__M__450,M,450,1550,bacteria,0.9955763816833496,0.585060,0.108689,0.049932,0.039459,0.179586,0.037275
NC_032277.1,NC_032277.1__M__400,M,400,1600,bacteria,0.9955494403839111,0.585060,0.108689,0.049932,0.039459,0.179586,0.037275
NC_032277.1,NC_032277.1__M__350,M,350,1650,bacteria,0.9999758005142212,0.585060,0.108689,0.049932,0.039459,0.179586,0.037275
NC_032277.1,NC_032277.1__M__300,M,300,1700,bacteria,0.9999780654907227,0.585060,0.108689,0.049932,0.039459,0.179586,0.037275
NC_032277.1,NC_032277.1__M__250,M,250,1750,bacteria,0.9999685287475586,0.585060,0.108689,0.049932,0.039459,0.179586,0.037275
NC_032277.1,NC_032277.1__M__200,M,200,1800,bacteria,0.999962329864502,0.585060,0.108689,0.049932,0.039459,0.179586,0.037275
NC_032277.1,NC_032277.1__M__150,M,150,1850,bacteria,0.999963641166687,0.585060,0.108689,0.049932,0.039459,0.179586,0.037275
NC_032277.1,NC_032277.1__M__100,M,100,1900,bacteria,0.9999597072601318,0.585060,0.108689,0.049932,0.039459,0.179586,0.037275
NC_032277.1,NC_032277.1__M__50,M,50,1950,eukarya,0.9981430768966675,0.072017,0.055209,0.546780,0.113784,0.078986,0.133224
NC_032277.1,NC_032277.1__M__1,M,1,1999,eukarya,0.9987595081329346,0.069599,0.049120,0.592509,0.106797,0.068897,0.113078
NC_032129.1,NC_032129.1__none__0,none,0,2000,eukarya,0.9953395128250122,0.077140,0.055101,0.574429,0.099148,0.075925,0.118258
NC_032129.1,NC_032129.1__M__500,M,500,1500,bacteria,0.9879050254821777,0.585060,0.108689,0.049932,0.039459,0.179586,0.037275
NC_032129.1,NC_032129.1__M__450,M,450,1550,bacteria,0.9886007905006409,0.585060,0.108689,0.049932,0.039459,0.179586,0.037275
NC_032129.1,NC_032129.1__M__400,M,400,1600,bacteria,0.9893431663513184,0.585060,0.108689,0.049932,0.039459,0.179586,0.037275
NC_032129.1,NC_032129.1__M__350,M,350,1650,bacteria,0.9987789988517761,0.585060,0.108689,0.049932,0.039459,0.179586,0.037275
NC_032129.1,NC_032129.1__M__300,M,300,1700,bacteria,0.999148964881897,0.585060,0.108689,0.049932,0.039459,0.179586,0.037275
NC_032129.1,NC_032129.1__M__250,M,250,1750,bacteria,0.9993144273757935,0.585060,0.108689,0.049932,0.039459,0.179586,0.037275
NC_032129.1,NC_032129.1__M__200,M,200,1800,bacteria,0.9995744824409485,0.585060,0.108689,0.049932,0.039459,0.179586,0.037275
NC_032129.1,NC_032129.1__M__150,M,150,1850,bacteria,0.9997137188911438,0.585060,0.108689,0.049932,0.039459,0.179586,0.037275
NC_032129.1,NC_032129.1__M__100,M,100,1900,bacteria,0.9998552799224854,0.585060,0.108689,0.049932,0.039459,0.179586,0.037275
NC_032129.1,NC_032129.1__M__50,M,50,1950,eukarya,0.9905906319618225,0.082613,0.061739,0.548816,0.107697,0.082512,0.116622
NC_032129.1,NC_032129.1__M__1,M,1,1999,eukarya,0.9951990246772766,0.077140,0.055101,0.574429,0.099148,0.075925,0.118258
NC_032154.1,NC_032154.1__none__0,none,0,2000,eukarya,0.996606707572937,0.073974,0.059781,0.552078,0.118545,0.078590,0.117032
NC_032154.1,NC_032154.1__M__500,M,500,1500,bacteria,0.9939291477203369,0.585060,0.108689,0.049932,0.039459,0.179586,0.037275
NC_032154.1,NC_032154.1__M__450,M,450,1550,bacteria,0.9939477443695068,0.585060,0.108689,0.049932,0.039459,0.179586,0.037275
NC_032154.1,NC_032154.1__M__400,M,400,1600,bacteria,0.9938399195671082,0.585060,0.108689,0.049932,0.039459,0.179586,0.037275
NC_032154.1,NC_032154.1__M__350,M,350,1650,bacteria,0.9999734163284302,0.585060,0.108689,0.049932,0.039459,0.179586,0.037275
NC_032154.1,NC_032154.1__M__300,M,300,1700,bacteria,0.9999666213989258,0.585060,0.108689,0.049932,0.039459,0.179586,0.037275
NC_032154.1,NC_032154.1__M__250,M,250,1750,bacteria,0.9999525547027588,0.585060,0.108689,0.049932,0.039459,0.179586,0.037275
NC_032154.1,NC_032154.1__M__200,M,200,1800,bacteria,0.9999405145645142,0.585060,0.108689,0.049932,0.039459,0.179586,0.037275
NC_032154.1,NC_032154.1__M__150,M,150,1850,bacteria,0.999942421913147,0.585060,0.108689,0.049932,0.039459,0.179586,0.037275
NC_032154.1,NC_032154.1__M__100,M,100,1900,bacteria,0.9999415874481201,0.585060,0.108689,0.049932,0.039459,0.179586,0.037275
NC_032154.1,NC_032154.1__M__50,M,50,1950,eukarya,0.9964399933815002,0.077440,0.061030,0.548012,0.115755,0.079785,0.117978
NC_032154.1,NC_032154.1__M__1,M,1,1999,eukarya,0.9965460896492004,0.073974,0.059781,0.552078,0.118545,0.078590,0.117032
NC_032113.1,NC_032113.1__none__0,none,0,2000,eukarya,0.9841758608818054,0.075926,0.052211,0.589965,0.098649,0.071429,0.111821
NC_032113.1,NC_032113.1__M__500,M,500,1500,bacteria,0.9873031973838806,0.585060,0.108689,0.049932,0.039459,0.179586,0.037275
NC_032113.1,NC_032113.1__M__450,M,450,1550,bacteria,0.9884886145591736,0.585060,0.108689,0.049932,0.039459,0.179586,0.037275
NC_032113.1,NC_032113.1__M__400,M,400,1600,bacteria,0.9895341992378235,0.585060,0.108689,0.049932,0.039459,0.179586,0.037275
NC_032113.1,NC_032113.1__M__350,M,350,1650,bacteria,0.9996598958969116,0.585060,0.108689,0.049932,0.039459,0.179586,0.037275
NC_032113.1,NC_032113.1__M__300,M,300,1700,bacteria,0.9996680021286011,0.585060,0.108689,0.049932,0.039459,0.179586,0.037275
NC_032113.1,NC_032113.1__M__250,M,250,1750,bacteria,0.9996721744537354,0.585060,0.108689,0.049932,0.039459,0.179586,0.037275
NC_032113.1,NC_032113.1__M__200,M,200,1800,bacteria,0.9997525811195374,0.585060,0.108689,0.049932,0.039459,0.179586,0.037275
NC_032113.1,NC_032113.1__M__150,M,150,1850,bacteria,0.9998372793197632,0.585060,0.108689,0.049932,0.039459,0.179586,0.037275
NC_032113.1,NC_032113.1__M__100,M,100,1900,bacteria,0.9998844861984253,0.585060,0.108689,0.049932,0.039459,0.179586,0.037275
NC_032113.1,NC_032113.1__M__50,M,50,1950,eukarya,0.9845871925354004,0.075559,0.056394,0.564814,0.110750,0.080432,0.112050
NC_032113.1,NC_032113.1__M__1,M,1,1999,eukarya,0.9845208525657654,0.075926,0.052211,0.589965,0.098649,0.071429,0.111821
NC_032087.1,NC_032087.1__none__0,none,0,2000,eukarya,0.9384250640869141,0.066317,0.062345,0.626915,0.071847,0.066171,0.106405
NC_032087.1,NC_032087.1__M__500,M,500,1500,bacteria,0.9881619811058044,0.585060,0.108689,0.049932,0.039459,0.179586,0.037275
NC_032087.1,NC_032087.1__M__450,M,450,1550,bacteria,0.9884269833564758,0.585060,0.108689,0.049932,0.039459,0.179586,0.037275
NC_032087.1,NC_032087.1__M__400,M,400,1600,bacteria,0.9890961050987244,0.585060,0.108689,0.049932,0.039459,0.179586,0.037275
NC_032087.1,NC_032087.1__M__350,M,350,1650,bacteria,0.9886431097984314,0.585060,0.108689,0.049932,0.039459,0.179586,0.037275
NC_032087.1,NC_032087.1__M__300,M,300,1700,bacteria,0.993956446647644,0.585060,0.108689,0.049932,0.039459,0.179586,0.037275
NC_032087.1,NC_032087.1__M__250,M,250,1750,bacteria,0.9975603818893433,0.585060,0.108689,0.049932,0.039459,0.179586,0.037275
NC_032087.1,NC_032087.1__M__200,M,200,1800,bacteria,0.9985124468803406,0.585060,0.108689,0.049932,0.039459,0.179586,0.037275
NC_032087.1,NC_032087.1__M__150,M,150,1850,bacteria,0.9989204406738281,0.585060,0.108689,0.049932,0.039459,0.179586,0.037275
NC_032087.1,NC_032087.1__M__100,M,100,1900,bacteria,0.999140739440918,0.585060,0.108689,0.049932,0.039459,0.179586,0.037275
NC_032087.1,NC_032087.1__M__50,M,50,1950,eukarya,0.9294541478157043,0.074400,0.062809,0.583884,0.091458,0.077848,0.109601
NC_032087.1,NC_032087.1__M__1,M,1,1999,eukarya,0.9380919933319092,0.066317,0.062345,0.626915,0.071847,0.066171,0.106405
NC_031691.1,NC_031691.1__none__0,none,0,2000,eukarya,0.9975317716598511,0.076484,0.054735,0.540664,0.112297,0.067837,0.147984
NC_031691.1,NC_031691.1__M__500,M,500,1500,bacteria,0.9943793416023254,0.585060,0.108689,0.049932,0.039459,0.179586,0.037275
NC_031691.1,NC_031691.1__M__450,M,450,1550,bacteria,0.9939873218536377,0.585060,0.108689,0.049932,0.039459,0.179586,0.037275
NC_031691.1,NC_031691.1__M__400,M,400,1600,bacteria,0.9933820962905884,0.585060,0.108689,0.049932,0.039459,0.179586,0.037275
NC_031691.1,NC_031691.1__M__350,M,350,1650,bacteria,0.99993896484375,0.585060,0.108689,0.049932,0.039459,0.179586,0.037275
NC_031691.1,NC_031691.1__M__300,M,300,1700,bacteria,0.9999469518661499,0.585060,0.108689,0.049932,0.039459,0.179586,0.037275
NC_031691.1,NC_031691.1__M__250,M,250,1750,bacteria,0.9999493360519409,0.585060,0.108689,0.049932,0.039459,0.179586,0.037275
NC_031691.1,NC_031691.1__M__200,M,200,1800,bacteria,0.9999500513076782,0.585060,0.108689,0.049932,0.039459,0.179586,0.037275
NC_031691.1,NC_031691.1__M__150,M,150,1850,bacteria,0.999947190284729,0.585060,0.108689,0.049932,0.039459,0.179586,0.037275
NC_031691.1,NC_031691.1__M__100,M,100,1900,bacteria,0.99993896484375,0.585060,0.108689,0.049932,0.039459,0.179586,0.037275
NC_031691.1,NC_031691.1__M__50,M,50,1950,eukarya,0.9980334639549255,0.074406,0.060341,0.536582,0.115453,0.072030,0.141188
NC_031691.1,NC_031691.1__M__1,M,1,1999,eukarya,0.9976261258125305,0.076484,0.054735,0.540664,0.112297,0.067837,0.147984
NC_031282.1,NC_031282.1__none__0,none,0,2000,eukarya,0.9824783205986023,0.075450,0.053627,0.563597,0.112448,0.069426,0.125452
NC_031282.1,NC_031282.1__M__500,M,500,1500,bacteria,0.9922992587089539,0.585060,0.108689,0.049932,0.039459,0.179586,0.037275
NC_031282.1,NC_031282.1__M__450,M,450,1550,bacteria,0.9929383397102356,0.585060,0.108689,0.049932,0.039459,0.179586,0.037275
NC_031282.1,NC_031282.1__M__400,M,400,1600,bacteria,0.9929344654083252,0.585060,0.108689,0.049932,0.039459,0.179586,0.037275
NC_031282.1,NC_031282.1__M__350,M,350,1650,bacteria,0.9990444779396057,0.585060,0.108689,0.049932,0.039459,0.179586,0.037275
NC_031282.1,NC_031282.1__M__300,M,300,1700,bacteria,0.9995207786560059,0.585060,0.108689,0.049932,0.039459,0.179586,0.037275
NC_031282.1,NC_031282.1__M__250,M,250,1750,bacteria,0.9997133612632751,0.585060,0.108689,0.049932,0.039459,0.179586,0.037275
NC_031282.1,NC_031282.1__M__200,M,200,1800,bacteria,0.999725878238678,0.585060,0.108689,0.049932,0.039459,0.179586,0.037275
NC_031282.1,NC_031282.1__M__150,M,150,1850,bacteria,0.9997455477714539,0.585060,0.108689,0.049932,0.039459,0.179586,0.037275
NC_031282.1,NC_031282.1__M__100,M,100,1900,bacteria,0.999774158000946,0.585060,0.108689,0.049932,0.039459,0.179586,0.037275
NC_031282.1,NC_031282.1__M__50,M,50,1950,eukarya,0.9740533828735352,0.076993,0.056382,0.560052,0.107007,0.074452,0.125113
NC_031282.1,NC_031282.1__M__1,M,1,1999,eukarya,0.9823285937309265,0.075450,0.053627,0.563597,0.112448,0.069426,0.125452
NC_031079.1,NC_031079.1__none__0,none,0,2000,eukarya,0.9746142029762268,0.073561,0.049231,0.595898,0.092707,0.065079,0.123524
NC_031079.1,NC_031079.1__M__500,M,500,1500,bacteria,0.9857725501060486,0.585060,0.108689,0.049932,0.039459,0.179586,0.037275
NC_031079.1,NC_031079.1__M__450,M,450,1550,bacteria,0.9867488145828247,0.585060,0.108689,0.049932,0.039459,0.179586,0.037275
NC_031079.1,NC_031079.1__M__400,M,400,1600,bacteria,0.9878100156784058,0.585060,0.108689,0.049932,0.039459,0.179586,0.037275
NC_031079.1,NC_031079.1__M__350,M,350,1650,bacteria,0.9994402527809143,0.585060,0.108689,0.049932,0.039459,0.179586,0.037275
NC_031079.1,NC_031079.1__M__300,M,300,1700,bacteria,0.999665379524231,0.585060,0.108689,0.049932,0.039459,0.179586,0.037275
NC_031079.1,NC_031079.1__M__250,M,250,1750,bacteria,0.9997147917747498,0.585060,0.108689,0.049932,0.039459,0.179586,0.037275
NC_031079.1,NC_031079.1__M__200,M,200,1800,bacteria,0.9997181296348572,0.585060,0.108689,0.049932,0.039459,0.179586,0.037275
NC_031079.1,NC_031079.1__M__150,M,150,1850,bacteria,0.9997181296348572,0.585060,0.108689,0.049932,0.039459,0.179586,0.037275
NC_031079.1,NC_031079.1__M__100,M,100,1900,bacteria,0.9997125267982483,0.585060,0.108689,0.049932,0.039459,0.179586,0.037275
NC_031079.1,NC_031079.1__M__50,M,50,1950,eukarya,0.9765937328338623,0.075021,0.050896,0.578426,0.100758,0.071226,0.123673
NC_031079.1,NC_031079.1__M__1,M,1,1999,eukarya,0.972079336643219,0.073561,0.049231,0.595898,0.092707,0.065079,0.123524
NC_031143.1,NC_031143.1__none__0,none,0,2000,eukarya,0.9981471300125122,0.076427,0.056633,0.523341,0.125610,0.078479,0.139510
NC_031143.1,NC_031143.1__M__500,M,500,1500,bacteria,0.9972537159919739,0.585060,0.108689,0.049932,0.039459,0.179586,0.037275
NC_031143.1,NC_031143.1__M__450,M,450,1550,bacteria,0.9972039461135864,0.585060,0.108689,0.049932,0.039459,0.179586,0.037275
NC_031143.1,NC_031143.1__M__400,M,400,1600,bacteria,0.997165858745575,0.585060,0.108689,0.049932,0.039459,0.179586,0.037275
NC_031143.1,NC_031143.1__M__350,M,350,1650,bacteria,0.9999675750732422,0.585060,0.108689,0.049932,0.039459,0.179586,0.037275
NC_031143.1,NC_031143.1__M__300,M,300,1700,bacteria,0.9999582767486572,0.585060,0.108689,0.049932,0.039459,0.179586,0.037275
NC_031143.1,NC_031143.1__M__250,M,250,1750,bacteria,0.9999561309814453,0.585060,0.108689,0.049932,0.039459,0.179586,0.037275
NC_031143.1,NC_031143.1__M__200,M,200,1800,bacteria,0.999950647354126,0.585060,0.108689,0.049932,0.039459,0.179586,0.037275
NC_031143.1,NC_031143.1__M__150,M,150,1850,bacteria,0.9999561309814453,0.585060,0.108689,0.049932,0.039459,0.179586,0.037275
NC_031143.1,NC_031143.1__M__100,M,100,1900,bacteria,0.9999587535858154,0.585060,0.108689,0.049932,0.039459,0.179586,0.037275
NC_031143.1,NC_031143.1__M__50,M,50,1950,eukarya,0.9979314804077148,0.075639,0.057022,0.539610,0.120215,0.081686,0.125829
NC_031143.1,NC_031143.1__M__1,M,1,1999,eukarya,0.9981412887573242,0.076427,0.056633,0.523341,0.125610,0.078479,0.139510
NC_030746.1,NC_030746.1__none__0,none,0,2000,eukarya,0.9888317584991455,0.072496,0.051574,0.587087,0.096733,0.071781,0.120329
NC_030746.1,NC_030746.1__M__500,M,500,1500,bacteria,0.9916967153549194,0.585060,0.108689,0.049932,0.039459,0.179586,0.037275
NC_030746.1,NC_030746.1__M__450,M,450,1550,bacteria,0.9925177097320557,0.585060,0.108689,0.049932,0.039459,0.179586,0.037275
NC_030746.1,NC_030746.1__M__400,M,400,1600,bacteria,0.9929775595664978,0.585060,0.108689,0.049932,0.039459,0.179586,0.037275
NC_030746.1,NC_030746.1__M__350,M,350,1650,bacteria,0.9997958540916443,0.585060,0.108689,0.049932,0.039459,0.179586,0.037275
NC_030746.1,NC_030746.1__M__300,M,300,1700,bacteria,0.9996888637542725,0.585060,0.108689,0.049932,0.039459,0.179586,0.037275
NC_030746.1,NC_030746.1__M__250,M,250,1750,bacteria,0.9997366070747375,0.585060,0.108689,0.049932,0.039459,0.179586,0.037275
NC_030746.1,NC_030746.1__M__200,M,200,1800,bacteria,0.999772846698761,0.585060,0.108689,0.049932,0.039459,0.179586,0.037275
NC_030746.1,NC_030746.1__M__150,M,150,1850,bacteria,0.9997608065605164,0.585060,0.108689,0.049932,0.039459,0.179586,0.037275
NC_030746.1,NC_030746.1__M__100,M,100,1900,bacteria,0.9998127818107605,0.585060,0.108689,0.049932,0.039459,0.179586,0.037275
NC_030746.1,NC_030746.1__M__50,M,50,1950,eukarya,0.9856911301612854,0.079206,0.057418,0.549259,0.113562,0.077253,0.123301
NC_030746.1,NC_030746.1__M__1,M,1,1999,eukarya,0.9891806244850159,0.072496,0.051574,0.587087,0.096733,0.071781,0.120329
NC_030446.1,NC_030446.1__none__0,none,0,2000,eukarya,0.9063745737075806,0.075723,0.056078,0.581404,0.100115,0.074676,0.112004
NC_030446.1,NC_030446.1__M__500,M,500,1500,bacteria,0.9838862419128418,0.585060,0.108689,0.049932,0.039459,0.179586,0.037275
NC_030446.1,NC_030446.1__M__450,M,450,1550,bacteria,0.9842258095741272,0.585060,0.108689,0.049932,0.039459,0.179586,0.037275
NC_030446.1,NC_030446.1__M__400,M,400,1600,bacteria,0.9844251871109009,0.585060,0.108689,0.049932,0.039459,0.179586,0.037275
NC_030446.1,NC_030446.1__M__350,M,350,1650,bacteria,0.998017430305481,0.585060,0.108689,0.049932,0.039459,0.179586,0.037275
NC_030446.1,NC_030446.1__M__300,M,300,1700,bacteria,0.9980756044387817,0.585060,0.108689,0.049932,0.039459,0.179586,0.037275
NC_030446.1,NC_030446.1__M__250,M,250,1750,bacteria,0.9985806941986084,0.585060,0.108689,0.049932,0.039459,0.179586,0.037275
NC_030446.1,NC_030446.1__M__200,M,200,1800,bacteria,0.9986005425453186,0.585060,0.108689,0.049932,0.039459,0.179586,0.037275
NC_030446.1,NC_030446.1__M__150,M,150,1850,bacteria,0.9986295700073242,0.585060,0.108689,0.049932,0.039459,0.179586,0.037275
NC_030446.1,NC_030446.1__M__100,M,100,1900,bacteria,0.9989013671875,0.585060,0.108689,0.049932,0.039459,0.179586,0.037275
NC_030446.1,NC_030446.1__M__50,M,50,1950,eukarya,0.8875668048858643,0.076873,0.059621,0.554420,0.110430,0.081187,0.117469
NC_030446.1,NC_030446.1__M__1,M,1,1999,eukarya,0.9076128602027893,0.075723,0.056078,0.581404,0.100115,0.074676,0.112004
NC_030294.1,NC_030294.1__none__0,none,0,2000,eukarya,0.9997548460960388,0.073267,0.052682,0.576852,0.112404,0.070206,0.114591
NC_030294.1,NC_030294.1__M__500,M,500,1500,bacteria,0.9969360828399658,0.585060,0.108689,0.049932,0.039459,0.179586,0.037275
NC_030294.1,NC_030294.1__M__450,M,450,1550,bacteria,0.9969053864479065,0.585060,0.108689,0.049932,0.039459,0.179586,0.037275
NC_030294.1,NC_030294.1__M__400,M,400,1600,bacteria,0.9969481825828552,0.585060,0.108689,0.049932,0.039459,0.179586,0.037275
NC_030294.1,NC_030294.1__M__350,M,350,1650,bacteria,0.9999934434890747,0.585060,0.108689,0.049932,0.039459,0.179586,0.037275
NC_030294.1,NC_030294.1__M__300,M,300,1700,bacteria,0.9999946355819702,0.585060,0.108689,0.049932,0.039459,0.179586,0.037275
NC_030294.1,NC_030294.1__M__250,M,250,1750,bacteria,0.9999921321868896,0.585060,0.108689,0.049932,0.039459,0.179586,0.037275
NC_030294.1,NC_030294.1__M__200,M,200,1800,bacteria,0.9999911785125732,0.585060,0.108689,0.049932,0.039459,0.179586,0.037275
NC_030294.1,NC_030294.1__M__150,M,150,1850,bacteria,0.9999924898147583,0.585060,0.108689,0.049932,0.039459,0.179586,0.037275
NC_030294.1,NC_030294.1__M__100,M,100,1900,bacteria,0.9999923706054688,0.585060,0.108689,0.049932,0.039459,0.179586,0.037275
NC_030294.1,NC_030294.1__M__50,M,50,1950,eukarya,0.9997658133506775,0.076112,0.057246,0.569070,0.113220,0.075193,0.109159
NC_030294.1,NC_030294.1__M__1,M,1,1999,eukarya,0.9997439980506897,0.073267,0.052682,0.576852,0.112404,0.070206,0.114591
NC_029991.1,NC_029991.1__none__0,none,0,2000,eukarya,0.9990149736404419,0.076973,0.056028,0.559368,0.105762,0.078806,0.123063
NC_029991.1,NC_029991.1__M__500,M,500,1500,bacteria,0.9941478967666626,0.585060,0.108689,0.049932,0.039459,0.179586,0.037275
NC_029991.1,NC_029991.1__M__450,M,450,1550,bacteria,0.9942164421081543,0.585060,0.108689,0.049932,0.039459,0.179586,0.037275
NC_029991.1,NC_029991.1__M__400,M,400,1600,bacteria,0.9940850734710693,0.585060,0.108689,0.049932,0.039459,0.179586,0.037275
NC_029991.1,NC_029991.1__M__350,M,350,1650,bacteria,0.9999642372131348,0.585060,0.108689,0.049932,0.039459,0.179586,0.037275
NC_029991.1,NC_029991.1__M__300,M,300,1700,bacteria,0.9999703168869019,0.585060,0.108689,0.049932,0.039459,0.179586,0.037275
NC_029991.1,NC_029991.1__M__250,M,250,1750,bacteria,0.9999678134918213,0.585060,0.108689,0.049932,0.039459,0.179586,0.037275
NC_029991.1,NC_029991.1__M__200,M,200,1800,bacteria,0.9999643564224243,0.585060,0.108689,0.049932,0.039459,0.179586,0.037275
NC_029991.1,NC_029991.1__M__150,M,150,1850,bacteria,0.9999706745147705,0.585060,0.108689,0.049932,0.039459,0.179586,0.037275
NC_029991.1,NC_029991.1__M__100,M,100,1900,bacteria,0.9999748468399048,0.585060,0.108689,0.049932,0.039459,0.179586,0.037275
NC_029991.1,NC_029991.1__M__50,M,50,1950,eukarya,0.998501181602478,0.075178,0.058870,0.551528,0.114223,0.081120,0.119081
NC_029991.1,NC_029991.1__M__1,M,1,1999,eukarya,0.9989751577377319,0.076973,0.056028,0.559368,0.105762,0.078806,0.123063
NC_029556.1,NC_029556.1__none__0,none,0,2000,eukarya,0.9994514584541321,0.066921,0.048547,0.562391,0.113123,0.072380,0.136638
NC_029556.1,NC_029556.1__M__500,M,500,1500,bacteria,0.9968346953392029,0.585060,0.108689,0.049932,0.039459,0.179586,0.037275
NC_029556.1,NC_029556.1__M__450,M,450,1550,bacteria,0.9965254664421082,0.585060,0.108689,0.049932,0.039459,0.179586,0.037275
NC_029556.1,NC_029556.1__M__400,M,400,1600,bacteria,0.9964110255241394,0.585060,0.108689,0.049932,0.039459,0.179586,0.037275
NC_029556.1,NC_029556.1__M__350,M,350,1650,bacteria,0.9999816417694092,0.585060,0.108689,0.049932,0.039459,0.179586,0.037275
NC_029556.1,NC_029556.1__M__300,M,300,1700,bacteria,0.9999865293502808,0.585060,0.108689,0.049932,0.039459,0.179586,0.037275
NC_029556.1,NC_029556.1__M__250,M,250,1750,bacteria,0.9999867677688599,0.585060,0.108689,0.049932,0.039459,0.179586,0.037275
NC_029556.1,NC_029556.1__M__200,M,200,1800,bacteria,0.999985933303833,0.585060,0.108689,0.049932,0.039459,0.179586,0.037275
NC_029556.1,NC_029556.1__M__150,M,150,1850,bacteria,0.9999842643737793,0.585060,0.108689,0.049932,0.039459,0.179586,0.037275
NC_029556.1,NC_029556.1__M__100,M,100,1900,bacteria,0.9999839067459106,0.585060,0.108689,0.049932,0.039459,0.179586,0.037275
NC_029556.1,NC_029556.1__M__50,M,50,1950,eukarya,0.9993304014205933,0.066271,0.050906,0.556650,0.109180,0.081269,0.135723
NC_029556.1,NC_029556.1__M__1,M,1,1999,eukarya,0.9994127750396729,0.066921,0.048547,0.562391,0.113123,0.072380,0.136638
NC_029565.1,NC_029565.1__none__0,none,0,2000,eukarya,0.9993131160736084,0.072142,0.054412,0.503449,0.134903,0.080044,0.155050
NC_029565.1,NC_029565.1__M__500,M,500,1500,bacteria,0.9965709447860718,0.585060,0.108689,0.049932,0.039459,0.179586,0.037275
NC_029565.1,NC_029565.1__M__450,M,450,1550,bacteria,0.9964821338653564,0.585060,0.108689,0.049932,0.039459,0.179586,0.037275
NC_029565.1,NC_029565.1__M__400,M,400,1600,bacteria,0.996575653553009,0.585060,0.108689,0.049932,0.039459,0.179586,0.037275
NC_029565.1,NC_029565.1__M__350,M,350,1650,bacteria,0.9999457597732544,0.585060,0.108689,0.049932,0.039459,0.179586,0.037275
NC_029565.1,NC_029565.1__M__300,M,300,1700,bacteria,0.9999486207962036,0.585060,0.108689,0.049932,0.039459,0.179586,0.037275
NC_029565.1,NC_029565.1__M__250,M,250,1750,bacteria,0.9999371767044067,0.585060,0.108689,0.049932,0.039459,0.179586,0.037275
NC_029565.1,NC_029565.1__M__200,M,200,1800,bacteria,0.9999474287033081,0.585060,0.108689,0.049932,0.039459,0.179586,0.037275
NC_029565.1,NC_029565.1__M__150,M,150,1850,bacteria,0.9999532699584961,0.585060,0.108689,0.049932,0.039459,0.179586,0.037275
NC_029565.1,NC_029565.1__M__100,M,100,1900,bacteria,0.999954104423523,0.585060,0.108689,0.049932,0.039459,0.179586,0.037275
NC_029565.1,NC_029565.1__M__50,M,50,1950,eukarya,0.9981889128684998,0.072771,0.055314,0.531964,0.120134,0.082835,0.136983
NC_029565.1,NC_029565.1__M__1,M,1,1999,eukarya,0.9993072748184204,0.072142,0.054412,0.503449,0.134903,0.080044,0.155050
NC_029082.1,NC_029082.1__none__0,none,0,2000,eukarya,0.9987340569496155,0.072129,0.050351,0.588835,0.107618,0.064861,0.116207
NC_029082.1,NC_029082.1__M__500,M,500,1500,bacteria,0.9965165853500366,0.585060,0.108689,0.049932,0.039459,0.179586,0.037275
NC_029082.1,NC_029082.1__M__450,M,450,1550,bacteria,0.9964981079101562,0.585060,0.108689,0.049932,0.039459,0.179586,0.037275
NC_029082.1,NC_029082.1__M__400,M,400,1600,bacteria,0.9965882301330566,0.585060,0.108689,0.049932,0.039459,0.179586,0.037275
NC_029082.1,NC_029082.1__M__350,M,350,1650,bacteria,0.9999655485153198,0.585060,0.108689,0.049932,0.039459,0.179586,0.037275
NC_029082.1,NC_029082.1__M__300,M,300,1700,bacteria,0.9999672174453735,0.585060,0.108689,0.049932,0.039459,0.179586,0.037275
NC_029082.1,NC_029082.1__M__250,M,250,1750,bacteria,0.9999774694442749,0.585060,0.108689,0.049932,0.039459,0.179586,0.037275
NC_029082.1,NC_029082.1__M__200,M,200,1800,bacteria,0.9999755620956421,0.585060,0.108689,0.049932,0.039459,0.179586,0.037275
NC_029082.1,NC_029082.1__M__150,M,150,1850,bacteria,0.999969482421875,0.585060,0.108689,0.049932,0.039459,0.179586,0.037275
NC_029082.1,NC_029082.1__M__100,M,100,1900,bacteria,0.9999662637710571,0.585060,0.108689,0.049932,0.039459,0.179586,0.037275
NC_029082.1,NC_029082.1__M__50,M,50,1950,eukarya,0.9987427592277527,0.075152,0.052379,0.580968,0.104993,0.067515,0.118993
NC_029082.1,NC_029082.1__M__1,M,1,1999,eukarya,0.9987332224845886,0.072129,0.050351,0.588835,0.107618,0.064861,0.116207
NC_028902.1,NC_028902.1__none__0,none,0,2000,eukarya,0.9945393204689026,0.084659,0.056756,0.533069,0.121560,0.077252,0.126704
NC_028902.1,NC_028902.1__M__500,M,500,1500,bacteria,0.9934127926826477,0.585060,0.108689,0.049932,0.039459,0.179586,0.037275
NC_028902.1,NC_028902.1__M__450,M,450,1550,bacteria,0.993043065071106,0.585060,0.108689,0.049932,0.039459,0.179586,0.037275
NC_028902.1,NC_028902.1__M__400,M,400,1600,bacteria,0.9924030303955078,0.585060,0.108689,0.049932,0.039459,0.179586,0.037275
NC_028902.1,NC_028902.1__M__350,M,350,1650,bacteria,0.9990391731262207,0.585060,0.108689,0.049932,0.039459,0.179586,0.037275
NC_028902.1,NC_028902.1__M__300,M,300,1700,bacteria,0.9996731281280518,0.585060,0.108689,0.049932,0.039459,0.179586,0.037275
NC_028902.1,NC_028902.1__M__250,M,250,1750,bacteria,0.9997090697288513,0.585060,0.108689,0.049932,0.039459,0.179586,0.037275
NC_028902.1,NC_028902.1__M__200,M,200,1800,bacteria,0.9997876286506653,0.585060,0.108689,0.049932,0.039459,0.179586,0.037275
NC_028902.1,NC_028902.1__M__150,M,150,1850,bacteria,0.9998213648796082,0.585060,0.108689,0.049932,0.039459,0.179586,0.037275
NC_028902.1,NC_028902.1__M__100,M,100,1900,bacteria,0.9998626708984375,0.585060,0.108689,0.049932,0.039459,0.179586,0.037275
NC_028902.1,NC_028902.1__M__50,M,50,1950,eukarya,0.9928734302520752,0.081589,0.055919,0.547819,0.110644,0.078194,0.125835
NC_028902.1,NC_028902.1__M__1,M,1,1999,eukarya,0.9947803616523743,0.084659,0.056756,0.533069,0.121560,0.077252,0.126704
NC_028097.1,NC_028097.1__none__0,none,0,2000,eukarya,0.9976428151130676,0.072436,0.052815,0.585466,0.101950,0.075419,0.111914
NC_028097.1,NC_028097.1__M__500,M,500,1500,bacteria,0.9939760565757751,0.585060,0.108689,0.049932,0.039459,0.179586,0.037275
NC_028097.1,NC_028097.1__M__450,M,450,1550,bacteria,0.9942508935928345,0.585060,0.108689,0.049932,0.039459,0.179586,0.037275
NC_028097.1,NC_028097.1__M__400,M,400,1600,bacteria,0.9947428703308105,0.585060,0.108689,0.049932,0.039459,0.179586,0.037275
NC_028097.1,NC_028097.1__M__350,M,350,1650,bacteria,0.9999090433120728,0.585060,0.108689,0.049932,0.039459,0.179586,0.037275
NC_028097.1,NC_028097.1__M__300,M,300,1700,bacteria,0.9998941421508789,0.585060,0.108689,0.049932,0.039459,0.179586,0.037275
NC_028097.1,NC_028097.1__M__250,M,250,1750,bacteria,0.9999192953109741,0.585060,0.108689,0.049932,0.039459,0.179586,0.037275
NC_028097.1,NC_028097.1__M__200,M,200,1800,bacteria,0.9999185800552368,0.585060,0.108689,0.049932,0.039459,0.179586,0.037275
NC_028097.1,NC_028097.1__M__150,M,150,1850,bacteria,0.9999300241470337,0.585060,0.108689,0.049932,0.039459,0.179586,0.037275
NC_028097.1,NC_028097.1__M__100,M,100,1900,bacteria,0.999937891960144,0.585060,0.108689,0.049932,0.039459,0.179586,0.037275
NC_028097.1,NC_028097.1__M__50,M,50,1950,eukarya,0.9957721829414368,0.074348,0.056046,0.565991,0.114742,0.080915,0.107959
NC_028097.1,NC_028097.1__M__1,M,1,1999,eukarya,0.9976683259010315,0.072436,0.052815,0.585466,0.101950,0.075419,0.111914
NC_027811.2,NC_027811.2__none__0,none,0,2000,eukarya,0.998482882976532,0.073705,0.057285,0.571999,0.103459,0.072813,0.120738
NC_027811.2,NC_027811.2__M__500,M,500,1500,bacteria,0.99527907371521,0.585060,0.108689,0.049932,0.039459,0.179586,0.037275
NC_027811.2,NC_027811.2__M__450,M,450,1550,bacteria,0.995053768157959,0.585060,0.108689,0.049932,0.039459,0.179586,0.037275
NC_027811.2,NC_027811.2__M__400,M,400,1600,bacteria,0.9952161312103271,0.585060,0.108689,0.049932,0.039459,0.179586,0.037275
NC_027811.2,NC_027811.2__M__350,M,350,1650,bacteria,0.999976396560669,0.585060,0.108689,0.049932,0.039459,0.179586,0.037275
NC_027811.2,NC_027811.2__M__300,M,300,1700,bacteria,0.9999771118164062,0.585060,0.108689,0.049932,0.039459,0.179586,0.037275
NC_027811.2,NC_027811.2__M__250,M,250,1750,bacteria,0.9999827146530151,0.585060,0.108689,0.049932,0.039459,0.179586,0.037275
NC_027811.2,NC_027811.2__M__200,M,200,1800,bacteria,0.9999814033508301,0.585060,0.108689,0.049932,0.039459,0.179586,0.037275
NC_027811.2,NC_027811.2__M__150,M,150,1850,bacteria,0.9999785423278809,0.585060,0.108689,0.049932,0.039459,0.179586,0.037275
NC_027811.2,NC_027811.2__M__100,M,100,1900,bacteria,0.999976634979248,0.585060,0.108689,0.049932,0.039459,0.179586,0.037275
NC_027811.2,NC_027811.2__M__50,M,50,1950,eukarya,0.99847811460495,0.074487,0.056202,0.555736,0.107200,0.078534,0.127842
NC_027811.2,NC_027811.2__M__1,M,1,1999,eukarya,0.9985600113868713,0.073705,0.057285,0.571999,0.103459,0.072813,0.120738
NC_027720.1,NC_027720.1__none__0,none,0,2000,eukarya,0.9997825026512146,0.066936,0.057098,0.584322,0.103473,0.075684,0.112486
NC_027720.1,NC_027720.1__M__500,M,500,1500,bacteria,0.9989253878593445,0.585060,0.108689,0.049932,0.039459,0.179586,0.037275
NC_027720.1,NC_027720.1__M__450,M,450,1550,bacteria,0.998903751373291,0.585060,0.108689,0.049932,0.039459,0.179586,0.037275
NC_027720.1,NC_027720.1__M__400,M,400,1600,bacteria,0.9987398982048035,0.585060,0.108689,0.049932,0.039459,0.179586,0.037275
NC_027720.1,NC_027720.1__M__350,M,350,1650,bacteria,0.9999960660934448,0.585060,0.108689,0.049932,0.039459,0.179586,0.037275
NC_027720.1,NC_027720.1__M__300,M,300,1700,bacteria,0.9999964237213135,0.585060,0.108689,0.049932,0.039459,0.179586,0.037275
NC_027720.1,NC_027720.1__M__250,M,250,1750,bacteria,0.9999967813491821,0.585060,0.108689,0.049932,0.039459,0.179586,0.037275
NC_027720.1,NC_027720.1__M__200,M,200,1800,bacteria,0.9999971389770508,0.585060,0.108689,0.049932,0.039459,0.179586,0.037275
NC_027720.1,NC_027720.1__M__150,M,150,1850,bacteria,0.9999958276748657,0.585060,0.108689,0.049932,0.039459,0.179586,0.037275
NC_027720.1,NC_027720.1__M__100,M,100,1900,bacteria,0.9999936819076538,0.585060,0.108689,0.049932,0.039459,0.179586,0.037275
NC_027720.1,NC_027720.1__M__50,M,50,1950,eukarya,0.9997742772102356,0.070994,0.058766,0.556685,0.113267,0.081431,0.118857
NC_027720.1,NC_027720.1__M__1,M,1,1999,eukarya,0.9997889399528503,0.066936,0.057098,0.584322,0.103473,0.075684,0.112486
NC_026624.1,NC_026624.1__none__0,none,0,2000,eukarya,0.9910388588905334,0.078745,0.054423,0.569835,0.108304,0.070311,0.118382
NC_026624.1,NC_026624.1__M__500,M,500,1500,bacteria,0.9937371015548706,0.585060,0.108689,0.049932,0.039459,0.179586,0.037275
NC_026624.1,NC_026624.1__M__450,M,450,1550,bacteria,0.9935937523841858,0.585060,0.108689,0.049932,0.039459,0.179586,0.037275
NC_026624.1,NC_026624.1__M__400,M,400,1600,bacteria,0.9936421513557434,0.585060,0.108689,0.049932,0.039459,0.179586,0.037275
NC_026624.1,NC_026624.1__M__350,M,350,1650,bacteria,0.9998158812522888,0.585060,0.108689,0.049932,0.039459,0.179586,0.037275
NC_026624.1,NC_026624.1__M__300,M,300,1700,bacteria,0.9997556805610657,0.585060,0.108689,0.049932,0.039459,0.179586,0.037275
NC_026624.1,NC_026624.1__M__250,M,250,1750,bacteria,0.999796450138092,0.585060,0.108689,0.049932,0.039459,0.179586,0.037275
NC_026624.1,NC_026624.1__M__200,M,200,1800,bacteria,0.9998224377632141,0.585060,0.108689,0.049932,0.039459,0.179586,0.037275
NC_026624.1,NC_026624.1__M__150,M,150,1850,bacteria,0.9998311996459961,0.585060,0.108689,0.049932,0.039459,0.179586,0.037275
NC_026624.1,NC_026624.1__M__100,M,100,1900,bacteria,0.9998388290405273,0.585060,0.108689,0.049932,0.039459,0.179586,0.037275
NC_026624.1,NC_026624.1__M__50,M,50,1950,eukarya,0.9886124730110168,0.077365,0.057681,0.545629,0.121116,0.077047,0.121162
NC_026624.1,NC_026624.1__M__1,M,1,1999,eukarya,0.9911485910415649,0.078745,0.054423,0.569835,0.108304,0.070311,0.118382
NC_026424.1,NC_026424.1__none__0,none,0,2000,eukarya,0.9975327253341675,0.072589,0.053811,0.573051,0.105865,0.073649,0.121034
NC_026424.1,NC_026424.1__M__500,M,500,1500,bacteria,0.9947029948234558,0.585060,0.108689,0.049932,0.039459,0.179586,0.037275
NC_026424.1,NC_026424.1__M__450,M,450,1550,bacteria,0.9947133660316467,0.585060,0.108689,0.049932,0.039459,0.179586,0.037275
NC_026424.1,NC_026424.1__M__400,M,400,1600,bacteria,0.9946768283843994,0.585060,0.108689,0.049932,0.039459,0.179586,0.037275
NC_026424.1,NC_026424.1__M__350,M,350,1650,bacteria,0.9997426867485046,0.585060,0.108689,0.049932,0.039459,0.179586,0.037275
NC_026424.1,NC_026424.1__M__300,M,300,1700,bacteria,0.9997848868370056,0.585060,0.108689,0.049932,0.039459,0.179586,0.037275
NC_026424.1,NC_026424.1__M__250,M,250,1750,bacteria,0.9998917579650879,0.585060,0.108689,0.049932,0.039459,0.179586,0.037275
NC_026424.1,NC_026424.1__M__200,M,200,1800,bacteria,0.9998995065689087,0.585060,0.108689,0.049932,0.039459,0.179586,0.037275
NC_026424.1,NC_026424.1__M__150,M,150,1850,bacteria,0.9999065399169922,0.585060,0.108689,0.049932,0.039459,0.179586,0.037275
NC_026424.1,NC_026424.1__M__100,M,100,1900,bacteria,0.9999377727508545,0.585060,0.108689,0.049932,0.039459,0.179586,0.037275
NC_026424.1,NC_026424.1__M__50,M,50,1950,eukarya,0.996033251285553,0.078611,0.060614,0.530114,0.120116,0.079794,0.130750
NC_026424.1,NC_026424.1__M__1,M,1,1999,eukarya,0.997532844543457,0.072589,0.053811,0.573051,0.105865,0.073649,0.121034
NC_025390.1,NC_025390.1__none__0,none,0,2000,eukarya,0.9954603314399719,0.074868,0.054653,0.559713,0.114313,0.067971,0.128482
NC_025390.1,NC_025390.1__M__500,M,500,1500,bacteria,0.9943683743476868,0.585060,0.108689,0.049932,0.039459,0.179586,0.037275
NC_025390.1,NC_025390.1__M__450,M,450,1550,bacteria,0.9944421648979187,0.585060,0.108689,0.049932,0.039459,0.179586,0.037275
NC_025390.1,NC_025390.1__M__400,M,400,1600,bacteria,0.9945665597915649,0.585060,0.108689,0.049932,0.039459,0.179586,0.037275
NC_025390.1,NC_025390.1__M__350,M,350,1650,bacteria,0.9998183846473694,0.585060,0.108689,0.049932,0.039459,0.179586,0.037275
NC_025390.1,NC_025390.1__M__300,M,300,1700,bacteria,0.9999083280563354,0.585060,0.108689,0.049932,0.039459,0.179586,0.037275
NC_025390.1,NC_025390.1__M__250,M,250,1750,bacteria,0.9999338388442993,0.585060,0.108689,0.049932,0.039459,0.179586,0.037275
NC_025390.1,NC_025390.1__M__200,M,200,1800,bacteria,0.9999375343322754,0.585060,0.108689,0.049932,0.039459,0.179586,0.037275
NC_025390.1,NC_025390.1__M__150,M,150,1850,bacteria,0.9999257326126099,0.585060,0.108689,0.049932,0.039459,0.179586,0.037275
NC_025390.1,NC_025390.1__M__100,M,100,1900,bacteria,0.9999144077301025,0.585060,0.108689,0.049932,0.039459,0.179586,0.037275
NC_025390.1,NC_025390.1__M__50,M,50,1950,eukarya,0.995590329170227,0.076144,0.055385,0.553792,0.111889,0.076622,0.126167
NC_025390.1,NC_025390.1__M__1,M,1,1999,eukarya,0.9956069588661194,0.074868,0.054653,0.559713,0.114313,0.067971,0.128482
NC_025393.1,NC_025393.1__none__0,none,0,2000,eukarya,0.9958733916282654,0.072904,0.055466,0.563572,0.122564,0.069251,0.116244
NC_025393.1,NC_025393.1__M__500,M,500,1500,bacteria,0.9947754144668579,0.585060,0.108689,0.049932,0.039459,0.179586,0.037275
NC_025393.1,NC_025393.1__M__450,M,450,1550,bacteria,0.9947492480278015,0.585060,0.108689,0.049932,0.039459,0.179586,0.037275
NC_025393.1,NC_025393.1__M__400,M,400,1600,bacteria,0.9947324991226196,0.585060,0.108689,0.049932,0.039459,0.179586,0.037275
NC_025393.1,NC_025393.1__M__350,M,350,1650,bacteria,0.9997770190238953,0.585060,0.108689,0.049932,0.039459,0.179586,0.037275
NC_025393.1,NC_025393.1__M__300,M,300,1700,bacteria,0.9998546838760376,0.585060,0.108689,0.049932,0.039459,0.179586,0.037275
NC_025393.1,NC_025393.1__M__250,M,250,1750,bacteria,0.9998877048492432,0.585060,0.108689,0.049932,0.039459,0.179586,0.037275
NC_025393.1,NC_025393.1__M__200,M,200,1800,bacteria,0.9998902082443237,0.585060,0.108689,0.049932,0.039459,0.179586,0.037275
NC_025393.1,NC_025393.1__M__150,M,150,1850,bacteria,0.9998840093612671,0.585060,0.108689,0.049932,0.039459,0.179586,0.037275
NC_025393.1,NC_025393.1__M__100,M,100,1900,bacteria,0.9998934268951416,0.585060,0.108689,0.049932,0.039459,0.179586,0.037275
NC_025393.1,NC_025393.1__M__50,M,50,1950,eukarya,0.9948986172676086,0.073633,0.057461,0.554679,0.115910,0.077374,0.120943
NC_025393.1,NC_025393.1__M__1,M,1,1999,eukarya,0.9955688118934631,0.072904,0.055466,0.563572,0.122564,0.069251,0.116244
NC_025340.1,NC_025340.1__none__0,none,0,2000,eukarya,0.9616968035697937,0.068669,0.050427,0.601362,0.112954,0.069339,0.097248
NC_025340.1,NC_025340.1__M__500,M,500,1500,bacteria,0.9930422306060791,0.585060,0.108689,0.049932,0.039459,0.179586,0.037275
NC_025340.1,NC_025340.1__M__450,M,450,1550,bacteria,0.9932301044464111,0.585060,0.108689,0.049932,0.039459,0.179586,0.037275
NC_025340.1,NC_025340.1__M__400,M,400,1600,bacteria,0.9933207631111145,0.585060,0.108689,0.049932,0.039459,0.179586,0.037275
NC_025340.1,NC_025340.1__M__350,M,350,1650,bacteria,0.9993952512741089,0.585060,0.108689,0.049932,0.039459,0.179586,0.037275
NC_025340.1,NC_025340.1__M__300,M,300,1700,bacteria,0.9998162388801575,0.585060,0.108689,0.049932,0.039459,0.179586,0.037275
NC_025340.1,NC_025340.1__M__250,M,250,1750,bacteria,0.9997915625572205,0.585060,0.108689,0.049932,0.039459,0.179586,0.037275
NC_025340.1,NC_025340.1__M__200,M,200,1800,bacteria,0.9997857213020325,0.585060,0.108689,0.049932,0.039459,0.179586,0.037275
NC_025340.1,NC_025340.1__M__150,M,150,1850,bacteria,0.999784529209137,0.585060,0.108689,0.049932,0.039459,0.179586,0.037275
NC_025340.1,NC_025340.1__M__100,M,100,1900,bacteria,0.999762237071991,0.585060,0.108689,0.049932,0.039459,0.179586,0.037275
NC_025340.1,NC_025340.1__M__50,M,50,1950,eukarya,0.9658328294754028,0.075465,0.054039,0.586014,0.113049,0.072202,0.099231
NC_025340.1,NC_025340.1__M__1,M,1,1999,eukarya,0.9565641283988953,0.068669,0.050427,0.601362,0.112954,0.069339,0.097248
NC_024686.1,NC_024686.1__none__0,none,0,2000,eukarya,0.9931672215461731,0.083398,0.054118,0.553221,0.114883,0.068887,0.125493
NC_024686.1,NC_024686.1__M__500,M,500,1500,bacteria,0.991600751876831,0.585060,0.108689,0.049932,0.039459,0.179586,0.037275
NC_024686.1,NC_024686.1__M__450,M,450,1550,bacteria,0.991712212562561,0.585060,0.108689,0.049932,0.039459,0.179586,0.037275
NC_024686.1,NC_024686.1__M__400,M,400,1600,bacteria,0.9920200705528259,0.585060,0.108689,0.049932,0.039459,0.179586,0.037275
NC_024686.1,NC_024686.1__M__350,M,350,1650,bacteria,0.9998327493667603,0.585060,0.108689,0.049932,0.039459,0.179586,0.037275
NC_024686.1,NC_024686.1__M__300,M,300,1700,bacteria,0.999907374382019,0.585060,0.108689,0.049932,0.039459,0.179586,0.037275
NC_024686.1,NC_024686.1__M__250,M,250,1750,bacteria,0.9999032020568848,0.585060,0.108689,0.049932,0.039459,0.179586,0.037275
NC_024686.1,NC_024686.1__M__200,M,200,1800,bacteria,0.9999172687530518,0.585060,0.108689,0.049932,0.039459,0.179586,0.037275
NC_024686.1,NC_024686.1__M__150,M,150,1850,bacteria,0.9999047517776489,0.585060,0.108689,0.049932,0.039459,0.179586,0.037275
NC_024686.1,NC_024686.1__M__100,M,100,1900,bacteria,0.999870777130127,0.585060,0.108689,0.049932,0.039459,0.179586,0.037275
NC_024686.1,NC_024686.1__M__50,M,50,1950,eukarya,0.9911694526672363,0.085116,0.059105,0.545364,0.110305,0.071567,0.128542
NC_024686.1,NC_024686.1__M__1,M,1,1999,eukarya,0.9932824373245239,0.083398,0.054118,0.553221,0.114883,0.068887,0.125493
NC_024458.1,NC_024458.1__none__0,none,0,2000,eukarya,0.997669517993927,0.077270,0.051603,0.608529,0.090772,0.064437,0.107389
NC_024458.1,NC_024458.1__M__500,M,500,1500,bacteria,0.9949942231178284,0.585060,0.108689,0.049932,0.039459,0.179586,0.037275
NC_024458.1,NC_024458.1__M__450,M,450,1550,bacteria,0.9949771761894226,0.585060,0.108689,0.049932,0.039459,0.179586,0.037275
NC_024458.1,NC_024458.1__M__400,M,400,1600,bacteria,0.99489426612854,0.585060,0.108689,0.049932,0.039459,0.179586,0.037275
NC_024458.1,NC_024458.1__M__350,M,350,1650,bacteria,0.9999480247497559,0.585060,0.108689,0.049932,0.039459,0.179586,0.037275
NC_024458.1,NC_024458.1__M__300,M,300,1700,bacteria,0.999966025352478,0.585060,0.108689,0.049932,0.039459,0.179586,0.037275
NC_024458.1,NC_024458.1__M__250,M,250,1750,bacteria,0.9999608993530273,0.585060,0.108689,0.049932,0.039459,0.179586,0.037275
NC_024458.1,NC_024458.1__M__200,M,200,1800,bacteria,0.999962329864502,0.585060,0.108689,0.049932,0.039459,0.179586,0.037275
NC_024458.1,NC_024458.1__M__150,M,150,1850,bacteria,0.9999618530273438,0.585060,0.108689,0.049932,0.039459,0.179586,0.037275
NC_024458.1,NC_024458.1__M__100,M,100,1900,bacteria,0.9999619722366333,0.585060,0.108689,0.049932,0.039459,0.179586,0.037275
NC_024458.1,NC_024458.1__M__50,M,50,1950,eukarya,0.9973922967910767,0.077937,0.055383,0.576610,0.102740,0.071340,0.115991
NC_024458.1,NC_024458.1__M__1,M,1,1999,eukarya,0.9977021813392639,0.077270,0.051603,0.608529,0.090772,0.064437,0.107389
NC_024297.1,NC_024297.1__none__0,none,0,2000,eukarya,0.9949880838394165,0.073882,0.052707,0.577660,0.110243,0.069897,0.115612
NC_024297.1,NC_024297.1__M__500,M,500,1500,bacteria,0.9948874115943909,0.585060,0.108689,0.049932,0.039459,0.179586,0.037275
NC_024297.1,NC_024297.1__M__450,M,450,1550,bacteria,0.9948390126228333,0.585060,0.108689,0.049932,0.039459,0.179586,0.037275
NC_024297.1,NC_024297.1__M__400,M,400,1600,bacteria,0.9948902130126953,0.585060,0.108689,0.049932,0.039459,0.179586,0.037275
NC_024297.1,NC_024297.1__M__350,M,350,1650,bacteria,0.9999401569366455,0.585060,0.108689,0.049932,0.039459,0.179586,0.037275
NC_024297.1,NC_024297.1__M__300,M,300,1700,bacteria,0.9999252557754517,0.585060,0.108689,0.049932,0.039459,0.179586,0.037275
NC_024297.1,NC_024297.1__M__250,M,250,1750,bacteria,0.9999321699142456,0.585060,0.108689,0.049932,0.039459,0.179586,0.037275
NC_024297.1,NC_024297.1__M__200,M,200,1800,bacteria,0.9999414682388306,0.585060,0.108689,0.049932,0.039459,0.179586,0.037275
NC_024297.1,NC_024297.1__M__150,M,150,1850,bacteria,0.9999393224716187,0.585060,0.108689,0.049932,0.039459,0.179586,0.037275
NC_024297.1,NC_024297.1__M__100,M,100,1900,bacteria,0.9999377727508545,0.585060,0.108689,0.049932,0.039459,0.179586,0.037275
NC_024297.1,NC_024297.1__M__50,M,50,1950,eukarya,0.9955755472183228,0.078075,0.055976,0.572216,0.107708,0.073279,0.112747
NC_024297.1,NC_024297.1__M__1,M,1,1999,eukarya,0.994612455368042,0.073882,0.052707,0.577660,0.110243,0.069897,0.115612
NC_023760.1,NC_023760.1__none__0,none,0,2000,eukarya,0.999992847442627,0.057432,0.040713,0.669264,0.093419,0.061559,0.077613
NC_023760.1,NC_023760.1__M__500,M,500,1500,bacteria,0.9985634684562683,0.585060,0.108689,0.049932,0.039459,0.179586,0.037275
NC_023760.1,NC_023760.1__M__450,M,450,1550,bacteria,0.9986044764518738,0.585060,0.108689,0.049932,0.039459,0.179586,0.037275
NC_023760.1,NC_023760.1__M__400,M,400,1600,bacteria,0.9986543655395508,0.585060,0.108689,0.049932,0.039459,0.179586,0.037275
NC_023760.1,NC_023760.1__M__350,M,350,1650,bacteria,0.9999974966049194,0.585060,0.108689,0.049932,0.039459,0.179586,0.037275
NC_023760.1,NC_023760.1__M__300,M,300,1700,bacteria,0.9999972581863403,0.585060,0.108689,0.049932,0.039459,0.179586,0.037275
NC_023760.1,NC_023760.1__M__250,M,250,1750,bacteria,0.9999974966049194,0.585060,0.108689,0.049932,0.039459,0.179586,0.037275
NC_023760.1,NC_023760.1__M__200,M,200,1800,bacteria,0.9999982118606567,0.585060,0.108689,0.049932,0.039459,0.179586,0.037275
NC_023760.1,NC_023760.1__M__150,M,150,1850,bacteria,0.9999986886978149,0.585060,0.108689,0.049932,0.039459,0.179586,0.037275
NC_023760.1,NC_023760.1__M__100,M,100,1900,bacteria,0.999998927116394,0.585060,0.108689,0.049932,0.039459,0.179586,0.037275
NC_023760.1,NC_023760.1__M__50,M,50,1950,eukarya,0.9999895095825195,0.062603,0.044151,0.623334,0.097863,0.073048,0.099001
NC_023760.1,NC_023760.1__M__1,M,1,1999,eukarya,0.9999924898147583,0.057432,0.040713,0.669264,0.093419,0.061559,0.077613
NC_023684.1,NC_023684.1__none__0,none,0,2000,eukarya,0.9996716976165771,0.063503,0.044864,0.614566,0.102172,0.061296,0.113600
NC_023684.1,NC_023684.1__M__500,M,500,1500,bacteria,0.9955276846885681,0.585060,0.108689,0.049932,0.039459,0.179586,0.037275
NC_023684.1,NC_023684.1__M__450,M,450,1550,bacteria,0.9953651428222656,0.585060,0.108689,0.049932,0.039459,0.179586,0.037275
NC_023684.1,NC_023684.1__M__400,M,400,1600,bacteria,0.995259702205658,0.585060,0.108689,0.049932,0.039459,0.179586,0.037275
NC_023684.1,NC_023684.1__M__350,M,350,1650,bacteria,0.9999701976776123,0.585060,0.108689,0.049932,0.039459,0.179586,0.037275
NC_023684.1,NC_023684.1__M__300,M,300,1700,bacteria,0.9999862909317017,0.585060,0.108689,0.049932,0.039459,0.179586,0.037275
NC_023684.1,NC_023684.1__M__250,M,250,1750,bacteria,0.9999856948852539,0.585060,0.108689,0.049932,0.039459,0.179586,0.037275
NC_023684.1,NC_023684.1__M__200,M,200,1800,bacteria,0.9999855756759644,0.585060,0.108689,0.049932,0.039459,0.179586,0.037275
NC_023684.1,NC_023684.1__M__150,M,150,1850,bacteria,0.9999871253967285,0.585060,0.108689,0.049932,0.039459,0.179586,0.037275
NC_023684.1,NC_023684.1__M__100,M,100,1900,bacteria,0.9999886751174927,0.585060,0.108689,0.049932,0.039459,0.179586,0.037275
NC_023684.1,NC_023684.1__M__50,M,50,1950,eukarya,0.9996665716171265,0.071045,0.049460,0.590634,0.102724,0.069325,0.116813
NC_023684.1,NC_023684.1__M__1,M,1,1999,eukarya,0.9996873140335083,0.063503,0.044864,0.614566,0.102172,0.061296,0.113600
NC_023424.1,NC_023424.1__none__0,none,0,2000,eukarya,0.9960666298866272,0.074572,0.056362,0.550632,0.119699,0.072957,0.125778
NC_023424.1,NC_023424.1__M__500,M,500,1500,bacteria,0.9940747618675232,0.585060,0.108689,0.049932,0.039459,0.179586,0.037275
NC_023424.1,NC_023424.1__M__450,M,450,1550,bacteria,0.9941498041152954,0.585060,0.108689,0.049932,0.039459,0.179586,0.037275
NC_023424.1,NC_023424.1__M__400,M,400,1600,bacteria,0.9940849542617798,0.585060,0.108689,0.049932,0.039459,0.179586,0.037275
NC_023424.1,NC_023424.1__M__350,M,350,1650,bacteria,0.9998534917831421,0.585060,0.108689,0.049932,0.039459,0.179586,0.037275
NC_023424.1,NC_023424.1__M__300,M,300,1700,bacteria,0.9999620914459229,0.585060,0.108689,0.049932,0.039459,0.179586,0.037275
NC_023424.1,NC_023424.1__M__250,M,250,1750,bacteria,0.9999707937240601,0.585060,0.108689,0.049932,0.039459,0.179586,0.037275
NC_023424.1,NC_023424.1__M__200,M,200,1800,bacteria,0.9999536275863647,0.585060,0.108689,0.049932,0.039459,0.179586,0.037275
NC_023424.1,NC_023424.1__M__150,M,150,1850,bacteria,0.9999465942382812,0.585060,0.108689,0.049932,0.039459,0.179586,0.037275
NC_023424.1,NC_023424.1__M__100,M,100,1900,bacteria,0.9999480247497559,0.585060,0.108689,0.049932,0.039459,0.179586,0.037275
NC_023424.1,NC_023424.1__M__50,M,50,1950,eukarya,0.9967082738876343,0.078738,0.058517,0.539815,0.118509,0.078572,0.125850
NC_023424.1,NC_023424.1__M__1,M,1,1999,eukarya,0.9957279562950134,0.074572,0.056362,0.550632,0.119699,0.072957,0.125778
NC_023021.1,NC_023021.1__none__0,none,0,2000,eukarya,0.9953820109367371,0.071090,0.051117,0.597459,0.096662,0.061991,0.121680
NC_023021.1,NC_023021.1__M__500,M,500,1500,bacteria,0.9897621273994446,0.585060,0.108689,0.049932,0.039459,0.179586,0.037275
NC_023021.1,NC_023021.1__M__450,M,450,1550,bacteria,0.9898443222045898,0.585060,0.108689,0.049932,0.039459,0.179586,0.037275
NC_023021.1,NC_023021.1__M__400,M,400,1600,bacteria,0.9906665682792664,0.585060,0.108689,0.049932,0.039459,0.179586,0.037275
NC_023021.1,NC_023021.1__M__350,M,350,1650,bacteria,0.999823272228241,0.585060,0.108689,0.049932,0.039459,0.179586,0.037275
NC_023021.1,NC_023021.1__M__300,M,300,1700,bacteria,0.9999456405639648,0.585060,0.108689,0.049932,0.039459,0.179586,0.037275
NC_023021.1,NC_023021.1__M__250,M,250,1750,bacteria,0.9999247789382935,0.585060,0.108689,0.049932,0.039459,0.179586,0.037275
NC_023021.1,NC_023021.1__M__200,M,200,1800,bacteria,0.9999299049377441,0.585060,0.108689,0.049932,0.039459,0.179586,0.037275
NC_023021.1,NC_023021.1__M__150,M,150,1850,bacteria,0.9999332427978516,0.585060,0.108689,0.049932,0.039459,0.179586,0.037275
NC_023021.1,NC_023021.1__M__100,M,100,1900,bacteria,0.9999319314956665,0.585060,0.108689,0.049932,0.039459,0.179586,0.037275
NC_023021.1,NC_023021.1__M__50,M,50,1950,eukarya,0.9948726296424866,0.077296,0.053716,0.574567,0.103010,0.066056,0.125355
NC_023021.1,NC_023021.1__M__1,M,1,1999,eukarya,0.9948169589042664,0.071090,0.051117,0.597459,0.096662,0.061991,0.121680
NC_022801.1,NC_022801.1__none__0,none,0,2000,eukarya,0.9969412684440613,0.072232,0.052701,0.556502,0.106731,0.069845,0.141989
NC_022801.1,NC_022801.1__M__500,M,500,1500,bacteria,0.995699405670166,0.585060,0.108689,0.049932,0.039459,0.179586,0.037275
NC_022801.1,NC_022801.1__M__450,M,450,1550,bacteria,0.9956289529800415,0.585060,0.108689,0.049932,0.039459,0.179586,0.037275
NC_022801.1,NC_022801.1__M__400,M,400,1600,bacteria,0.9954688549041748,0.585060,0.108689,0.049932,0.039459,0.179586,0.037275
NC_022801.1,NC_022801.1__M__350,M,350,1650,bacteria,0.9999110698699951,0.585060,0.108689,0.049932,0.039459,0.179586,0.037275
NC_022801.1,NC_022801.1__M__300,M,300,1700,bacteria,0.9999321699142456,0.585060,0.108689,0.049932,0.039459,0.179586,0.037275
NC_022801.1,NC_022801.1__M__250,M,250,1750,bacteria,0.9999184608459473,0.585060,0.108689,0.049932,0.039459,0.179586,0.037275
NC_022801.1,NC_022801.1__M__200,M,200,1800,bacteria,0.9999064207077026,0.585060,0.108689,0.049932,0.039459,0.179586,0.037275
NC_022801.1,NC_022801.1__M__150,M,150,1850,bacteria,0.9999033212661743,0.585060,0.108689,0.049932,0.039459,0.179586,0.037275
NC_022801.1,NC_022801.1__M__100,M,100,1900,bacteria,0.9999053478240967,0.585060,0.108689,0.049932,0.039459,0.179586,0.037275
NC_022801.1,NC_022801.1__M__50,M,50,1950,eukarya,0.9948751330375671,0.074728,0.054966,0.541114,0.110599,0.078204,0.140389
NC_022801.1,NC_022801.1__M__1,M,1,1999,eukarya,0.9969780445098877,0.072232,0.052701,0.556502,0.106731,0.069845,0.141989
NC_022639.1,NC_022639.1__none__0,none,0,2000,eukarya,0.9893426895141602,0.075687,0.055309,0.540709,0.107110,0.078730,0.142456
NC_022639.1,NC_022639.1__M__500,M,500,1500,bacteria,0.9918146729469299,0.585060,0.108689,0.049932,0.039459,0.179586,0.037275
NC_022639.1,NC_022639.1__M__450,M,450,1550,bacteria,0.992224931716919,0.585060,0.108689,0.049932,0.039459,0.179586,0.037275
NC_022639.1,NC_022639.1__M__400,M,400,1600,bacteria,0.992409348487854,0.585060,0.108689,0.049932,0.039459,0.179586,0.037275
NC_022639.1,NC_022639.1__M__350,M,350,1650,bacteria,0.9996052384376526,0.585060,0.108689,0.049932,0.039459,0.179586,0.037275
NC_022639.1,NC_022639.1__M__300,M,300,1700,bacteria,0.9997126460075378,0.585060,0.108689,0.049932,0.039459,0.179586,0.037275
NC_022639.1,NC_022639.1__M__250,M,250,1750,bacteria,0.9997758269309998,0.585060,0.108689,0.049932,0.039459,0.179586,0.037275
NC_022639.1,NC_022639.1__M__200,M,200,1800,bacteria,0.9998270869255066,0.585060,0.108689,0.049932,0.039459,0.179586,0.037275
NC_022639.1,NC_022639.1__M__150,M,150,1850,bacteria,0.9998536109924316,0.585060,0.108689,0.049932,0.039459,0.179586,0.037275
NC_022639.1,NC_022639.1__M__100,M,100,1900,bacteria,0.9998353719711304,0.585060,0.108689,0.049932,0.039459,0.179586,0.037275
NC_022639.1,NC_022639.1__M__50,M,50,1950,eukarya,0.9905205965042114,0.076543,0.052535,0.543822,0.103010,0.080453,0.143637
NC_022639.1,NC_022639.1__M__1,M,1,1999,eukarya,0.9891764521598816,0.075687,0.055309,0.540709,0.107110,0.078730,0.142456
NC_021626.1,NC_021626.1__none__0,none,0,2000,eukarya,0.9993853569030762,0.070580,0.057511,0.531459,0.095941,0.080114,0.164396
NC_021626.1,NC_021626.1__M__500,M,500,1500,bacteria,0.9984521865844727,0.585060,0.108689,0.049932,0.039459,0.179586,0.037275
NC_021626.1,NC_021626.1__M__450,M,450,1550,bacteria,0.9983705878257751,0.585060,0.108689,0.049932,0.039459,0.179586,0.037275
NC_021626.1,NC_021626.1__M__400,M,400,1600,bacteria,0.9983375072479248,0.585060,0.108689,0.049932,0.039459,0.179586,0.037275
NC_021626.1,NC_021626.1__M__350,M,350,1650,bacteria,0.9999852180480957,0.585060,0.108689,0.049932,0.039459,0.179586,0.037275
NC_021626.1,NC_021626.1__M__300,M,300,1700,bacteria,0.999983549118042,0.585060,0.108689,0.049932,0.039459,0.179586,0.037275
NC_021626.1,NC_021626.1__M__250,M,250,1750,bacteria,0.9999808073043823,0.585060,0.108689,0.049932,0.039459,0.179586,0.037275
NC_021626.1,NC_021626.1__M__200,M,200,1800,bacteria,0.9999796152114868,0.585060,0.108689,0.049932,0.039459,0.179586,0.037275
NC_021626.1,NC_021626.1__M__150,M,150,1850,bacteria,0.9999793767929077,0.585060,0.108689,0.049932,0.039459,0.179586,0.037275
NC_021626.1,NC_021626.1__M__100,M,100,1900,bacteria,0.9999772310256958,0.585060,0.108689,0.049932,0.039459,0.179586,0.037275
NC_021626.1,NC_021626.1__M__50,M,50,1950,eukarya,0.9991931319236755,0.075524,0.060121,0.531252,0.107025,0.087507,0.138570
NC_021626.1,NC_021626.1__M__1,M,1,1999,eukarya,0.9994043111801147,0.070580,0.057511,0.531459,0.095941,0.080114,0.164396
NC_021220.1,NC_021220.1__none__0,none,0,2000,eukarya,0.9888215065002441,0.073079,0.053599,0.589147,0.112577,0.068439,0.103158
NC_021220.1,NC_021220.1__M__500,M,500,1500,bacteria,0.9922341108322144,0.585060,0.108689,0.049932,0.039459,0.179586,0.037275
NC_021220.1,NC_021220.1__M__450,M,450,1550,bacteria,0.9918882250785828,0.585060,0.108689,0.049932,0.039459,0.179586,0.037275
NC_021220.1,NC_021220.1__M__400,M,400,1600,bacteria,0.9916350841522217,0.585060,0.108689,0.049932,0.039459,0.179586,0.037275
NC_021220.1,NC_021220.1__M__350,M,350,1650,bacteria,0.9993938207626343,0.585060,0.108689,0.049932,0.039459,0.179586,0.037275
NC_021220.1,NC_021220.1__M__300,M,300,1700,bacteria,0.9998136162757874,0.585060,0.108689,0.049932,0.039459,0.179586,0.037275
NC_021220.1,NC_021220.1__M__250,M,250,1750,bacteria,0.9998735189437866,0.585060,0.108689,0.049932,0.039459,0.179586,0.037275
NC_021220.1,NC_021220.1__M__200,M,200,1800,bacteria,0.9998739957809448,0.585060,0.108689,0.049932,0.039459,0.179586,0.037275
NC_021220.1,NC_021220.1__M__150,M,150,1850,bacteria,0.9998842477798462,0.585060,0.108689,0.049932,0.039459,0.179586,0.037275
NC_021220.1,NC_021220.1__M__100,M,100,1900,bacteria,0.9998869895935059,0.585060,0.108689,0.049932,0.039459,0.179586,0.037275
NC_021220.1,NC_021220.1__M__50,M,50,1950,eukarya,0.9891256093978882,0.075149,0.060062,0.559118,0.112408,0.079514,0.113749
NC_021220.1,NC_021220.1__M__1,M,1,1999,eukarya,0.9891247749328613,0.073079,0.053599,0.589147,0.112577,0.068439,0.103158
NC_020999.1,NC_020999.1__none__0,none,0,2000,eukarya,0.9994837045669556,0.064766,0.052437,0.547012,0.132434,0.075928,0.127423
NC_020999.1,NC_020999.1__M__500,M,500,1500,bacteria,0.9937676191329956,0.585060,0.108689,0.049932,0.039459,0.179586,0.037275
NC_020999.1,NC_020999.1__M__450,M,450,1550,bacteria,0.9938117265701294,0.585060,0.108689,0.049932,0.039459,0.179586,0.037275
NC_020999.1,NC_020999.1__M__400,M,400,1600,bacteria,0.9939509630203247,0.585060,0.108689,0.049932,0.039459,0.179586,0.037275
NC_020999.1,NC_020999.1__M__350,M,350,1650,bacteria,0.9999270439147949,0.585060,0.108689,0.049932,0.039459,0.179586,0.037275
NC_020999.1,NC_020999.1__M__300,M,300,1700,bacteria,0.9999687671661377,0.585060,0.108689,0.049932,0.039459,0.179586,0.037275
NC_020999.1,NC_020999.1__M__250,M,250,1750,bacteria,0.9999736547470093,0.585060,0.108689,0.049932,0.039459,0.179586,0.037275
NC_020999.1,NC_020999.1__M__200,M,200,1800,bacteria,0.9999797344207764,0.585060,0.108689,0.049932,0.039459,0.179586,0.037275
NC_020999.1,NC_020999.1__M__150,M,150,1850,bacteria,0.9999817609786987,0.585060,0.108689,0.049932,0.039459,0.179586,0.037275
NC_020999.1,NC_020999.1__M__100,M,100,1900,bacteria,0.9999815225601196,0.585060,0.108689,0.049932,0.039459,0.179586,0.037275
NC_020999.1,NC_020999.1__M__50,M,50,1950,eukarya,0.999546229839325,0.066649,0.053989,0.539126,0.140601,0.076441,0.123194
NC_020999.1,NC_020999.1__M__1,M,1,1999,eukarya,0.9994747042655945,0.064766,0.052437,0.547012,0.132434,0.075928,0.127423
NC_019920.1,NC_019920.1__none__0,none,0,2000,eukarya,0.9852775931358337,0.073481,0.053693,0.574154,0.106164,0.069667,0.122840
NC_019920.1,NC_019920.1__M__500,M,500,1500,bacteria,0.989556610584259,0.585060,0.108689,0.049932,0.039459,0.179586,0.037275
NC_019920.1,NC_019920.1__M__450,M,450,1550,bacteria,0.9892471432685852,0.585060,0.108689,0.049932,0.039459,0.179586,0.037275
NC_019920.1,NC_019920.1__M__400,M,400,1600,bacteria,0.9888706803321838,0.585060,0.108689,0.049932,0.039459,0.179586,0.037275
NC_019920.1,NC_019920.1__M__350,M,350,1650,bacteria,0.9997380375862122,0.585060,0.108689,0.049932,0.039459,0.179586,0.037275
NC_019920.1,NC_019920.1__M__300,M,300,1700,bacteria,0.9997468590736389,0.585060,0.108689,0.049932,0.039459,0.179586,0.037275
NC_019920.1,NC_019920.1__M__250,M,250,1750,bacteria,0.9997549653053284,0.585060,0.108689,0.049932,0.039459,0.179586,0.037275
NC_019920.1,NC_019920.1__M__200,M,200,1800,bacteria,0.9997312426567078,0.585060,0.108689,0.049932,0.039459,0.179586,0.037275
NC_019920.1,NC_019920.1__M__150,M,150,1850,bacteria,0.9997391104698181,0.585060,0.108689,0.049932,0.039459,0.179586,0.037275
NC_019920.1,NC_019920.1__M__100,M,100,1900,bacteria,0.999786913394928,0.585060,0.108689,0.049932,0.039459,0.179586,0.037275
NC_019920.1,NC_019920.1__M__50,M,50,1950,eukarya,0.9868785738945007,0.073384,0.061017,0.538214,0.125147,0.075659,0.126579
NC_019920.1,NC_019920.1__M__1,M,1,1999,eukarya,0.9858885407447815,0.073481,0.053693,0.574154,0.106164,0.069667,0.122840
NC_019409.1,NC_019409.1__none__0,none,0,2000,eukarya,0.9950059056282043,0.078792,0.062053,0.529512,0.108615,0.081316,0.139712
NC_019409.1,NC_019409.1__M__500,M,500,1500,bacteria,0.9961181879043579,0.585060,0.108689,0.049932,0.039459,0.179586,0.037275
NC_019409.1,NC_019409.1__M__450,M,450,1550,bacteria,0.9960291385650635,0.585060,0.108689,0.049932,0.039459,0.179586,0.037275
NC_019409.1,NC_019409.1__M__400,M,400,1600,bacteria,0.9957992434501648,0.585060,0.108689,0.049932,0.039459,0.179586,0.037275
NC_019409.1,NC_019409.1__M__350,M,350,1650,bacteria,0.9999349117279053,0.585060,0.108689,0.049932,0.039459,0.179586,0.037275
NC_019409.1,NC_019409.1__M__300,M,300,1700,bacteria,0.9999485015869141,0.585060,0.108689,0.049932,0.039459,0.179586,0.037275
NC_019409.1,NC_019409.1__M__250,M,250,1750,bacteria,0.9999539852142334,0.585060,0.108689,0.049932,0.039459,0.179586,0.037275
NC_019409.1,NC_019409.1__M__200,M,200,1800,bacteria,0.999950647354126,0.585060,0.108689,0.049932,0.039459,0.179586,0.037275
NC_019409.1,NC_019409.1__M__150,M,150,1850,bacteria,0.999937891960144,0.585060,0.108689,0.049932,0.039459,0.179586,0.037275
NC_019409.1,NC_019409.1__M__100,M,100,1900,bacteria,0.9999369382858276,0.585060,0.108689,0.049932,0.039459,0.179586,0.037275
NC_019409.1,NC_019409.1__M__50,M,50,1950,eukarya,0.9962795376777649,0.079107,0.061579,0.530930,0.113402,0.086081,0.128900
NC_019409.1,NC_019409.1__M__1,M,1,1999,eukarya,0.9950537085533142,0.078792,0.062053,0.529512,0.108615,0.081316,0.139712
NC_018478.1,NC_018478.1__none__0,none,0,2000,eukarya,0.9983276724815369,0.081363,0.061136,0.528139,0.121432,0.076324,0.131605
NC_018478.1,NC_018478.1__M__500,M,500,1500,bacteria,0.9947789907455444,0.585060,0.108689,0.049932,0.039459,0.179586,0.037275
NC_018478.1,NC_018478.1__M__450,M,450,1550,bacteria,0.9949029684066772,0.585060,0.108689,0.049932,0.039459,0.179586,0.037275
NC_018478.1,NC_018478.1__M__400,M,400,1600,bacteria,0.9952427744865417,0.585060,0.108689,0.049932,0.039459,0.179586,0.037275
NC_018478.1,NC_018478.1__M__350,M,350,1650,bacteria,0.9998925924301147,0.585060,0.108689,0.049932,0.039459,0.179586,0.037275
NC_018478.1,NC_018478.1__M__300,M,300,1700,bacteria,0.9999135732650757,0.585060,0.108689,0.049932,0.039459,0.179586,0.037275
NC_018478.1,NC_018478.1__M__250,M,250,1750,bacteria,0.9999055862426758,0.585060,0.108689,0.049932,0.039459,0.179586,0.037275
NC_018478.1,NC_018478.1__M__200,M,200,1800,bacteria,0.9999349117279053,0.585060,0.108689,0.049932,0.039459,0.179586,0.037275
NC_018478.1,NC_018478.1__M__150,M,150,1850,bacteria,0.9999430179595947,0.585060,0.108689,0.049932,0.039459,0.179586,0.037275
NC_018478.1,NC_018478.1__M__100,M,100,1900,bacteria,0.9999433755874634,0.585060,0.108689,0.049932,0.039459,0.179586,0.037275
NC_018478.1,NC_018478.1__M__50,M,50,1950,eukarya,0.9972090125083923,0.080005,0.063664,0.544577,0.114870,0.078748,0.118136
NC_018478.1,NC_018478.1__M__1,M,1,1999,eukarya,0.9983593821525574,0.081363,0.061136,0.528139,0.121432,0.076324,0.131605
NC_018384.1,NC_018384.1__none__0,none,0,2000,eukarya,0.848456859588623,0.071521,0.052709,0.587043,0.101911,0.073766,0.113050
NC_018384.1,NC_018384.1__M__500,M,500,1500,bacteria,0.9874818325042725,0.585060,0.108689,0.049932,0.039459,0.179586,0.037275
NC_018384.1,NC_018384.1__M__450,M,450,1550,bacteria,0.9873100519180298,0.585060,0.108689,0.049932,0.039459,0.179586,0.037275
NC_018384.1,NC_018384.1__M__400,M,400,1600,bacteria,0.987326443195343,0.585060,0.108689,0.049932,0.039459,0.179586,0.037275
NC_018384.1,NC_018384.1__M__350,M,350,1650,bacteria,0.9930197596549988,0.585060,0.108689,0.049932,0.039459,0.179586,0.037275
NC_018384.1,NC_018384.1__M__300,M,300,1700,bacteria,0.9968507885932922,0.585060,0.108689,0.049932,0.039459,0.179586,0.037275
NC_018384.1,NC_018384.1__M__250,M,250,1750,bacteria,0.9981139898300171,0.585060,0.108689,0.049932,0.039459,0.179586,0.037275
NC_018384.1,NC_018384.1__M__200,M,200,1800,bacteria,0.9984341263771057,0.585060,0.108689,0.049932,0.039459,0.179586,0.037275
NC_018384.1,NC_018384.1__M__150,M,150,1850,bacteria,0.998512327671051,0.585060,0.108689,0.049932,0.039459,0.179586,0.037275
NC_018384.1,NC_018384.1__M__100,M,100,1900,bacteria,0.9987887740135193,0.585060,0.108689,0.049932,0.039459,0.179586,0.037275
NC_018384.1,NC_018384.1__M__50,M,50,1950,eukarya,0.8211783766746521,0.076062,0.057028,0.567150,0.105215,0.082007,0.112537
NC_018384.1,NC_018384.1__M__1,M,1,1999,eukarya,0.8337008357048035,0.071521,0.052709,0.587043,0.101911,0.073766,0.113050
NC_016441.1,NC_016441.1__none__0,none,0,2000,eukarya,0.9970735311508179,0.074623,0.051437,0.537071,0.121660,0.067854,0.147356
NC_016441.1,NC_016441.1__M__500,M,500,1500,bacteria,0.9956258535385132,0.585060,0.108689,0.049932,0.039459,0.179586,0.037275
NC_016441.1,NC_016441.1__M__450,M,450,1550,bacteria,0.9953901767730713,0.585060,0.108689,0.049932,0.039459,0.179586,0.037275
NC_016441.1,NC_016441.1__M__400,M,400,1600,bacteria,0.9953598380088806,0.585060,0.108689,0.049932,0.039459,0.179586,0.037275
NC_016441.1,NC_016441.1__M__350,M,350,1650,bacteria,0.9999595880508423,0.585060,0.108689,0.049932,0.039459,0.179586,0.037275
NC_016441.1,NC_016441.1__M__300,M,300,1700,bacteria,0.9999270439147949,0.585060,0.108689,0.049932,0.039459,0.179586,0.037275
NC_016441.1,NC_016441.1__M__250,M,250,1750,bacteria,0.999914288520813,0.585060,0.108689,0.049932,0.039459,0.179586,0.037275
NC_016441.1,NC_016441.1__M__200,M,200,1800,bacteria,0.9999099969863892,0.585060,0.108689,0.049932,0.039459,0.179586,0.037275
NC_016441.1,NC_016441.1__M__150,M,150,1850,bacteria,0.9999206066131592,0.585060,0.108689,0.049932,0.039459,0.179586,0.037275
NC_016441.1,NC_016441.1__M__100,M,100,1900,bacteria,0.9999250173568726,0.585060,0.108689,0.049932,0.039459,0.179586,0.037275
NC_016441.1,NC_016441.1__M__50,M,50,1950,eukarya,0.9969496130943298,0.075721,0.054435,0.546523,0.116306,0.070817,0.136198
NC_016441.1,NC_016441.1__M__1,M,1,1999,eukarya,0.9971182346343994,0.074623,0.051437,0.537071,0.121660,0.067854,0.147356
NC_015639.1,NC_015639.1__none__0,none,0,2000,eukarya,0.9872061014175415,0.076854,0.058582,0.570113,0.099196,0.072892,0.122362
NC_015639.1,NC_015639.1__M__500,M,500,1500,bacteria,0.9942194223403931,0.585060,0.108689,0.049932,0.039459,0.179586,0.037275
NC_015639.1,NC_015639.1__M__450,M,450,1550,bacteria,0.9943376183509827,0.585060,0.108689,0.049932,0.039459,0.179586,0.037275
NC_015639.1,NC_015639.1__M__400,M,400,1600,bacteria,0.9948803186416626,0.585060,0.108689,0.049932,0.039459,0.179586,0.037275
NC_015639.1,NC_015639.1__M__350,M,350,1650,bacteria,0.9998258948326111,0.585060,0.108689,0.049932,0.039459,0.179586,0.037275
NC_015639.1,NC_015639.1__M__300,M,300,1700,bacteria,0.9998488426208496,0.585060,0.108689,0.049932,0.039459,0.179586,0.037275
NC_015639.1,NC_015639.1__M__250,M,250,1750,bacteria,0.9998568296432495,0.585060,0.108689,0.049932,0.039459,0.179586,0.037275
NC_015639.1,NC_015639.1__M__200,M,200,1800,bacteria,0.9998588562011719,0.585060,0.108689,0.049932,0.039459,0.179586,0.037275
NC_015639.1,NC_015639.1__M__150,M,150,1850,bacteria,0.9998377561569214,0.585060,0.108689,0.049932,0.039459,0.179586,0.037275
NC_015639.1,NC_015639.1__M__100,M,100,1900,bacteria,0.9998036026954651,0.585060,0.108689,0.049932,0.039459,0.179586,0.037275
NC_015639.1,NC_015639.1__M__50,M,50,1950,eukarya,0.9873243570327759,0.077507,0.058218,0.566478,0.103479,0.077610,0.116708
NC_015639.1,NC_015639.1__M__1,M,1,1999,eukarya,0.9873368144035339,0.076854,0.058582,0.570113,0.099196,0.072892,0.122362
NC_015521.1,NC_015521.1__none__0,none,0,2000,eukarya,0.9989500641822815,0.070957,0.049410,0.588476,0.109566,0.062525,0.119066
NC_015521.1,NC_015521.1__M__500,M,500,1500,bacteria,0.9940299987792969,0.585060,0.108689,0.049932,0.039459,0.179586,0.037275
NC_015521.1,NC_015521.1__M__450,M,450,1550,bacteria,0.9940859079360962,0.585060,0.108689,0.049932,0.039459,0.179586,0.037275
NC_015521.1,NC_015521.1__M__400,M,400,1600,bacteria,0.9941224455833435,0.585060,0.108689,0.049932,0.039459,0.179586,0.037275
NC_015521.1,NC_015521.1__M__350,M,350,1650,bacteria,0.9999635219573975,0.585060,0.108689,0.049932,0.039459,0.179586,0.037275
NC_015521.1,NC_015521.1__M__300,M,300,1700,bacteria,0.9999741315841675,0.585060,0.108689,0.049932,0.039459,0.179586,0.037275
NC_015521.1,NC_015521.1__M__250,M,250,1750,bacteria,0.9999743700027466,0.585060,0.108689,0.049932,0.039459,0.179586,0.037275
NC_015521.1,NC_015521.1__M__200,M,200,1800,bacteria,0.9999765157699585,0.585060,0.108689,0.049932,0.039459,0.179586,0.037275
NC_015521.1,NC_015521.1__M__150,M,150,1850,bacteria,0.9999760389328003,0.585060,0.108689,0.049932,0.039459,0.179586,0.037275
NC_015521.1,NC_015521.1__M__100,M,100,1900,bacteria,0.9999722242355347,0.585060,0.108689,0.049932,0.039459,0.179586,0.037275
NC_015521.1,NC_015521.1__M__50,M,50,1950,eukarya,0.9983185529708862,0.073332,0.054561,0.574274,0.111047,0.070500,0.116286
NC_015521.1,NC_015521.1__M__1,M,1,1999,eukarya,0.9989815354347229,0.070957,0.049410,0.588476,0.109566,0.062525,0.119066
NC_014904.1,NC_014904.1__none__0,none,0,2000,eukarya,0.9991545677185059,0.071711,0.054689,0.539150,0.127455,0.075774,0.131221
NC_014904.1,NC_014904.1__M__500,M,500,1500,bacteria,0.9963537454605103,0.585060,0.108689,0.049932,0.039459,0.179586,0.037275
NC_014904.1,NC_014904.1__M__450,M,450,1550,bacteria,0.996254563331604,0.585060,0.108689,0.049932,0.039459,0.179586,0.037275
NC_014904.1,NC_014904.1__M__400,M,400,1600,bacteria,0.996301531791687,0.585060,0.108689,0.049932,0.039459,0.179586,0.037275
NC_014904.1,NC_014904.1__M__350,M,350,1650,bacteria,0.9999892711639404,0.585060,0.108689,0.049932,0.039459,0.179586,0.037275
NC_014904.1,NC_014904.1__M__300,M,300,1700,bacteria,0.9999821186065674,0.585060,0.108689,0.049932,0.039459,0.179586,0.037275
NC_014904.1,NC_014904.1__M__250,M,250,1750,bacteria,0.9999796152114868,0.585060,0.108689,0.049932,0.039459,0.179586,0.037275
NC_014904.1,NC_014904.1__M__200,M,200,1800,bacteria,0.9999750852584839,0.585060,0.108689,0.049932,0.039459,0.179586,0.037275
NC_014904.1,NC_014904.1__M__150,M,150,1850,bacteria,0.9999785423278809,0.585060,0.108689,0.049932,0.039459,0.179586,0.037275
NC_014904.1,NC_014904.1__M__100,M,100,1900,bacteria,0.9999791383743286,0.585060,0.108689,0.049932,0.039459,0.179586,0.037275
NC_014904.1,NC_014904.1__M__50,M,50,1950,eukarya,0.9990915060043335,0.073052,0.059141,0.538992,0.123984,0.078478,0.126353
NC_014904.1,NC_014904.1__M__1,M,1,1999,eukarya,0.9991713762283325,0.071711,0.054689,0.539150,0.127455,0.075774,0.131221
NC_014511.1,NC_014511.1__none__0,none,0,2000,eukarya,0.9996102452278137,0.077934,0.060289,0.567349,0.101335,0.075476,0.117616
NC_014511.1,NC_014511.1__M__500,M,500,1500,bacteria,0.9983311295509338,0.585060,0.108689,0.049932,0.039459,0.179586,0.037275
NC_014511.1,NC_014511.1__M__450,M,450,1550,bacteria,0.9983002543449402,0.585060,0.108689,0.049932,0.039459,0.179586,0.037275
NC_014511.1,NC_014511.1__M__400,M,400,1600,bacteria,0.9982579350471497,0.585060,0.108689,0.049932,0.039459,0.179586,0.037275
NC_014511.1,NC_014511.1__M__350,M,350,1650,bacteria,0.9999853372573853,0.585060,0.108689,0.049932,0.039459,0.179586,0.037275
NC_014511.1,NC_014511.1__M__300,M,300,1700,bacteria,0.9999927282333374,0.585060,0.108689,0.049932,0.039459,0.179586,0.037275
NC_014511.1,NC_014511.1__M__250,M,250,1750,bacteria,0.9999918937683105,0.585060,0.108689,0.049932,0.039459,0.179586,0.037275
NC_014511.1,NC_014511.1__M__200,M,200,1800,bacteria,0.9999889135360718,0.585060,0.108689,0.049932,0.039459,0.179586,0.037275
NC_014511.1,NC_014511.1__M__150,M,150,1850,bacteria,0.9999862909317017,0.585060,0.108689,0.049932,0.039459,0.179586,0.037275
NC_014511.1,NC_014511.1__M__100,M,100,1900,bacteria,0.9999849796295166,0.585060,0.108689,0.049932,0.039459,0.179586,0.037275
NC_014511.1,NC_014511.1__M__50,M,50,1950,eukarya,0.9993925094604492,0.078568,0.060055,0.550454,0.108179,0.081952,0.120791
NC_014511.1,NC_014511.1__M__1,M,1,1999,eukarya,0.9995985627174377,0.077934,0.060289,0.567349,0.101335,0.075476,0.117616
NC_014512.1,NC_014512.1__none__0,none,0,2000,eukarya,0.9990410208702087,0.078268,0.059483,0.560914,0.104654,0.072338,0.124343
NC_014512.1,NC_014512.1__M__500,M,500,1500,bacteria,0.9978824257850647,0.585060,0.108689,0.049932,0.039459,0.179586,0.037275
NC_014512.1,NC_014512.1__M__450,M,450,1550,bacteria,0.9978518486022949,0.585060,0.108689,0.049932,0.039459,0.179586,0.037275
NC_014512.1,NC_014512.1__M__400,M,400,1600,bacteria,0.9977506995201111,0.585060,0.108689,0.049932,0.039459,0.179586,0.037275
NC_014512.1,NC_014512.1__M__350,M,350,1650,bacteria,0.9999688863754272,0.585060,0.108689,0.049932,0.039459,0.179586,0.037275
NC_014512.1,NC_014512.1__M__300,M,300,1700,bacteria,0.9999732971191406,0.585060,0.108689,0.049932,0.039459,0.179586,0.037275
NC_014512.1,NC_014512.1__M__250,M,250,1750,bacteria,0.9999725818634033,0.585060,0.108689,0.049932,0.039459,0.179586,0.037275
NC_014512.1,NC_014512.1__M__200,M,200,1800,bacteria,0.9999737739562988,0.585060,0.108689,0.049932,0.039459,0.179586,0.037275
NC_014512.1,NC_014512.1__M__150,M,150,1850,bacteria,0.9999727010726929,0.585060,0.108689,0.049932,0.039459,0.179586,0.037275
NC_014512.1,NC_014512.1__M__100,M,100,1900,bacteria,0.9999721050262451,0.585060,0.108689,0.049932,0.039459,0.179586,0.037275
NC_014512.1,NC_014512.1__M__50,M,50,1950,eukarya,0.9989004135131836,0.079788,0.060120,0.546607,0.108358,0.076237,0.128891
NC_014512.1,NC_014512.1__M__1,M,1,1999,eukarya,0.9990599751472473,0.078268,0.059483,0.560914,0.104654,0.072338,0.124343
NC_014514.1,NC_014514.1__none__0,none,0,2000,eukarya,0.9990625977516174,0.086692,0.050597,0.565694,0.092938,0.064955,0.139123
NC_014514.1,NC_014514.1__M__500,M,500,1500,bacteria,0.9956102967262268,0.585060,0.108689,0.049932,0.039459,0.179586,0.037275
NC_014514.1,NC_014514.1__M__450,M,450,1550,bacteria,0.9955847859382629,0.585060,0.108689,0.049932,0.039459,0.179586,0.037275
NC_014514.1,NC_014514.1__M__400,M,400,1600,bacteria,0.9956849813461304,0.585060,0.108689,0.049932,0.039459,0.179586,0.037275
NC_014514.1,NC_014514.1__M__350,M,350,1650,bacteria,0.9998458623886108,0.585060,0.108689,0.049932,0.039459,0.179586,0.037275
NC_014514.1,NC_014514.1__M__300,M,300,1700,bacteria,0.9999126195907593,0.585060,0.108689,0.049932,0.039459,0.179586,0.037275
NC_014514.1,NC_014514.1__M__250,M,250,1750,bacteria,0.9999294281005859,0.585060,0.108689,0.049932,0.039459,0.179586,0.037275
NC_014514.1,NC_014514.1__M__200,M,200,1800,bacteria,0.9999263286590576,0.585060,0.108689,0.049932,0.039459,0.179586,0.037275
NC_014514.1,NC_014514.1__M__150,M,150,1850,bacteria,0.9999428987503052,0.585060,0.108689,0.049932,0.039459,0.179586,0.037275
NC_014514.1,NC_014514.1__M__100,M,100,1900,bacteria,0.9999483823776245,0.585060,0.108689,0.049932,0.039459,0.179586,0.037275
NC_014514.1,NC_014514.1__M__50,M,50,1950,eukarya,0.9986552000045776,0.079063,0.055536,0.550280,0.105633,0.075502,0.133986
NC_014514.1,NC_014514.1__M__1,M,1,1999,eukarya,0.9990412592887878,0.086692,0.050597,0.565694,0.092938,0.064955,0.139123
NC_014397.1,NC_014397.1__none__0,none,0,2000,eukarya,0.9933568835258484,0.072454,0.059002,0.545415,0.122010,0.072529,0.128590
NC_014397.1,NC_014397.1__M__500,M,500,1500,bacteria,0.9932554960250854,0.585060,0.108689,0.049932,0.039459,0.179586,0.037275
NC_014397.1,NC_014397.1__M__450,M,450,1550,bacteria,0.9933419823646545,0.585060,0.108689,0.049932,0.039459,0.179586,0.037275
NC_014397.1,NC_014397.1__M__400,M,400,1600,bacteria,0.9936398863792419,0.585060,0.108689,0.049932,0.039459,0.179586,0.037275
NC_014397.1,NC_014397.1__M__350,M,350,1650,bacteria,0.9997552037239075,0.585060,0.108689,0.049932,0.039459,0.179586,0.037275
NC_014397.1,NC_014397.1__M__300,M,300,1700,bacteria,0.9998401403427124,0.585060,0.108689,0.049932,0.039459,0.179586,0.037275
NC_014397.1,NC_014397.1__M__250,M,250,1750,bacteria,0.9998598098754883,0.585060,0.108689,0.049932,0.039459,0.179586,0.037275
NC_014397.1,NC_014397.1__M__200,M,200,1800,bacteria,0.9998399019241333,0.585060,0.108689,0.049932,0.039459,0.179586,0.037275
NC_014397.1,NC_014397.1__M__150,M,150,1850,bacteria,0.9998670816421509,0.585060,0.108689,0.049932,0.039459,0.179586,0.037275
NC_014397.1,NC_014397.1__M__100,M,100,1900,bacteria,0.9998737573623657,0.585060,0.108689,0.049932,0.039459,0.179586,0.037275
NC_014397.1,NC_014397.1__M__50,M,50,1950,eukarya,0.9926679730415344,0.073804,0.058952,0.548121,0.115599,0.078109,0.125413
NC_014397.1,NC_014397.1__M__1,M,1,1999,eukarya,0.9934232234954834,0.072454,0.059002,0.545415,0.122010,0.072529,0.128590
NC_013109.1,NC_013109.1__none__0,none,0,2000,eukarya,0.9974080920219421,0.067051,0.047229,0.624918,0.096048,0.067877,0.096876
NC_013109.1,NC_013109.1__M__500,M,500,1500,bacteria,0.9938430786132812,0.585060,0.108689,0.049932,0.039459,0.179586,0.037275
NC_013109.1,NC_013109.1__M__450,M,450,1550,bacteria,0.9939689636230469,0.585060,0.108689,0.049932,0.039459,0.179586,0.037275
NC_013109.1,NC_013109.1__M__400,M,400,1600,bacteria,0.9938977360725403,0.585060,0.108689,0.049932,0.039459,0.179586,0.037275
NC_013109.1,NC_013109.1__M__350,M,350,1650,bacteria,0.9999326467514038,0.585060,0.108689,0.049932,0.039459,0.179586,0.037275
NC_013109.1,NC_013109.1__M__300,M,300,1700,bacteria,0.9999396800994873,0.585060,0.108689,0.049932,0.039459,0.179586,0.037275
NC_013109.1,NC_013109.1__M__250,M,250,1750,bacteria,0.999937891960144,0.585060,0.108689,0.049932,0.039459,0.179586,0.037275
NC_013109.1,NC_013109.1__M__200,M,200,1800,bacteria,0.9999443292617798,0.585060,0.108689,0.049932,0.039459,0.179586,0.037275
NC_013109.1,NC_013109.1__M__150,M,150,1850,bacteria,0.9999467134475708,0.585060,0.108689,0.049932,0.039459,0.179586,0.037275
NC_013109.1,NC_013109.1__M__100,M,100,1900,bacteria,0.999944806098938,0.585060,0.108689,0.049932,0.039459,0.179586,0.037275
NC_013109.1,NC_013109.1__M__50,M,50,1950,eukarya,0.9983952641487122,0.070395,0.051523,0.615535,0.092562,0.070339,0.099646
NC_013109.1,NC_013109.1__M__1,M,1,1999,eukarya,0.9974861145019531,0.067051,0.047229,0.624918,0.096048,0.067877,0.096876
NC_012135.1,NC_012135.1__none__0,none,0,2000,eukarya,0.9988698363304138,0.071211,0.054660,0.584712,0.100761,0.076453,0.112204
NC_012135.1,NC_012135.1__M__500,M,500,1500,bacteria,0.9948340654373169,0.585060,0.108689,0.049932,0.039459,0.179586,0.037275
NC_012135.1,NC_012135.1__M__450,M,450,1550,bacteria,0.994792640209198,0.585060,0.108689,0.049932,0.039459,0.179586,0.037275
NC_012135.1,NC_012135.1__M__400,M,400,1600,bacteria,0.9948215484619141,0.585060,0.108689,0.049932,0.039459,0.179586,0.037275
NC_012135.1,NC_012135.1__M__350,M,350,1650,bacteria,0.9999457597732544,0.585060,0.108689,0.049932,0.039459,0.179586,0.037275
NC_012135.1,NC_012135.1__M__300,M,300,1700,bacteria,0.9999415874481201,0.585060,0.108689,0.049932,0.039459,0.179586,0.037275
NC_012135.1,NC_012135.1__M__250,M,250,1750,bacteria,0.9999464750289917,0.585060,0.108689,0.049932,0.039459,0.179586,0.037275
NC_012135.1,NC_012135.1__M__200,M,200,1800,bacteria,0.9999614953994751,0.585060,0.108689,0.049932,0.039459,0.179586,0.037275
NC_012135.1,NC_012135.1__M__150,M,150,1850,bacteria,0.999967098236084,0.585060,0.108689,0.049932,0.039459,0.179586,0.037275
NC_012135.1,NC_012135.1__M__100,M,100,1900,bacteria,0.9999679327011108,0.585060,0.108689,0.049932,0.039459,0.179586,0.037275
NC_012135.1,NC_012135.1__M__50,M,50,1950,eukarya,0.998753547668457,0.073531,0.054885,0.571894,0.107237,0.079656,0.112797
NC_012135.1,NC_012135.1__M__1,M,1,1999,eukarya,0.998873770236969,0.071211,0.054660,0.584712,0.100761,0.076453,0.112204
NC_011544.1,NC_011544.1__none__0,none,0,2000,eukarya,0.9961497783660889,0.073748,0.053873,0.585717,0.112452,0.066738,0.107473
NC_011544.1,NC_011544.1__M__500,M,500,1500,bacteria,0.9941878318786621,0.585060,0.108689,0.049932,0.039459,0.179586,0.037275
NC_011544.1,NC_011544.1__M__450,M,450,1550,bacteria,0.993992269039154,0.585060,0.108689,0.049932,0.039459,0.179586,0.037275
NC_011544.1,NC_011544.1__M__400,M,400,1600,bacteria,0.9937350153923035,0.585060,0.108689,0.049932,0.039459,0.179586,0.037275
NC_011544.1,NC_011544.1__M__350,M,350,1650,bacteria,0.9999639987945557,0.585060,0.108689,0.049932,0.039459,0.179586,0.037275
NC_011544.1,NC_011544.1__M__300,M,300,1700,bacteria,0.9999752044677734,0.585060,0.108689,0.049932,0.039459,0.179586,0.037275
NC_011544.1,NC_011544.1__M__250,M,250,1750,bacteria,0.9999719858169556,0.585060,0.108689,0.049932,0.039459,0.179586,0.037275
NC_011544.1,NC_011544.1__M__200,M,200,1800,bacteria,0.999967098236084,0.585060,0.108689,0.049932,0.039459,0.179586,0.037275
NC_011544.1,NC_011544.1__M__150,M,150,1850,bacteria,0.9999644756317139,0.585060,0.108689,0.049932,0.039459,0.179586,0.037275
NC_011544.1,NC_011544.1__M__100,M,100,1900,bacteria,0.9999665021896362,0.585060,0.108689,0.049932,0.039459,0.179586,0.037275
NC_011544.1,NC_011544.1__M__50,M,50,1950,eukarya,0.9974525570869446,0.075555,0.057757,0.552758,0.122632,0.075588,0.115710
NC_011544.1,NC_011544.1__M__1,M,1,1999,eukarya,0.996253252029419,0.073748,0.053873,0.585717,0.112452,0.066738,0.107473
NC_010809.1,NC_010809.1__none__0,none,0,2000,eukarya,0.971615195274353,0.075959,0.054354,0.581950,0.107671,0.067230,0.112836
NC_010809.1,NC_010809.1__M__500,M,500,1500,bacteria,0.9894096851348877,0.585060,0.108689,0.049932,0.039459,0.179586,0.037275
NC_010809.1,NC_010809.1__M__450,M,450,1550,bacteria,0.9896700978279114,0.585060,0.108689,0.049932,0.039459,0.179586,0.037275
NC_010809.1,NC_010809.1__M__400,M,400,1600,bacteria,0.9900733232498169,0.585060,0.108689,0.049932,0.039459,0.179586,0.037275
NC_010809.1,NC_010809.1__M__350,M,350,1650,bacteria,0.9989771842956543,0.585060,0.108689,0.049932,0.039459,0.179586,0.037275
NC_010809.1,NC_010809.1__M__300,M,300,1700,bacteria,0.9994261264801025,0.585060,0.108689,0.049932,0.039459,0.179586,0.037275
NC_010809.1,NC_010809.1__M__250,M,250,1750,bacteria,0.9995556473731995,0.585060,0.108689,0.049932,0.039459,0.179586,0.037275
NC_010809.1,NC_010809.1__M__200,M,200,1800,bacteria,0.9995786547660828,0.585060,0.108689,0.049932,0.039459,0.179586,0.037275
NC_010809.1,NC_010809.1__M__150,M,150,1850,bacteria,0.9996968507766724,0.585060,0.108689,0.049932,0.039459,0.179586,0.037275
NC_010809.1,NC_010809.1__M__100,M,100,1900,bacteria,0.9996942281723022,0.585060,0.108689,0.049932,0.039459,0.179586,0.037275
NC_010809.1,NC_010809.1__M__50,M,50,1950,eukarya,0.9743669629096985,0.077541,0.059803,0.552230,0.114562,0.076866,0.118999
NC_010809.1,NC_010809.1__M__1,M,1,1999,eukarya,0.9716371297836304,0.075959,0.054354,0.581950,0.107671,0.067230,0.112836
NC_010748.1,NC_010748.1__none__0,none,0,2000,eukarya,0.9988278746604919,0.079434,0.054165,0.563793,0.101088,0.068196,0.133323
NC_010748.1,NC_010748.1__M__500,M,500,1500,bacteria,0.9927399754524231,0.585060,0.108689,0.049932,0.039459,0.179586,0.037275
NC_010748.1,NC_010748.1__M__450,M,450,1550,bacteria,0.9931182861328125,0.585060,0.108689,0.049932,0.039459,0.179586,0.037275
NC_010748.1,NC_010748.1__M__400,M,400,1600,bacteria,0.9935353994369507,0.585060,0.108689,0.049932,0.039459,0.179586,0.037275
NC_010748.1,NC_010748.1__M__350,M,350,1650,bacteria,0.9999744892120361,0.585060,0.108689,0.049932,0.039459,0.179586,0.037275
NC_010748.1,NC_010748.1__M__300,M,300,1700,bacteria,0.9999755620956421,0.585060,0.108689,0.049932,0.039459,0.179586,0.037275
NC_010748.1,NC_010748.1__M__250,M,250,1750,bacteria,0.9999749660491943,0.585060,0.108689,0.049932,0.039459,0.179586,0.037275
NC_010748.1,NC_010748.1__M__200,M,200,1800,bacteria,0.9999703168869019,0.585060,0.108689,0.049932,0.039459,0.179586,0.037275
NC_010748.1,NC_010748.1__M__150,M,150,1850,bacteria,0.9999688863754272,0.585060,0.108689,0.049932,0.039459,0.179586,0.037275
NC_010748.1,NC_010748.1__M__100,M,100,1900,bacteria,0.9999682903289795,0.585060,0.108689,0.049932,0.039459,0.179586,0.037275
NC_010748.1,NC_010748.1__M__50,M,50,1950,eukarya,0.9979978203773499,0.078459,0.059284,0.554779,0.107170,0.078357,0.121953
NC_010748.1,NC_010748.1__M__1,M,1,1999,eukarya,0.9987472295761108,0.079434,0.054165,0.563793,0.101088,0.068196,0.133323
NC_010708.1,NC_010708.1__none__0,none,0,2000,eukarya,0.9891870617866516,0.076906,0.059049,0.523041,0.113471,0.080448,0.147085
NC_010708.1,NC_010708.1__M__500,M,500,1500,bacteria,0.9930985569953918,0.585060,0.108689,0.049932,0.039459,0.179586,0.037275
NC_010708.1,NC_010708.1__M__450,M,450,1550,bacteria,0.9929006099700928,0.585060,0.108689,0.049932,0.039459,0.179586,0.037275
NC_010708.1,NC_010708.1__M__400,M,400,1600,bacteria,0.992803156375885,0.585060,0.108689,0.049932,0.039459,0.179586,0.037275
NC_010708.1,NC_010708.1__M__350,M,350,1650,bacteria,0.9994086027145386,0.585060,0.108689,0.049932,0.039459,0.179586,0.037275
NC_010708.1,NC_010708.1__M__300,M,300,1700,bacteria,0.9997151494026184,0.585060,0.108689,0.049932,0.039459,0.179586,0.037275
NC_010708.1,NC_010708.1__M__250,M,250,1750,bacteria,0.9997802376747131,0.585060,0.108689,0.049932,0.039459,0.179586,0.037275
NC_010708.1,NC_010708.1__M__200,M,200,1800,bacteria,0.9997922778129578,0.585060,0.108689,0.049932,0.039459,0.179586,0.037275
NC_010708.1,NC_010708.1__M__150,M,150,1850,bacteria,0.9998137354850769,0.585060,0.108689,0.049932,0.039459,0.179586,0.037275
NC_010708.1,NC_010708.1__M__100,M,100,1900,bacteria,0.9998384714126587,0.585060,0.108689,0.049932,0.039459,0.179586,0.037275
NC_010708.1,NC_010708.1__M__50,M,50,1950,eukarya,0.9912789463996887,0.073680,0.060918,0.541950,0.110713,0.083471,0.129269
NC_010708.1,NC_010708.1__M__1,M,1,1999,eukarya,0.9891842603683472,0.076906,0.059049,0.523041,0.113471,0.080448,0.147085
NC_008311.1,NC_008311.1__none__0,none,0,2000,eukarya,0.9991599321365356,0.075243,0.049974,0.589892,0.103585,0.067514,0.113792
NC_008311.1,NC_008311.1__M__500,M,500,1500,bacteria,0.9961166381835938,0.585060,0.108689,0.049932,0.039459,0.179586,0.037275
NC_008311.1,NC_008311.1__M__450,M,450,1550,bacteria,0.9958385229110718,0.585060,0.108689,0.049932,0.039459,0.179586,0.037275
NC_008311.1,NC_008311.1__M__400,M,400,1600,bacteria,0.9955305457115173,0.585060,0.108689,0.049932,0.039459,0.179586,0.037275
NC_008311.1,NC_008311.1__M__350,M,350,1650,bacteria,0.999957799911499,0.585060,0.108689,0.049932,0.039459,0.179586,0.037275
NC_008311.1,NC_008311.1__M__300,M,300,1700,bacteria,0.9999634027481079,0.585060,0.108689,0.049932,0.039459,0.179586,0.037275
NC_008311.1,NC_008311.1__M__250,M,250,1750,bacteria,0.9999707937240601,0.585060,0.108689,0.049932,0.039459,0.179586,0.037275
NC_008311.1,NC_008311.1__M__200,M,200,1800,bacteria,0.9999691247940063,0.585060,0.108689,0.049932,0.039459,0.179586,0.037275
NC_008311.1,NC_008311.1__M__150,M,150,1850,bacteria,0.9999650716781616,0.585060,0.108689,0.049932,0.039459,0.179586,0.037275
NC_008311.1,NC_008311.1__M__100,M,100,1900,bacteria,0.9999619722366333,0.585060,0.108689,0.049932,0.039459,0.179586,0.037275
NC_008311.1,NC_008311.1__M__50,M,50,1950,eukarya,0.9990761280059814,0.076111,0.053539,0.570463,0.105245,0.072717,0.121926
NC_008311.1,NC_008311.1__M__1,M,1,1999,eukarya,0.9990839958190918,0.075243,0.049974,0.589892,0.103585,0.067514,0.113792
NC_007731.1,NC_007731.1__none__0,none,0,2000,eukarya,0.9979674220085144,0.076391,0.053399,0.566300,0.109567,0.069635,0.124709
NC_007731.1,NC_007731.1__M__500,M,500,1500,bacteria,0.9930383563041687,0.585060,0.108689,0.049932,0.039459,0.179586,0.037275
NC_007731.1,NC_007731.1__M__450,M,450,1550,bacteria,0.9932789206504822,0.585060,0.108689,0.049932,0.039459,0.179586,0.037275
NC_007731.1,NC_007731.1__M__400,M,400,1600,bacteria,0.9934084415435791,0.585060,0.108689,0.049932,0.039459,0.179586,0.037275
NC_007731.1,NC_007731.1__M__350,M,350,1650,bacteria,0.9998514652252197,0.585060,0.108689,0.049932,0.039459,0.179586,0.037275
NC_007731.1,NC_007731.1__M__300,M,300,1700,bacteria,0.9999279975891113,0.585060,0.108689,0.049932,0.039459,0.179586,0.037275
NC_007731.1,NC_007731.1__M__250,M,250,1750,bacteria,0.9999414682388306,0.585060,0.108689,0.049932,0.039459,0.179586,0.037275
NC_007731.1,NC_007731.1__M__200,M,200,1800,bacteria,0.9999479055404663,0.585060,0.108689,0.049932,0.039459,0.179586,0.037275
NC_007731.1,NC_007731.1__M__150,M,150,1850,bacteria,0.9999508857727051,0.585060,0.108689,0.049932,0.039459,0.179586,0.037275
NC_007731.1,NC_007731.1__M__100,M,100,1900,bacteria,0.9999573230743408,0.585060,0.108689,0.049932,0.039459,0.179586,0.037275
NC_007731.1,NC_007731.1__M__50,M,50,1950,eukarya,0.99741530418396,0.076420,0.056513,0.553934,0.114761,0.075197,0.123175
NC_007731.1,NC_007731.1__M__1,M,1,1999,eukarya,0.9980474710464478,0.076391,0.053399,0.566300,0.109567,0.069635,0.124709
NC_007158.1,NC_007158.1__none__0,none,0,2000,eukarya,0.9988136291503906,0.074981,0.056267,0.559868,0.102012,0.078343,0.128529
NC_007158.1,NC_007158.1__M__500,M,500,1500,bacteria,0.9941971302032471,0.585060,0.108689,0.049932,0.039459,0.179586,0.037275
NC_007158.1,NC_007158.1__M__450,M,450,1550,bacteria,0.9943825006484985,0.585060,0.108689,0.049932,0.039459,0.179586,0.037275
NC_007158.1,NC_007158.1__M__400,M,400,1600,bacteria,0.9945036172866821,0.585060,0.108689,0.049932,0.039459,0.179586,0.037275
NC_007158.1,NC_007158.1__M__350,M,350,1650,bacteria,0.9999542236328125,0.585060,0.108689,0.049932,0.039459,0.179586,0.037275
NC_007158.1,NC_007158.1__M__300,M,300,1700,bacteria,0.9999707937240601,0.585060,0.108689,0.049932,0.039459,0.179586,0.037275
NC_007158.1,NC_007158.1__M__250,M,250,1750,bacteria,0.9999756813049316,0.585060,0.108689,0.049932,0.039459,0.179586,0.037275
NC_007158.1,NC_007158.1__M__200,M,200,1800,bacteria,0.9999771118164062,0.585060,0.108689,0.049932,0.039459,0.179586,0.037275
NC_007158.1,NC_007158.1__M__150,M,150,1850,bacteria,0.9999721050262451,0.585060,0.108689,0.049932,0.039459,0.179586,0.037275
NC_007158.1,NC_007158.1__M__100,M,100,1900,bacteria,0.9999723434448242,0.585060,0.108689,0.049932,0.039459,0.179586,0.037275
NC_007158.1,NC_007158.1__M__50,M,50,1950,eukarya,0.9988656044006348,0.076866,0.058894,0.548897,0.108342,0.081293,0.125708
NC_007158.1,NC_007158.1__M__1,M,1,1999,eukarya,0.99874347448349,0.074981,0.056267,0.559868,0.102012,0.078343,0.128529
NC_006875.1,NC_006875.1__none__0,none,0,2000,eukarya,0.9928188920021057,0.079979,0.058989,0.557491,0.107138,0.080819,0.115584
NC_006875.1,NC_006875.1__M__500,M,500,1500,bacteria,0.9948517680168152,0.585060,0.108689,0.049932,0.039459,0.179586,0.037275
NC_006875.1,NC_006875.1__M__450,M,450,1550,bacteria,0.9948775768280029,0.585060,0.108689,0.049932,0.039459,0.179586,0.037275
NC_006875.1,NC_006875.1__M__400,M,400,1600,bacteria,0.9948346614837646,0.585060,0.108689,0.049932,0.039459,0.179586,0.037275
NC_006875.1,NC_006875.1__M__350,M,350,1650,bacteria,0.9998490810394287,0.585060,0.108689,0.049932,0.039459,0.179586,0.037275
NC_006875.1,NC_006875.1__M__300,M,300,1700,bacteria,0.99982750415802,0.585060,0.108689,0.049932,0.039459,0.179586,0.037275
NC_006875.1,NC_006875.1__M__250,M,250,1750,bacteria,0.9998101592063904,0.585060,0.108689,0.049932,0.039459,0.179586,0.037275
NC_006875.1,NC_006875.1__M__200,M,200,1800,bacteria,0.9998273849487305,0.585060,0.108689,0.049932,0.039459,0.179586,0.037275
NC_006875.1,NC_006875.1__M__150,M,150,1850,bacteria,0.9998509883880615,0.585060,0.108689,0.049932,0.039459,0.179586,0.037275
NC_006875.1,NC_006875.1__M__100,M,100,1900,bacteria,0.999832034111023,0.585060,0.108689,0.049932,0.039459,0.179586,0.037275
NC_006875.1,NC_006875.1__M__50,M,50,1950,eukarya,0.9897040724754333,0.078990,0.059227,0.556210,0.110886,0.080162,0.114525
NC_006875.1,NC_006875.1__M__1,M,1,1999,eukarya,0.9919141530990601,0.079979,0.058989,0.557491,0.107138,0.080819,0.115584
NC_005990.1,NC_005990.1__none__0,none,0,2000,eukarya,0.9935686588287354,0.077215,0.054303,0.599500,0.091414,0.068795,0.108773
NC_005990.1,NC_005990.1__M__500,M,500,1500,bacteria,0.9934545755386353,0.585060,0.108689,0.049932,0.039459,0.179586,0.037275
NC_005990.1,NC_005990.1__M__450,M,450,1550,bacteria,0.9938576817512512,0.585060,0.108689,0.049932,0.039459,0.179586,0.037275
NC_005990.1,NC_005990.1__M__400,M,400,1600,bacteria,0.9938008189201355,0.585060,0.108689,0.049932,0.039459,0.179586,0.037275
NC_005990.1,NC_005990.1__M__350,M,350,1650,bacteria,0.9999151229858398,0.585060,0.108689,0.049932,0.039459,0.179586,0.037275
NC_005990.1,NC_005990.1__M__300,M,300,1700,bacteria,0.9999542236328125,0.585060,0.108689,0.049932,0.039459,0.179586,0.037275
NC_005990.1,NC_005990.1__M__250,M,250,1750,bacteria,0.9999353885650635,0.585060,0.108689,0.049932,0.039459,0.179586,0.037275
NC_005990.1,NC_005990.1__M__200,M,200,1800,bacteria,0.9999440908432007,0.585060,0.108689,0.049932,0.039459,0.179586,0.037275
NC_005990.1,NC_005990.1__M__150,M,150,1850,bacteria,0.9999350309371948,0.585060,0.108689,0.049932,0.039459,0.179586,0.037275
NC_005990.1,NC_005990.1__M__100,M,100,1900,bacteria,0.999925971031189,0.585060,0.108689,0.049932,0.039459,0.179586,0.037275
NC_005990.1,NC_005990.1__M__50,M,50,1950,eukarya,0.9954008460044861,0.077844,0.054275,0.590544,0.095518,0.072195,0.109624
NC_005990.1,NC_005990.1__M__1,M,1,1999,eukarya,0.9936476349830627,0.077215,0.054303,0.599500,0.091414,0.068795,0.108773
NC_005235.1,NC_005235.1__none__0,none,0,2000,eukarya,0.9620199203491211,0.072319,0.053527,0.570775,0.117613,0.068233,0.117534
NC_005235.1,NC_005235.1__M__500,M,500,1500,bacteria,0.9942594766616821,0.585060,0.108689,0.049932,0.039459,0.179586,0.037275
NC_005235.1,NC_005235.1__M__450,M,450,1550,bacteria,0.9942476749420166,0.585060,0.108689,0.049932,0.039459,0.179586,0.037275
NC_005235.1,NC_005235.1__M__400,M,400,1600,bacteria,0.9943682551383972,0.585060,0.108689,0.049932,0.039459,0.179586,0.037275
NC_005235.1,NC_005235.1__M__350,M,350,1650,bacteria,0.9995656609535217,0.585060,0.108689,0.049932,0.039459,0.179586,0.037275
NC_005235.1,NC_005235.1__M__300,M,300,1700,bacteria,0.9996802806854248,0.585060,0.108689,0.049932,0.039459,0.179586,0.037275
NC_005235.1,NC_005235.1__M__250,M,250,1750,bacteria,0.9996563196182251,0.585060,0.108689,0.049932,0.039459,0.179586,0.037275
NC_005235.1,NC_005235.1__M__200,M,200,1800,bacteria,0.9996021389961243,0.585060,0.108689,0.049932,0.039459,0.179586,0.037275
NC_005235.1,NC_005235.1__M__150,M,150,1850,bacteria,0.9996148347854614,0.585060,0.108689,0.049932,0.039459,0.179586,0.037275
NC_005235.1,NC_005235.1__M__100,M,100,1900,bacteria,0.9996143579483032,0.585060,0.108689,0.049932,0.039459,0.179586,0.037275
NC_005235.1,NC_005235.1__M__50,M,50,1950,eukarya,0.9542394280433655,0.076995,0.059941,0.545393,0.118458,0.078659,0.120555
NC_005235.1,NC_005235.1__M__1,M,1,1999,eukarya,0.9618963003158569,0.072319,0.053527,0.570775,0.117613,0.068233,0.117534
NC_005238.1,NC_005238.1__none__0,none,0,2000,eukarya,0.9416617155075073,0.074670,0.057959,0.571467,0.116980,0.069340,0.109584
NC_005238.1,NC_005238.1__M__500,M,500,1500,bacteria,0.991486668586731,0.585060,0.108689,0.049932,0.039459,0.179586,0.037275
NC_005238.1,NC_005238.1__M__450,M,450,1550,bacteria,0.9915288686752319,0.585060,0.108689,0.049932,0.039459,0.179586,0.037275
NC_005238.1,NC_005238.1__M__400,M,400,1600,bacteria,0.9916352033615112,0.585060,0.108689,0.049932,0.039459,0.179586,0.037275
NC_005238.1,NC_005238.1__M__350,M,350,1650,bacteria,0.9994674324989319,0.585060,0.108689,0.049932,0.039459,0.179586,0.037275
NC_005238.1,NC_005238.1__M__300,M,300,1700,bacteria,0.999457061290741,0.585060,0.108689,0.049932,0.039459,0.179586,0.037275
NC_005238.1,NC_005238.1__M__250,M,250,1750,bacteria,0.9995400905609131,0.585060,0.108689,0.049932,0.039459,0.179586,0.037275
NC_005238.1,NC_005238.1__M__200,M,200,1800,bacteria,0.999407172203064,0.585060,0.108689,0.049932,0.039459,0.179586,0.037275
NC_005238.1,NC_005238.1__M__150,M,150,1850,bacteria,0.9994056224822998,0.585060,0.108689,0.049932,0.039459,0.179586,0.037275
NC_005238.1,NC_005238.1__M__100,M,100,1900,bacteria,0.9994358420372009,0.585060,0.108689,0.049932,0.039459,0.179586,0.037275
NC_005238.1,NC_005238.1__M__50,M,50,1950,eukarya,0.94432532787323,0.077752,0.059157,0.553660,0.112733,0.079430,0.117269
NC_005238.1,NC_005238.1__M__1,M,1,1999,eukarya,0.9414874315261841,0.074670,0.057959,0.571467,0.116980,0.069340,0.109584
NC_004912.1,NC_004912.1__none__0,none,0,2000,eukarya,0.9971277117729187,0.079334,0.060423,0.545336,0.115515,0.072522,0.126871
NC_004912.1,NC_004912.1__M__500,M,500,1500,bacteria,0.9951228499412537,0.585060,0.108689,0.049932,0.039459,0.179586,0.037275
NC_004912.1,NC_004912.1__M__450,M,450,1550,bacteria,0.9950645565986633,0.585060,0.108689,0.049932,0.039459,0.179586,0.037275
NC_004912.1,NC_004912.1__M__400,M,400,1600,bacteria,0.9951255917549133,0.585060,0.108689,0.049932,0.039459,0.179586,0.037275
NC_004912.1,NC_004912.1__M__350,M,350,1650,bacteria,0.999925971031189,0.585060,0.108689,0.049932,0.039459,0.179586,0.037275
NC_004912.1,NC_004912.1__M__300,M,300,1700,bacteria,0.9998989105224609,0.585060,0.108689,0.049932,0.039459,0.179586,0.037275
NC_004912.1,NC_004912.1__M__250,M,250,1750,bacteria,0.999931812286377,0.585060,0.108689,0.049932,0.039459,0.179586,0.037275
NC_004912.1,NC_004912.1__M__200,M,200,1800,bacteria,0.9999414682388306,0.585060,0.108689,0.049932,0.039459,0.179586,0.037275
NC_004912.1,NC_004912.1__M__150,M,150,1850,bacteria,0.9999383687973022,0.585060,0.108689,0.049932,0.039459,0.179586,0.037275
NC_004912.1,NC_004912.1__M__100,M,100,1900,bacteria,0.9999449253082275,0.585060,0.108689,0.049932,0.039459,0.179586,0.037275
NC_004912.1,NC_004912.1__M__50,M,50,1950,eukarya,0.9957724213600159,0.081618,0.061903,0.530190,0.119249,0.076008,0.131031
NC_004912.1,NC_004912.1__M__1,M,1,1999,eukarya,0.9968098998069763,0.079334,0.060423,0.545336,0.115515,0.072522,0.126871
NC_004169.1,NC_004169.1__none__0,none,0,2000,eukarya,0.9961469173431396,0.068483,0.055282,0.592121,0.106977,0.071242,0.105896
NC_004169.1,NC_004169.1__M__500,M,500,1500,bacteria,0.9934844374656677,0.585060,0.108689,0.049932,0.039459,0.179586,0.037275
NC_004169.1,NC_004169.1__M__450,M,450,1550,bacteria,0.9934284090995789,0.585060,0.108689,0.049932,0.039459,0.179586,0.037275
NC_004169.1,NC_004169.1__M__400,M,400,1600,bacteria,0.9934554696083069,0.585060,0.108689,0.049932,0.039459,0.179586,0.037275
NC_004169.1,NC_004169.1__M__350,M,350,1650,bacteria,0.9999449253082275,0.585060,0.108689,0.049932,0.039459,0.179586,0.037275
NC_004169.1,NC_004169.1__M__300,M,300,1700,bacteria,0.9999418258666992,0.585060,0.108689,0.049932,0.039459,0.179586,0.037275
NC_004169.1,NC_004169.1__M__250,M,250,1750,bacteria,0.9999485015869141,0.585060,0.108689,0.049932,0.039459,0.179586,0.037275
NC_004169.1,NC_004169.1__M__200,M,200,1800,bacteria,0.9999483823776245,0.585060,0.108689,0.049932,0.039459,0.179586,0.037275
NC_004169.1,NC_004169.1__M__150,M,150,1850,bacteria,0.999956488609314,0.585060,0.108689,0.049932,0.039459,0.179586,0.037275
NC_004169.1,NC_004169.1__M__100,M,100,1900,bacteria,0.999954342842102,0.585060,0.108689,0.049932,0.039459,0.179586,0.037275
NC_004169.1,NC_004169.1__M__50,M,50,1950,eukarya,0.9968523383140564,0.073920,0.059577,0.556567,0.114120,0.076524,0.119293
NC_004169.1,NC_004169.1__M__1,M,1,1999,eukarya,0.9959139227867126,0.068483,0.055282,0.592121,0.106977,0.071242,0.105896
NC_004186.1,NC_004186.1__none__0,none,0,2000,eukarya,0.987553596496582,0.087287,0.052454,0.600136,0.085295,0.070080,0.104749
NC_004186.1,NC_004186.1__M__500,M,500,1500,bacteria,0.994971752166748,0.585060,0.108689,0.049932,0.039459,0.179586,0.037275
NC_004186.1,NC_004186.1__M__450,M,450,1550,bacteria,0.9950518012046814,0.585060,0.108689,0.049932,0.039459,0.179586,0.037275
NC_004186.1,NC_004186.1__M__400,M,400,1600,bacteria,0.9948598146438599,0.585060,0.108689,0.049932,0.039459,0.179586,0.037275
NC_004186.1,NC_004186.1__M__350,M,350,1650,bacteria,0.9998292922973633,0.585060,0.108689,0.049932,0.039459,0.179586,0.037275
NC_004186.1,NC_004186.1__M__300,M,300,1700,bacteria,0.9998745918273926,0.585060,0.108689,0.049932,0.039459,0.179586,0.037275
NC_004186.1,NC_004186.1__M__250,M,250,1750,bacteria,0.9998325109481812,0.585060,0.108689,0.049932,0.039459,0.179586,0.037275
NC_004186.1,NC_004186.1__M__200,M,200,1800,bacteria,0.9998353719711304,0.585060,0.108689,0.049932,0.039459,0.179586,0.037275
NC_004186.1,NC_004186.1__M__150,M,150,1850,bacteria,0.999835729598999,0.585060,0.108689,0.049932,0.039459,0.179586,0.037275
NC_004186.1,NC_004186.1__M__100,M,100,1900,bacteria,0.9998395442962646,0.585060,0.108689,0.049932,0.039459,0.179586,0.037275
NC_004186.1,NC_004186.1__M__50,M,50,1950,eukarya,0.9848482012748718,0.082785,0.062882,0.547336,0.107962,0.079335,0.119700
NC_004186.1,NC_004186.1__M__1,M,1,1999,eukarya,0.9864484667778015,0.087287,0.052454,0.600136,0.085295,0.070080,0.104749
NC_001964.1,NC_001964.1__none__0,none,0,2000,eukarya,0.9949648380279541,0.075246,0.052426,0.586983,0.105219,0.077187,0.102940
NC_001964.1,NC_001964.1__M__500,M,500,1500,bacteria,0.9944512248039246,0.585060,0.108689,0.049932,0.039459,0.179586,0.037275
NC_001964.1,NC_001964.1__M__450,M,450,1550,bacteria,0.9946840405464172,0.585060,0.108689,0.049932,0.039459,0.179586,0.037275
NC_001964.1,NC_001964.1__M__400,M,400,1600,bacteria,0.9947335720062256,0.585060,0.108689,0.049932,0.039459,0.179586,0.037275
NC_001964.1,NC_001964.1__M__350,M,350,1650,bacteria,0.9998593330383301,0.585060,0.108689,0.049932,0.039459,0.179586,0.037275
NC_001964.1,NC_001964.1__M__300,M,300,1700,bacteria,0.9998883008956909,0.585060,0.108689,0.049932,0.039459,0.179586,0.037275
NC_001964.1,NC_001964.1__M__250,M,250,1750,bacteria,0.9998811483383179,0.585060,0.108689,0.049932,0.039459,0.179586,0.037275
NC_001964.1,NC_001964.1__M__200,M,200,1800,bacteria,0.9998904466629028,0.585060,0.108689,0.049932,0.039459,0.179586,0.037275
NC_001964.1,NC_001964.1__M__150,M,150,1850,bacteria,0.9998992681503296,0.585060,0.108689,0.049932,0.039459,0.179586,0.037275
NC_001964.1,NC_001964.1__M__100,M,100,1900,bacteria,0.999896764755249,0.585060,0.108689,0.049932,0.039459,0.179586,0.037275
NC_001964.1,NC_001964.1__M__50,M,50,1950,eukarya,0.9951872825622559,0.076805,0.054135,0.575056,0.105666,0.081466,0.106872
NC_001964.1,NC_001964.1__M__1,M,1,1999,eukarya,0.9950834512710571,0.075246,0.052426,0.586983,0.105219,0.077187,0.102940
NC_003511.1,NC_003511.1__none__0,none,0,2000,eukarya,0.9975817203521729,0.076848,0.057963,0.586059,0.092258,0.076521,0.110351
NC_003511.1,NC_003511.1__M__500,M,500,1500,bacteria,0.9955195188522339,0.585060,0.108689,0.049932,0.039459,0.179586,0.037275
NC_003511.1,NC_003511.1__M__450,M,450,1550,bacteria,0.9954452514648438,0.585060,0.108689,0.049932,0.039459,0.179586,0.037275
NC_003511.1,NC_003511.1__M__400,M,400,1600,bacteria,0.9948657155036926,0.585060,0.108689,0.049932,0.039459,0.179586,0.037275
NC_003511.1,NC_003511.1__M__350,M,350,1650,bacteria,0.9997190833091736,0.585060,0.108689,0.049932,0.039459,0.179586,0.037275
NC_003511.1,NC_003511.1__M__300,M,300,1700,bacteria,0.9998132586479187,0.585060,0.108689,0.049932,0.039459,0.179586,0.037275
NC_003511.1,NC_003511.1__M__250,M,250,1750,bacteria,0.9998268485069275,0.585060,0.108689,0.049932,0.039459,0.179586,0.037275
NC_003511.1,NC_003511.1__M__200,M,200,1800,bacteria,0.9998667240142822,0.585060,0.108689,0.049932,0.039459,0.179586,0.037275
NC_003511.1,NC_003511.1__M__150,M,150,1850,bacteria,0.9998937845230103,0.585060,0.108689,0.049932,0.039459,0.179586,0.037275
NC_003511.1,NC_003511.1__M__100,M,100,1900,bacteria,0.9999061822891235,0.585060,0.108689,0.049932,0.039459,0.179586,0.037275
NC_003511.1,NC_003511.1__M__50,M,50,1950,eukarya,0.9968461394309998,0.077245,0.059227,0.569771,0.102082,0.079185,0.112491
NC_003511.1,NC_003511.1__M__1,M,1,1999,eukarya,0.9976084232330322,0.076848,0.057963,0.586059,0.092258,0.076521,0.110351
NC_001940.1,NC_001940.1__none__0,none,0,2000,eukarya,0.5366494059562683,0.080307,0.059225,0.580087,0.090612,0.071966,0.117803
NC_001940.1,NC_001940.1__M__500,M,500,1500,bacteria,0.9811241030693054,0.585060,0.108689,0.049932,0.039459,0.179586,0.037275
NC_001940.1,NC_001940.1__M__450,M,450,1550,bacteria,0.9850201606750488,0.585060,0.108689,0.049932,0.039459,0.179586,0.037275
NC_001940.1,NC_001940.1__M__400,M,400,1600,bacteria,0.9869517087936401,0.585060,0.108689,0.049932,0.039459,0.179586,0.037275
NC_001940.1,NC_001940.1__M__350,M,350,1650,bacteria,0.9987471103668213,0.585060,0.108689,0.049932,0.039459,0.179586,0.037275
NC_001940.1,NC_001940.1__M__300,M,300,1700,bacteria,0.9993463158607483,0.585060,0.108689,0.049932,0.039459,0.179586,0.037275
NC_001940.1,NC_001940.1__M__250,M,250,1750,bacteria,0.9989192485809326,0.585060,0.108689,0.049932,0.039459,0.179586,0.037275
NC_001940.1,NC_001940.1__M__200,M,200,1800,bacteria,0.998389720916748,0.585060,0.108689,0.049932,0.039459,0.179586,0.037275
NC_001940.1,NC_001940.1__M__150,M,150,1850,bacteria,0.9982080459594727,0.585060,0.108689,0.049932,0.039459,0.179586,0.037275
NC_001940.1,NC_001940.1__M__100,M,100,1900,bacteria,0.9980407357215881,0.585060,0.108689,0.049932,0.039459,0.179586,0.037275
NC_001940.1,NC_001940.1__M__50,M,50,1950,eukarya,0.5879642367362976,0.078201,0.060478,0.560711,0.105179,0.077599,0.117832
NC_001940.1,NC_001940.1__M__1,M,1,1999,eukarya,0.5357485413551331,0.080307,0.059225,0.580087,0.090612,0.071966,0.117803
NC_001841.1,NC_001841.1__none__0,none,0,2000,eukarya,0.9997739195823669,0.074058,0.058053,0.560026,0.112041,0.078176,0.117646
NC_001841.1,NC_001841.1__M__500,M,500,1500,bacteria,0.9979998469352722,0.585060,0.108689,0.049932,0.039459,0.179586,0.037275
NC_001841.1,NC_001841.1__M__450,M,450,1550,bacteria,0.9979149699211121,0.585060,0.108689,0.049932,0.039459,0.179586,0.037275
NC_001841.1,NC_001841.1__M__400,M,400,1600,bacteria,0.9978629946708679,0.585060,0.108689,0.049932,0.039459,0.179586,0.037275
NC_001841.1,NC_001841.1__M__350,M,350,1650,bacteria,0.9999942779541016,0.585060,0.108689,0.049932,0.039459,0.179586,0.037275
NC_001841.1,NC_001841.1__M__300,M,300,1700,bacteria,0.9999933242797852,0.585060,0.108689,0.049932,0.039459,0.179586,0.037275
NC_001841.1,NC_001841.1__M__250,M,250,1750,bacteria,0.9999903440475464,0.585060,0.108689,0.049932,0.039459,0.179586,0.037275
NC_001841.1,NC_001841.1__M__200,M,200,1800,bacteria,0.9999901056289673,0.585060,0.108689,0.049932,0.039459,0.179586,0.037275
NC_001841.1,NC_001841.1__M__150,M,150,1850,bacteria,0.9999903440475464,0.585060,0.108689,0.049932,0.039459,0.179586,0.037275
NC_001841.1,NC_001841.1__M__100,M,100,1900,bacteria,0.9999912977218628,0.585060,0.108689,0.049932,0.039459,0.179586,0.037275
NC_001841.1,NC_001841.1__M__50,M,50,1950,eukarya,0.9998186230659485,0.075398,0.060964,0.545928,0.116646,0.081038,0.120026
NC_001841.1,NC_001841.1__M__1,M,1,1999,eukarya,0.9997770190238953,0.074058,0.058053,0.560026,0.112041,0.078176,0.117646
NC_001793.1,NC_001793.1__none__0,none,0,2000,eukarya,0.9993768334388733,0.077188,0.056344,0.584948,0.100982,0.071354,0.109183
NC_001793.1,NC_001793.1__M__500,M,500,1500,bacteria,0.9977158308029175,0.585060,0.108689,0.049932,0.039459,0.179586,0.037275
NC_001793.1,NC_001793.1__M__450,M,450,1550,bacteria,0.9978524446487427,0.585060,0.108689,0.049932,0.039459,0.179586,0.037275
NC_001793.1,NC_001793.1__M__400,M,400,1600,bacteria,0.9979466795921326,0.585060,0.108689,0.049932,0.039459,0.179586,0.037275
NC_001793.1,NC_001793.1__M__350,M,350,1650,bacteria,0.9999768733978271,0.585060,0.108689,0.049932,0.039459,0.179586,0.037275
NC_001793.1,NC_001793.1__M__300,M,300,1700,bacteria,0.9999809265136719,0.585060,0.108689,0.049932,0.039459,0.179586,0.037275
NC_001793.1,NC_001793.1__M__250,M,250,1750,bacteria,0.9999828338623047,0.585060,0.108689,0.049932,0.039459,0.179586,0.037275
NC_001793.1,NC_001793.1__M__200,M,200,1800,bacteria,0.999985933303833,0.585060,0.108689,0.049932,0.039459,0.179586,0.037275
NC_001793.1,NC_001793.1__M__150,M,150,1850,bacteria,0.999985933303833,0.585060,0.108689,0.049932,0.039459,0.179586,0.037275
NC_001793.1,NC_001793.1__M__100,M,100,1900,bacteria,0.9999861717224121,0.585060,0.108689,0.049932,0.039459,0.179586,0.037275
NC_001793.1,NC_001793.1__M__50,M,50,1950,eukarya,0.9995313882827759,0.080591,0.058454,0.567127,0.106112,0.075829,0.111888
NC_001793.1,NC_001793.1__M__1,M,1,1999,eukarya,0.9993946552276611,0.077188,0.056344,0.584948,0.100982,0.071354,0.109183
NC_004146.1,NC_004146.1__none__0,none,0,2000,eukarya,0.9978702068328857,0.076881,0.054056,0.558724,0.104633,0.074527,0.131179
NC_004146.1,NC_004146.1__M__500,M,500,1500,bacteria,0.9939764738082886,0.585060,0.108689,0.049932,0.039459,0.179586,0.037275
NC_004146.1,NC_004146.1__M__450,M,450,1550,bacteria,0.9940914511680603,0.585060,0.108689,0.049932,0.039459,0.179586,0.037275
NC_004146.1,NC_004146.1__M__400,M,400,1600,bacteria,0.9941681623458862,0.585060,0.108689,0.049932,0.039459,0.179586,0.037275
NC_004146.1,NC_004146.1__M__350,M,350,1650,bacteria,0.999955415725708,0.585060,0.108689,0.049932,0.039459,0.179586,0.037275
NC_004146.1,NC_004146.1__M__300,M,300,1700,bacteria,0.9999476671218872,0.585060,0.108689,0.049932,0.039459,0.179586,0.037275
NC_004146.1,NC_004146.1__M__250,M,250,1750,bacteria,0.9999319314956665,0.585060,0.108689,0.049932,0.039459,0.179586,0.037275
NC_004146.1,NC_004146.1__M__200,M,200,1800,bacteria,0.9999344348907471,0.585060,0.108689,0.049932,0.039459,0.179586,0.037275
NC_004146.1,NC_004146.1__M__150,M,150,1850,bacteria,0.9999499320983887,0.585060,0.108689,0.049932,0.039459,0.179586,0.037275
NC_004146.1,NC_004146.1__M__100,M,100,1900,bacteria,0.9999525547027588,0.585060,0.108689,0.049932,0.039459,0.179586,0.037275
NC_004146.1,NC_004146.1__M__50,M,50,1950,eukarya,0.997175931930542,0.076517,0.058683,0.533663,0.114063,0.079988,0.137086
NC_004146.1,NC_004146.1__M__1,M,1,1999,eukarya,0.9978245496749878,0.076881,0.054056,0.558724,0.104633,0.074527,0.131179
NC_003616.1,NC_003616.1__none__0,none,0,2000,eukarya,0.9993553757667542,0.066903,0.051722,0.625188,0.091476,0.064313,0.100397
NC_003616.1,NC_003616.1__M__500,M,500,1500,bacteria,0.9987829327583313,0.585060,0.108689,0.049932,0.039459,0.179586,0.037275
NC_003616.1,NC_003616.1__M__450,M,450,1550,bacteria,0.9987213015556335,0.585060,0.108689,0.049932,0.039459,0.179586,0.037275
NC_003616.1,NC_003616.1__M__400,M,400,1600,bacteria,0.9988195300102234,0.585060,0.108689,0.049932,0.039459,0.179586,0.037275
NC_003616.1,NC_003616.1__M__350,M,350,1650,bacteria,0.9999964237213135,0.585060,0.108689,0.049932,0.039459,0.179586,0.037275
NC_003616.1,NC_003616.1__M__300,M,300,1700,bacteria,0.999996542930603,0.585060,0.108689,0.049932,0.039459,0.179586,0.037275
NC_003616.1,NC_003616.1__M__250,M,250,1750,bacteria,0.999996542930603,0.585060,0.108689,0.049932,0.039459,0.179586,0.037275
NC_003616.1,NC_003616.1__M__200,M,200,1800,bacteria,0.9999964237213135,0.585060,0.108689,0.049932,0.039459,0.179586,0.037275
NC_003616.1,NC_003616.1__M__150,M,150,1850,bacteria,0.9999940395355225,0.585060,0.108689,0.049932,0.039459,0.179586,0.037275
NC_003616.1,NC_003616.1__M__100,M,100,1900,bacteria,0.9999914169311523,0.585060,0.108689,0.049932,0.039459,0.179586,0.037275
NC_003616.1,NC_003616.1__M__50,M,50,1950,eukarya,0.9995439648628235,0.070850,0.053542,0.603463,0.095394,0.071207,0.105543
NC_003616.1,NC_003616.1__M__1,M,1,1999,eukarya,0.9993817806243896,0.066903,0.051722,0.625188,0.091476,0.064313,0.100397
NC_003693.1,NC_003693.1__none__0,none,0,2000,eukarya,0.9979356527328491,0.070264,0.048359,0.604134,0.092428,0.063340,0.121475
NC_003693.1,NC_003693.1__M__500,M,500,1500,bacteria,0.9939509630203247,0.585060,0.108689,0.049932,0.039459,0.179586,0.037275
NC_003693.1,NC_003693.1__M__450,M,450,1550,bacteria,0.9939932227134705,0.585060,0.108689,0.049932,0.039459,0.179586,0.037275
NC_003693.1,NC_003693.1__M__400,M,400,1600,bacteria,0.9938176274299622,0.585060,0.108689,0.049932,0.039459,0.179586,0.037275
NC_003693.1,NC_003693.1__M__350,M,350,1650,bacteria,0.9999727010726929,0.585060,0.108689,0.049932,0.039459,0.179586,0.037275
NC_003693.1,NC_003693.1__M__300,M,300,1700,bacteria,0.999974250793457,0.585060,0.108689,0.049932,0.039459,0.179586,0.037275
NC_003693.1,NC_003693.1__M__250,M,250,1750,bacteria,0.9999673366546631,0.585060,0.108689,0.049932,0.039459,0.179586,0.037275
NC_003693.1,NC_003693.1__M__200,M,200,1800,bacteria,0.9999552965164185,0.585060,0.108689,0.049932,0.039459,0.179586,0.037275
NC_003693.1,NC_003693.1__M__150,M,150,1850,bacteria,0.9999533891677856,0.585060,0.108689,0.049932,0.039459,0.179586,0.037275
NC_003693.1,NC_003693.1__M__100,M,100,1900,bacteria,0.9999532699584961,0.585060,0.108689,0.049932,0.039459,0.179586,0.037275
NC_003693.1,NC_003693.1__M__50,M,50,1950,eukarya,0.997439980506897,0.075354,0.053308,0.571251,0.105403,0.072515,0.122169
NC_003693.1,NC_003693.1__M__1,M,1,1999,eukarya,0.9976111650466919,0.070264,0.048359,0.604134,0.092428,0.063340,0.121475
NC_001739.2,NC_001739.2__none__0,none,0,2000,eukarya,0.9959827661514282,0.073948,0.057937,0.551194,0.105053,0.075939,0.135929
NC_001739.2,NC_001739.2__M__500,M,500,1500,bacteria,0.9972694516181946,0.585060,0.108689,0.049932,0.039459,0.179586,0.037275
NC_001739.2,NC_001739.2__M__450,M,450,1550,bacteria,0.9973512887954712,0.585060,0.108689,0.049932,0.039459,0.179586,0.037275
NC_001739.2,NC_001739.2__M__400,M,400,1600,bacteria,0.9974088072776794,0.585060,0.108689,0.049932,0.039459,0.179586,0.037275
NC_001739.2,NC_001739.2__M__350,M,350,1650,bacteria,0.99991774559021,0.585060,0.108689,0.049932,0.039459,0.179586,0.037275
NC_001739.2,NC_001739.2__M__300,M,300,1700,bacteria,0.9999245405197144,0.585060,0.108689,0.049932,0.039459,0.179586,0.037275
NC_001739.2,NC_001739.2__M__250,M,250,1750,bacteria,0.9999088048934937,0.585060,0.108689,0.049932,0.039459,0.179586,0.037275
NC_001739.2,NC_001739.2__M__200,M,200,1800,bacteria,0.999930739402771,0.585060,0.108689,0.049932,0.039459,0.179586,0.037275
NC_001739.2,NC_001739.2__M__150,M,150,1850,bacteria,0.9999469518661499,0.585060,0.108689,0.049932,0.039459,0.179586,0.037275
NC_001739.2,NC_001739.2__M__100,M,100,1900,bacteria,0.9999518394470215,0.585060,0.108689,0.049932,0.039459,0.179586,0.037275
NC_001739.2,NC_001739.2__M__50,M,50,1950,eukarya,0.9960416555404663,0.073024,0.058663,0.543867,0.110134,0.086152,0.128161
NC_001739.2,NC_001739.2__M__1,M,1,1999,eukarya,0.9960193037986755,0.073948,0.057937,0.551194,0.105053,0.075939,0.135929
