contig_id,frag_id,pad_char,pad_len,real_len,pred_class,reliability,prob_bacteria,prob_phage,prob_eukarya,prob_archaea,prob_plasmid,prob_virus
NC_139368.1,NC_139368.1__none__0,none,0,2000,virus,0.9998527765274048,0.010477,0.018869,0.023586,0.013429,0.011466,0.922173
NC_139368.1,NC_139368.1__M__500,M,500,1500,virus,0.9995498061180115,0.041009,0.045231,0.048939,0.033413,0.017137,0.814272
NC_139368.1,NC_139368.1__N__500,N,500,1500,virus,0.9995498061180115,0.041009,0.045231,0.048939,0.033413,0.017137,0.814272
NC_139368.1,NC_139368.1__M__450,M,450,1550,virus,0.999728262424469,0.037330,0.040445,0.052514,0.047859,0.017318,0.804533
NC_139368.1,NC_139368.1__N__450,N,450,1550,virus,0.999728262424469,0.037330,0.040445,0.052514,0.047859,0.017318,0.804533
NC_139368.1,NC_139368.1__M__400,M,400,1600,virus,0.9998070597648621,0.043403,0.055056,0.064916,0.034374,0.019394,0.782858
NC_139368.1,NC_139368.1__N__400,N,400,1600,virus,0.9998070597648621,0.043403,0.055056,0.064916,0.034374,0.019394,0.782858
NC_139368.1,NC_139368.1__M__350,M,350,1650,virus,0.9998094439506531,0.058627,0.052102,0.059001,0.035763,0.018378,0.776128
NC_139368.1,NC_139368.1__N__350,N,350,1650,virus,0.9998094439506531,0.058627,0.052102,0.059001,0.035763,0.018378,0.776128
NC_139368.1,NC_139368.1__M__300,M,300,1700,virus,0.9997839331626892,0.035474,0.048906,0.051096,0.029443,0.021133,0.813948
NC_139368.1,NC_139368.1__N__300,N,300,1700,virus,0.9997839331626892,0.035474,0.048906,0.051096,0.029443,0.021133,0.813948
NC_139368.1,NC_139368.1__M__250,M,250,1750,virus,0.9997578263282776,0.044015,0.046291,0.076975,0.035735,0.018484,0.778500
NC_139368.1,NC_139368.1__N__250,N,250,1750,virus,0.9997578263282776,0.044015,0.046291,0.076975,0.035735,0.018484,0.778500
NC_139368.1,NC_139368.1__M__200,M,200,1800,virus,0.9998264908790588,0.022854,0.044559,0.064412,0.027073,0.018687,0.822414
NC_139368.1,NC_139368.1__N__200,N,200,1800,virus,0.9998264908790588,0.022854,0.044559,0.064412,0.027073,0.018687,0.822414
NC_139368.1,NC_139368.1__M__150,M,150,1850,virus,0.9997743964195251,0.016056,0.030993,0.046914,0.021569,0.017522,0.866946
NC_139368.1,NC_139368.1__N__150,N,150,1850,virus,0.9997743964195251,0.016056,0.030993,0.046914,0.021569,0.017522,0.866946
NC_139368.1,NC_139368.1__M__100,M,100,1900,virus,0.999744713306427,0.016708,0.030667,0.074909,0.024204,0.020699,0.832813
NC_139368.1,NC_139368.1__N__100,N,100,1900,virus,0.999744713306427,0.016708,0.030667,0.074909,0.024204,0.020699,0.832813
NC_139368.1,NC_139368.1__M__50,M,50,1950,virus,0.9998149275779724,0.013304,0.028361,0.043442,0.019356,0.014406,0.881132
NC_139368.1,NC_139368.1__N__50,N,50,1950,virus,0.9998149275779724,0.013304,0.028361,0.043442,0.019356,0.014406,0.881132
NC_139368.1,NC_139368.1__M__1,M,1,1999,virus,0.9998548030853271,0.010469,0.018711,0.023479,0.013277,0.011475,0.922589
NC_139368.1,NC_139368.1__N__1,N,1,1999,virus,0.9998548030853271,0.010469,0.018711,0.023479,0.013277,0.011475,0.922589
NC_139181.1,NC_139181.1__none__0,none,0,2000,phage,0.994211733341217,0.019359,0.915232,0.014160,0.015722,0.018762,0.016764
NC_139181.1,NC_139181.1__M__500,M,500,1500,bacteria,0.9941052198410034,0.661798,0.198303,0.033133,0.040641,0.036664,0.029460
NC_139181.1,NC_139181.1__N__500,N,500,1500,bacteria,0.9941052198410034,0.661798,0.198303,0.033133,0.040641,0.036664,0.029460
NC_139181.1,NC_139181.1__M__450,M,450,1550,bacteria,0.9968681931495667,0.653130,0.186084,0.040781,0.043710,0.038492,0.037802
NC_139181.1,NC_139181.1__N__450,N,450,1550,bacteria,0.9968681931495667,0.653130,0.186084,0.040781,0.043710,0.038492,0.037802
NC_139181.1,NC_139181.1__M__400,M,400,1600,bacteria,0.997871994972229,0.593801,0.249774,0.039369,0.042961,0.038481,0.035613
NC_139181.1,NC_139181.1__N__400,N,400,1600,bacteria,0.997871994972229,0.593801,0.249774,0.039369,0.042961,0.038481,0.035613
NC_139181.1,NC_139181.1__M__350,M,350,1650,bacteria,0.997162401676178,0.711763,0.155536,0.031300,0.037400,0.034500,0.029502
NC_139181.1,NC_139181.1__N__350,N,350,1650,bacteria,0.997162401676178,0.711763,0.155536,0.031300,0.037400,0.034500,0.029502
NC_139181.1,NC_139181.1__M__300,M,300,1700,bacteria,0.9981805086135864,0.718969,0.136373,0.034369,0.039926,0.036175,0.034187
NC_139181.1,NC_139181.1__N__300,N,300,1700,bacteria,0.9981805086135864,0.718969,0.136373,0.034369,0.039926,0.036175,0.034187
NC_139181.1,NC_139181.1__M__250,M,250,1750,bacteria,0.9974583983421326,0.818492,0.067318,0.027230,0.030979,0.030204,0.025778
NC_139181.1,NC_139181.1__N__250,N,250,1750,bacteria,0.9974583983421326,0.818492,0.067318,0.027230,0.030979,0.030204,0.025778
NC_139181.1,NC_139181.1__M__200,M,200,1800,bacteria,0.996924102306366,0.586204,0.251037,0.038594,0.043885,0.042043,0.038237
NC_139181.1,NC_139181.1__N__200,N,200,1800,bacteria,0.996924102306366,0.586204,0.251037,0.038594,0.043885,0.042043,0.038237
NC_139181.1,NC_139181.1__M__150,M,150,1850,phage,0.9967047572135925,0.159949,0.713847,0.027589,0.033603,0.037148,0.027865
NC_139181.1,NC_139181.1__N__150,N,150,1850,phage,0.9967047572135925,0.159949,0.713847,0.027589,0.033603,0.037148,0.027865
NC_139181.1,NC_139181.1__M__100,M,100,1900,phage,0.9950385689735413,0.057073,0.856826,0.017993,0.021154,0.027623,0.019332
NC_139181.1,NC_139181.1__N__100,N,100,1900,phage,0.9950385689735413,0.057073,0.856826,0.017993,0.021154,0.027623,0.019332
NC_139181.1,NC_139181.1__M__50,M,50,1950,phage,0.9948821067810059,0.024313,0.907772,0.014640,0.016047,0.020386,0.016842
NC_139181.1,NC_139181.1__N__50,N,50,1950,phage,0.9948821067810059,0.024313,0.907772,0.014640,0.016047,0.020386,0.016842
NC_139181.1,NC_139181.1__M__1,M,1,1999,phage,0.9941480159759521,0.019285,0.915376,0.014121,0.015690,0.018763,0.016765
NC_139181.1,NC_139181.1__N__1,N,1,1999,phage,0.9941480159759521,0.019285,0.915376,0.014121,0.015690,0.018763,0.016765
NC_138481.1,NC_138481.1__none__0,none,0,2000,eukarya,0.9993740916252136,0.015745,0.013861,0.928461,0.014203,0.011440,0.016290
NC_138481.1,NC_138481.1__M__500,M,500,1500,eukarya,0.9996139407157898,0.354089,0.054638,0.424902,0.059452,0.024559,0.082358
NC_138481.1,NC_138481.1__N__500,N,500,1500,eukarya,0.9996139407157898,0.354089,0.054638,0.424902,0.059452,0.024559,0.082358
NC_138481.1,NC_138481.1__M__450,M,450,1550,eukarya,0.9994494318962097,0.124758,0.029782,0.759160,0.029925,0.013867,0.042508
NC_138481.1,NC_138481.1__N__450,N,450,1550,eukarya,0.9994494318962097,0.124758,0.029782,0.759160,0.029925,0.013867,0.042508
NC_138481.1,NC_138481.1__M__400,M,400,1600,eukarya,0.9996076226234436,0.090558,0.028119,0.806729,0.027630,0.013299,0.033664
NC_138481.1,NC_138481.1__N__400,N,400,1600,eukarya,0.9996076226234436,0.090558,0.028119,0.806729,0.027630,0.013299,0.033664
NC_138481.1,NC_138481.1__M__350,M,350,1650,eukarya,0.9998083710670471,0.095793,0.029575,0.800610,0.029451,0.013106,0.031465
NC_138481.1,NC_138481.1__N__350,N,350,1650,eukarya,0.9998083710670471,0.095793,0.029575,0.800610,0.029451,0.013106,0.031465
NC_138481.1,NC_138481.1__M__300,M,300,1700,eukarya,0.9995706677436829,0.133297,0.031895,0.755717,0.030467,0.015532,0.033093
NC_138481.1,NC_138481.1__N__300,N,300,1700,eukarya,0.9995706677436829,0.133297,0.031895,0.755717,0.030467,0.015532,0.033093
NC_138481.1,NC_138481.1__M__250,M,250,1750,eukarya,0.9996801614761353,0.100911,0.031189,0.793047,0.029503,0.015466,0.029883
NC_138481.1,NC_138481.1__N__250,N,250,1750,eukarya,0.9996801614761353,0.100911,0.031189,0.793047,0.029503,0.015466,0.029883
NC_138481.1,NC_138481.1__M__200,M,200,1800,eukarya,0.9996520280838013,0.049411,0.025276,0.864998,0.024708,0.012889,0.022720
NC_138481.1,NC_138481.1__N__200,N,200,1800,eukarya,0.9996520280838013,0.049411,0.025276,0.864998,0.024708,0.012889,0.022720
NC_138481.1,NC_138481.1__M__150,M,150,1850,eukarya,0.9994256496429443,0.051832,0.024488,0.861777,0.026410,0.012345,0.023149
NC_138481.1,NC_138481.1__N__150,N,150,1850,eukarya,0.9994256496429443,0.051832,0.024488,0.861777,0.026410,0.012345,0.023149
NC_138481.1,NC_138481.1__M__100,M,100,1900,eukarya,0.999099850654602,0.035692,0.020369,0.889941,0.022135,0.011309,0.020555
NC_138481.1,NC_138481.1__N__100,N,100,1900,eukarya,0.999099850654602,0.035692,0.020369,0.889941,0.022135,0.011309,0.020555
NC_138481.1,NC_138481.1__M__50,M,50,1950,eukarya,0.9989810585975647,0.018882,0.014909,0.921447,0.016250,0.011309,0.017202
NC_138481.1,NC_138481.1__N__50,N,50,1950,eukarya,0.9989810585975647,0.018882,0.014909,0.921447,0.016250,0.011309,0.017202
NC_138481.1,NC_138481.1__M__1,M,1,1999,eukarya,0.9993749260902405,0.015754,0.013863,0.928442,0.014208,0.011442,0.016291
NC_138481.1,NC_138481.1__N__1,N,1,1999,eukarya,0.9993749260902405,0.015754,0.013863,0.928442,0.014208,0.011442,0.016291
NC_137529.1,NC_137529.1__none__0,none,0,2000,phage,0.9971364736557007,0.107918,0.732312,0.020618,0.021976,0.094966,0.022210
NC_137529.1,NC_137529.1__M__500,M,500,1500,bacteria,0.9808611273765564,0.902446,0.024964,0.016060,0.017585,0.024181,0.014763
NC_137529.1,NC_137529.1__N__500,N,500,1500,bacteria,0.9808611273765564,0.902446,0.024964,0.016060,0.017585,0.024181,0.014763
NC_137529.1,NC_137529.1__M__450,M,450,1550,bacteria,0.9928471446037292,0.895211,0.022245,0.017459,0.018979,0.031116,0.014989
NC_137529.1,NC_137529.1__N__450,N,450,1550,bacteria,0.9928471446037292,0.895211,0.022245,0.017459,0.018979,0.031116,0.014989
NC_137529.1,NC_137529.1__M__400,M,400,1600,bacteria,0.9907235503196716,0.901934,0.024520,0.015764,0.017494,0.025666,0.014623
NC_137529.1,NC_137529.1__N__400,N,400,1600,bacteria,0.9907235503196716,0.901934,0.024520,0.015764,0.017494,0.025666,0.014623
NC_137529.1,NC_137529.1__M__350,M,350,1650,bacteria,0.9923362135887146,0.859598,0.029798,0.019333,0.021899,0.051895,0.017477
NC_137529.1,NC_137529.1__N__350,N,350,1650,bacteria,0.9923362135887146,0.859598,0.029798,0.019333,0.021899,0.051895,0.017477
NC_137529.1,NC_137529.1__M__300,M,300,1700,bacteria,0.9948182702064514,0.915073,0.020644,0.013902,0.016246,0.020662,0.013472
NC_137529.1,NC_137529.1__N__300,N,300,1700,bacteria,0.9948182702064514,0.915073,0.020644,0.013902,0.016246,0.020662,0.013472
NC_137529.1,NC_137529.1__M__250,M,250,1750,bacteria,0.9959665536880493,0.902986,0.028423,0.014323,0.017083,0.023795,0.013390
NC_137529.1,NC_137529.1__N__250,N,250,1750,bacteria,0.9959665536880493,0.902986,0.028423,0.014323,0.017083,0.023795,0.013390
NC_137529.1,NC_137529.1__M__200,M,200,1800,bacteria,0.9961861968040466,0.882137,0.043920,0.015704,0.018434,0.025435,0.014371
NC_137529.1,NC_137529.1__N__200,N,200,1800,bacteria,0.9961861968040466,0.882137,0.043920,0.015704,0.018434,0.025435,0.014371
NC_137529.1,NC_137529.1__M__150,M,150,1850,bacteria,0.9957245588302612,0.876375,0.043054,0.017064,0.019722,0.028179,0.015606
NC_137529.1,NC_137529.1__N__150,N,150,1850,bacteria,0.9957245588302612,0.876375,0.043054,0.017064,0.019722,0.028179,0.015606
NC_137529.1,NC_137529.1__M__100,M,100,1900,bacteria,0.9919880628585815,0.820373,0.056155,0.020872,0.022179,0.061203,0.019219
NC_137529.1,NC_137529.1__N__100,N,100,1900,bacteria,0.9919880628585815,0.820373,0.056155,0.020872,0.022179,0.061203,0.019219
NC_137529.1,NC_137529.1__M__50,M,50,1950,phage,0.9959476590156555,0.346650,0.487666,0.023094,0.027455,0.091123,0.024012
NC_137529.1,NC_137529.1__N__50,N,50,1950,phage,0.9959476590156555,0.346650,0.487666,0.023094,0.027455,0.091123,0.024012
NC_137529.1,NC_137529.1__M__1,M,1,1999,phage,0.9971320629119873,0.107342,0.731737,0.020701,0.021966,0.095950,0.022304
NC_137529.1,NC_137529.1__N__1,N,1,1999,phage,0.9971320629119873,0.107342,0.731737,0.020701,0.021966,0.095950,0.022304
NC_117365.1,NC_117365.1__none__0,none,0,2000,virus,0.9997274279594421,0.010465,0.016491,0.018011,0.013128,0.014248,0.927656
NC_117365.1,NC_117365.1__M__500,M,500,1500,virus,0.9994712471961975,0.033891,0.017590,0.021016,0.017482,0.012370,0.897650
NC_117365.1,NC_117365.1__N__500,N,500,1500,virus,0.9994712471961975,0.033891,0.017590,0.021016,0.017482,0.012370,0.897650
NC_117365.1,NC_117365.1__M__450,M,450,1550,virus,0.999691367149353,0.029965,0.017930,0.019490,0.017485,0.013454,0.901676
NC_117365.1,NC_117365.1__N__450,N,450,1550,virus,0.999691367149353,0.029965,0.017930,0.019490,0.017485,0.013454,0.901676
NC_117365.1,NC_117365.1__M__400,M,400,1600,virus,0.9998000264167786,0.026349,0.016538,0.019045,0.016919,0.013826,0.907324
NC_117365.1,NC_117365.1__N__400,N,400,1600,virus,0.9998000264167786,0.026349,0.016538,0.019045,0.016919,0.013826,0.907324
NC_117365.1,NC_117365.1__M__350,M,350,1650,virus,0.9998903274536133,0.039626,0.016599,0.022460,0.019659,0.014532,0.887124
NC_117365.1,NC_117365.1__N__350,N,350,1650,virus,0.9998903274536133,0.039626,0.016599,0.022460,0.019659,0.014532,0.887124
NC_117365.1,NC_117365.1__M__300,M,300,1700,virus,0.9998382329940796,0.023415,0.015577,0.019493,0.016759,0.013626,0.911129
NC_117365.1,NC_117365.1__N__300,N,300,1700,virus,0.9998382329940796,0.023415,0.015577,0.019493,0.016759,0.013626,0.911129
NC_117365.1,NC_117365.1__M__250,M,250,1750,virus,0.9998478889465332,0.021331,0.017020,0.019448,0.016124,0.013582,0.912494
NC_117365.1,NC_117365.1__N__250,N,250,1750,virus,0.9998478889465332,0.021331,0.017020,0.019448,0.016124,0.013582,0.912494
NC_117365.1,NC_117365.1__M__200,M,200,1800,virus,0.999911904335022,0.019410,0.015958,0.018519,0.015829,0.012982,0.917302
NC_117365.1,NC_117365.1__N__200,N,200,1800,virus,0.999911904335022,0.019410,0.015958,0.018519,0.015829,0.012982,0.917302
NC_117365.1,NC_117365.1__M__150,M,150,1850,virus,0.9998892545700073,0.014078,0.014940,0.017442,0.014836,0.013058,0.925647
NC_117365.1,NC_117365.1__N__150,N,150,1850,virus,0.9998892545700073,0.014078,0.014940,0.017442,0.014836,0.013058,0.925647
NC_117365.1,NC_117365.1__M__100,M,100,1900,virus,0.9997794032096863,0.013153,0.016958,0.017600,0.014530,0.013752,0.924007
NC_117365.1,NC_117365.1__N__100,N,100,1900,virus,0.9997794032096863,0.013153,0.016958,0.017600,0.014530,0.013752,0.924007
NC_117365.1,NC_117365.1__M__50,M,50,1950,virus,0.9996992349624634,0.010754,0.016185,0.017525,0.012803,0.013539,0.929194
NC_117365.1,NC_117365.1__N__50,N,50,1950,virus,0.9996992349624634,0.010754,0.016185,0.017525,0.012803,0.013539,0.929194
NC_117365.1,NC_117365.1__M__1,M,1,1999,virus,0.9997257590293884,0.010548,0.016558,0.018114,0.013216,0.014337,0.927226
NC_117365.1,NC_117365.1__N__1,N,1,1999,virus,0.9997257590293884,0.010548,0.016558,0.018114,0.013216,0.014337,0.927226
NC_078320.1,NC_078320.1__none__0,none,0,2000,virus,0.9990851879119873,0.026542,0.025783,0.095383,0.024721,0.029538,0.798033
NC_078320.1,NC_078320.1__M__500,M,500,1500,virus,0.9997441172599792,0.056770,0.020130,0.031399,0.018943,0.009728,0.863030
NC_078320.1,NC_078320.1__N__500,N,500,1500,virus,0.9997441172599792,0.056770,0.020130,0.031399,0.018943,0.009728,0.863030
NC_078320.1,NC_078320.1__M__450,M,450,1550,virus,0.9996970891952515,0.028164,0.016779,0.019401,0.014764,0.010025,0.910866
NC_078320.1,NC_078320.1__N__450,N,450,1550,virus,0.9996970891952515,0.028164,0.016779,0.019401,0.014764,0.010025,0.910866
NC_078320.1,NC_078320.1__M__400,M,400,1600,virus,0.9994004964828491,0.030289,0.020549,0.034190,0.017618,0.013785,0.883568
NC_078320.1,NC_078320.1__N__400,N,400,1600,virus,0.9994004964828491,0.030289,0.020549,0.034190,0.017618,0.013785,0.883568
NC_078320.1,NC_078320.1__M__350,M,350,1650,virus,0.9996626377105713,0.036816,0.024204,0.054906,0.021910,0.016350,0.845814
NC_078320.1,NC_078320.1__N__350,N,350,1650,virus,0.9996626377105713,0.036816,0.024204,0.054906,0.021910,0.016350,0.845814
NC_078320.1,NC_078320.1__M__300,M,300,1700,virus,0.9996646642684937,0.054652,0.029610,0.083182,0.028053,0.016390,0.788114
NC_078320.1,NC_078320.1__N__300,N,300,1700,virus,0.9996646642684937,0.054652,0.029610,0.083182,0.028053,0.016390,0.788114
NC_078320.1,NC_078320.1__M__250,M,250,1750,virus,0.9998027682304382,0.058214,0.040481,0.243979,0.036766,0.025227,0.595332
NC_078320.1,NC_078320.1__N__250,N,250,1750,virus,0.9998027682304382,0.058214,0.040481,0.243979,0.036766,0.025227,0.595332
NC_078320.1,NC_078320.1__M__200,M,200,1800,virus,0.9997983574867249,0.041682,0.031900,0.113177,0.026497,0.022353,0.764391
NC_078320.1,NC_078320.1__N__200,N,200,1800,virus,0.9997983574867249,0.041682,0.031900,0.113177,0.026497,0.022353,0.764391
NC_078320.1,NC_078320.1__M__150,M,150,1850,virus,0.9997425675392151,0.044628,0.033691,0.146583,0.031348,0.023811,0.719940
NC_078320.1,NC_078320.1__N__150,N,150,1850,virus,0.9997425675392151,0.044628,0.033691,0.146583,0.031348,0.023811,0.719940
NC_078320.1,NC_078320.1__M__100,M,100,1900,virus,0.9996691942214966,0.032996,0.031287,0.125564,0.028041,0.029865,0.752247
NC_078320.1,NC_078320.1__N__100,N,100,1900,virus,0.9996691942214966,0.032996,0.031287,0.125564,0.028041,0.029865,0.752247
NC_078320.1,NC_078320.1__M__50,M,50,1950,virus,0.9988933205604553,0.026097,0.024790,0.093656,0.024161,0.028322,0.802974
NC_078320.1,NC_078320.1__N__50,N,50,1950,virus,0.9988933205604553,0.026097,0.024790,0.093656,0.024161,0.028322,0.802974
NC_078320.1,NC_078320.1__M__1,M,1,1999,virus,0.9990781545639038,0.026539,0.025769,0.095489,0.024675,0.029500,0.798028
NC_078320.1,NC_078320.1__N__1,N,1,1999,virus,0.9990781545639038,0.026539,0.025769,0.095489,0.024675,0.029500,0.798028
NC_078100.1,NC_078100.1__none__0,none,0,2000,virus,0.9999717473983765,0.013625,0.020524,0.021479,0.016794,0.016262,0.911315
NC_078100.1,NC_078100.1__M__500,M,500,1500,virus,0.9999710321426392,0.043713,0.028658,0.039332,0.025049,0.024336,0.838912
NC_078100.1,NC_078100.1__N__500,N,500,1500,virus,0.9999710321426392,0.043713,0.028658,0.039332,0.025049,0.024336,0.838912
NC_078100.1,NC_078100.1__M__450,M,450,1550,virus,0.9999823570251465,0.097418,0.034205,0.050214,0.032378,0.025035,0.760749
NC_078100.1,NC_078100.1__N__450,N,450,1550,virus,0.9999823570251465,0.097418,0.034205,0.050214,0.032378,0.025035,0.760749
NC_078100.1,NC_078100.1__M__400,M,400,1600,virus,0.9999803304672241,0.037943,0.022471,0.027210,0.019586,0.016860,0.875931
NC_078100.1,NC_078100.1__N__400,N,400,1600,virus,0.9999803304672241,0.037943,0.022471,0.027210,0.019586,0.016860,0.875931
NC_078100.1,NC_078100.1__M__350,M,350,1650,virus,0.9999841451644897,0.045932,0.027812,0.031481,0.024881,0.019169,0.850724
NC_078100.1,NC_078100.1__N__350,N,350,1650,virus,0.9999841451644897,0.045932,0.027812,0.031481,0.024881,0.019169,0.850724
NC_078100.1,NC_078100.1__M__300,M,300,1700,virus,0.9999890327453613,0.034499,0.028149,0.027907,0.025482,0.021424,0.862539
NC_078100.1,NC_078100.1__N__300,N,300,1700,virus,0.9999890327453613,0.034499,0.028149,0.027907,0.025482,0.021424,0.862539
NC_078100.1,NC_078100.1__M__250,M,250,1750,virus,0.99998939037323,0.018580,0.019513,0.022541,0.018213,0.016405,0.904747
NC_078100.1,NC_078100.1__N__250,N,250,1750,virus,0.99998939037323,0.018580,0.019513,0.022541,0.018213,0.016405,0.904747
NC_078100.1,NC_078100.1__M__200,M,200,1800,virus,0.9999879598617554,0.017195,0.023050,0.024325,0.019914,0.019326,0.896190
NC_078100.1,NC_078100.1__N__200,N,200,1800,virus,0.9999879598617554,0.017195,0.023050,0.024325,0.019914,0.019326,0.896190
NC_078100.1,NC_078100.1__M__150,M,150,1850,virus,0.9999878406524658,0.014978,0.022639,0.022876,0.018728,0.018700,0.902079
NC_078100.1,NC_078100.1__N__150,N,150,1850,virus,0.9999878406524658,0.014978,0.022639,0.022876,0.018728,0.018700,0.902079
NC_078100.1,NC_078100.1__M__100,M,100,1900,virus,0.9999804496765137,0.012222,0.020798,0.020349,0.016292,0.017467,0.912872
NC_078100.1,NC_078100.1__N__100,N,100,1900,virus,0.9999804496765137,0.012222,0.020798,0.020349,0.016292,0.017467,0.912872
NC_078100.1,NC_078100.1__M__50,M,50,1950,virus,0.9999605417251587,0.016440,0.028072,0.028999,0.021137,0.019568,0.885784
NC_078100.1,NC_078100.1__N__50,N,50,1950,virus,0.9999605417251587,0.016440,0.028072,0.028999,0.021137,0.019568,0.885784
NC_078100.1,NC_078100.1__M__1,M,1,1999,virus,0.9999717473983765,0.013645,0.020542,0.021416,0.016754,0.016243,0.911399
NC_078100.1,NC_078100.1__N__1,N,1,1999,virus,0.9999717473983765,0.013645,0.020542,0.021416,0.016754,0.016243,0.911399
NC_078225.1,NC_078225.1__none__0,none,0,2000,virus,0.9996246099472046,0.010080,0.011968,0.012441,0.010859,0.011999,0.942653
NC_078225.1,NC_078225.1__M__500,M,500,1500,virus,0.9998502731323242,0.043380,0.022781,0.025798,0.018761,0.011057,0.878223
NC_078225.1,NC_078225.1__N__500,N,500,1500,virus,0.9998502731323242,0.043380,0.022781,0.025798,0.018761,0.011057,0.878223
NC_078225.1,NC_078225.1__M__450,M,450,1550,virus,0.9998520612716675,0.043126,0.020551,0.024787,0.016998,0.010071,0.884467
NC_078225.1,NC_078225.1__N__450,N,450,1550,virus,0.9998520612716675,0.043126,0.020551,0.024787,0.016998,0.010071,0.884467
NC_078225.1,NC_078225.1__M__400,M,400,1600,virus,0.9998340606689453,0.038580,0.026975,0.025811,0.018510,0.011383,0.878741
NC_078225.1,NC_078225.1__N__400,N,400,1600,virus,0.9998340606689453,0.038580,0.026975,0.025811,0.018510,0.011383,0.878741
NC_078225.1,NC_078225.1__M__350,M,350,1650,virus,0.9997809529304504,0.037109,0.022723,0.023807,0.017487,0.010299,0.888575
NC_078225.1,NC_078225.1__N__350,N,350,1650,virus,0.9997809529304504,0.037109,0.022723,0.023807,0.017487,0.010299,0.888575
NC_078225.1,NC_078225.1__M__300,M,300,1700,virus,0.9998120665550232,0.029741,0.023268,0.022582,0.017270,0.011428,0.895711
NC_078225.1,NC_078225.1__N__300,N,300,1700,virus,0.9998120665550232,0.029741,0.023268,0.022582,0.017270,0.011428,0.895711
NC_078225.1,NC_078225.1__M__250,M,250,1750,virus,0.9997321963310242,0.022370,0.018412,0.016762,0.013533,0.010449,0.918475
NC_078225.1,NC_078225.1__N__250,N,250,1750,virus,0.9997321963310242,0.022370,0.018412,0.016762,0.013533,0.010449,0.918475
NC_078225.1,NC_078225.1__M__200,M,200,1800,virus,0.9997801184654236,0.018431,0.016263,0.014498,0.012355,0.010875,0.927579
NC_078225.1,NC_078225.1__N__200,N,200,1800,virus,0.9997801184654236,0.018431,0.016263,0.014498,0.012355,0.010875,0.927579
NC_078225.1,NC_078225.1__M__150,M,150,1850,virus,0.9998478889465332,0.017379,0.014464,0.013810,0.012005,0.011102,0.931241
NC_078225.1,NC_078225.1__N__150,N,150,1850,virus,0.9998478889465332,0.017379,0.014464,0.013810,0.012005,0.011102,0.931241
NC_078225.1,NC_078225.1__M__100,M,100,1900,virus,0.9997608065605164,0.016361,0.014404,0.014621,0.012051,0.011445,0.931118
NC_078225.1,NC_078225.1__N__100,N,100,1900,virus,0.9997608065605164,0.016361,0.014404,0.014621,0.012051,0.011445,0.931118
NC_078225.1,NC_078225.1__M__50,M,50,1950,virus,0.9996337890625,0.009925,0.011620,0.011825,0.010718,0.011190,0.944722
NC_078225.1,NC_078225.1__N__50,N,50,1950,virus,0.9996337890625,0.009925,0.011620,0.011825,0.010718,0.011190,0.944722
NC_078225.1,NC_078225.1__M__1,M,1,1999,virus,0.9996253252029419,0.010107,0.011924,0.012417,0.010843,0.012003,0.942706
NC_078225.1,NC_078225.1__N__1,N,1,1999,virus,0.9996253252029419,0.010107,0.011924,0.012417,0.010843,0.012003,0.942706
NC_078270.1,NC_078270.1__none__0,none,0,2000,virus,0.9999219179153442,0.030673,0.121064,0.036756,0.029092,0.024326,0.758088
NC_078270.1,NC_078270.1__M__500,M,500,1500,bacteria,0.9996110796928406,0.650365,0.119656,0.029925,0.042056,0.034390,0.123609
NC_078270.1,NC_078270.1__N__500,N,500,1500,bacteria,0.9996110796928406,0.650365,0.119656,0.029925,0.042056,0.034390,0.123609
NC_078270.1,NC_078270.1__M__450,M,450,1550,bacteria,0.9997748732566833,0.772973,0.059441,0.023291,0.034581,0.030419,0.079295
NC_078270.1,NC_078270.1__N__450,N,450,1550,bacteria,0.9997748732566833,0.772973,0.059441,0.023291,0.034581,0.030419,0.079295
NC_078270.1,NC_078270.1__M__400,M,400,1600,bacteria,0.9997965693473816,0.584023,0.072123,0.032997,0.040148,0.037209,0.233500
NC_078270.1,NC_078270.1__N__400,N,400,1600,bacteria,0.9997965693473816,0.584023,0.072123,0.032997,0.040148,0.037209,0.233500
NC_078270.1,NC_078270.1__M__350,M,350,1650,bacteria,0.9997962117195129,0.507844,0.101183,0.038720,0.043973,0.036368,0.271912
NC_078270.1,NC_078270.1__N__350,N,350,1650,bacteria,0.9997962117195129,0.507844,0.101183,0.038720,0.043973,0.036368,0.271912
NC_078270.1,NC_078270.1__M__300,M,300,1700,virus,0.9997681975364685,0.345717,0.102696,0.040683,0.044332,0.030245,0.436327
NC_078270.1,NC_078270.1__N__300,N,300,1700,virus,0.9997681975364685,0.345717,0.102696,0.040683,0.044332,0.030245,0.436327
NC_078270.1,NC_078270.1__M__250,M,250,1750,virus,0.9998238682746887,0.355498,0.115902,0.044973,0.050750,0.041274,0.391602
NC_078270.1,NC_078270.1__N__250,N,250,1750,virus,0.9998238682746887,0.355498,0.115902,0.044973,0.050750,0.041274,0.391602
NC_078270.1,NC_078270.1__M__200,M,200,1800,virus,0.9998040795326233,0.162382,0.090641,0.036869,0.040888,0.036927,0.632293
NC_078270.1,NC_078270.1__N__200,N,200,1800,virus,0.9998040795326233,0.162382,0.090641,0.036869,0.040888,0.036927,0.632293
NC_078270.1,NC_078270.1__M__150,M,150,1850,bacteria,0.9998315572738647,0.314859,0.248979,0.044493,0.063781,0.062433,0.265456
NC_078270.1,NC_078270.1__N__150,N,150,1850,bacteria,0.9998315572738647,0.314859,0.248979,0.044493,0.063781,0.062433,0.265456
NC_078270.1,NC_078270.1__M__100,M,100,1900,virus,0.999805748462677,0.174790,0.311489,0.051210,0.067507,0.056561,0.338442
NC_078270.1,NC_078270.1__N__100,N,100,1900,virus,0.999805748462677,0.174790,0.311489,0.051210,0.067507,0.056561,0.338442
NC_078270.1,NC_078270.1__M__50,M,50,1950,virus,0.9999066591262817,0.028124,0.122485,0.032176,0.027281,0.023900,0.766034
NC_078270.1,NC_078270.1__N__50,N,50,1950,virus,0.9999066591262817,0.028124,0.122485,0.032176,0.027281,0.023900,0.766034
NC_078270.1,NC_078270.1__M__1,M,1,1999,virus,0.9999220371246338,0.030688,0.122144,0.037079,0.029177,0.024580,0.756332
NC_078270.1,NC_078270.1__N__1,N,1,1999,virus,0.9999220371246338,0.030688,0.122144,0.037079,0.029177,0.024580,0.756332
NC_078409.1,NC_078409.1__none__0,none,0,2000,virus,0.9957669973373413,0.016575,0.037881,0.051451,0.023039,0.023830,0.847225
NC_078409.1,NC_078409.1__M__500,M,500,1500,virus,0.9988896250724792,0.069351,0.085552,0.059502,0.054815,0.035691,0.695089
NC_078409.1,NC_078409.1__N__500,N,500,1500,virus,0.9988896250724792,0.069351,0.085552,0.059502,0.054815,0.035691,0.695089
NC_078409.1,NC_078409.1__M__450,M,450,1550,virus,0.9996881484985352,0.078318,0.119942,0.077630,0.069804,0.051999,0.602306
NC_078409.1,NC_078409.1__N__450,N,450,1550,virus,0.9996881484985352,0.078318,0.119942,0.077630,0.069804,0.051999,0.602306
NC_078409.1,NC_078409.1__M__400,M,400,1600,virus,0.9995158910751343,0.053402,0.089579,0.075537,0.057004,0.047885,0.676592
NC_078409.1,NC_078409.1__N__400,N,400,1600,virus,0.9995158910751343,0.053402,0.089579,0.075537,0.057004,0.047885,0.676592
NC_078409.1,NC_078409.1__M__350,M,350,1650,virus,0.9995126724243164,0.035546,0.055722,0.051155,0.037797,0.028741,0.791039
NC_078409.1,NC_078409.1__N__350,N,350,1650,virus,0.9995126724243164,0.035546,0.055722,0.051155,0.037797,0.028741,0.791039
NC_078409.1,NC_078409.1__M__300,M,300,1700,virus,0.9989965558052063,0.031918,0.046895,0.054062,0.034422,0.026326,0.806377
NC_078409.1,NC_078409.1__N__300,N,300,1700,virus,0.9989965558052063,0.031918,0.046895,0.054062,0.034422,0.026326,0.806377
NC_078409.1,NC_078409.1__M__250,M,250,1750,virus,0.9986269474029541,0.024842,0.041792,0.056385,0.028534,0.026688,0.821758
NC_078409.1,NC_078409.1__N__250,N,250,1750,virus,0.9986269474029541,0.024842,0.041792,0.056385,0.028534,0.026688,0.821758
NC_078409.1,NC_078409.1__M__200,M,200,1800,virus,0.9979749321937561,0.021329,0.037415,0.050711,0.026362,0.024601,0.839582
NC_078409.1,NC_078409.1__N__200,N,200,1800,virus,0.9979749321937561,0.021329,0.037415,0.050711,0.026362,0.024601,0.839582
NC_078409.1,NC_078409.1__M__150,M,150,1850,virus,0.9976664781570435,0.021632,0.039280,0.057668,0.028511,0.027951,0.824958
NC_078409.1,NC_078409.1__N__150,N,150,1850,virus,0.9976664781570435,0.021632,0.039280,0.057668,0.028511,0.027951,0.824958
NC_078409.1,NC_078409.1__M__100,M,100,1900,virus,0.9970280528068542,0.017319,0.034039,0.044639,0.023224,0.023809,0.856970
NC_078409.1,NC_078409.1__N__100,N,100,1900,virus,0.9970280528068542,0.017319,0.034039,0.044639,0.023224,0.023809,0.856970
NC_078409.1,NC_078409.1__M__50,M,50,1950,virus,0.9924087524414062,0.015501,0.031790,0.048139,0.021129,0.022192,0.861249
NC_078409.1,NC_078409.1__N__50,N,50,1950,virus,0.9924087524414062,0.015501,0.031790,0.048139,0.021129,0.022192,0.861249
NC_078409.1,NC_078409.1__M__1,M,1,1999,virus,0.9957584738731384,0.016655,0.038150,0.051772,0.023014,0.023859,0.846550
NC_078409.1,NC_078409.1__N__1,N,1,1999,virus,0.9957584738731384,0.016655,0.038150,0.051772,0.023014,0.023859,0.846550
NC_078484.1,NC_078484.1__none__0,none,0,2000,virus,0.9547850489616394,0.023842,0.028332,0.083832,0.026534,0.023467,0.813994
NC_078484.1,NC_078484.1__M__500,M,500,1500,virus,0.9875942468643188,0.017193,0.016579,0.018573,0.014188,0.010925,0.922543
NC_078484.1,NC_078484.1__N__500,N,500,1500,virus,0.9875942468643188,0.017193,0.016579,0.018573,0.014188,0.010925,0.922543
NC_078484.1,NC_078484.1__M__450,M,450,1550,virus,0.9889110326766968,0.024339,0.017470,0.025599,0.016673,0.009868,0.906051
NC_078484.1,NC_078484.1__N__450,N,450,1550,virus,0.9889110326766968,0.024339,0.017470,0.025599,0.016673,0.009868,0.906051
NC_078484.1,NC_078484.1__M__400,M,400,1600,virus,0.9917857050895691,0.027383,0.019303,0.034597,0.020927,0.010029,0.887760
NC_078484.1,NC_078484.1__N__400,N,400,1600,virus,0.9917857050895691,0.027383,0.019303,0.034597,0.020927,0.010029,0.887760
NC_078484.1,NC_078484.1__M__350,M,350,1650,virus,0.991614580154419,0.034322,0.020368,0.026731,0.019332,0.008468,0.890780
NC_078484.1,NC_078484.1__N__350,N,350,1650,virus,0.991614580154419,0.034322,0.020368,0.026731,0.019332,0.008468,0.890780
NC_078484.1,NC_078484.1__M__300,M,300,1700,virus,0.9897109866142273,0.021233,0.020134,0.026476,0.017730,0.012089,0.902337
NC_078484.1,NC_078484.1__N__300,N,300,1700,virus,0.9897109866142273,0.021233,0.020134,0.026476,0.017730,0.012089,0.902337
NC_078484.1,NC_078484.1__M__250,M,250,1750,virus,0.9859251379966736,0.020263,0.019551,0.027933,0.017222,0.012082,0.902949
NC_078484.1,NC_078484.1__N__250,N,250,1750,virus,0.9859251379966736,0.020263,0.019551,0.027933,0.017222,0.012082,0.902949
NC_078484.1,NC_078484.1__M__200,M,200,1800,virus,0.9821374416351318,0.019176,0.020873,0.040278,0.018907,0.015903,0.884862
NC_078484.1,NC_078484.1__N__200,N,200,1800,virus,0.9821374416351318,0.019176,0.020873,0.040278,0.018907,0.015903,0.884862
NC_078484.1,NC_078484.1__M__150,M,150,1850,virus,0.979484498500824,0.019198,0.020161,0.041208,0.019968,0.015397,0.884068
NC_078484.1,NC_078484.1__N__150,N,150,1850,virus,0.979484498500824,0.019198,0.020161,0.041208,0.019968,0.015397,0.884068
NC_078484.1,NC_078484.1__M__100,M,100,1900,virus,0.9717450737953186,0.018883,0.021780,0.047472,0.021646,0.017484,0.872734
NC_078484.1,NC_078484.1__N__100,N,100,1900,virus,0.9717450737953186,0.018883,0.021780,0.047472,0.021646,0.017484,0.872734
NC_078484.1,NC_078484.1__M__50,M,50,1950,virus,0.9208959341049194,0.026032,0.030147,0.112841,0.027953,0.024649,0.778377
NC_078484.1,NC_078484.1__N__50,N,50,1950,virus,0.9208959341049194,0.026032,0.030147,0.112841,0.027953,0.024649,0.778377
NC_078484.1,NC_078484.1__M__1,M,1,1999,virus,0.9546821713447571,0.023809,0.028437,0.083003,0.026628,0.023501,0.814622
NC_078484.1,NC_078484.1__N__1,N,1,1999,virus,0.9546821713447571,0.023809,0.028437,0.083003,0.026628,0.023501,0.814622
NC_078627.1,NC_078627.1__none__0,none,0,2000,virus,0.9987375140190125,0.028609,0.019004,0.024834,0.020780,0.011222,0.895551
NC_078627.1,NC_078627.1__M__500,M,500,1500,bacteria,0.9997655749320984,0.739901,0.033847,0.036434,0.029264,0.026793,0.133762
NC_078627.1,NC_078627.1__N__500,N,500,1500,bacteria,0.9997655749320984,0.739901,0.033847,0.036434,0.029264,0.026793,0.133762
NC_078627.1,NC_078627.1__M__450,M,450,1550,bacteria,0.9997952580451965,0.739825,0.038237,0.059691,0.034035,0.023971,0.104240
NC_078627.1,NC_078627.1__N__450,N,450,1550,bacteria,0.9997952580451965,0.739825,0.038237,0.059691,0.034035,0.023971,0.104240
NC_078627.1,NC_078627.1__M__400,M,400,1600,bacteria,0.9998536109924316,0.726281,0.039771,0.059408,0.036109,0.022187,0.116246
NC_078627.1,NC_078627.1__N__400,N,400,1600,bacteria,0.9998536109924316,0.726281,0.039771,0.059408,0.036109,0.022187,0.116246
NC_078627.1,NC_078627.1__M__350,M,350,1650,bacteria,0.9998455047607422,0.527379,0.040198,0.163774,0.037801,0.023311,0.207538
NC_078627.1,NC_078627.1__N__350,N,350,1650,bacteria,0.9998455047607422,0.527379,0.040198,0.163774,0.037801,0.023311,0.207538
NC_078627.1,NC_078627.1__M__300,M,300,1700,bacteria,0.9996163845062256,0.462695,0.034993,0.126765,0.038274,0.020840,0.316433
NC_078627.1,NC_078627.1__N__300,N,300,1700,bacteria,0.9996163845062256,0.462695,0.034993,0.126765,0.038274,0.020840,0.316433
NC_078627.1,NC_078627.1__M__250,M,250,1750,bacteria,0.9997146725654602,0.650805,0.033813,0.119823,0.037888,0.020922,0.136750
NC_078627.1,NC_078627.1__N__250,N,250,1750,bacteria,0.9997146725654602,0.650805,0.033813,0.119823,0.037888,0.020922,0.136750
NC_078627.1,NC_078627.1__M__200,M,200,1800,bacteria,0.9996479749679565,0.358801,0.041275,0.253340,0.045591,0.020378,0.280615
NC_078627.1,NC_078627.1__N__200,N,200,1800,bacteria,0.9996479749679565,0.358801,0.041275,0.253340,0.045591,0.020378,0.280615
NC_078627.1,NC_078627.1__M__150,M,150,1850,bacteria,0.9995504021644592,0.353427,0.047275,0.272383,0.059739,0.022384,0.244792
NC_078627.1,NC_078627.1__N__150,N,150,1850,bacteria,0.9995504021644592,0.353427,0.047275,0.272383,0.059739,0.022384,0.244792
NC_078627.1,NC_078627.1__M__100,M,100,1900,virus,0.9990129470825195,0.209520,0.070526,0.253442,0.083998,0.026816,0.355698
NC_078627.1,NC_078627.1__N__100,N,100,1900,virus,0.9990129470825195,0.209520,0.070526,0.253442,0.083998,0.026816,0.355698
NC_078627.1,NC_078627.1__M__50,M,50,1950,virus,0.9984847903251648,0.064274,0.037427,0.080248,0.048162,0.016447,0.753442
NC_078627.1,NC_078627.1__N__50,N,50,1950,virus,0.9984847903251648,0.064274,0.037427,0.080248,0.048162,0.016447,0.753442
NC_078627.1,NC_078627.1__M__1,M,1,1999,virus,0.9987401366233826,0.028457,0.018846,0.024690,0.020835,0.011159,0.896013
NC_078627.1,NC_078627.1__N__1,N,1,1999,virus,0.9987401366233826,0.028457,0.018846,0.024690,0.020835,0.011159,0.896013
NC_078670.1,NC_078670.1__none__0,none,0,2000,virus,0.9999852180480957,0.016419,0.028042,0.020837,0.014639,0.014051,0.906013
NC_078670.1,NC_078670.1__M__500,M,500,1500,bacteria,0.9999741315841675,0.508299,0.061686,0.033493,0.046733,0.026668,0.323121
NC_078670.1,NC_078670.1__N__500,N,500,1500,bacteria,0.9999741315841675,0.508299,0.061686,0.033493,0.046733,0.026668,0.323121
NC_078670.1,NC_078670.1__M__450,M,450,1550,bacteria,0.9999819993972778,0.435736,0.060478,0.034564,0.048336,0.025709,0.395177
NC_078670.1,NC_078670.1__N__450,N,450,1550,bacteria,0.9999819993972778,0.435736,0.060478,0.034564,0.048336,0.025709,0.395177
NC_078670.1,NC_078670.1__M__400,M,400,1600,virus,0.9999885559082031,0.230003,0.059041,0.043192,0.045728,0.021236,0.600801
NC_078670.1,NC_078670.1__N__400,N,400,1600,virus,0.9999885559082031,0.230003,0.059041,0.043192,0.045728,0.021236,0.600801
NC_078670.1,NC_078670.1__M__350,M,350,1650,virus,0.9999853372573853,0.314969,0.042498,0.042826,0.043510,0.024301,0.531895
NC_078670.1,NC_078670.1__N__350,N,350,1650,virus,0.9999853372573853,0.314969,0.042498,0.042826,0.043510,0.024301,0.531895
NC_078670.1,NC_078670.1__M__300,M,300,1700,virus,0.999988317489624,0.369128,0.044729,0.039561,0.045815,0.023813,0.476953
NC_078670.1,NC_078670.1__N__300,N,300,1700,virus,0.999988317489624,0.369128,0.044729,0.039561,0.045815,0.023813,0.476953
NC_078670.1,NC_078670.1__M__250,M,250,1750,virus,0.9999880790710449,0.220268,0.038267,0.046382,0.040737,0.016287,0.638059
NC_078670.1,NC_078670.1__N__250,N,250,1750,virus,0.9999880790710449,0.220268,0.038267,0.046382,0.040737,0.016287,0.638059
NC_078670.1,NC_078670.1__M__200,M,200,1800,virus,0.9999904632568359,0.222262,0.039267,0.047143,0.044653,0.017965,0.628710
NC_078670.1,NC_078670.1__N__200,N,200,1800,virus,0.9999904632568359,0.222262,0.039267,0.047143,0.044653,0.017965,0.628710
NC_078670.1,NC_078670.1__M__150,M,150,1850,virus,0.9999890327453613,0.207147,0.054333,0.044799,0.045335,0.023715,0.624671
NC_078670.1,NC_078670.1__N__150,N,150,1850,virus,0.9999890327453613,0.207147,0.054333,0.044799,0.045335,0.023715,0.624671
NC_078670.1,NC_078670.1__M__100,M,100,1900,virus,0.9999732971191406,0.104526,0.043925,0.038743,0.033595,0.021658,0.757554
NC_078670.1,NC_078670.1__N__100,N,100,1900,virus,0.9999732971191406,0.104526,0.043925,0.038743,0.033595,0.021658,0.757554
NC_078670.1,NC_078670.1__M__50,M,50,1950,virus,0.9999771118164062,0.034070,0.056804,0.028714,0.022155,0.018336,0.839921
NC_078670.1,NC_078670.1__N__50,N,50,1950,virus,0.9999771118164062,0.034070,0.056804,0.028714,0.022155,0.018336,0.839921
NC_078670.1,NC_078670.1__M__1,M,1,1999,virus,0.9999853372573853,0.016515,0.028112,0.020816,0.014714,0.014088,0.905755
NC_078670.1,NC_078670.1__N__1,N,1,1999,virus,0.9999853372573853,0.016515,0.028112,0.020816,0.014714,0.014088,0.905755
NC_078676.1,NC_078676.1__none__0,none,0,2000,virus,0.9999325275421143,0.019453,0.041614,0.022136,0.030403,0.017391,0.869003
NC_078676.1,NC_078676.1__M__500,M,500,1500,virus,0.9991821646690369,0.043056,0.058914,0.029136,0.043928,0.024118,0.800848
NC_078676.1,NC_078676.1__N__500,N,500,1500,virus,0.9991821646690369,0.043056,0.058914,0.029136,0.043928,0.024118,0.800848
NC_078676.1,NC_078676.1__M__450,M,450,1550,virus,0.9994472861289978,0.086693,0.086039,0.040267,0.070175,0.030208,0.686618
NC_078676.1,NC_078676.1__N__450,N,450,1550,virus,0.9994472861289978,0.086693,0.086039,0.040267,0.070175,0.030208,0.686618
NC_078676.1,NC_078676.1__M__400,M,400,1600,virus,0.9994000196456909,0.072685,0.073334,0.033612,0.057813,0.025810,0.736746
NC_078676.1,NC_078676.1__N__400,N,400,1600,virus,0.9994000196456909,0.072685,0.073334,0.033612,0.057813,0.025810,0.736746
NC_078676.1,NC_078676.1__M__350,M,350,1650,virus,0.9992282390594482,0.058551,0.062179,0.026075,0.036185,0.024582,0.792428
NC_078676.1,NC_078676.1__N__350,N,350,1650,virus,0.9992282390594482,0.058551,0.062179,0.026075,0.036185,0.024582,0.792428
NC_078676.1,NC_078676.1__M__300,M,300,1700,virus,0.9994856119155884,0.054875,0.077452,0.025916,0.038637,0.025642,0.777478
NC_078676.1,NC_078676.1__N__300,N,300,1700,virus,0.9994856119155884,0.054875,0.077452,0.025916,0.038637,0.025642,0.777478
NC_078676.1,NC_078676.1__M__250,M,250,1750,virus,0.9996786117553711,0.054848,0.087807,0.026162,0.039653,0.029323,0.762207
NC_078676.1,NC_078676.1__N__250,N,250,1750,virus,0.9996786117553711,0.054848,0.087807,0.026162,0.039653,0.029323,0.762207
NC_078676.1,NC_078676.1__M__200,M,200,1800,virus,0.9997171759605408,0.080597,0.142902,0.039108,0.075426,0.035865,0.626102
NC_078676.1,NC_078676.1__N__200,N,200,1800,virus,0.9997171759605408,0.080597,0.142902,0.039108,0.075426,0.035865,0.626102
NC_078676.1,NC_078676.1__M__150,M,150,1850,virus,0.9997732043266296,0.057640,0.149107,0.035366,0.056209,0.037334,0.664344
NC_078676.1,NC_078676.1__N__150,N,150,1850,virus,0.9997732043266296,0.057640,0.149107,0.035366,0.056209,0.037334,0.664344
NC_078676.1,NC_078676.1__M__100,M,100,1900,virus,0.9997338652610779,0.030295,0.059474,0.029449,0.035719,0.024992,0.820071
NC_078676.1,NC_078676.1__N__100,N,100,1900,virus,0.9997338652610779,0.030295,0.059474,0.029449,0.035719,0.024992,0.820071
NC_078676.1,NC_078676.1__M__50,M,50,1950,virus,0.9998593330383301,0.023982,0.060214,0.027573,0.055273,0.020241,0.812717
NC_078676.1,NC_078676.1__N__50,N,50,1950,virus,0.9998593330383301,0.023982,0.060214,0.027573,0.055273,0.020241,0.812717
NC_078676.1,NC_078676.1__M__1,M,1,1999,virus,0.9999325275421143,0.019271,0.040948,0.021892,0.030235,0.017308,0.870347
NC_078676.1,NC_078676.1__N__1,N,1,1999,virus,0.9999325275421143,0.019271,0.040948,0.021892,0.030235,0.017308,0.870347
NC_078823.1,NC_078823.1__none__0,none,0,2000,virus,0.8903239965438843,0.019804,0.021905,0.018865,0.017722,0.019543,0.902161
NC_078823.1,NC_078823.1__M__500,M,500,1500,virus,0.9560943245887756,0.267157,0.034177,0.038248,0.031231,0.027927,0.601260
NC_078823.1,NC_078823.1__N__500,N,500,1500,virus,0.9560943245887756,0.267157,0.034177,0.038248,0.031231,0.027927,0.601260
NC_078823.1,NC_078823.1__M__450,M,450,1550,virus,0.9721822738647461,0.254816,0.028922,0.042383,0.028290,0.028040,0.617549
NC_078823.1,NC_078823.1__N__450,N,450,1550,virus,0.9721822738647461,0.254816,0.028922,0.042383,0.028290,0.028040,0.617549
NC_078823.1,NC_078823.1__M__400,M,400,1600,virus,0.9708833694458008,0.305667,0.042737,0.037897,0.037721,0.035222,0.540756
NC_078823.1,NC_078823.1__N__400,N,400,1600,virus,0.9708833694458008,0.305667,0.042737,0.037897,0.037721,0.035222,0.540756
NC_078823.1,NC_078823.1__M__350,M,350,1650,virus,0.9771103858947754,0.182653,0.027474,0.029895,0.028711,0.024536,0.706732
NC_078823.1,NC_078823.1__N__350,N,350,1650,virus,0.9771103858947754,0.182653,0.027474,0.029895,0.028711,0.024536,0.706732
NC_078823.1,NC_078823.1__M__300,M,300,1700,virus,0.9586897492408752,0.095793,0.026970,0.025043,0.026665,0.019316,0.806213
NC_078823.1,NC_078823.1__N__300,N,300,1700,virus,0.9586897492408752,0.095793,0.026970,0.025043,0.026665,0.019316,0.806213
NC_078823.1,NC_078823.1__M__250,M,250,1750,virus,0.944337785243988,0.065633,0.021012,0.022780,0.020625,0.018682,0.851267
NC_078823.1,NC_078823.1__N__250,N,250,1750,virus,0.944337785243988,0.065633,0.021012,0.022780,0.020625,0.018682,0.851267
NC_078823.1,NC_078823.1__M__200,M,200,1800,virus,0.9358801245689392,0.102011,0.028904,0.037119,0.029819,0.020098,0.782049
NC_078823.1,NC_078823.1__N__200,N,200,1800,virus,0.9358801245689392,0.102011,0.028904,0.037119,0.029819,0.020098,0.782049
NC_078823.1,NC_078823.1__M__150,M,150,1850,virus,0.9208841323852539,0.154864,0.058651,0.043167,0.044707,0.045292,0.653319
NC_078823.1,NC_078823.1__N__150,N,150,1850,virus,0.9208841323852539,0.154864,0.058651,0.043167,0.044707,0.045292,0.653319
NC_078823.1,NC_078823.1__M__100,M,100,1900,virus,0.9173331260681152,0.180916,0.078335,0.055252,0.056713,0.058678,0.570107
NC_078823.1,NC_078823.1__N__100,N,100,1900,virus,0.9173331260681152,0.180916,0.078335,0.055252,0.056713,0.058678,0.570107
NC_078823.1,NC_078823.1__M__50,M,50,1950,virus,0.8503339886665344,0.117578,0.062687,0.052757,0.043745,0.045502,0.677732
NC_078823.1,NC_078823.1__N__50,N,50,1950,virus,0.8503339886665344,0.117578,0.062687,0.052757,0.043745,0.045502,0.677732
NC_078823.1,NC_078823.1__M__1,M,1,1999,virus,0.8909738659858704,0.019709,0.021833,0.018832,0.017584,0.019554,0.902488
NC_078823.1,NC_078823.1__N__1,N,1,1999,virus,0.8909738659858704,0.019709,0.021833,0.018832,0.017584,0.019554,0.902488
NC_078826.1,NC_078826.1__none__0,none,0,2000,virus,0.9988571405410767,0.015969,0.016808,0.027978,0.015557,0.014051,0.909637
NC_078826.1,NC_078826.1__M__500,M,500,1500,virus,0.9998056292533875,0.044253,0.015925,0.021496,0.020418,0.009516,0.888392
NC_078826.1,NC_078826.1__N__500,N,500,1500,virus,0.9998056292533875,0.044253,0.015925,0.021496,0.020418,0.009516,0.888392
NC_078826.1,NC_078826.1__M__450,M,450,1550,virus,0.9997486472129822,0.050438,0.016502,0.021737,0.021720,0.010323,0.879278
NC_078826.1,NC_078826.1__N__450,N,450,1550,virus,0.9997486472129822,0.050438,0.016502,0.021737,0.021720,0.010323,0.879278
NC_078826.1,NC_078826.1__M__400,M,400,1600,virus,0.9997739195823669,0.053191,0.017540,0.024528,0.022714,0.011647,0.870380
NC_078826.1,NC_078826.1__N__400,N,400,1600,virus,0.9997739195823669,0.053191,0.017540,0.024528,0.022714,0.011647,0.870380
NC_078826.1,NC_078826.1__M__350,M,350,1650,virus,0.9997323155403137,0.052622,0.016903,0.023830,0.021660,0.010435,0.874550
NC_078826.1,NC_078826.1__N__350,N,350,1650,virus,0.9997323155403137,0.052622,0.016903,0.023830,0.021660,0.010435,0.874550
NC_078826.1,NC_078826.1__M__300,M,300,1700,virus,0.9995943903923035,0.047578,0.015485,0.023226,0.019403,0.011314,0.882994
NC_078826.1,NC_078826.1__N__300,N,300,1700,virus,0.9995943903923035,0.047578,0.015485,0.023226,0.019403,0.011314,0.882994
NC_078826.1,NC_078826.1__M__250,M,250,1750,virus,0.9996048808097839,0.065992,0.017196,0.036469,0.022169,0.013666,0.844508
NC_078826.1,NC_078826.1__N__250,N,250,1750,virus,0.9996048808097839,0.065992,0.017196,0.036469,0.022169,0.013666,0.844508
NC_078826.1,NC_078826.1__M__200,M,200,1800,virus,0.9996497631072998,0.052130,0.019060,0.040567,0.021426,0.013732,0.853085
NC_078826.1,NC_078826.1__N__200,N,200,1800,virus,0.9996497631072998,0.052130,0.019060,0.040567,0.021426,0.013732,0.853085
NC_078826.1,NC_078826.1__M__150,M,150,1850,virus,0.9993853569030762,0.027676,0.015147,0.023205,0.016876,0.010413,0.906682
NC_078826.1,NC_078826.1__N__150,N,150,1850,virus,0.9993853569030762,0.027676,0.015147,0.023205,0.016876,0.010413,0.906682
NC_078826.1,NC_078826.1__M__100,M,100,1900,virus,0.99888676404953,0.023882,0.016821,0.029217,0.016898,0.011774,0.901408
NC_078826.1,NC_078826.1__N__100,N,100,1900,virus,0.99888676404953,0.023882,0.016821,0.029217,0.016898,0.011774,0.901408
NC_078826.1,NC_078826.1__M__50,M,50,1950,virus,0.9987024068832397,0.020936,0.020256,0.047940,0.018052,0.016186,0.876630
NC_078826.1,NC_078826.1__N__50,N,50,1950,virus,0.9987024068832397,0.020936,0.020256,0.047940,0.018052,0.016186,0.876630
NC_078826.1,NC_078826.1__M__1,M,1,1999,virus,0.9988528490066528,0.016067,0.016904,0.028221,0.015551,0.014053,0.909203
NC_078826.1,NC_078826.1__N__1,N,1,1999,virus,0.9988528490066528,0.016067,0.016904,0.028221,0.015551,0.014053,0.909203
NC_078867.1,NC_078867.1__none__0,none,0,2000,archaea,0.9998748302459717,0.022998,0.106346,0.051579,0.743242,0.031424,0.044410
NC_078867.1,NC_078867.1__M__500,M,500,1500,virus,0.9998111128807068,0.191665,0.092644,0.054417,0.055247,0.030034,0.575993
NC_078867.1,NC_078867.1__N__500,N,500,1500,virus,0.9998111128807068,0.191665,0.092644,0.054417,0.055247,0.030034,0.575993
NC_078867.1,NC_078867.1__M__450,M,450,1550,virus,0.9998772144317627,0.221481,0.091730,0.063552,0.058672,0.029495,0.535070
NC_078867.1,NC_078867.1__N__450,N,450,1550,virus,0.9998772144317627,0.221481,0.091730,0.063552,0.058672,0.029495,0.535070
NC_078867.1,NC_078867.1__M__400,M,400,1600,virus,0.9999160766601562,0.158147,0.066832,0.056675,0.056675,0.026035,0.635637
NC_078867.1,NC_078867.1__N__400,N,400,1600,virus,0.9999160766601562,0.158147,0.066832,0.056675,0.056675,0.026035,0.635637
NC_078867.1,NC_078867.1__M__350,M,350,1650,virus,0.9999237060546875,0.125269,0.059264,0.052972,0.056078,0.019921,0.686496
NC_078867.1,NC_078867.1__N__350,N,350,1650,virus,0.9999237060546875,0.125269,0.059264,0.052972,0.056078,0.019921,0.686496
NC_078867.1,NC_078867.1__M__300,M,300,1700,virus,0.9998599290847778,0.155917,0.073371,0.068853,0.065552,0.026249,0.610059
NC_078867.1,NC_078867.1__N__300,N,300,1700,virus,0.9998599290847778,0.155917,0.073371,0.068853,0.065552,0.026249,0.610059
NC_078867.1,NC_078867.1__M__250,M,250,1750,virus,0.9998583793640137,0.088583,0.062180,0.077758,0.147960,0.023394,0.600125
NC_078867.1,NC_078867.1__N__250,N,250,1750,virus,0.9998583793640137,0.088583,0.062180,0.077758,0.147960,0.023394,0.600125
NC_078867.1,NC_078867.1__M__200,M,200,1800,virus,0.9998586177825928,0.088739,0.067605,0.082959,0.217677,0.026131,0.516890
NC_078867.1,NC_078867.1__N__200,N,200,1800,virus,0.9998586177825928,0.088739,0.067605,0.082959,0.217677,0.026131,0.516890
NC_078867.1,NC_078867.1__M__150,M,150,1850,virus,0.9997885823249817,0.085595,0.095418,0.076408,0.263294,0.032115,0.447170
NC_078867.1,NC_078867.1__N__150,N,150,1850,virus,0.9997885823249817,0.085595,0.095418,0.076408,0.263294,0.032115,0.447170
NC_078867.1,NC_078867.1__M__100,M,100,1900,archaea,0.9995973706245422,0.065694,0.106411,0.091275,0.397529,0.033968,0.305123
NC_078867.1,NC_078867.1__N__100,N,100,1900,archaea,0.9995973706245422,0.065694,0.106411,0.091275,0.397529,0.033968,0.305123
NC_078867.1,NC_078867.1__M__50,M,50,1950,archaea,0.9997652173042297,0.036651,0.186988,0.067519,0.612226,0.035334,0.061281
NC_078867.1,NC_078867.1__N__50,N,50,1950,archaea,0.9997652173042297,0.036651,0.186988,0.067519,0.612226,0.035334,0.061281
NC_078867.1,NC_078867.1__M__1,M,1,1999,archaea,0.999875545501709,0.022995,0.104091,0.050895,0.746248,0.031473,0.044297
NC_078867.1,NC_078867.1__N__1,N,1,1999,archaea,0.999875545501709,0.022995,0.104091,0.050895,0.746248,0.031473,0.044297
NC_078917.1,NC_078917.1__none__0,none,0,2000,virus,0.9996310472488403,0.015008,0.026546,0.022830,0.016843,0.016369,0.902403
NC_078917.1,NC_078917.1__M__500,M,500,1500,virus,0.9982982277870178,0.317056,0.068184,0.039854,0.059778,0.029216,0.485912
NC_078917.1,NC_078917.1__N__500,N,500,1500,virus,0.9982982277870178,0.317056,0.068184,0.039854,0.059778,0.029216,0.485912
NC_078917.1,NC_078917.1__M__450,M,450,1550,virus,0.999203622341156,0.213201,0.040084,0.035145,0.053451,0.023152,0.634966
NC_078917.1,NC_078917.1__N__450,N,450,1550,virus,0.999203622341156,0.213201,0.040084,0.035145,0.053451,0.023152,0.634966
NC_078917.1,NC_078917.1__M__400,M,400,1600,virus,0.9993830919265747,0.145498,0.030504,0.033959,0.037930,0.018089,0.734020
NC_078917.1,NC_078917.1__N__400,N,400,1600,virus,0.9993830919265747,0.145498,0.030504,0.033959,0.037930,0.018089,0.734020
NC_078917.1,NC_078917.1__M__350,M,350,1650,virus,0.9993581175804138,0.054409,0.026479,0.023980,0.024099,0.013969,0.857064
NC_078917.1,NC_078917.1__N__350,N,350,1650,virus,0.9993581175804138,0.054409,0.026479,0.023980,0.024099,0.013969,0.857064
NC_078917.1,NC_078917.1__M__300,M,300,1700,virus,0.9993359446525574,0.036810,0.021674,0.021747,0.017673,0.012867,0.889228
NC_078917.1,NC_078917.1__N__300,N,300,1700,virus,0.9993359446525574,0.036810,0.021674,0.021747,0.017673,0.012867,0.889228
NC_078917.1,NC_078917.1__M__250,M,250,1750,virus,0.9994869232177734,0.033493,0.028431,0.022439,0.020188,0.016030,0.879419
NC_078917.1,NC_078917.1__N__250,N,250,1750,virus,0.9994869232177734,0.033493,0.028431,0.022439,0.020188,0.016030,0.879419
NC_078917.1,NC_078917.1__M__200,M,200,1800,virus,0.9996138215065002,0.038579,0.025291,0.022022,0.019820,0.016576,0.877713
NC_078917.1,NC_078917.1__N__200,N,200,1800,virus,0.9996138215065002,0.038579,0.025291,0.022022,0.019820,0.016576,0.877713
NC_078917.1,NC_078917.1__M__150,M,150,1850,virus,0.9994003772735596,0.025108,0.020715,0.020796,0.021435,0.013703,0.898242
NC_078917.1,NC_078917.1__N__150,N,150,1850,virus,0.9994003772735596,0.025108,0.020715,0.020796,0.021435,0.013703,0.898242
NC_078917.1,NC_078917.1__M__100,M,100,1900,virus,0.9992344379425049,0.014344,0.017640,0.019713,0.014399,0.011968,0.921935
NC_078917.1,NC_078917.1__N__100,N,100,1900,virus,0.9992344379425049,0.014344,0.017640,0.019713,0.014399,0.011968,0.921935
NC_078917.1,NC_078917.1__M__50,M,50,1950,virus,0.9995612502098083,0.014423,0.026482,0.019428,0.015863,0.015156,0.908648
NC_078917.1,NC_078917.1__N__50,N,50,1950,virus,0.9995612502098083,0.014423,0.026482,0.019428,0.015863,0.015156,0.908648
NC_078917.1,NC_078917.1__M__1,M,1,1999,virus,0.9996309280395508,0.015050,0.026625,0.022920,0.016865,0.016366,0.902174
NC_078917.1,NC_078917.1__N__1,N,1,1999,virus,0.9996309280395508,0.015050,0.026625,0.022920,0.016865,0.016366,0.902174
NC_079036.1,NC_079036.1__none__0,none,0,2000,virus,0.9995423555374146,0.013430,0.025014,0.022373,0.015644,0.019636,0.903903
NC_079036.1,NC_079036.1__M__500,M,500,1500,virus,0.9995286464691162,0.322845,0.160574,0.045081,0.074388,0.059119,0.337993
NC_079036.1,NC_079036.1__N__500,N,500,1500,virus,0.9995286464691162,0.322845,0.160574,0.045081,0.074388,0.059119,0.337993
NC_079036.1,NC_079036.1__M__450,M,450,1550,virus,0.9997954964637756,0.126555,0.109556,0.038838,0.056084,0.047607,0.621360
NC_079036.1,NC_079036.1__N__450,N,450,1550,virus,0.9997954964637756,0.126555,0.109556,0.038838,0.056084,0.047607,0.621360
NC_079036.1,NC_079036.1__M__400,M,400,1600,virus,0.9998703002929688,0.198135,0.218900,0.049526,0.080912,0.073389,0.379138
NC_079036.1,NC_079036.1__N__400,N,400,1600,virus,0.9998703002929688,0.198135,0.218900,0.049526,0.080912,0.073389,0.379138
NC_079036.1,NC_079036.1__M__350,M,350,1650,virus,0.9998823404312134,0.201185,0.166229,0.041764,0.058002,0.102923,0.429896
NC_079036.1,NC_079036.1__N__350,N,350,1650,virus,0.9998823404312134,0.201185,0.166229,0.041764,0.058002,0.102923,0.429896
NC_079036.1,NC_079036.1__M__300,M,300,1700,virus,0.9998877048492432,0.125547,0.137271,0.039198,0.053640,0.076728,0.567616
NC_079036.1,NC_079036.1__N__300,N,300,1700,virus,0.9998877048492432,0.125547,0.137271,0.039198,0.053640,0.076728,0.567616
NC_079036.1,NC_079036.1__M__250,M,250,1750,virus,0.9998643398284912,0.066577,0.072683,0.036656,0.043569,0.045484,0.735031
NC_079036.1,NC_079036.1__N__250,N,250,1750,virus,0.9998643398284912,0.066577,0.072683,0.036656,0.043569,0.045484,0.735031
NC_079036.1,NC_079036.1__M__200,M,200,1800,virus,0.9998836517333984,0.052974,0.054525,0.033947,0.036948,0.037022,0.784583
NC_079036.1,NC_079036.1__N__200,N,200,1800,virus,0.9998836517333984,0.052974,0.054525,0.033947,0.036948,0.037022,0.784583
NC_079036.1,NC_079036.1__M__150,M,150,1850,virus,0.9998133778572083,0.076599,0.128099,0.045757,0.058548,0.071395,0.619602
NC_079036.1,NC_079036.1__N__150,N,150,1850,virus,0.9998133778572083,0.076599,0.128099,0.045757,0.058548,0.071395,0.619602
NC_079036.1,NC_079036.1__M__100,M,100,1900,virus,0.9996176958084106,0.057411,0.109693,0.043176,0.052003,0.057739,0.679979
NC_079036.1,NC_079036.1__N__100,N,100,1900,virus,0.9996176958084106,0.057411,0.109693,0.043176,0.052003,0.057739,0.679979
NC_079036.1,NC_079036.1__M__50,M,50,1950,virus,0.9995225667953491,0.022252,0.041477,0.034455,0.044091,0.027162,0.830563
NC_079036.1,NC_079036.1__N__50,N,50,1950,virus,0.9995225667953491,0.022252,0.041477,0.034455,0.044091,0.027162,0.830563
NC_079036.1,NC_079036.1__M__1,M,1,1999,virus,0.9995439648628235,0.013496,0.025135,0.022459,0.015863,0.019718,0.903329
NC_079036.1,NC_079036.1__N__1,N,1,1999,virus,0.9995439648628235,0.013496,0.025135,0.022459,0.015863,0.019718,0.903329
NC_079122.1,NC_079122.1__none__0,none,0,2000,virus,0.9999377727508545,0.058902,0.119758,0.111041,0.074211,0.055682,0.580406
NC_079122.1,NC_079122.1__M__500,M,500,1500,virus,0.9999220371246338,0.129957,0.110755,0.061311,0.065954,0.056245,0.575778
NC_079122.1,NC_079122.1__N__500,N,500,1500,virus,0.9999220371246338,0.129957,0.110755,0.061311,0.065954,0.056245,0.575778
NC_079122.1,NC_079122.1__M__450,M,450,1550,bacteria,0.9999501705169678,0.443646,0.199654,0.051022,0.083007,0.091093,0.131578
NC_079122.1,NC_079122.1__N__450,N,450,1550,bacteria,0.9999501705169678,0.443646,0.199654,0.051022,0.083007,0.091093,0.131578
NC_079122.1,NC_079122.1__M__400,M,400,1600,virus,0.9999395608901978,0.209751,0.186121,0.069663,0.097439,0.078142,0.358885
NC_079122.1,NC_079122.1__N__400,N,400,1600,virus,0.9999395608901978,0.209751,0.186121,0.069663,0.097439,0.078142,0.358885
NC_079122.1,NC_079122.1__M__350,M,350,1650,virus,0.9999394416809082,0.165590,0.186075,0.062771,0.086844,0.062305,0.436416
NC_079122.1,NC_079122.1__N__350,N,350,1650,virus,0.9999394416809082,0.165590,0.186075,0.062771,0.086844,0.062305,0.436416
NC_079122.1,NC_079122.1__M__300,M,300,1700,virus,0.9999347925186157,0.125937,0.112151,0.060314,0.072433,0.039351,0.589815
NC_079122.1,NC_079122.1__N__300,N,300,1700,virus,0.9999347925186157,0.125937,0.112151,0.060314,0.072433,0.039351,0.589815
NC_079122.1,NC_079122.1__M__250,M,250,1750,virus,0.9999251365661621,0.072123,0.066047,0.056025,0.049899,0.030750,0.725157
NC_079122.1,NC_079122.1__N__250,N,250,1750,virus,0.9999251365661621,0.072123,0.066047,0.056025,0.049899,0.030750,0.725157
NC_079122.1,NC_079122.1__M__200,M,200,1800,virus,0.999942421913147,0.088644,0.073233,0.069541,0.060066,0.038088,0.670429
NC_079122.1,NC_079122.1__N__200,N,200,1800,virus,0.999942421913147,0.088644,0.073233,0.069541,0.060066,0.038088,0.670429
NC_079122.1,NC_079122.1__M__150,M,150,1850,virus,0.9999384880065918,0.234356,0.166000,0.104563,0.138709,0.080332,0.276039
NC_079122.1,NC_079122.1__N__150,N,150,1850,virus,0.9999384880065918,0.234356,0.166000,0.104563,0.138709,0.080332,0.276039
NC_079122.1,NC_079122.1__M__100,M,100,1900,virus,0.999897837638855,0.196370,0.189671,0.105317,0.149931,0.081017,0.277693
NC_079122.1,NC_079122.1__N__100,N,100,1900,virus,0.999897837638855,0.196370,0.189671,0.105317,0.149931,0.081017,0.277693
NC_079122.1,NC_079122.1__M__50,M,50,1950,virus,0.9999358654022217,0.083364,0.274393,0.087799,0.088936,0.065076,0.400432
NC_079122.1,NC_079122.1__N__50,N,50,1950,virus,0.9999358654022217,0.083364,0.274393,0.087799,0.088936,0.065076,0.400432
NC_079122.1,NC_079122.1__M__1,M,1,1999,virus,0.9999371767044067,0.058041,0.117636,0.110023,0.073151,0.054843,0.586307
NC_079122.1,NC_079122.1__N__1,N,1,1999,virus,0.9999371767044067,0.058041,0.117636,0.110023,0.073151,0.054843,0.586307
NC_075296.1,NC_075296.1__none__0,none,0,2000,virus,0.9567269682884216,0.027663,0.052839,0.039400,0.031927,0.033111,0.815060
NC_075296.1,NC_075296.1__M__500,M,500,1500,virus,0.998306393623352,0.074026,0.039834,0.028878,0.037343,0.024015,0.795904
NC_075296.1,NC_075296.1__N__500,N,500,1500,virus,0.998306393623352,0.074026,0.039834,0.028878,0.037343,0.024015,0.795904
NC_075296.1,NC_075296.1__M__450,M,450,1550,virus,0.9985476136207581,0.091346,0.041190,0.029330,0.037814,0.028641,0.771680
NC_075296.1,NC_075296.1__N__450,N,450,1550,virus,0.9985476136207581,0.091346,0.041190,0.029330,0.037814,0.028641,0.771680
NC_075296.1,NC_075296.1__M__400,M,400,1600,virus,0.9986916184425354,0.152325,0.047839,0.033866,0.048178,0.032162,0.685629
NC_075296.1,NC_075296.1__N__400,N,400,1600,virus,0.9986916184425354,0.152325,0.047839,0.033866,0.048178,0.032162,0.685629
NC_075296.1,NC_075296.1__M__350,M,350,1650,virus,0.9985669255256653,0.163740,0.045228,0.034681,0.049235,0.029288,0.677828
NC_075296.1,NC_075296.1__N__350,N,350,1650,virus,0.9985669255256653,0.163740,0.045228,0.034681,0.049235,0.029288,0.677828
NC_075296.1,NC_075296.1__M__300,M,300,1700,virus,0.9969581365585327,0.101501,0.034309,0.029267,0.040266,0.024772,0.769885
NC_075296.1,NC_075296.1__N__300,N,300,1700,virus,0.9969581365585327,0.101501,0.034309,0.029267,0.040266,0.024772,0.769885
NC_075296.1,NC_075296.1__M__250,M,250,1750,virus,0.9977044463157654,0.084984,0.037431,0.029132,0.039099,0.025791,0.783563
NC_075296.1,NC_075296.1__N__250,N,250,1750,virus,0.9977044463157654,0.084984,0.037431,0.029132,0.039099,0.025791,0.783563
NC_075296.1,NC_075296.1__M__200,M,200,1800,virus,0.9968660473823547,0.069749,0.036759,0.027089,0.037742,0.028796,0.799865
NC_075296.1,NC_075296.1__N__200,N,200,1800,virus,0.9968660473823547,0.069749,0.036759,0.027089,0.037742,0.028796,0.799865
NC_075296.1,NC_075296.1__M__150,M,150,1850,virus,0.9943767786026001,0.035217,0.031368,0.025695,0.029052,0.024418,0.854251
NC_075296.1,NC_075296.1__N__150,N,150,1850,virus,0.9943767786026001,0.035217,0.031368,0.025695,0.029052,0.024418,0.854251
NC_075296.1,NC_075296.1__M__100,M,100,1900,virus,0.9926220178604126,0.042990,0.048962,0.031059,0.037258,0.033207,0.806525
NC_075296.1,NC_075296.1__N__100,N,100,1900,virus,0.9926220178604126,0.042990,0.048962,0.031059,0.037258,0.033207,0.806525
NC_075296.1,NC_075296.1__M__50,M,50,1950,virus,0.9648106694221497,0.042335,0.096136,0.046805,0.046158,0.047835,0.720730
NC_075296.1,NC_075296.1__N__50,N,50,1950,virus,0.9648106694221497,0.042335,0.096136,0.046805,0.046158,0.047835,0.720730
NC_075296.1,NC_075296.1__M__1,M,1,1999,virus,0.9562693238258362,0.027597,0.052762,0.039173,0.031825,0.033040,0.815603
NC_075296.1,NC_075296.1__N__1,N,1,1999,virus,0.9562693238258362,0.027597,0.052762,0.039173,0.031825,0.033040,0.815603
NC_076013.1,NC_076013.1__none__0,none,0,2000,virus,0.9878098964691162,0.011188,0.019312,0.020738,0.015056,0.015680,0.918025
NC_076013.1,NC_076013.1__M__500,M,500,1500,virus,0.9879559874534607,0.014373,0.019667,0.023014,0.015390,0.014128,0.913428
NC_076013.1,NC_076013.1__N__500,N,500,1500,virus,0.9879559874534607,0.014373,0.019667,0.023014,0.015390,0.014128,0.913428
NC_076013.1,NC_076013.1__M__450,M,450,1550,virus,0.9894026517868042,0.013528,0.016236,0.016135,0.012482,0.011775,0.929844
NC_076013.1,NC_076013.1__N__450,N,450,1550,virus,0.9894026517868042,0.013528,0.016236,0.016135,0.012482,0.011775,0.929844
NC_076013.1,NC_076013.1__M__400,M,400,1600,virus,0.9941089153289795,0.013292,0.015507,0.015835,0.012395,0.011720,0.931251
NC_076013.1,NC_076013.1__N__400,N,400,1600,virus,0.9941089153289795,0.013292,0.015507,0.015835,0.012395,0.011720,0.931251
NC_076013.1,NC_076013.1__M__350,M,350,1650,virus,0.9910336136817932,0.012259,0.016034,0.016760,0.012988,0.012506,0.929452
NC_076013.1,NC_076013.1__N__350,N,350,1650,virus,0.9910336136817932,0.012259,0.016034,0.016760,0.012988,0.012506,0.929452
NC_076013.1,NC_076013.1__M__300,M,300,1700,virus,0.9827772378921509,0.010853,0.016829,0.014725,0.012788,0.013508,0.931298
NC_076013.1,NC_076013.1__N__300,N,300,1700,virus,0.9827772378921509,0.010853,0.016829,0.014725,0.012788,0.013508,0.931298
NC_076013.1,NC_076013.1__M__250,M,250,1750,virus,0.9878450036048889,0.011231,0.018455,0.015902,0.013552,0.014398,0.926463
NC_076013.1,NC_076013.1__N__250,N,250,1750,virus,0.9878450036048889,0.011231,0.018455,0.015902,0.013552,0.014398,0.926463
NC_076013.1,NC_076013.1__M__200,M,200,1800,virus,0.9879527688026428,0.010897,0.017257,0.015779,0.013092,0.014384,0.928591
NC_076013.1,NC_076013.1__N__200,N,200,1800,virus,0.9879527688026428,0.010897,0.017257,0.015779,0.013092,0.014384,0.928591
NC_076013.1,NC_076013.1__M__150,M,150,1850,virus,0.988152801990509,0.011398,0.018490,0.019931,0.014489,0.015678,0.920014
NC_076013.1,NC_076013.1__N__150,N,150,1850,virus,0.988152801990509,0.011398,0.018490,0.019931,0.014489,0.015678,0.920014
NC_076013.1,NC_076013.1__M__100,M,100,1900,virus,0.9819560647010803,0.011259,0.018317,0.018848,0.014331,0.014771,0.922474
NC_076013.1,NC_076013.1__N__100,N,100,1900,virus,0.9819560647010803,0.011259,0.018317,0.018848,0.014331,0.014771,0.922474
NC_076013.1,NC_076013.1__M__50,M,50,1950,virus,0.9866070747375488,0.011126,0.018337,0.018185,0.014286,0.014825,0.923242
NC_076013.1,NC_076013.1__N__50,N,50,1950,virus,0.9866070747375488,0.011126,0.018337,0.018185,0.014286,0.014825,0.923242
NC_076013.1,NC_076013.1__M__1,M,1,1999,virus,0.988054096698761,0.011238,0.019356,0.020862,0.015045,0.015753,0.917746
NC_076013.1,NC_076013.1__N__1,N,1,1999,virus,0.988054096698761,0.011238,0.019356,0.020862,0.015045,0.015753,0.917746
NC_076016.1,NC_076016.1__none__0,none,0,2000,virus,0.999769389629364,0.024099,0.068872,0.025192,0.024233,0.024114,0.833491
NC_076016.1,NC_076016.1__M__500,M,500,1500,bacteria,0.999891996383667,0.767530,0.058722,0.019204,0.032156,0.036826,0.085563
NC_076016.1,NC_076016.1__N__500,N,500,1500,bacteria,0.999891996383667,0.767530,0.058722,0.019204,0.032156,0.036826,0.085563
NC_076016.1,NC_076016.1__M__450,M,450,1550,bacteria,0.9999138116836548,0.638444,0.062157,0.024435,0.041316,0.037902,0.195747
NC_076016.1,NC_076016.1__N__450,N,450,1550,bacteria,0.9999138116836548,0.638444,0.062157,0.024435,0.041316,0.037902,0.195747
NC_076016.1,NC_076016.1__M__400,M,400,1600,bacteria,0.9998643398284912,0.636677,0.057527,0.023940,0.040735,0.039879,0.201242
NC_076016.1,NC_076016.1__N__400,N,400,1600,bacteria,0.9998643398284912,0.636677,0.057527,0.023940,0.040735,0.039879,0.201242
NC_076016.1,NC_076016.1__M__350,M,350,1650,virus,0.9998496770858765,0.405189,0.044969,0.030708,0.041998,0.032980,0.444157
NC_076016.1,NC_076016.1__N__350,N,350,1650,virus,0.9998496770858765,0.405189,0.044969,0.030708,0.041998,0.032980,0.444157
NC_076016.1,NC_076016.1__M__300,M,300,1700,virus,0.9998511075973511,0.324854,0.046241,0.032839,0.044243,0.031051,0.520772
NC_076016.1,NC_076016.1__N__300,N,300,1700,virus,0.9998511075973511,0.324854,0.046241,0.032839,0.044243,0.031051,0.520772
NC_076016.1,NC_076016.1__M__250,M,250,1750,virus,0.999816358089447,0.229947,0.053569,0.036206,0.048865,0.026440,0.604972
NC_076016.1,NC_076016.1__N__250,N,250,1750,virus,0.999816358089447,0.229947,0.053569,0.036206,0.048865,0.026440,0.604972
NC_076016.1,NC_076016.1__M__200,M,200,1800,virus,0.9998437166213989,0.098053,0.032021,0.032085,0.032970,0.016118,0.788754
NC_076016.1,NC_076016.1__N__200,N,200,1800,virus,0.9998437166213989,0.098053,0.032021,0.032085,0.032970,0.016118,0.788754
NC_076016.1,NC_076016.1__M__150,M,150,1850,virus,0.999854564666748,0.112654,0.055624,0.025601,0.040753,0.026967,0.738401
NC_076016.1,NC_076016.1__N__150,N,150,1850,virus,0.999854564666748,0.112654,0.055624,0.025601,0.040753,0.026967,0.738401
NC_076016.1,NC_076016.1__M__100,M,100,1900,virus,0.9997420907020569,0.057194,0.043458,0.026675,0.033270,0.021169,0.818234
NC_076016.1,NC_076016.1__N__100,N,100,1900,virus,0.9997420907020569,0.057194,0.043458,0.026675,0.033270,0.021169,0.818234
NC_076016.1,NC_076016.1__M__50,M,50,1950,virus,0.9996917247772217,0.025024,0.044476,0.023798,0.024496,0.021018,0.861188
NC_076016.1,NC_076016.1__N__50,N,50,1950,virus,0.9996917247772217,0.025024,0.044476,0.023798,0.024496,0.021018,0.861188
NC_076016.1,NC_076016.1__M__1,M,1,1999,virus,0.9997721314430237,0.023942,0.068762,0.025075,0.024053,0.024031,0.834137
NC_076016.1,NC_076016.1__N__1,N,1,1999,virus,0.9997721314430237,0.023942,0.068762,0.025075,0.024053,0.024031,0.834137
NC_076099.1,NC_076099.1__none__0,none,0,2000,virus,0.96533203125,0.015902,0.037440,0.043838,0.015491,0.016968,0.870362
NC_076099.1,NC_076099.1__M__500,M,500,1500,virus,0.9830753803253174,0.139771,0.042229,0.041931,0.034273,0.020634,0.721162
NC_076099.1,NC_076099.1__N__500,N,500,1500,virus,0.9830753803253174,0.139771,0.042229,0.041931,0.034273,0.020634,0.721162
NC_076099.1,NC_076099.1__M__450,M,450,1550,virus,0.9786060452461243,0.173339,0.036577,0.043127,0.029092,0.021589,0.696276
NC_076099.1,NC_076099.1__N__450,N,450,1550,virus,0.9786060452461243,0.173339,0.036577,0.043127,0.029092,0.021589,0.696276
NC_076099.1,NC_076099.1__M__400,M,400,1600,bacteria,0.9869966506958008,0.402602,0.080100,0.058042,0.043701,0.033903,0.381652
NC_076099.1,NC_076099.1__N__400,N,400,1600,bacteria,0.9869966506958008,0.402602,0.080100,0.058042,0.043701,0.033903,0.381652
NC_076099.1,NC_076099.1__M__350,M,350,1650,virus,0.9861755967140198,0.183724,0.045931,0.057113,0.032201,0.022316,0.658714
NC_076099.1,NC_076099.1__N__350,N,350,1650,virus,0.9861755967140198,0.183724,0.045931,0.057113,0.032201,0.022316,0.658714
NC_076099.1,NC_076099.1__M__300,M,300,1700,virus,0.9842501878738403,0.230329,0.038661,0.045643,0.033938,0.023880,0.627549
NC_076099.1,NC_076099.1__N__300,N,300,1700,virus,0.9842501878738403,0.230329,0.038661,0.045643,0.033938,0.023880,0.627549
NC_076099.1,NC_076099.1__M__250,M,250,1750,virus,0.9852557182312012,0.264424,0.054407,0.066358,0.036366,0.027081,0.551364
NC_076099.1,NC_076099.1__N__250,N,250,1750,virus,0.9852557182312012,0.264424,0.054407,0.066358,0.036366,0.027081,0.551364
NC_076099.1,NC_076099.1__M__200,M,200,1800,virus,0.9800662994384766,0.127770,0.059990,0.067567,0.031455,0.024741,0.688477
NC_076099.1,NC_076099.1__N__200,N,200,1800,virus,0.9800662994384766,0.127770,0.059990,0.067567,0.031455,0.024741,0.688477
NC_076099.1,NC_076099.1__M__150,M,150,1850,virus,0.980170726776123,0.252512,0.107592,0.078044,0.046603,0.068920,0.446329
NC_076099.1,NC_076099.1__N__150,N,150,1850,virus,0.980170726776123,0.252512,0.107592,0.078044,0.046603,0.068920,0.446329
NC_076099.1,NC_076099.1__M__100,M,100,1900,virus,0.9522349238395691,0.211641,0.135485,0.121982,0.046197,0.056959,0.427736
NC_076099.1,NC_076099.1__N__100,N,100,1900,virus,0.9522349238395691,0.211641,0.135485,0.121982,0.046197,0.056959,0.427736
NC_076099.1,NC_076099.1__M__50,M,50,1950,virus,0.9550597667694092,0.020022,0.058768,0.068633,0.019307,0.020992,0.812278
NC_076099.1,NC_076099.1__N__50,N,50,1950,virus,0.9550597667694092,0.020022,0.058768,0.068633,0.019307,0.020992,0.812278
NC_076099.1,NC_076099.1__M__1,M,1,1999,virus,0.9649953246116638,0.015953,0.037357,0.044239,0.015524,0.016985,0.869943
NC_076099.1,NC_076099.1__N__1,N,1,1999,virus,0.9649953246116638,0.015953,0.037357,0.044239,0.015524,0.016985,0.869943
NC_076400.1,NC_076400.1__none__0,none,0,2000,bacteria,0.9999943971633911,0.895815,0.023656,0.019749,0.021844,0.022523,0.016412
NC_076400.1,NC_076400.1__M__500,M,500,1500,bacteria,0.9999889135360718,0.928599,0.015769,0.012546,0.013222,0.017736,0.012128
NC_076400.1,NC_076400.1__N__500,N,500,1500,bacteria,0.9999889135360718,0.928599,0.015769,0.012546,0.013222,0.017736,0.012128
NC_076400.1,NC_076400.1__M__450,M,450,1550,bacteria,0.9999895095825195,0.928761,0.016162,0.013151,0.012229,0.017756,0.011941
NC_076400.1,NC_076400.1__N__450,N,450,1550,bacteria,0.9999895095825195,0.928761,0.016162,0.013151,0.012229,0.017756,0.011941
NC_076400.1,NC_076400.1__M__400,M,400,1600,bacteria,0.9999881982803345,0.935510,0.015630,0.009628,0.012427,0.016545,0.010260
NC_076400.1,NC_076400.1__N__400,N,400,1600,bacteria,0.9999881982803345,0.935510,0.015630,0.009628,0.012427,0.016545,0.010260
NC_076400.1,NC_076400.1__M__350,M,350,1650,bacteria,0.999985933303833,0.912089,0.020673,0.016792,0.016073,0.019673,0.014699
NC_076400.1,NC_076400.1__N__350,N,350,1650,bacteria,0.999985933303833,0.912089,0.020673,0.016792,0.016073,0.019673,0.014699
NC_076400.1,NC_076400.1__M__300,M,300,1700,bacteria,0.999985933303833,0.912089,0.020673,0.016792,0.016073,0.019673,0.014699
NC_076400.1,NC_076400.1__N__300,N,300,1700,bacteria,0.999985933303833,0.912089,0.020673,0.016792,0.016073,0.019673,0.014699
NC_076400.1,NC_076400.1__M__250,M,250,1750,bacteria,0.9999850988388062,0.907408,0.021608,0.017660,0.017183,0.020982,0.015159
NC_076400.1,NC_076400.1__N__250,N,250,1750,bacteria,0.9999850988388062,0.907408,0.021608,0.017660,0.017183,0.020982,0.015159
NC_076400.1,NC_076400.1__M__200,M,200,1800,bacteria,0.9999672174453735,0.914079,0.018489,0.014132,0.014724,0.025136,0.013440
NC_076400.1,NC_076400.1__N__200,N,200,1800,bacteria,0.9999672174453735,0.914079,0.018489,0.014132,0.014724,0.025136,0.013440
NC_076400.1,NC_076400.1__M__150,M,150,1850,bacteria,0.9999816417694092,0.915627,0.020658,0.011573,0.017109,0.023060,0.011973
NC_076400.1,NC_076400.1__N__150,N,150,1850,bacteria,0.9999816417694092,0.915627,0.020658,0.011573,0.017109,0.023060,0.011973
NC_076400.1,NC_076400.1__M__100,M,100,1900,bacteria,0.9999786615371704,0.919271,0.019744,0.010462,0.016448,0.022612,0.011463
NC_076400.1,NC_076400.1__N__100,N,100,1900,bacteria,0.9999786615371704,0.919271,0.019744,0.010462,0.016448,0.022612,0.011463
NC_076400.1,NC_076400.1__M__50,M,50,1950,bacteria,0.9999938011169434,0.906711,0.020855,0.016328,0.019789,0.021923,0.014393
NC_076400.1,NC_076400.1__N__50,N,50,1950,bacteria,0.9999938011169434,0.906711,0.020855,0.016328,0.019789,0.021923,0.014393
NC_076400.1,NC_076400.1__M__1,M,1,1999,bacteria,0.9999943971633911,0.895698,0.023659,0.019783,0.021814,0.022588,0.016459
NC_076400.1,NC_076400.1__N__1,N,1,1999,bacteria,0.9999943971633911,0.895698,0.023659,0.019783,0.021814,0.022588,0.016459
NC_076412.1,NC_076412.1__none__0,none,0,2000,virus,0.9995909333229065,0.012584,0.022269,0.038303,0.015452,0.015171,0.896221
NC_076412.1,NC_076412.1__M__500,M,500,1500,virus,0.9998661279678345,0.025405,0.017416,0.023468,0.020545,0.009622,0.903545
NC_076412.1,NC_076412.1__N__500,N,500,1500,virus,0.9998661279678345,0.025405,0.017416,0.023468,0.020545,0.009622,0.903545
NC_076412.1,NC_076412.1__M__450,M,450,1550,virus,0.9998568296432495,0.028275,0.017426,0.023769,0.020492,0.009688,0.900349
NC_076412.1,NC_076412.1__N__450,N,450,1550,virus,0.9998568296432495,0.028275,0.017426,0.023769,0.020492,0.009688,0.900349
NC_076412.1,NC_076412.1__M__400,M,400,1600,virus,0.9999008178710938,0.027537,0.016437,0.023933,0.021112,0.009883,0.901097
NC_076412.1,NC_076412.1__N__400,N,400,1600,virus,0.9999008178710938,0.027537,0.016437,0.023933,0.021112,0.009883,0.901097
NC_076412.1,NC_076412.1__M__350,M,350,1650,virus,0.9999103546142578,0.023927,0.015202,0.020865,0.016792,0.009829,0.913385
NC_076412.1,NC_076412.1__N__350,N,350,1650,virus,0.9999103546142578,0.023927,0.015202,0.020865,0.016792,0.009829,0.913385
NC_076412.1,NC_076412.1__M__300,M,300,1700,virus,0.999841570854187,0.022352,0.014357,0.018732,0.014822,0.009447,0.920290
NC_076412.1,NC_076412.1__N__300,N,300,1700,virus,0.999841570854187,0.022352,0.014357,0.018732,0.014822,0.009447,0.920290
NC_076412.1,NC_076412.1__M__250,M,250,1750,virus,0.9998500347137451,0.027108,0.019298,0.040594,0.020026,0.012155,0.880819
NC_076412.1,NC_076412.1__N__250,N,250,1750,virus,0.9998500347137451,0.027108,0.019298,0.040594,0.020026,0.012155,0.880819
NC_076412.1,NC_076412.1__M__200,M,200,1800,virus,0.9998196959495544,0.023626,0.016429,0.030045,0.017848,0.011532,0.900520
NC_076412.1,NC_076412.1__N__200,N,200,1800,virus,0.9998196959495544,0.023626,0.016429,0.030045,0.017848,0.011532,0.900520
NC_076412.1,NC_076412.1__M__150,M,150,1850,virus,0.999764621257782,0.018226,0.017634,0.029944,0.018297,0.013795,0.902104
NC_076412.1,NC_076412.1__N__150,N,150,1850,virus,0.999764621257782,0.018226,0.017634,0.029944,0.018297,0.013795,0.902104
NC_076412.1,NC_076412.1__M__100,M,100,1900,virus,0.9996356964111328,0.015044,0.018013,0.025531,0.016642,0.013722,0.911048
NC_076412.1,NC_076412.1__N__100,N,100,1900,virus,0.9996356964111328,0.015044,0.018013,0.025531,0.016642,0.013722,0.911048
NC_076412.1,NC_076412.1__M__50,M,50,1950,virus,0.999357283115387,0.013079,0.021121,0.040586,0.015765,0.015993,0.893456
NC_076412.1,NC_076412.1__N__50,N,50,1950,virus,0.999357283115387,0.013079,0.021121,0.040586,0.015765,0.015993,0.893456
NC_076412.1,NC_076412.1__M__1,M,1,1999,virus,0.9995915293693542,0.012665,0.022395,0.039193,0.015450,0.015201,0.895096
NC_076412.1,NC_076412.1__N__1,N,1,1999,virus,0.9995915293693542,0.012665,0.022395,0.039193,0.015450,0.015201,0.895096
NC_076598.1,NC_076598.1__none__0,none,0,2000,virus,0.9934377074241638,0.021270,0.013502,0.020949,0.014564,0.009455,0.920260
NC_076598.1,NC_076598.1__M__500,M,500,1500,virus,0.9982594847679138,0.429552,0.031628,0.051170,0.031305,0.018924,0.437421
NC_076598.1,NC_076598.1__N__500,N,500,1500,virus,0.9982594847679138,0.429552,0.031628,0.051170,0.031305,0.018924,0.437421
NC_076598.1,NC_076598.1__M__450,M,450,1550,bacteria,0.9983301758766174,0.484893,0.028350,0.056492,0.029805,0.018549,0.381911
NC_076598.1,NC_076598.1__N__450,N,450,1550,bacteria,0.9983301758766174,0.484893,0.028350,0.056492,0.029805,0.018549,0.381911
NC_076598.1,NC_076598.1__M__400,M,400,1600,bacteria,0.9984744191169739,0.683549,0.029820,0.039182,0.028746,0.020910,0.197794
NC_076598.1,NC_076598.1__N__400,N,400,1600,bacteria,0.9984744191169739,0.683549,0.029820,0.039182,0.028746,0.020910,0.197794
NC_076598.1,NC_076598.1__M__350,M,350,1650,virus,0.9954040050506592,0.248180,0.026285,0.046161,0.028181,0.015933,0.635261
NC_076598.1,NC_076598.1__N__350,N,350,1650,virus,0.9954040050506592,0.248180,0.026285,0.046161,0.028181,0.015933,0.635261
NC_076598.1,NC_076598.1__M__300,M,300,1700,virus,0.9930598735809326,0.112715,0.018980,0.036231,0.022316,0.010233,0.799525
NC_076598.1,NC_076598.1__N__300,N,300,1700,virus,0.9930598735809326,0.112715,0.018980,0.036231,0.022316,0.010233,0.799525
NC_076598.1,NC_076598.1__M__250,M,250,1750,virus,0.9911818504333496,0.062676,0.016008,0.026007,0.017916,0.008659,0.868734
NC_076598.1,NC_076598.1__N__250,N,250,1750,virus,0.9911818504333496,0.062676,0.016008,0.026007,0.017916,0.008659,0.868734
NC_076598.1,NC_076598.1__M__200,M,200,1800,virus,0.990304172039032,0.042275,0.015132,0.019985,0.016485,0.009091,0.897033
NC_076598.1,NC_076598.1__N__200,N,200,1800,virus,0.990304172039032,0.042275,0.015132,0.019985,0.016485,0.009091,0.897033
NC_076598.1,NC_076598.1__M__150,M,150,1850,virus,0.9879018068313599,0.041195,0.016061,0.023276,0.016405,0.009065,0.893998
NC_076598.1,NC_076598.1__N__150,N,150,1850,virus,0.9879018068313599,0.041195,0.016061,0.023276,0.016405,0.009065,0.893998
NC_076598.1,NC_076598.1__M__100,M,100,1900,virus,0.9869152903556824,0.038400,0.016868,0.026673,0.017757,0.009442,0.890859
NC_076598.1,NC_076598.1__N__100,N,100,1900,virus,0.9869152903556824,0.038400,0.016868,0.026673,0.017757,0.009442,0.890859
NC_076598.1,NC_076598.1__M__50,M,50,1950,virus,0.9938587546348572,0.030769,0.014888,0.027114,0.016718,0.009652,0.900859
NC_076598.1,NC_076598.1__N__50,N,50,1950,virus,0.9938587546348572,0.030769,0.014888,0.027114,0.016718,0.009652,0.900859
NC_076598.1,NC_076598.1__M__1,M,1,1999,virus,0.9934322834014893,0.021217,0.013527,0.021015,0.014602,0.009452,0.920187
NC_076598.1,NC_076598.1__N__1,N,1,1999,virus,0.9934322834014893,0.021217,0.013527,0.021015,0.014602,0.009452,0.920187
NC_076602.1,NC_076602.1__none__0,none,0,2000,phage,0.9796125292778015,0.017054,0.917244,0.011537,0.015874,0.023460,0.014831
NC_076602.1,NC_076602.1__M__500,M,500,1500,bacteria,0.9961589574813843,0.694589,0.165566,0.030741,0.033801,0.034584,0.040719
NC_076602.1,NC_076602.1__N__500,N,500,1500,bacteria,0.9961589574813843,0.694589,0.165566,0.030741,0.033801,0.034584,0.040719
NC_076602.1,NC_076602.1__M__450,M,450,1550,bacteria,0.9971302151679993,0.660461,0.173017,0.030876,0.036594,0.043042,0.056009
NC_076602.1,NC_076602.1__N__450,N,450,1550,bacteria,0.9971302151679993,0.660461,0.173017,0.030876,0.036594,0.043042,0.056009
NC_076602.1,NC_076602.1__M__400,M,400,1600,bacteria,0.9971567392349243,0.642293,0.196083,0.030950,0.036692,0.043673,0.050310
NC_076602.1,NC_076602.1__N__400,N,400,1600,bacteria,0.9971567392349243,0.642293,0.196083,0.030950,0.036692,0.043673,0.050310
NC_076602.1,NC_076602.1__M__350,M,350,1650,bacteria,0.997359573841095,0.731738,0.151493,0.022690,0.029868,0.038613,0.025597
NC_076602.1,NC_076602.1__N__350,N,350,1650,bacteria,0.997359573841095,0.731738,0.151493,0.022690,0.029868,0.038613,0.025597
NC_076602.1,NC_076602.1__M__300,M,300,1700,bacteria,0.9968276619911194,0.509015,0.337900,0.026624,0.035307,0.047074,0.044080
NC_076602.1,NC_076602.1__N__300,N,300,1700,bacteria,0.9968276619911194,0.509015,0.337900,0.026624,0.035307,0.047074,0.044080
NC_076602.1,NC_076602.1__M__250,M,250,1750,phage,0.9977694749832153,0.304541,0.522045,0.027936,0.035758,0.057343,0.052376
NC_076602.1,NC_076602.1__N__250,N,250,1750,phage,0.9977694749832153,0.304541,0.522045,0.027936,0.035758,0.057343,0.052376
NC_076602.1,NC_076602.1__M__200,M,200,1800,phage,0.9979343414306641,0.209633,0.663618,0.021252,0.029453,0.045033,0.031011
NC_076602.1,NC_076602.1__N__200,N,200,1800,phage,0.9979343414306641,0.209633,0.663618,0.021252,0.029453,0.045033,0.031011
NC_076602.1,NC_076602.1__M__150,M,150,1850,phage,0.9972556233406067,0.085420,0.827567,0.013686,0.019563,0.036971,0.016794
NC_076602.1,NC_076602.1__N__150,N,150,1850,phage,0.9972556233406067,0.085420,0.827567,0.013686,0.019563,0.036971,0.016794
NC_076602.1,NC_076602.1__M__100,M,100,1900,phage,0.9930190443992615,0.046379,0.876816,0.011697,0.016270,0.034033,0.014804
NC_076602.1,NC_076602.1__N__100,N,100,1900,phage,0.9930190443992615,0.046379,0.876816,0.011697,0.016270,0.034033,0.014804
NC_076602.1,NC_076602.1__M__50,M,50,1950,phage,0.9787200093269348,0.016063,0.924356,0.010792,0.014993,0.019721,0.014075
NC_076602.1,NC_076602.1__N__50,N,50,1950,phage,0.9787200093269348,0.016063,0.924356,0.010792,0.014993,0.019721,0.014075
NC_076602.1,NC_076602.1__M__1,M,1,1999,phage,0.9794010519981384,0.017059,0.916915,0.011643,0.015879,0.023633,0.014870
NC_076602.1,NC_076602.1__N__1,N,1,1999,phage,0.9794010519981384,0.017059,0.916915,0.011643,0.015879,0.023633,0.014870
NC_076658.1,NC_076658.1__none__0,none,0,2000,virus,0.9712664484977722,0.024792,0.198613,0.136578,0.031203,0.061308,0.547506
NC_076658.1,NC_076658.1__M__500,M,500,1500,bacteria,0.9966726303100586,0.625578,0.195047,0.035718,0.036947,0.074010,0.032700
NC_076658.1,NC_076658.1__N__500,N,500,1500,bacteria,0.9966726303100586,0.625578,0.195047,0.035718,0.036947,0.074010,0.032700
NC_076658.1,NC_076658.1__M__450,M,450,1550,bacteria,0.9967705011367798,0.682732,0.166669,0.028016,0.034422,0.054458,0.033704
NC_076658.1,NC_076658.1__N__450,N,450,1550,bacteria,0.9967705011367798,0.682732,0.166669,0.028016,0.034422,0.054458,0.033704
NC_076658.1,NC_076658.1__M__400,M,400,1600,bacteria,0.9963175058364868,0.630183,0.213415,0.026927,0.034867,0.064346,0.030261
NC_076658.1,NC_076658.1__N__400,N,400,1600,bacteria,0.9963175058364868,0.630183,0.213415,0.026927,0.034867,0.064346,0.030261
NC_076658.1,NC_076658.1__M__350,M,350,1650,bacteria,0.99543696641922,0.660878,0.163929,0.037441,0.037950,0.055166,0.044636
NC_076658.1,NC_076658.1__N__350,N,350,1650,bacteria,0.99543696641922,0.660878,0.163929,0.037441,0.037950,0.055166,0.044636
NC_076658.1,NC_076658.1__M__300,M,300,1700,bacteria,0.9945905208587646,0.643876,0.188404,0.035158,0.038676,0.049166,0.044720
NC_076658.1,NC_076658.1__N__300,N,300,1700,bacteria,0.9945905208587646,0.643876,0.188404,0.035158,0.038676,0.049166,0.044720
NC_076658.1,NC_076658.1__M__250,M,250,1750,bacteria,0.9940145611763,0.702639,0.085247,0.056208,0.036567,0.045309,0.074030
NC_076658.1,NC_076658.1__N__250,N,250,1750,bacteria,0.9940145611763,0.702639,0.085247,0.056208,0.036567,0.045309,0.074030
NC_076658.1,NC_076658.1__M__200,M,200,1800,bacteria,0.9920811653137207,0.702000,0.079209,0.062976,0.034879,0.048421,0.072515
NC_076658.1,NC_076658.1__N__200,N,200,1800,bacteria,0.9920811653137207,0.702000,0.079209,0.062976,0.034879,0.048421,0.072515
NC_076658.1,NC_076658.1__M__150,M,150,1850,bacteria,0.9906457662582397,0.334372,0.329700,0.064001,0.054144,0.126662,0.091122
NC_076658.1,NC_076658.1__N__150,N,150,1850,bacteria,0.9906457662582397,0.334372,0.329700,0.064001,0.054144,0.126662,0.091122
NC_076658.1,NC_076658.1__M__100,M,100,1900,phage,0.9855988025665283,0.143081,0.598770,0.041399,0.042534,0.115137,0.059079
NC_076658.1,NC_076658.1__N__100,N,100,1900,phage,0.9855988025665283,0.143081,0.598770,0.041399,0.042534,0.115137,0.059079
NC_076658.1,NC_076658.1__M__50,M,50,1950,virus,0.9492322206497192,0.035772,0.327532,0.131635,0.036163,0.077049,0.391849
NC_076658.1,NC_076658.1__N__50,N,50,1950,virus,0.9492322206497192,0.035772,0.327532,0.131635,0.036163,0.077049,0.391849
NC_076658.1,NC_076658.1__M__1,M,1,1999,virus,0.9711303114891052,0.025002,0.201139,0.137850,0.031265,0.061191,0.543554
NC_076658.1,NC_076658.1__N__1,N,1,1999,virus,0.9711303114891052,0.025002,0.201139,0.137850,0.031265,0.061191,0.543554
NC_076678.1,NC_076678.1__none__0,none,0,2000,eukarya,0.9994004964828491,0.015180,0.049183,0.807331,0.021159,0.023756,0.083392
NC_076678.1,NC_076678.1__M__500,M,500,1500,bacteria,0.9992271661758423,0.850508,0.055227,0.033438,0.025870,0.019562,0.015395
NC_076678.1,NC_076678.1__N__500,N,500,1500,bacteria,0.9992271661758423,0.850508,0.055227,0.033438,0.025870,0.019562,0.015395
NC_076678.1,NC_076678.1__M__450,M,450,1550,bacteria,0.999517560005188,0.803500,0.057652,0.062883,0.030194,0.026295,0.019476
NC_076678.1,NC_076678.1__N__450,N,450,1550,bacteria,0.999517560005188,0.803500,0.057652,0.062883,0.030194,0.026295,0.019476
NC_076678.1,NC_076678.1__M__400,M,400,1600,bacteria,0.9995245933532715,0.562072,0.106702,0.190003,0.054820,0.028775,0.057628
NC_076678.1,NC_076678.1__N__400,N,400,1600,bacteria,0.9995245933532715,0.562072,0.106702,0.190003,0.054820,0.028775,0.057628
NC_076678.1,NC_076678.1__M__350,M,350,1650,bacteria,0.9993833303451538,0.660479,0.115314,0.098866,0.048686,0.025887,0.050768
NC_076678.1,NC_076678.1__N__350,N,350,1650,bacteria,0.9993833303451538,0.660479,0.115314,0.098866,0.048686,0.025887,0.050768
NC_076678.1,NC_076678.1__M__300,M,300,1700,bacteria,0.9991512298583984,0.570380,0.225197,0.065422,0.054028,0.031514,0.053459
NC_076678.1,NC_076678.1__N__300,N,300,1700,bacteria,0.9991512298583984,0.570380,0.225197,0.065422,0.054028,0.031514,0.053459
NC_076678.1,NC_076678.1__M__250,M,250,1750,bacteria,0.9990715980529785,0.328576,0.294509,0.171256,0.061950,0.049210,0.094500
NC_076678.1,NC_076678.1__N__250,N,250,1750,bacteria,0.9990715980529785,0.328576,0.294509,0.171256,0.061950,0.049210,0.094500
NC_076678.1,NC_076678.1__M__200,M,200,1800,eukarya,0.9987396597862244,0.122649,0.218274,0.395786,0.056179,0.044421,0.162691
NC_076678.1,NC_076678.1__N__200,N,200,1800,eukarya,0.9987396597862244,0.122649,0.218274,0.395786,0.056179,0.044421,0.162691
NC_076678.1,NC_076678.1__M__150,M,150,1850,eukarya,0.9985358715057373,0.047805,0.115405,0.707330,0.034000,0.026552,0.068908
NC_076678.1,NC_076678.1__N__150,N,150,1850,eukarya,0.9985358715057373,0.047805,0.115405,0.707330,0.034000,0.026552,0.068908
NC_076678.1,NC_076678.1__M__100,M,100,1900,eukarya,0.9978013634681702,0.052069,0.156559,0.649005,0.037653,0.034439,0.070275
NC_076678.1,NC_076678.1__N__100,N,100,1900,eukarya,0.9978013634681702,0.052069,0.156559,0.649005,0.037653,0.034439,0.070275
NC_076678.1,NC_076678.1__M__50,M,50,1950,eukarya,0.9991878867149353,0.017575,0.059789,0.783020,0.023231,0.022054,0.094332
NC_076678.1,NC_076678.1__N__50,N,50,1950,eukarya,0.9991878867149353,0.017575,0.059789,0.783020,0.023231,0.022054,0.094332
NC_076678.1,NC_076678.1__M__1,M,1,1999,eukarya,0.999407172203064,0.015119,0.048824,0.808551,0.021126,0.023639,0.082741
NC_076678.1,NC_076678.1__N__1,N,1,1999,eukarya,0.999407172203064,0.015119,0.048824,0.808551,0.021126,0.023639,0.082741
NC_076687.1,NC_076687.1__none__0,none,0,2000,eukarya,0.9995653033256531,0.029828,0.028082,0.565916,0.041915,0.035179,0.299080
NC_076687.1,NC_076687.1__M__500,M,500,1500,bacteria,0.9992116689682007,0.760116,0.031611,0.036560,0.045543,0.022223,0.103948
NC_076687.1,NC_076687.1__N__500,N,500,1500,bacteria,0.9992116689682007,0.760116,0.031611,0.036560,0.045543,0.022223,0.103948
NC_076687.1,NC_076687.1__M__450,M,450,1550,bacteria,0.9992152452468872,0.535539,0.038359,0.063659,0.194359,0.028566,0.139517
NC_076687.1,NC_076687.1__N__450,N,450,1550,bacteria,0.9992152452468872,0.535539,0.038359,0.063659,0.194359,0.028566,0.139517
NC_076687.1,NC_076687.1__M__400,M,400,1600,bacteria,0.9993597865104675,0.633250,0.037063,0.075086,0.073065,0.027093,0.154443
NC_076687.1,NC_076687.1__N__400,N,400,1600,bacteria,0.9993597865104675,0.633250,0.037063,0.075086,0.073065,0.027093,0.154443
NC_076687.1,NC_076687.1__M__350,M,350,1650,bacteria,0.9996448755264282,0.710266,0.033431,0.045372,0.078139,0.024723,0.108068
NC_076687.1,NC_076687.1__N__350,N,350,1650,bacteria,0.9996448755264282,0.710266,0.033431,0.045372,0.078139,0.024723,0.108068
NC_076687.1,NC_076687.1__M__300,M,300,1700,bacteria,0.9994446635246277,0.612346,0.044436,0.083128,0.111787,0.028806,0.119496
NC_076687.1,NC_076687.1__N__300,N,300,1700,bacteria,0.9994446635246277,0.612346,0.044436,0.083128,0.111787,0.028806,0.119496
NC_076687.1,NC_076687.1__M__250,M,250,1750,bacteria,0.9994186162948608,0.382441,0.054308,0.164481,0.076670,0.032685,0.289416
NC_076687.1,NC_076687.1__N__250,N,250,1750,bacteria,0.9994186162948608,0.382441,0.054308,0.164481,0.076670,0.032685,0.289416
NC_076687.1,NC_076687.1__M__200,M,200,1800,bacteria,0.9995915293693542,0.383010,0.060003,0.132010,0.077395,0.039960,0.307621
NC_076687.1,NC_076687.1__N__200,N,200,1800,bacteria,0.9995915293693542,0.383010,0.060003,0.132010,0.077395,0.039960,0.307621
NC_076687.1,NC_076687.1__M__150,M,150,1850,virus,0.9994144439697266,0.124487,0.044826,0.270435,0.161223,0.031716,0.367313
NC_076687.1,NC_076687.1__N__150,N,150,1850,virus,0.9994144439697266,0.124487,0.044826,0.270435,0.161223,0.031716,0.367313
NC_076687.1,NC_076687.1__M__100,M,100,1900,virus,0.9991734623908997,0.086691,0.045118,0.188474,0.086362,0.041617,0.551737
NC_076687.1,NC_076687.1__N__100,N,100,1900,virus,0.9991734623908997,0.086691,0.045118,0.188474,0.086362,0.041617,0.551737
NC_076687.1,NC_076687.1__M__50,M,50,1950,eukarya,0.9994199275970459,0.029867,0.025650,0.669673,0.043271,0.030606,0.200932
NC_076687.1,NC_076687.1__N__50,N,50,1950,eukarya,0.9994199275970459,0.029867,0.025650,0.669673,0.043271,0.030606,0.200932
NC_076687.1,NC_076687.1__M__1,M,1,1999,eukarya,0.9995611310005188,0.029852,0.027992,0.567226,0.041905,0.035104,0.297921
NC_076687.1,NC_076687.1__N__1,N,1,1999,eukarya,0.9995611310005188,0.029852,0.027992,0.567226,0.041905,0.035104,0.297921
NC_076725.1,NC_076725.1__none__0,none,0,2000,virus,0.5415170192718506,0.039241,0.017318,0.021802,0.016693,0.013274,0.891672
NC_076725.1,NC_076725.1__M__500,M,500,1500,bacteria,0.5604019165039062,0.596146,0.030538,0.045819,0.032932,0.022792,0.271773
NC_076725.1,NC_076725.1__N__500,N,500,1500,bacteria,0.5604019165039062,0.596146,0.030538,0.045819,0.032932,0.022792,0.271773
NC_076725.1,NC_076725.1__M__450,M,450,1550,bacteria,0.7878711819648743,0.779943,0.028808,0.027684,0.028400,0.023581,0.111584
NC_076725.1,NC_076725.1__N__450,N,450,1550,bacteria,0.7878711819648743,0.779943,0.028808,0.027684,0.028400,0.023581,0.111584
NC_076725.1,NC_076725.1__M__400,M,400,1600,bacteria,0.8636745810508728,0.570480,0.037752,0.038467,0.037936,0.021919,0.293446
NC_076725.1,NC_076725.1__N__400,N,400,1600,bacteria,0.8636745810508728,0.570480,0.037752,0.038467,0.037936,0.021919,0.293446
NC_076725.1,NC_076725.1__M__350,M,350,1650,virus,0.8040962815284729,0.378798,0.030483,0.038893,0.034442,0.018366,0.499017
NC_076725.1,NC_076725.1__N__350,N,350,1650,virus,0.8040962815284729,0.378798,0.030483,0.038893,0.034442,0.018366,0.499017
NC_076725.1,NC_076725.1__M__300,M,300,1700,virus,0.7694180607795715,0.322261,0.028713,0.041110,0.032915,0.015750,0.559251
NC_076725.1,NC_076725.1__N__300,N,300,1700,virus,0.7694180607795715,0.322261,0.028713,0.041110,0.032915,0.015750,0.559251
NC_076725.1,NC_076725.1__M__250,M,250,1750,virus,0.6896945238113403,0.217412,0.026350,0.039119,0.030677,0.013974,0.672468
NC_076725.1,NC_076725.1__N__250,N,250,1750,virus,0.6896945238113403,0.217412,0.026350,0.039119,0.030677,0.013974,0.672468
NC_076725.1,NC_076725.1__M__200,M,200,1800,virus,0.6128014326095581,0.273208,0.029764,0.044544,0.032325,0.014542,0.605617
NC_076725.1,NC_076725.1__N__200,N,200,1800,virus,0.6128014326095581,0.273208,0.029764,0.044544,0.032325,0.014542,0.605617
NC_076725.1,NC_076725.1__M__150,M,150,1850,virus,0.5475597381591797,0.178480,0.032850,0.043659,0.031148,0.013798,0.700065
NC_076725.1,NC_076725.1__N__150,N,150,1850,virus,0.5475597381591797,0.178480,0.032850,0.043659,0.031148,0.013798,0.700065
NC_076725.1,NC_076725.1__M__100,M,100,1900,virus,0.39601656794548035,0.137961,0.035211,0.039677,0.029735,0.013289,0.744128
NC_076725.1,NC_076725.1__N__100,N,100,1900,virus,0.39601656794548035,0.137961,0.035211,0.039677,0.029735,0.013289,0.744128
NC_076725.1,NC_076725.1__M__50,M,50,1950,virus,0.4719223082065582,0.058573,0.021106,0.026815,0.018769,0.012511,0.862226
NC_076725.1,NC_076725.1__N__50,N,50,1950,virus,0.4719223082065582,0.058573,0.021106,0.026815,0.018769,0.012511,0.862226
NC_076725.1,NC_076725.1__M__1,M,1,1999,virus,0.5374327898025513,0.039451,0.017277,0.021780,0.016754,0.013312,0.891426
NC_076725.1,NC_076725.1__N__1,N,1,1999,virus,0.5374327898025513,0.039451,0.017277,0.021780,0.016754,0.013312,0.891426
NC_076729.1,NC_076729.1__none__0,none,0,2000,virus,0.35304608941078186,0.015586,0.032576,0.034349,0.015002,0.016997,0.885491
NC_076729.1,NC_076729.1__M__500,M,500,1500,virus,0.5906338095664978,0.190625,0.025936,0.068925,0.026724,0.011173,0.676616
NC_076729.1,NC_076729.1__N__500,N,500,1500,virus,0.5906338095664978,0.190625,0.025936,0.068925,0.026724,0.011173,0.676616
NC_076729.1,NC_076729.1__M__450,M,450,1550,virus,0.7820278406143188,0.135399,0.022543,0.046917,0.023314,0.009488,0.762339
NC_076729.1,NC_076729.1__N__450,N,450,1550,virus,0.7820278406143188,0.135399,0.022543,0.046917,0.023314,0.009488,0.762339
NC_076729.1,NC_076729.1__M__400,M,400,1600,virus,0.8270666599273682,0.107855,0.019897,0.041621,0.021759,0.008050,0.800818
NC_076729.1,NC_076729.1__N__400,N,400,1600,virus,0.8270666599273682,0.107855,0.019897,0.041621,0.021759,0.008050,0.800818
NC_076729.1,NC_076729.1__M__350,M,350,1650,virus,0.9023483991622925,0.195221,0.025879,0.046644,0.025819,0.010637,0.695800
NC_076729.1,NC_076729.1__N__350,N,350,1650,virus,0.9023483991622925,0.195221,0.025879,0.046644,0.025819,0.010637,0.695800
NC_076729.1,NC_076729.1__M__300,M,300,1700,virus,0.8663100004196167,0.144386,0.023971,0.069992,0.024969,0.009645,0.727038
NC_076729.1,NC_076729.1__N__300,N,300,1700,virus,0.8663100004196167,0.144386,0.023971,0.069992,0.024969,0.009645,0.727038
NC_076729.1,NC_076729.1__M__250,M,250,1750,virus,0.8872547745704651,0.082593,0.017446,0.037380,0.015877,0.007857,0.838847
NC_076729.1,NC_076729.1__N__250,N,250,1750,virus,0.8872547745704651,0.082593,0.017446,0.037380,0.015877,0.007857,0.838847
NC_076729.1,NC_076729.1__M__200,M,200,1800,virus,0.9018107056617737,0.097578,0.021558,0.041130,0.021430,0.009403,0.808902
NC_076729.1,NC_076729.1__N__200,N,200,1800,virus,0.9018107056617737,0.097578,0.021558,0.041130,0.021430,0.009403,0.808902
NC_076729.1,NC_076729.1__M__150,M,150,1850,virus,0.8413599133491516,0.101968,0.035292,0.064016,0.027292,0.012924,0.758508
NC_076729.1,NC_076729.1__N__150,N,150,1850,virus,0.8413599133491516,0.101968,0.035292,0.064016,0.027292,0.012924,0.758508
NC_076729.1,NC_076729.1__M__100,M,100,1900,virus,0.7509726285934448,0.052600,0.027855,0.040765,0.021790,0.011948,0.845042
NC_076729.1,NC_076729.1__N__100,N,100,1900,virus,0.7509726285934448,0.052600,0.027855,0.040765,0.021790,0.011948,0.845042
NC_076729.1,NC_076729.1__M__50,M,50,1950,virus,0.3808848559856415,0.019953,0.047417,0.046123,0.019708,0.017542,0.849257
NC_076729.1,NC_076729.1__N__50,N,50,1950,virus,0.3808848559856415,0.019953,0.047417,0.046123,0.019708,0.017542,0.849257
NC_076729.1,NC_076729.1__M__1,M,1,1999,virus,0.3519410490989685,0.015682,0.032375,0.034790,0.015096,0.016908,0.885149
NC_076729.1,NC_076729.1__N__1,N,1,1999,virus,0.3519410490989685,0.015682,0.032375,0.034790,0.015096,0.016908,0.885149
NC_076823.1,NC_076823.1__none__0,none,0,2000,virus,0.9997908473014832,0.106135,0.025594,0.045557,0.026727,0.012749,0.783238
NC_076823.1,NC_076823.1__M__500,M,500,1500,virus,0.9996633529663086,0.428533,0.031113,0.040233,0.033849,0.022732,0.443540
NC_076823.1,NC_076823.1__N__500,N,500,1500,virus,0.9996633529663086,0.428533,0.031113,0.040233,0.033849,0.022732,0.443540
NC_076823.1,NC_076823.1__M__450,M,450,1550,bacteria,0.9998422861099243,0.544982,0.032591,0.038537,0.032424,0.022808,0.328658
NC_076823.1,NC_076823.1__N__450,N,450,1550,bacteria,0.9998422861099243,0.544982,0.032591,0.038537,0.032424,0.022808,0.328658
NC_076823.1,NC_076823.1__M__400,M,400,1600,virus,0.99982750415802,0.405298,0.030577,0.039311,0.030011,0.020721,0.474082
NC_076823.1,NC_076823.1__N__400,N,400,1600,virus,0.99982750415802,0.405298,0.030577,0.039311,0.030011,0.020721,0.474082
NC_076823.1,NC_076823.1__M__350,M,350,1650,virus,0.9998486042022705,0.249445,0.028261,0.043815,0.029084,0.016401,0.632994
NC_076823.1,NC_076823.1__N__350,N,350,1650,virus,0.9998486042022705,0.249445,0.028261,0.043815,0.029084,0.016401,0.632994
NC_076823.1,NC_076823.1__M__300,M,300,1700,virus,0.9998190999031067,0.203630,0.026108,0.040029,0.028408,0.015871,0.685954
NC_076823.1,NC_076823.1__N__300,N,300,1700,virus,0.9998190999031067,0.203630,0.026108,0.040029,0.028408,0.015871,0.685954
NC_076823.1,NC_076823.1__M__250,M,250,1750,virus,0.9998646974563599,0.357681,0.033283,0.045311,0.035601,0.023601,0.504523
NC_076823.1,NC_076823.1__N__250,N,250,1750,virus,0.9998646974563599,0.357681,0.033283,0.045311,0.035601,0.023601,0.504523
NC_076823.1,NC_076823.1__M__200,M,200,1800,virus,0.9998772144317627,0.287267,0.032719,0.042851,0.035639,0.022892,0.578632
NC_076823.1,NC_076823.1__N__200,N,200,1800,virus,0.9998772144317627,0.287267,0.032719,0.042851,0.035639,0.022892,0.578632
NC_076823.1,NC_076823.1__M__150,M,150,1850,virus,0.9998741149902344,0.296348,0.036805,0.041062,0.033777,0.021370,0.570637
NC_076823.1,NC_076823.1__N__150,N,150,1850,virus,0.9998741149902344,0.296348,0.036805,0.041062,0.033777,0.021370,0.570637
NC_076823.1,NC_076823.1__M__100,M,100,1900,virus,0.999751627445221,0.213322,0.032773,0.045996,0.029810,0.016909,0.661189
NC_076823.1,NC_076823.1__N__100,N,100,1900,virus,0.999751627445221,0.213322,0.032773,0.045996,0.029810,0.016909,0.661189
NC_076823.1,NC_076823.1__M__50,M,50,1950,virus,0.9996185302734375,0.235758,0.037451,0.059453,0.042003,0.017404,0.607932
NC_076823.1,NC_076823.1__N__50,N,50,1950,virus,0.9996185302734375,0.235758,0.037451,0.059453,0.042003,0.017404,0.607932
NC_076823.1,NC_076823.1__M__1,M,1,1999,virus,0.9997934699058533,0.106280,0.025649,0.045916,0.026777,0.012735,0.782643
NC_076823.1,NC_076823.1__N__1,N,1,1999,virus,0.9997934699058533,0.106280,0.025649,0.045916,0.026777,0.012735,0.782643
NC_076901.1,NC_076901.1__none__0,none,0,2000,virus,0.9939255118370056,0.021559,0.238676,0.064867,0.024428,0.023388,0.627081
NC_076901.1,NC_076901.1__M__500,M,500,1500,virus,0.9927532076835632,0.047140,0.076806,0.102266,0.027879,0.016517,0.729392
NC_076901.1,NC_076901.1__N__500,N,500,1500,virus,0.9927532076835632,0.047140,0.076806,0.102266,0.027879,0.016517,0.729392
NC_076901.1,NC_076901.1__M__450,M,450,1550,phage,0.9978591799736023,0.297119,0.300630,0.075763,0.065228,0.041155,0.220105
NC_076901.1,NC_076901.1__N__450,N,450,1550,phage,0.9978591799736023,0.297119,0.300630,0.075763,0.065228,0.041155,0.220105
NC_076901.1,NC_076901.1__M__400,M,400,1600,virus,0.9983847141265869,0.170147,0.169213,0.078870,0.054266,0.030552,0.496953
NC_076901.1,NC_076901.1__N__400,N,400,1600,virus,0.9983847141265869,0.170147,0.169213,0.078870,0.054266,0.030552,0.496953
NC_076901.1,NC_076901.1__M__350,M,350,1650,virus,0.998217761516571,0.146411,0.089305,0.079944,0.043194,0.023093,0.618053
NC_076901.1,NC_076901.1__N__350,N,350,1650,virus,0.998217761516571,0.146411,0.089305,0.079944,0.043194,0.023093,0.618053
NC_076901.1,NC_076901.1__M__300,M,300,1700,virus,0.9973115921020508,0.085387,0.080412,0.124089,0.041552,0.021832,0.646728
NC_076901.1,NC_076901.1__N__300,N,300,1700,virus,0.9973115921020508,0.085387,0.080412,0.124089,0.041552,0.021832,0.646728
NC_076901.1,NC_076901.1__M__250,M,250,1750,virus,0.9980666041374207,0.146344,0.079733,0.124266,0.045264,0.028042,0.576350
NC_076901.1,NC_076901.1__N__250,N,250,1750,virus,0.9980666041374207,0.146344,0.079733,0.124266,0.045264,0.028042,0.576350
NC_076901.1,NC_076901.1__M__200,M,200,1800,virus,0.9971646666526794,0.040584,0.052717,0.117253,0.029315,0.019483,0.740649
NC_076901.1,NC_076901.1__N__200,N,200,1800,virus,0.9971646666526794,0.040584,0.052717,0.117253,0.029315,0.019483,0.740649
NC_076901.1,NC_076901.1__M__150,M,150,1850,virus,0.9968061447143555,0.031225,0.084933,0.089946,0.028966,0.021592,0.743338
NC_076901.1,NC_076901.1__N__150,N,150,1850,virus,0.9968061447143555,0.031225,0.084933,0.089946,0.028966,0.021592,0.743338
NC_076901.1,NC_076901.1__M__100,M,100,1900,virus,0.994917631149292,0.019233,0.050254,0.043229,0.018676,0.016674,0.851934
NC_076901.1,NC_076901.1__N__100,N,100,1900,virus,0.994917631149292,0.019233,0.050254,0.043229,0.018676,0.016674,0.851934
NC_076901.1,NC_076901.1__M__50,M,50,1950,virus,0.9939082860946655,0.023165,0.226206,0.068287,0.025018,0.023388,0.633936
NC_076901.1,NC_076901.1__N__50,N,50,1950,virus,0.9939082860946655,0.023165,0.226206,0.068287,0.025018,0.023388,0.633936
NC_076901.1,NC_076901.1__M__1,M,1,1999,virus,0.9939256310462952,0.021596,0.236116,0.064921,0.024466,0.023357,0.629544
NC_076901.1,NC_076901.1__N__1,N,1,1999,virus,0.9939256310462952,0.021596,0.236116,0.064921,0.024466,0.023357,0.629544
NC_076937.1,NC_076937.1__none__0,none,0,2000,phage,0.9999653100967407,0.024621,0.690203,0.059728,0.086961,0.028287,0.110200
NC_076937.1,NC_076937.1__M__500,M,500,1500,bacteria,0.9999332427978516,0.469401,0.148341,0.062057,0.228874,0.030912,0.060414
NC_076937.1,NC_076937.1__N__500,N,500,1500,bacteria,0.9999332427978516,0.469401,0.148341,0.062057,0.228874,0.030912,0.060414
NC_076937.1,NC_076937.1__M__450,M,450,1550,bacteria,0.9999657869338989,0.411891,0.165433,0.067818,0.252306,0.034073,0.068480
NC_076937.1,NC_076937.1__N__450,N,450,1550,bacteria,0.9999657869338989,0.411891,0.165433,0.067818,0.252306,0.034073,0.068480
NC_076937.1,NC_076937.1__M__400,M,400,1600,archaea,0.9999767541885376,0.096147,0.161866,0.045274,0.627362,0.024642,0.044710
NC_076937.1,NC_076937.1__N__400,N,400,1600,archaea,0.9999767541885376,0.096147,0.161866,0.045274,0.627362,0.024642,0.044710
NC_076937.1,NC_076937.1__M__350,M,350,1650,archaea,0.9999829530715942,0.192112,0.235541,0.071197,0.393629,0.034508,0.073013
NC_076937.1,NC_076937.1__N__350,N,350,1650,archaea,0.9999829530715942,0.192112,0.235541,0.071197,0.393629,0.034508,0.073013
NC_076937.1,NC_076937.1__M__300,M,300,1700,phage,0.9999769926071167,0.207215,0.278415,0.090925,0.266544,0.038188,0.118712
NC_076937.1,NC_076937.1__N__300,N,300,1700,phage,0.9999769926071167,0.207215,0.278415,0.090925,0.266544,0.038188,0.118712
NC_076937.1,NC_076937.1__M__250,M,250,1750,archaea,0.9999715089797974,0.059808,0.105050,0.050855,0.678157,0.024048,0.082083
NC_076937.1,NC_076937.1__N__250,N,250,1750,archaea,0.9999715089797974,0.059808,0.105050,0.050855,0.678157,0.024048,0.082083
NC_076937.1,NC_076937.1__M__200,M,200,1800,archaea,0.999976634979248,0.114936,0.227295,0.064243,0.459264,0.032653,0.101610
NC_076937.1,NC_076937.1__N__200,N,200,1800,archaea,0.999976634979248,0.114936,0.227295,0.064243,0.459264,0.032653,0.101610
NC_076937.1,NC_076937.1__M__150,M,150,1850,archaea,0.9999691247940063,0.048493,0.256961,0.042661,0.569196,0.029132,0.053557
NC_076937.1,NC_076937.1__N__150,N,150,1850,archaea,0.9999691247940063,0.048493,0.256961,0.042661,0.569196,0.029132,0.053557
NC_076937.1,NC_076937.1__M__100,M,100,1900,archaea,0.9999464750289917,0.046602,0.388729,0.060650,0.398847,0.034463,0.070710
NC_076937.1,NC_076937.1__N__100,N,100,1900,archaea,0.9999464750289917,0.046602,0.388729,0.060650,0.398847,0.034463,0.070710
NC_076937.1,NC_076937.1__M__50,M,50,1950,phage,0.9999558925628662,0.028849,0.572058,0.066266,0.204533,0.032740,0.095555
NC_076937.1,NC_076937.1__N__50,N,50,1950,phage,0.9999558925628662,0.028849,0.572058,0.066266,0.204533,0.032740,0.095555
NC_076937.1,NC_076937.1__M__1,M,1,1999,phage,0.9999653100967407,0.024662,0.691048,0.059773,0.087896,0.028219,0.108402
NC_076937.1,NC_076937.1__N__1,N,1,1999,phage,0.9999653100967407,0.024662,0.691048,0.059773,0.087896,0.028219,0.108402
NC_077019.1,NC_077019.1__none__0,none,0,2000,virus,0.9997281432151794,0.012845,0.046598,0.022910,0.018170,0.025287,0.874190
NC_077019.1,NC_077019.1__M__500,M,500,1500,virus,0.9999334812164307,0.033332,0.050261,0.027476,0.026737,0.016467,0.845726
NC_077019.1,NC_077019.1__N__500,N,500,1500,virus,0.9999334812164307,0.033332,0.050261,0.027476,0.026737,0.016467,0.845726
NC_077019.1,NC_077019.1__M__450,M,450,1550,virus,0.9999562501907349,0.029805,0.030727,0.021775,0.022717,0.014590,0.880386
NC_077019.1,NC_077019.1__N__450,N,450,1550,virus,0.9999562501907349,0.029805,0.030727,0.021775,0.022717,0.014590,0.880386
NC_077019.1,NC_077019.1__M__400,M,400,1600,virus,0.9999622106552124,0.030607,0.035327,0.023102,0.022912,0.015543,0.872509
NC_077019.1,NC_077019.1__N__400,N,400,1600,virus,0.9999622106552124,0.030607,0.035327,0.023102,0.022912,0.015543,0.872509
NC_077019.1,NC_077019.1__M__350,M,350,1650,virus,0.9999557733535767,0.038975,0.067968,0.027135,0.034877,0.022669,0.808376
NC_077019.1,NC_077019.1__N__350,N,350,1650,virus,0.9999557733535767,0.038975,0.067968,0.027135,0.034877,0.022669,0.808376
NC_077019.1,NC_077019.1__M__300,M,300,1700,virus,0.9999382495880127,0.031221,0.047402,0.024918,0.029737,0.020329,0.846393
NC_077019.1,NC_077019.1__N__300,N,300,1700,virus,0.9999382495880127,0.031221,0.047402,0.024918,0.029737,0.020329,0.846393
NC_077019.1,NC_077019.1__M__250,M,250,1750,virus,0.9999237060546875,0.046027,0.061088,0.032688,0.039247,0.020018,0.800932
NC_077019.1,NC_077019.1__N__250,N,250,1750,virus,0.9999237060546875,0.046027,0.061088,0.032688,0.039247,0.020018,0.800932
NC_077019.1,NC_077019.1__M__200,M,200,1800,virus,0.999925971031189,0.041997,0.058505,0.029324,0.040009,0.022372,0.807794
NC_077019.1,NC_077019.1__N__200,N,200,1800,virus,0.999925971031189,0.041997,0.058505,0.029324,0.040009,0.022372,0.807794
NC_077019.1,NC_077019.1__M__150,M,150,1850,virus,0.9998936653137207,0.025968,0.085009,0.026268,0.035561,0.032342,0.794853
NC_077019.1,NC_077019.1__N__150,N,150,1850,virus,0.9998936653137207,0.025968,0.085009,0.026268,0.035561,0.032342,0.794853
NC_077019.1,NC_077019.1__M__100,M,100,1900,virus,0.9996777772903442,0.016317,0.054168,0.023067,0.022684,0.026142,0.857622
NC_077019.1,NC_077019.1__N__100,N,100,1900,virus,0.9996777772903442,0.016317,0.054168,0.023067,0.022684,0.026142,0.857622
NC_077019.1,NC_077019.1__M__50,M,50,1950,virus,0.999528169631958,0.013441,0.053981,0.024080,0.018690,0.026277,0.863532
NC_077019.1,NC_077019.1__N__50,N,50,1950,virus,0.999528169631958,0.013441,0.053981,0.024080,0.018690,0.026277,0.863532
NC_077019.1,NC_077019.1__M__1,M,1,1999,virus,0.9997265934944153,0.012852,0.046260,0.022886,0.018143,0.025257,0.874603
NC_077019.1,NC_077019.1__N__1,N,1,1999,virus,0.9997265934944153,0.012852,0.046260,0.022886,0.018143,0.025257,0.874603
NC_077040.1,NC_077040.1__none__0,none,0,2000,virus,0.9905992150306702,0.025577,0.024362,0.047277,0.022551,0.028483,0.851751
NC_077040.1,NC_077040.1__M__500,M,500,1500,virus,0.9989191293716431,0.065195,0.018248,0.024726,0.019634,0.008031,0.864165
NC_077040.1,NC_077040.1__N__500,N,500,1500,virus,0.9989191293716431,0.065195,0.018248,0.024726,0.019634,0.008031,0.864165
NC_077040.1,NC_077040.1__M__450,M,450,1550,virus,0.998514711856842,0.054872,0.017589,0.020157,0.018223,0.008380,0.880779
NC_077040.1,NC_077040.1__N__450,N,450,1550,virus,0.998514711856842,0.054872,0.017589,0.020157,0.018223,0.008380,0.880779
NC_077040.1,NC_077040.1__M__400,M,400,1600,virus,0.9987266659736633,0.031947,0.015539,0.013718,0.014833,0.010355,0.913608
NC_077040.1,NC_077040.1__N__400,N,400,1600,virus,0.9987266659736633,0.031947,0.015539,0.013718,0.014833,0.010355,0.913608
NC_077040.1,NC_077040.1__M__350,M,350,1650,virus,0.9991140961647034,0.022762,0.014976,0.011711,0.013341,0.010413,0.926797
NC_077040.1,NC_077040.1__N__350,N,350,1650,virus,0.9991140961647034,0.022762,0.014976,0.011711,0.013341,0.010413,0.926797
NC_077040.1,NC_077040.1__M__300,M,300,1700,virus,0.998917818069458,0.027880,0.015475,0.011982,0.014759,0.010851,0.919053
NC_077040.1,NC_077040.1__N__300,N,300,1700,virus,0.998917818069458,0.027880,0.015475,0.011982,0.014759,0.010851,0.919053
NC_077040.1,NC_077040.1__M__250,M,250,1750,virus,0.9976206421852112,0.025058,0.017016,0.016030,0.014783,0.010965,0.916148
NC_077040.1,NC_077040.1__N__250,N,250,1750,virus,0.9976206421852112,0.025058,0.017016,0.016030,0.014783,0.010965,0.916148
NC_077040.1,NC_077040.1__M__200,M,200,1800,virus,0.9957796335220337,0.021941,0.016019,0.013328,0.013745,0.010395,0.924572
NC_077040.1,NC_077040.1__N__200,N,200,1800,virus,0.9957796335220337,0.021941,0.016019,0.013328,0.013745,0.010395,0.924572
NC_077040.1,NC_077040.1__M__150,M,150,1850,virus,0.9936942458152771,0.019727,0.017784,0.016052,0.015648,0.014074,0.916715
NC_077040.1,NC_077040.1__N__150,N,150,1850,virus,0.9936942458152771,0.019727,0.017784,0.016052,0.015648,0.014074,0.916715
NC_077040.1,NC_077040.1__M__100,M,100,1900,virus,0.9897704124450684,0.017343,0.017033,0.015495,0.015482,0.014174,0.920473
NC_077040.1,NC_077040.1__N__100,N,100,1900,virus,0.9897704124450684,0.017343,0.017033,0.015495,0.015482,0.014174,0.920473
NC_077040.1,NC_077040.1__M__50,M,50,1950,virus,0.9813414812088013,0.020687,0.020692,0.030522,0.019173,0.023093,0.885832
NC_077040.1,NC_077040.1__N__50,N,50,1950,virus,0.9813414812088013,0.020687,0.020692,0.030522,0.019173,0.023093,0.885832
NC_077040.1,NC_077040.1__M__1,M,1,1999,virus,0.9905093908309937,0.025475,0.024287,0.047101,0.022466,0.028481,0.852190
NC_077040.1,NC_077040.1__N__1,N,1,1999,virus,0.9905093908309937,0.025475,0.024287,0.047101,0.022466,0.028481,0.852190
NC_073802.1,NC_073802.1__none__0,none,0,2000,phage,0.9998574256896973,0.016421,0.915900,0.016000,0.016922,0.018031,0.016726
NC_073802.1,NC_073802.1__M__500,M,500,1500,phage,0.9994120597839355,0.364980,0.459095,0.026144,0.034050,0.074040,0.041692
NC_073802.1,NC_073802.1__N__500,N,500,1500,phage,0.9994120597839355,0.364980,0.459095,0.026144,0.034050,0.074040,0.041692
NC_073802.1,NC_073802.1__M__450,M,450,1550,phage,0.9997199177742004,0.397257,0.431398,0.028306,0.034012,0.067225,0.041802
NC_073802.1,NC_073802.1__N__450,N,450,1550,phage,0.9997199177742004,0.397257,0.431398,0.028306,0.034012,0.067225,0.041802
NC_073802.1,NC_073802.1__M__400,M,400,1600,phage,0.9998397827148438,0.319727,0.520669,0.027606,0.033722,0.056746,0.041529
NC_073802.1,NC_073802.1__N__400,N,400,1600,phage,0.9998397827148438,0.319727,0.520669,0.027606,0.033722,0.056746,0.041529
NC_073802.1,NC_073802.1__M__350,M,350,1650,phage,0.9998562335968018,0.212209,0.648442,0.024677,0.032337,0.042832,0.039503
NC_073802.1,NC_073802.1__N__350,N,350,1650,phage,0.9998562335968018,0.212209,0.648442,0.024677,0.032337,0.042832,0.039503
NC_073802.1,NC_073802.1__M__300,M,300,1700,phage,0.999923825263977,0.289740,0.562040,0.024456,0.032475,0.050770,0.040520
NC_073802.1,NC_073802.1__N__300,N,300,1700,phage,0.999923825263977,0.289740,0.562040,0.024456,0.032475,0.050770,0.040520
NC_073802.1,NC_073802.1__M__250,M,250,1750,phage,0.9999287128448486,0.186753,0.665096,0.020592,0.027755,0.062558,0.037246
NC_073802.1,NC_073802.1__N__250,N,250,1750,phage,0.9999287128448486,0.186753,0.665096,0.020592,0.027755,0.062558,0.037246
NC_073802.1,NC_073802.1__M__200,M,200,1800,phage,0.9999399185180664,0.133079,0.740043,0.020133,0.024509,0.052245,0.029991
NC_073802.1,NC_073802.1__N__200,N,200,1800,phage,0.9999399185180664,0.133079,0.740043,0.020133,0.024509,0.052245,0.029991
NC_073802.1,NC_073802.1__M__150,M,150,1850,phage,0.9999204874038696,0.024382,0.897941,0.014659,0.015956,0.028469,0.018593
NC_073802.1,NC_073802.1__N__150,N,150,1850,phage,0.9999204874038696,0.024382,0.897941,0.014659,0.015956,0.028469,0.018593
NC_073802.1,NC_073802.1__M__100,M,100,1900,phage,0.999819815158844,0.025418,0.903601,0.013723,0.015058,0.024680,0.017519
NC_073802.1,NC_073802.1__N__100,N,100,1900,phage,0.999819815158844,0.025418,0.903601,0.013723,0.015058,0.024680,0.017519
NC_073802.1,NC_073802.1__M__50,M,50,1950,phage,0.9998145699501038,0.015072,0.918226,0.015872,0.016823,0.017908,0.016099
NC_073802.1,NC_073802.1__N__50,N,50,1950,phage,0.9998145699501038,0.015072,0.918226,0.015872,0.016823,0.017908,0.016099
NC_073802.1,NC_073802.1__M__1,M,1,1999,phage,0.99985671043396,0.016461,0.916014,0.015938,0.016920,0.017963,0.016704
NC_073802.1,NC_073802.1__N__1,N,1,1999,phage,0.99985671043396,0.016461,0.916014,0.015938,0.016920,0.017963,0.016704
NC_073874.1,NC_073874.1__none__0,none,0,2000,phage,0.9980923533439636,0.023387,0.867654,0.017120,0.017601,0.053776,0.020462
NC_073874.1,NC_073874.1__M__500,M,500,1500,bacteria,0.9992974996566772,0.501026,0.314232,0.029170,0.031034,0.094408,0.030130
NC_073874.1,NC_073874.1__N__500,N,500,1500,bacteria,0.9992974996566772,0.501026,0.314232,0.029170,0.031034,0.094408,0.030130
NC_073874.1,NC_073874.1__M__450,M,450,1550,phage,0.9991276860237122,0.283778,0.535365,0.027396,0.029974,0.093301,0.030187
NC_073874.1,NC_073874.1__N__450,N,450,1550,phage,0.9991276860237122,0.283778,0.535365,0.027396,0.029974,0.093301,0.030187
NC_073874.1,NC_073874.1__M__400,M,400,1600,bacteria,0.9993031024932861,0.540470,0.286255,0.030162,0.033873,0.078136,0.031103
NC_073874.1,NC_073874.1__N__400,N,400,1600,bacteria,0.9993031024932861,0.540470,0.286255,0.030162,0.033873,0.078136,0.031103
NC_073874.1,NC_073874.1__M__350,M,350,1650,bacteria,0.9994505047798157,0.470472,0.374071,0.028006,0.034834,0.062575,0.030042
NC_073874.1,NC_073874.1__N__350,N,350,1650,bacteria,0.9994505047798157,0.470472,0.374071,0.028006,0.034834,0.062575,0.030042
NC_073874.1,NC_073874.1__M__300,M,300,1700,bacteria,0.999308705329895,0.547000,0.303273,0.030282,0.034812,0.052721,0.031912
NC_073874.1,NC_073874.1__N__300,N,300,1700,bacteria,0.999308705329895,0.547000,0.303273,0.030282,0.034812,0.052721,0.031912
NC_073874.1,NC_073874.1__M__250,M,250,1750,bacteria,0.9991762042045593,0.481557,0.359130,0.028845,0.035197,0.064860,0.030412
NC_073874.1,NC_073874.1__N__250,N,250,1750,bacteria,0.9991762042045593,0.481557,0.359130,0.028845,0.035197,0.064860,0.030412
NC_073874.1,NC_073874.1__M__200,M,200,1800,bacteria,0.9984777569770813,0.435048,0.378774,0.027293,0.036895,0.090359,0.031631
NC_073874.1,NC_073874.1__N__200,N,200,1800,bacteria,0.9984777569770813,0.435048,0.378774,0.027293,0.036895,0.090359,0.031631
NC_073874.1,NC_073874.1__M__150,M,150,1850,phage,0.9978335499763489,0.169374,0.682416,0.024493,0.032494,0.064434,0.026790
NC_073874.1,NC_073874.1__N__150,N,150,1850,phage,0.9978335499763489,0.169374,0.682416,0.024493,0.032494,0.064434,0.026790
NC_073874.1,NC_073874.1__M__100,M,100,1900,phage,0.9952030181884766,0.104801,0.767647,0.019904,0.025473,0.060252,0.021922
NC_073874.1,NC_073874.1__N__100,N,100,1900,phage,0.9952030181884766,0.104801,0.767647,0.019904,0.025473,0.060252,0.021922
NC_073874.1,NC_073874.1__M__50,M,50,1950,phage,0.9987276196479797,0.030109,0.878674,0.016231,0.017693,0.037871,0.019421
NC_073874.1,NC_073874.1__N__50,N,50,1950,phage,0.9987276196479797,0.030109,0.878674,0.016231,0.017693,0.037871,0.019421
NC_073874.1,NC_073874.1__M__1,M,1,1999,phage,0.9980839490890503,0.023332,0.867871,0.017147,0.017594,0.053603,0.020454
NC_073874.1,NC_073874.1__N__1,N,1,1999,phage,0.9980839490890503,0.023332,0.867871,0.017147,0.017594,0.053603,0.020454
NC_073882.1,NC_073882.1__none__0,none,0,2000,phage,0.9999629259109497,0.017076,0.918218,0.015332,0.016618,0.016640,0.016116
NC_073882.1,NC_073882.1__M__500,M,500,1500,bacteria,0.9998750686645508,0.867747,0.048273,0.019065,0.020630,0.025833,0.018451
NC_073882.1,NC_073882.1__N__500,N,500,1500,bacteria,0.9998750686645508,0.867747,0.048273,0.019065,0.020630,0.025833,0.018451
NC_073882.1,NC_073882.1__M__450,M,450,1550,bacteria,0.9999004602432251,0.725124,0.162967,0.023924,0.027276,0.036955,0.023755
NC_073882.1,NC_073882.1__N__450,N,450,1550,bacteria,0.9999004602432251,0.725124,0.162967,0.023924,0.027276,0.036955,0.023755
NC_073882.1,NC_073882.1__M__400,M,400,1600,bacteria,0.9999183416366577,0.557074,0.325703,0.025601,0.028521,0.037319,0.025783
NC_073882.1,NC_073882.1__N__400,N,400,1600,bacteria,0.9999183416366577,0.557074,0.325703,0.025601,0.028521,0.037319,0.025783
NC_073882.1,NC_073882.1__M__350,M,350,1650,bacteria,0.9999567270278931,0.525424,0.351191,0.026612,0.030689,0.039151,0.026933
NC_073882.1,NC_073882.1__N__350,N,350,1650,bacteria,0.9999567270278931,0.525424,0.351191,0.026612,0.030689,0.039151,0.026933
NC_073882.1,NC_073882.1__M__300,M,300,1700,bacteria,0.9999699592590332,0.513297,0.360674,0.026493,0.031575,0.038677,0.029283
NC_073882.1,NC_073882.1__N__300,N,300,1700,bacteria,0.9999699592590332,0.513297,0.360674,0.026493,0.031575,0.038677,0.029283
NC_073882.1,NC_073882.1__M__250,M,250,1750,phage,0.9999748468399048,0.294833,0.583460,0.026633,0.028726,0.036481,0.029867
NC_073882.1,NC_073882.1__N__250,N,250,1750,phage,0.9999748468399048,0.294833,0.583460,0.026633,0.028726,0.036481,0.029867
NC_073882.1,NC_073882.1__M__200,M,200,1800,phage,0.9999792575836182,0.129517,0.776637,0.020137,0.021511,0.029036,0.023163
NC_073882.1,NC_073882.1__N__200,N,200,1800,phage,0.9999792575836182,0.129517,0.776637,0.020137,0.021511,0.029036,0.023163
NC_073882.1,NC_073882.1__M__150,M,150,1850,phage,0.9999736547470093,0.049824,0.875493,0.015803,0.016962,0.024704,0.017214
NC_073882.1,NC_073882.1__N__150,N,150,1850,phage,0.9999736547470093,0.049824,0.875493,0.015803,0.016962,0.024704,0.017214
NC_073882.1,NC_073882.1__M__100,M,100,1900,phage,0.999963641166687,0.031067,0.901487,0.013969,0.014553,0.023275,0.015649
NC_073882.1,NC_073882.1__N__100,N,100,1900,phage,0.999963641166687,0.031067,0.901487,0.013969,0.014553,0.023275,0.015649
NC_073882.1,NC_073882.1__M__50,M,50,1950,phage,0.9999653100967407,0.015931,0.918288,0.015256,0.016696,0.017703,0.016127
NC_073882.1,NC_073882.1__N__50,N,50,1950,phage,0.9999653100967407,0.015931,0.918288,0.015256,0.016696,0.017703,0.016127
NC_073882.1,NC_073882.1__M__1,M,1,1999,phage,0.9999630451202393,0.017140,0.918054,0.015325,0.016638,0.016690,0.016153
NC_073882.1,NC_073882.1__N__1,N,1,1999,phage,0.9999630451202393,0.017140,0.918054,0.015325,0.016638,0.016690,0.016153
NC_073952.1,NC_073952.1__none__0,none,0,2000,phage,0.9949222207069397,0.046199,0.881319,0.014739,0.016584,0.023912,0.017247
NC_073952.1,NC_073952.1__M__500,M,500,1500,bacteria,0.9981743097305298,0.787776,0.118340,0.016900,0.022544,0.035965,0.018476
NC_073952.1,NC_073952.1__N__500,N,500,1500,bacteria,0.9981743097305298,0.787776,0.118340,0.016900,0.022544,0.035965,0.018476
NC_073952.1,NC_073952.1__M__450,M,450,1550,bacteria,0.9986433386802673,0.706633,0.185154,0.019500,0.025751,0.041483,0.021479
NC_073952.1,NC_073952.1__N__450,N,450,1550,bacteria,0.9986433386802673,0.706633,0.185154,0.019500,0.025751,0.041483,0.021479
NC_073952.1,NC_073952.1__M__400,M,400,1600,bacteria,0.9987311959266663,0.676103,0.213089,0.020473,0.027398,0.039029,0.023909
NC_073952.1,NC_073952.1__N__400,N,400,1600,bacteria,0.9987311959266663,0.676103,0.213089,0.020473,0.027398,0.039029,0.023909
NC_073952.1,NC_073952.1__M__350,M,350,1650,bacteria,0.9989416003227234,0.725021,0.165860,0.019829,0.027463,0.037709,0.024118
NC_073952.1,NC_073952.1__N__350,N,350,1650,bacteria,0.9989416003227234,0.725021,0.165860,0.019829,0.027463,0.037709,0.024118
NC_073952.1,NC_073952.1__M__300,M,300,1700,bacteria,0.9995177984237671,0.677399,0.196784,0.021568,0.029652,0.049661,0.024937
NC_073952.1,NC_073952.1__N__300,N,300,1700,bacteria,0.9995177984237671,0.677399,0.196784,0.021568,0.029652,0.049661,0.024937
NC_073952.1,NC_073952.1__M__250,M,250,1750,bacteria,0.9992215633392334,0.732807,0.152289,0.020523,0.028124,0.042044,0.024213
NC_073952.1,NC_073952.1__N__250,N,250,1750,bacteria,0.9992215633392334,0.732807,0.152289,0.020523,0.028124,0.042044,0.024213
NC_073952.1,NC_073952.1__M__200,M,200,1800,bacteria,0.9991149306297302,0.676566,0.209650,0.020241,0.027293,0.041561,0.024690
NC_073952.1,NC_073952.1__N__200,N,200,1800,bacteria,0.9991149306297302,0.676566,0.209650,0.020241,0.027293,0.041561,0.024690
NC_073952.1,NC_073952.1__M__150,M,150,1850,phage,0.9988478422164917,0.413839,0.464497,0.022779,0.027829,0.044896,0.026160
NC_073952.1,NC_073952.1__N__150,N,150,1850,phage,0.9988478422164917,0.413839,0.464497,0.022779,0.027829,0.044896,0.026160
NC_073952.1,NC_073952.1__M__100,M,100,1900,phage,0.9979822635650635,0.159348,0.748479,0.019175,0.020966,0.031113,0.020919
NC_073952.1,NC_073952.1__N__100,N,100,1900,phage,0.9979822635650635,0.159348,0.748479,0.019175,0.020966,0.031113,0.020919
NC_073952.1,NC_073952.1__M__50,M,50,1950,phage,0.9909288287162781,0.041938,0.888955,0.014488,0.016166,0.021505,0.016947
NC_073952.1,NC_073952.1__N__50,N,50,1950,phage,0.9909288287162781,0.041938,0.888955,0.014488,0.016166,0.021505,0.016947
NC_073952.1,NC_073952.1__M__1,M,1,1999,phage,0.9949960708618164,0.046719,0.880401,0.014785,0.016667,0.024131,0.017296
NC_073952.1,NC_073952.1__N__1,N,1,1999,phage,0.9949960708618164,0.046719,0.880401,0.014785,0.016667,0.024131,0.017296
NC_073983.1,NC_073983.1__none__0,none,0,2000,phage,0.9965819716453552,0.019484,0.886100,0.016337,0.020144,0.037230,0.020704
NC_073983.1,NC_073983.1__M__500,M,500,1500,bacteria,0.9958546161651611,0.589860,0.165562,0.029385,0.036645,0.140840,0.037709
NC_073983.1,NC_073983.1__N__500,N,500,1500,bacteria,0.9958546161651611,0.589860,0.165562,0.029385,0.036645,0.140840,0.037709
NC_073983.1,NC_073983.1__M__450,M,450,1550,bacteria,0.9968382120132446,0.372769,0.361544,0.032452,0.044198,0.138391,0.050646
NC_073983.1,NC_073983.1__N__450,N,450,1550,bacteria,0.9968382120132446,0.372769,0.361544,0.032452,0.044198,0.138391,0.050646
NC_073983.1,NC_073983.1__M__400,M,400,1600,phage,0.9976565837860107,0.281999,0.402851,0.033280,0.049118,0.174560,0.058192
NC_073983.1,NC_073983.1__N__400,N,400,1600,phage,0.9976565837860107,0.281999,0.402851,0.033280,0.049118,0.174560,0.058192
NC_073983.1,NC_073983.1__M__350,M,350,1650,phage,0.9969713687896729,0.268959,0.498619,0.027860,0.045763,0.114103,0.044696
NC_073983.1,NC_073983.1__N__350,N,350,1650,phage,0.9969713687896729,0.268959,0.498619,0.027860,0.045763,0.114103,0.044696
NC_073983.1,NC_073983.1__M__300,M,300,1700,phage,0.9978139400482178,0.162909,0.663681,0.020849,0.036564,0.076671,0.039326
NC_073983.1,NC_073983.1__N__300,N,300,1700,phage,0.9978139400482178,0.162909,0.663681,0.020849,0.036564,0.076671,0.039326
NC_073983.1,NC_073983.1__M__250,M,250,1750,phage,0.99826979637146,0.041652,0.863286,0.014295,0.023314,0.034911,0.022543
NC_073983.1,NC_073983.1__N__250,N,250,1750,phage,0.99826979637146,0.041652,0.863286,0.014295,0.023314,0.034911,0.022543
NC_073983.1,NC_073983.1__M__200,M,200,1800,phage,0.9980961680412292,0.049112,0.822905,0.017170,0.023536,0.061048,0.026229
NC_073983.1,NC_073983.1__N__200,N,200,1800,phage,0.9980961680412292,0.049112,0.822905,0.017170,0.023536,0.061048,0.026229
NC_073983.1,NC_073983.1__M__150,M,150,1850,phage,0.9975296854972839,0.026549,0.832463,0.017512,0.023010,0.075140,0.025326
NC_073983.1,NC_073983.1__N__150,N,150,1850,phage,0.9975296854972839,0.026549,0.832463,0.017512,0.023010,0.075140,0.025326
NC_073983.1,NC_073983.1__M__100,M,100,1900,phage,0.9953016042709351,0.023207,0.855865,0.016909,0.023045,0.056602,0.024372
NC_073983.1,NC_073983.1__N__100,N,100,1900,phage,0.9953016042709351,0.023207,0.855865,0.016909,0.023045,0.056602,0.024372
NC_073983.1,NC_073983.1__M__50,M,50,1950,phage,0.9950969815254211,0.019584,0.886343,0.016391,0.020157,0.036288,0.021237
NC_073983.1,NC_073983.1__N__50,N,50,1950,phage,0.9950969815254211,0.019584,0.886343,0.016391,0.020157,0.036288,0.021237
NC_073983.1,NC_073983.1__M__1,M,1,1999,phage,0.9965792298316956,0.019292,0.886757,0.016215,0.020023,0.037115,0.020599
NC_073983.1,NC_073983.1__N__1,N,1,1999,phage,0.9965792298316956,0.019292,0.886757,0.016215,0.020023,0.037115,0.020599
NC_073999.1,NC_073999.1__none__0,none,0,2000,phage,0.9999313354492188,0.064637,0.800835,0.017291,0.024626,0.046497,0.046114
NC_073999.1,NC_073999.1__M__500,M,500,1500,bacteria,0.9999240636825562,0.872422,0.034190,0.019251,0.024516,0.016844,0.032777
NC_073999.1,NC_073999.1__N__500,N,500,1500,bacteria,0.9999240636825562,0.872422,0.034190,0.019251,0.024516,0.016844,0.032777
NC_073999.1,NC_073999.1__M__450,M,450,1550,bacteria,0.9999561309814453,0.865579,0.038345,0.019338,0.025873,0.016955,0.033909
NC_073999.1,NC_073999.1__N__450,N,450,1550,bacteria,0.9999561309814453,0.865579,0.038345,0.019338,0.025873,0.016955,0.033909
NC_073999.1,NC_073999.1__M__400,M,400,1600,bacteria,0.9999538660049438,0.841222,0.049205,0.020280,0.028269,0.018440,0.042584
NC_073999.1,NC_073999.1__N__400,N,400,1600,bacteria,0.9999538660049438,0.841222,0.049205,0.020280,0.028269,0.018440,0.042584
NC_073999.1,NC_073999.1__M__350,M,350,1650,bacteria,0.9999160766601562,0.856218,0.040061,0.017615,0.026774,0.017882,0.041450
NC_073999.1,NC_073999.1__N__350,N,350,1650,bacteria,0.9999160766601562,0.856218,0.040061,0.017615,0.026774,0.017882,0.041450
NC_073999.1,NC_073999.1__M__300,M,300,1700,bacteria,0.9999434947967529,0.814970,0.058340,0.019227,0.031301,0.021288,0.054875
NC_073999.1,NC_073999.1__N__300,N,300,1700,bacteria,0.9999434947967529,0.814970,0.058340,0.019227,0.031301,0.021288,0.054875
NC_073999.1,NC_073999.1__M__250,M,250,1750,bacteria,0.9999138116836548,0.834923,0.060444,0.018638,0.026608,0.023413,0.035974
NC_073999.1,NC_073999.1__N__250,N,250,1750,bacteria,0.9999138116836548,0.834923,0.060444,0.018638,0.026608,0.023413,0.035974
NC_073999.1,NC_073999.1__M__200,M,200,1800,bacteria,0.9999382495880127,0.783141,0.067840,0.020168,0.035113,0.025445,0.068293
NC_073999.1,NC_073999.1__N__200,N,200,1800,bacteria,0.9999382495880127,0.783141,0.067840,0.020168,0.035113,0.025445,0.068293
NC_073999.1,NC_073999.1__M__150,M,150,1850,bacteria,0.9999213218688965,0.669136,0.161127,0.025910,0.041668,0.033038,0.069121
NC_073999.1,NC_073999.1__N__150,N,150,1850,bacteria,0.9999213218688965,0.669136,0.161127,0.025910,0.041668,0.033038,0.069121
NC_073999.1,NC_073999.1__M__100,M,100,1900,bacteria,0.999854564666748,0.625209,0.186399,0.025730,0.040840,0.043452,0.078370
NC_073999.1,NC_073999.1__N__100,N,100,1900,bacteria,0.999854564666748,0.625209,0.186399,0.025730,0.040840,0.043452,0.078370
NC_073999.1,NC_073999.1__M__50,M,50,1950,phage,0.9999208450317383,0.054702,0.826311,0.016375,0.024306,0.033757,0.044549
NC_073999.1,NC_073999.1__N__50,N,50,1950,phage,0.9999208450317383,0.054702,0.826311,0.016375,0.024306,0.033757,0.044549
NC_073999.1,NC_073999.1__M__1,M,1,1999,phage,0.9999309778213501,0.064016,0.801639,0.017203,0.024554,0.046620,0.045968
NC_073999.1,NC_073999.1__N__1,N,1,1999,phage,0.9999309778213501,0.064016,0.801639,0.017203,0.024554,0.046620,0.045968
NC_074034.1,NC_074034.1__none__0,none,0,2000,plasmid,0.9997597336769104,0.025529,0.264100,0.030487,0.030914,0.612502,0.036468
NC_074034.1,NC_074034.1__M__500,M,500,1500,bacteria,0.9998937845230103,0.562768,0.078159,0.030509,0.034171,0.264895,0.029498
NC_074034.1,NC_074034.1__N__500,N,500,1500,bacteria,0.9998937845230103,0.562768,0.078159,0.030509,0.034171,0.264895,0.029498
NC_074034.1,NC_074034.1__M__450,M,450,1550,bacteria,0.9999237060546875,0.742947,0.073704,0.027776,0.032057,0.095122,0.028394
NC_074034.1,NC_074034.1__N__450,N,450,1550,bacteria,0.9999237060546875,0.742947,0.073704,0.027776,0.032057,0.095122,0.028394
NC_074034.1,NC_074034.1__M__400,M,400,1600,bacteria,0.9999237060546875,0.529405,0.242833,0.028889,0.037734,0.129912,0.031227
NC_074034.1,NC_074034.1__N__400,N,400,1600,bacteria,0.9999237060546875,0.529405,0.242833,0.028889,0.037734,0.129912,0.031227
NC_074034.1,NC_074034.1__M__350,M,350,1650,bacteria,0.9999706745147705,0.633255,0.142190,0.030815,0.038123,0.122543,0.033073
NC_074034.1,NC_074034.1__N__350,N,350,1650,bacteria,0.9999706745147705,0.633255,0.142190,0.030815,0.038123,0.122543,0.033073
NC_074034.1,NC_074034.1__M__300,M,300,1700,bacteria,0.999971866607666,0.394126,0.326016,0.033211,0.040271,0.165580,0.040796
NC_074034.1,NC_074034.1__N__300,N,300,1700,bacteria,0.999971866607666,0.394126,0.326016,0.033211,0.040271,0.165580,0.040796
NC_074034.1,NC_074034.1__M__250,M,250,1750,bacteria,0.9999594688415527,0.484276,0.134433,0.034631,0.041296,0.270143,0.035221
NC_074034.1,NC_074034.1__N__250,N,250,1750,bacteria,0.9999594688415527,0.484276,0.134433,0.034631,0.041296,0.270143,0.035221
NC_074034.1,NC_074034.1__M__200,M,200,1800,plasmid,0.9999486207962036,0.184887,0.171528,0.034166,0.037969,0.536044,0.035406
NC_074034.1,NC_074034.1__N__200,N,200,1800,plasmid,0.9999486207962036,0.184887,0.171528,0.034166,0.037969,0.536044,0.035406
NC_074034.1,NC_074034.1__M__150,M,150,1850,plasmid,0.9999195337295532,0.065020,0.195657,0.028761,0.031163,0.649532,0.029867
NC_074034.1,NC_074034.1__N__150,N,150,1850,plasmid,0.9999195337295532,0.065020,0.195657,0.028761,0.031163,0.649532,0.029867
NC_074034.1,NC_074034.1__M__100,M,100,1900,phage,0.9998385906219482,0.064370,0.437192,0.032524,0.032881,0.398859,0.034174
NC_074034.1,NC_074034.1__N__100,N,100,1900,phage,0.9998385906219482,0.064370,0.437192,0.032524,0.032881,0.398859,0.034174
NC_074034.1,NC_074034.1__M__50,M,50,1950,phage,0.9997872710227966,0.028752,0.438277,0.031669,0.032520,0.434598,0.034185
NC_074034.1,NC_074034.1__N__50,N,50,1950,phage,0.9997872710227966,0.028752,0.438277,0.031669,0.032520,0.434598,0.034185
NC_074034.1,NC_074034.1__M__1,M,1,1999,plasmid,0.9997579455375671,0.025621,0.268427,0.030708,0.031075,0.607571,0.036597
NC_074034.1,NC_074034.1__N__1,N,1,1999,plasmid,0.9997579455375671,0.025621,0.268427,0.030708,0.031075,0.607571,0.036597
NC_074251.1,NC_074251.1__none__0,none,0,2000,phage,0.9987762570381165,0.016103,0.914402,0.014652,0.015551,0.022820,0.016473
NC_074251.1,NC_074251.1__M__500,M,500,1500,bacteria,0.9928969740867615,0.681928,0.198516,0.026459,0.028501,0.034512,0.030085
NC_074251.1,NC_074251.1__N__500,N,500,1500,bacteria,0.9928969740867615,0.681928,0.198516,0.026459,0.028501,0.034512,0.030085
NC_074251.1,NC_074251.1__M__450,M,450,1550,bacteria,0.9964309930801392,0.591787,0.266359,0.026407,0.030964,0.052926,0.031557
NC_074251.1,NC_074251.1__N__450,N,450,1550,bacteria,0.9964309930801392,0.591787,0.266359,0.026407,0.030964,0.052926,0.031557
NC_074251.1,NC_074251.1__M__400,M,400,1600,phage,0.9965105652809143,0.373793,0.480280,0.025238,0.029109,0.062041,0.029538
NC_074251.1,NC_074251.1__N__400,N,400,1600,phage,0.9965105652809143,0.373793,0.480280,0.025238,0.029109,0.062041,0.029538
NC_074251.1,NC_074251.1__M__350,M,350,1650,phage,0.9975705742835999,0.372751,0.485686,0.022869,0.027872,0.062585,0.028237
NC_074251.1,NC_074251.1__N__350,N,350,1650,phage,0.9975705742835999,0.372751,0.485686,0.022869,0.027872,0.062585,0.028237
NC_074251.1,NC_074251.1__M__300,M,300,1700,bacteria,0.9986282587051392,0.648144,0.223325,0.023474,0.029189,0.045756,0.030111
NC_074251.1,NC_074251.1__N__300,N,300,1700,bacteria,0.9986282587051392,0.648144,0.223325,0.023474,0.029189,0.045756,0.030111
NC_074251.1,NC_074251.1__M__250,M,250,1750,phage,0.9980859756469727,0.406064,0.454241,0.024845,0.030198,0.051941,0.032711
NC_074251.1,NC_074251.1__N__250,N,250,1750,phage,0.9980859756469727,0.406064,0.454241,0.024845,0.030198,0.051941,0.032711
NC_074251.1,NC_074251.1__M__200,M,200,1800,phage,0.9980331063270569,0.297042,0.554768,0.023824,0.028093,0.064962,0.031311
NC_074251.1,NC_074251.1__N__200,N,200,1800,phage,0.9980331063270569,0.297042,0.554768,0.023824,0.028093,0.064962,0.031311
NC_074251.1,NC_074251.1__M__150,M,150,1850,phage,0.9983378648757935,0.219064,0.643873,0.021416,0.025386,0.064544,0.025717
NC_074251.1,NC_074251.1__N__150,N,150,1850,phage,0.9983378648757935,0.219064,0.643873,0.021416,0.025386,0.064544,0.025717
NC_074251.1,NC_074251.1__M__100,M,100,1900,phage,0.9967979788780212,0.083216,0.819573,0.016356,0.018322,0.042144,0.020389
NC_074251.1,NC_074251.1__N__100,N,100,1900,phage,0.9967979788780212,0.083216,0.819573,0.016356,0.018322,0.042144,0.020389
NC_074251.1,NC_074251.1__M__50,M,50,1950,phage,0.9987093210220337,0.017868,0.912072,0.014226,0.015136,0.024050,0.016648
NC_074251.1,NC_074251.1__N__50,N,50,1950,phage,0.9987093210220337,0.017868,0.912072,0.014226,0.015136,0.024050,0.016648
NC_074251.1,NC_074251.1__M__1,M,1,1999,phage,0.9988023042678833,0.015989,0.914767,0.014639,0.015536,0.022620,0.016449
NC_074251.1,NC_074251.1__N__1,N,1,1999,phage,0.9988023042678833,0.015989,0.914767,0.014639,0.015536,0.022620,0.016449
NC_074274.1,NC_074274.1__none__0,none,0,2000,phage,0.9880279302597046,0.076662,0.710170,0.034571,0.053513,0.094780,0.030305
NC_074274.1,NC_074274.1__M__500,M,500,1500,bacteria,0.988810658454895,0.822651,0.045228,0.017086,0.022645,0.077546,0.014845
NC_074274.1,NC_074274.1__N__500,N,500,1500,bacteria,0.988810658454895,0.822651,0.045228,0.017086,0.022645,0.077546,0.014845
NC_074274.1,NC_074274.1__M__450,M,450,1550,bacteria,0.9896031022071838,0.726558,0.077190,0.020304,0.026802,0.129795,0.019352
NC_074274.1,NC_074274.1__N__450,N,450,1550,bacteria,0.9896031022071838,0.726558,0.077190,0.020304,0.026802,0.129795,0.019352
NC_074274.1,NC_074274.1__M__400,M,400,1600,bacteria,0.9904896020889282,0.801058,0.058102,0.017221,0.022802,0.085152,0.015666
NC_074274.1,NC_074274.1__N__400,N,400,1600,bacteria,0.9904896020889282,0.801058,0.058102,0.017221,0.022802,0.085152,0.015666
NC_074274.1,NC_074274.1__M__350,M,350,1650,bacteria,0.9943021535873413,0.786022,0.064989,0.020184,0.022989,0.085018,0.020798
NC_074274.1,NC_074274.1__N__350,N,350,1650,bacteria,0.9943021535873413,0.786022,0.064989,0.020184,0.022989,0.085018,0.020798
NC_074274.1,NC_074274.1__M__300,M,300,1700,bacteria,0.9923205971717834,0.719986,0.090989,0.025452,0.028331,0.110015,0.025227
NC_074274.1,NC_074274.1__N__300,N,300,1700,bacteria,0.9923205971717834,0.719986,0.090989,0.025452,0.028331,0.110015,0.025227
NC_074274.1,NC_074274.1__M__250,M,250,1750,bacteria,0.9945520758628845,0.749842,0.067883,0.017083,0.022608,0.125261,0.017323
NC_074274.1,NC_074274.1__N__250,N,250,1750,bacteria,0.9945520758628845,0.749842,0.067883,0.017083,0.022608,0.125261,0.017323
NC_074274.1,NC_074274.1__M__200,M,200,1800,bacteria,0.9953405857086182,0.684858,0.095218,0.020635,0.028217,0.148589,0.022483
NC_074274.1,NC_074274.1__N__200,N,200,1800,bacteria,0.9953405857086182,0.684858,0.095218,0.020635,0.028217,0.148589,0.022483
NC_074274.1,NC_074274.1__M__150,M,150,1850,bacteria,0.9907716512680054,0.521733,0.131390,0.037637,0.085660,0.187125,0.036455
NC_074274.1,NC_074274.1__N__150,N,150,1850,bacteria,0.9907716512680054,0.521733,0.131390,0.037637,0.085660,0.187125,0.036455
NC_074274.1,NC_074274.1__M__100,M,100,1900,bacteria,0.9851552844047546,0.376799,0.238024,0.047675,0.100096,0.188786,0.048621
NC_074274.1,NC_074274.1__N__100,N,100,1900,bacteria,0.9851552844047546,0.376799,0.238024,0.047675,0.100096,0.188786,0.048621
NC_074274.1,NC_074274.1__M__50,M,50,1950,phage,0.9883973002433777,0.052565,0.805540,0.024739,0.035287,0.054234,0.027635
NC_074274.1,NC_074274.1__N__50,N,50,1950,phage,0.9883973002433777,0.052565,0.805540,0.024739,0.035287,0.054234,0.027635
NC_074274.1,NC_074274.1__M__1,M,1,1999,phage,0.9880720376968384,0.076254,0.711213,0.034482,0.053125,0.094757,0.030170
NC_074274.1,NC_074274.1__N__1,N,1,1999,phage,0.9880720376968384,0.076254,0.711213,0.034482,0.053125,0.094757,0.030170
NC_074278.1,NC_074278.1__none__0,none,0,2000,phage,0.9895938634872437,0.213788,0.654580,0.021774,0.027271,0.060413,0.022174
NC_074278.1,NC_074278.1__M__500,M,500,1500,bacteria,0.9810571670532227,0.935330,0.014481,0.010863,0.014863,0.014545,0.009919
NC_074278.1,NC_074278.1__N__500,N,500,1500,bacteria,0.9810571670532227,0.935330,0.014481,0.010863,0.014863,0.014545,0.009919
NC_074278.1,NC_074278.1__M__450,M,450,1550,bacteria,0.9896566867828369,0.927405,0.017883,0.013578,0.015477,0.014592,0.011065
NC_074278.1,NC_074278.1__N__450,N,450,1550,bacteria,0.9896566867828369,0.927405,0.017883,0.013578,0.015477,0.014592,0.011065
NC_074278.1,NC_074278.1__M__400,M,400,1600,bacteria,0.9918352365493774,0.901103,0.019711,0.029011,0.017823,0.016061,0.016290
NC_074278.1,NC_074278.1__N__400,N,400,1600,bacteria,0.9918352365493774,0.901103,0.019711,0.029011,0.017823,0.016061,0.016290
NC_074278.1,NC_074278.1__M__350,M,350,1650,bacteria,0.9937115907669067,0.928555,0.016604,0.013520,0.015547,0.014549,0.011224
NC_074278.1,NC_074278.1__N__350,N,350,1650,bacteria,0.9937115907669067,0.928555,0.016604,0.013520,0.015547,0.014549,0.011224
NC_074278.1,NC_074278.1__M__300,M,300,1700,bacteria,0.9947793483734131,0.925261,0.020941,0.011844,0.016044,0.014479,0.011431
NC_074278.1,NC_074278.1__N__300,N,300,1700,bacteria,0.9947793483734131,0.925261,0.020941,0.011844,0.016044,0.014479,0.011431
NC_074278.1,NC_074278.1__M__250,M,250,1750,bacteria,0.9946901798248291,0.920049,0.024808,0.011169,0.016631,0.015850,0.011493
NC_074278.1,NC_074278.1__N__250,N,250,1750,bacteria,0.9946901798248291,0.920049,0.024808,0.011169,0.016631,0.015850,0.011493
NC_074278.1,NC_074278.1__M__200,M,200,1800,bacteria,0.9968516230583191,0.915378,0.024147,0.012391,0.017701,0.017396,0.012987
NC_074278.1,NC_074278.1__N__200,N,200,1800,bacteria,0.9968516230583191,0.915378,0.024147,0.012391,0.017701,0.017396,0.012987
NC_074278.1,NC_074278.1__M__150,M,150,1850,bacteria,0.9964776635169983,0.810444,0.097359,0.018657,0.025213,0.030161,0.018166
NC_074278.1,NC_074278.1__N__150,N,150,1850,bacteria,0.9964776635169983,0.810444,0.097359,0.018657,0.025213,0.030161,0.018166
NC_074278.1,NC_074278.1__M__100,M,100,1900,bacteria,0.9927749633789062,0.746313,0.156012,0.021268,0.026444,0.032774,0.017189
NC_074278.1,NC_074278.1__N__100,N,100,1900,bacteria,0.9927749633789062,0.746313,0.156012,0.021268,0.026444,0.032774,0.017189
NC_074278.1,NC_074278.1__M__50,M,50,1950,phage,0.9854435324668884,0.259650,0.606689,0.026277,0.029232,0.054694,0.023458
NC_074278.1,NC_074278.1__N__50,N,50,1950,phage,0.9854435324668884,0.259650,0.606689,0.026277,0.029232,0.054694,0.023458
NC_074278.1,NC_074278.1__M__1,M,1,1999,phage,0.9895439147949219,0.216437,0.651738,0.021774,0.027321,0.060547,0.022183
NC_074278.1,NC_074278.1__N__1,N,1,1999,phage,0.9895439147949219,0.216437,0.651738,0.021774,0.027321,0.060547,0.022183
NC_074318.1,NC_074318.1__none__0,none,0,2000,phage,0.9963865280151367,0.030544,0.607803,0.026275,0.028815,0.273740,0.032823
NC_074318.1,NC_074318.1__M__500,M,500,1500,bacteria,0.9995607733726501,0.643476,0.212676,0.027823,0.037502,0.054310,0.024213
NC_074318.1,NC_074318.1__N__500,N,500,1500,bacteria,0.9995607733726501,0.643476,0.212676,0.027823,0.037502,0.054310,0.024213
NC_074318.1,NC_074318.1__M__450,M,450,1550,bacteria,0.999470055103302,0.761576,0.106355,0.023933,0.032188,0.054471,0.021479
NC_074318.1,NC_074318.1__N__450,N,450,1550,bacteria,0.999470055103302,0.761576,0.106355,0.023933,0.032188,0.054471,0.021479
NC_074318.1,NC_074318.1__M__400,M,400,1600,bacteria,0.9993915557861328,0.755243,0.094120,0.024590,0.033011,0.070956,0.022081
NC_074318.1,NC_074318.1__N__400,N,400,1600,bacteria,0.9993915557861328,0.755243,0.094120,0.024590,0.033011,0.070956,0.022081
NC_074318.1,NC_074318.1__M__350,M,350,1650,bacteria,0.9990960359573364,0.590387,0.168741,0.028215,0.043388,0.141891,0.027377
NC_074318.1,NC_074318.1__N__350,N,350,1650,bacteria,0.9990960359573364,0.590387,0.168741,0.028215,0.043388,0.141891,0.027377
NC_074318.1,NC_074318.1__M__300,M,300,1700,bacteria,0.9992502331733704,0.515047,0.237378,0.029571,0.046546,0.141829,0.029629
NC_074318.1,NC_074318.1__N__300,N,300,1700,bacteria,0.9992502331733704,0.515047,0.237378,0.029571,0.046546,0.141829,0.029629
NC_074318.1,NC_074318.1__M__250,M,250,1750,bacteria,0.9990979433059692,0.615792,0.147678,0.028453,0.042664,0.139192,0.026220
NC_074318.1,NC_074318.1__N__250,N,250,1750,bacteria,0.9990979433059692,0.615792,0.147678,0.028453,0.042664,0.139192,0.026220
NC_074318.1,NC_074318.1__M__200,M,200,1800,bacteria,0.9984281063079834,0.461747,0.305795,0.035876,0.050191,0.114102,0.032289
NC_074318.1,NC_074318.1__N__200,N,200,1800,bacteria,0.9984281063079834,0.461747,0.305795,0.035876,0.050191,0.114102,0.032289
NC_074318.1,NC_074318.1__M__150,M,150,1850,phage,0.9971211552619934,0.075461,0.574048,0.028895,0.040941,0.247040,0.033616
NC_074318.1,NC_074318.1__N__150,N,150,1850,phage,0.9971211552619934,0.075461,0.574048,0.028895,0.040941,0.247040,0.033616
NC_074318.1,NC_074318.1__M__100,M,100,1900,phage,0.9954376816749573,0.037353,0.459228,0.028570,0.036400,0.404795,0.033655
NC_074318.1,NC_074318.1__N__100,N,100,1900,phage,0.9954376816749573,0.037353,0.459228,0.028570,0.036400,0.404795,0.033655
NC_074318.1,NC_074318.1__M__50,M,50,1950,phage,0.9964677095413208,0.019816,0.798654,0.019741,0.024821,0.112369,0.024599
NC_074318.1,NC_074318.1__N__50,N,50,1950,phage,0.9964677095413208,0.019816,0.798654,0.019741,0.024821,0.112369,0.024599
NC_074318.1,NC_074318.1__M__1,M,1,1999,phage,0.996404767036438,0.030557,0.609532,0.026204,0.028765,0.272193,0.032748
NC_074318.1,NC_074318.1__N__1,N,1,1999,phage,0.996404767036438,0.030557,0.609532,0.026204,0.028765,0.272193,0.032748
NC_074355.1,NC_074355.1__none__0,none,0,2000,phage,0.9994366765022278,0.019249,0.920562,0.011538,0.014340,0.018036,0.016274
NC_074355.1,NC_074355.1__M__500,M,500,1500,bacteria,0.9998514652252197,0.681150,0.205092,0.026108,0.033726,0.030799,0.023124
NC_074355.1,NC_074355.1__N__500,N,500,1500,bacteria,0.9998514652252197,0.681150,0.205092,0.026108,0.033726,0.030799,0.023124
NC_074355.1,NC_074355.1__M__450,M,450,1550,bacteria,0.9999043941497803,0.517066,0.326072,0.037000,0.045542,0.039975,0.034344
NC_074355.1,NC_074355.1__N__450,N,450,1550,bacteria,0.9999043941497803,0.517066,0.326072,0.037000,0.045542,0.039975,0.034344
NC_074355.1,NC_074355.1__M__400,M,400,1600,bacteria,0.9998931884765625,0.557404,0.296724,0.034433,0.045197,0.033856,0.032387
NC_074355.1,NC_074355.1__N__400,N,400,1600,bacteria,0.9998931884765625,0.557404,0.296724,0.034433,0.045197,0.033856,0.032387
NC_074355.1,NC_074355.1__M__350,M,350,1650,phage,0.9998966455459595,0.379075,0.496345,0.026866,0.038140,0.033492,0.026082
NC_074355.1,NC_074355.1__N__350,N,350,1650,phage,0.9998966455459595,0.379075,0.496345,0.026866,0.038140,0.033492,0.026082
NC_074355.1,NC_074355.1__M__300,M,300,1700,bacteria,0.9999048709869385,0.560084,0.305779,0.029516,0.040059,0.037287,0.027276
NC_074355.1,NC_074355.1__N__300,N,300,1700,bacteria,0.9999048709869385,0.560084,0.305779,0.029516,0.040059,0.037287,0.027276
NC_074355.1,NC_074355.1__M__250,M,250,1750,bacteria,0.9998482465744019,0.664481,0.215775,0.026001,0.035947,0.033324,0.024472
NC_074355.1,NC_074355.1__N__250,N,250,1750,bacteria,0.9998482465744019,0.664481,0.215775,0.026001,0.035947,0.033324,0.024472
NC_074355.1,NC_074355.1__M__200,M,200,1800,bacteria,0.9997943043708801,0.451064,0.374805,0.026826,0.037560,0.079892,0.029853
NC_074355.1,NC_074355.1__N__200,N,200,1800,bacteria,0.9997943043708801,0.451064,0.374805,0.026826,0.037560,0.079892,0.029853
NC_074355.1,NC_074355.1__M__150,M,150,1850,phage,0.9998568296432495,0.077796,0.839524,0.014688,0.019470,0.032349,0.016172
NC_074355.1,NC_074355.1__N__150,N,150,1850,phage,0.9998568296432495,0.077796,0.839524,0.014688,0.019470,0.032349,0.016172
NC_074355.1,NC_074355.1__M__100,M,100,1900,phage,0.999710738658905,0.041420,0.892192,0.012509,0.017071,0.021279,0.015528
NC_074355.1,NC_074355.1__N__100,N,100,1900,phage,0.999710738658905,0.041420,0.892192,0.012509,0.017071,0.021279,0.015528
NC_074355.1,NC_074355.1__M__50,M,50,1950,phage,0.9994271993637085,0.020599,0.920000,0.011817,0.013430,0.018556,0.015598
NC_074355.1,NC_074355.1__N__50,N,50,1950,phage,0.9994271993637085,0.020599,0.920000,0.011817,0.013430,0.018556,0.015598
NC_074355.1,NC_074355.1__M__1,M,1,1999,phage,0.9994427561759949,0.019283,0.920630,0.011494,0.014323,0.018017,0.016253
NC_074355.1,NC_074355.1__N__1,N,1,1999,phage,0.9994427561759949,0.019283,0.920630,0.011494,0.014323,0.018017,0.016253
NC_074412.1,NC_074412.1__none__0,none,0,2000,phage,0.9280845522880554,0.069633,0.618081,0.026856,0.032141,0.223687,0.029603
NC_074412.1,NC_074412.1__M__500,M,500,1500,bacteria,0.9966455101966858,0.863669,0.053430,0.021634,0.022192,0.018584,0.020491
NC_074412.1,NC_074412.1__N__500,N,500,1500,bacteria,0.9966455101966858,0.863669,0.053430,0.021634,0.022192,0.018584,0.020491
NC_074412.1,NC_074412.1__M__450,M,450,1550,bacteria,0.9983865022659302,0.827800,0.078011,0.025544,0.024020,0.019330,0.025294
NC_074412.1,NC_074412.1__N__450,N,450,1550,bacteria,0.9983865022659302,0.827800,0.078011,0.025544,0.024020,0.019330,0.025294
NC_074412.1,NC_074412.1__M__400,M,400,1600,bacteria,0.9984657764434814,0.841853,0.066221,0.022599,0.024634,0.020511,0.024182
NC_074412.1,NC_074412.1__N__400,N,400,1600,bacteria,0.9984657764434814,0.841853,0.066221,0.022599,0.024634,0.020511,0.024182
NC_074412.1,NC_074412.1__M__350,M,350,1650,bacteria,0.9976580142974854,0.831457,0.072499,0.021634,0.026074,0.026037,0.022299
NC_074412.1,NC_074412.1__N__350,N,350,1650,bacteria,0.9976580142974854,0.831457,0.072499,0.021634,0.026074,0.026037,0.022299
NC_074412.1,NC_074412.1__M__300,M,300,1700,bacteria,0.9979458451271057,0.755824,0.136815,0.025546,0.028198,0.027141,0.026477
NC_074412.1,NC_074412.1__N__300,N,300,1700,bacteria,0.9979458451271057,0.755824,0.136815,0.025546,0.028198,0.027141,0.026477
NC_074412.1,NC_074412.1__M__250,M,250,1750,bacteria,0.9967021346092224,0.798285,0.108506,0.019141,0.024101,0.031655,0.018313
NC_074412.1,NC_074412.1__N__250,N,250,1750,bacteria,0.9967021346092224,0.798285,0.108506,0.019141,0.024101,0.031655,0.018313
NC_074412.1,NC_074412.1__M__200,M,200,1800,bacteria,0.9952868223190308,0.760866,0.123786,0.021090,0.027827,0.043808,0.022625
NC_074412.1,NC_074412.1__N__200,N,200,1800,bacteria,0.9952868223190308,0.760866,0.123786,0.021090,0.027827,0.043808,0.022625
NC_074412.1,NC_074412.1__M__150,M,150,1850,bacteria,0.9908943176269531,0.562210,0.256151,0.028730,0.037414,0.083908,0.031587
NC_074412.1,NC_074412.1__N__150,N,150,1850,bacteria,0.9908943176269531,0.562210,0.256151,0.028730,0.037414,0.083908,0.031587
NC_074412.1,NC_074412.1__M__100,M,100,1900,phage,0.9847549200057983,0.290268,0.473287,0.031483,0.040490,0.129911,0.034560
NC_074412.1,NC_074412.1__N__100,N,100,1900,phage,0.9847549200057983,0.290268,0.473287,0.031483,0.040490,0.129911,0.034560
NC_074412.1,NC_074412.1__M__50,M,50,1950,phage,0.9406613111495972,0.080808,0.655574,0.023145,0.029039,0.183443,0.027992
NC_074412.1,NC_074412.1__N__50,N,50,1950,phage,0.9406613111495972,0.080808,0.655574,0.023145,0.029039,0.183443,0.027992
NC_074412.1,NC_074412.1__M__1,M,1,1999,phage,0.9285199642181396,0.068930,0.621965,0.026656,0.032081,0.220734,0.029635
NC_074412.1,NC_074412.1__N__1,N,1,1999,phage,0.9285199642181396,0.068930,0.621965,0.026656,0.032081,0.220734,0.029635
NC_074484.1,NC_074484.1__none__0,none,0,2000,phage,0.9994407296180725,0.025075,0.898925,0.014931,0.016246,0.025655,0.019169
NC_074484.1,NC_074484.1__M__500,M,500,1500,bacteria,0.9993321299552917,0.853494,0.065590,0.015921,0.017994,0.030462,0.016538
NC_074484.1,NC_074484.1__N__500,N,500,1500,bacteria,0.9993321299552917,0.853494,0.065590,0.015921,0.017994,0.030462,0.016538
NC_074484.1,NC_074484.1__M__450,M,450,1550,bacteria,0.9993388056755066,0.858788,0.058425,0.015922,0.017844,0.031834,0.017187
NC_074484.1,NC_074484.1__N__450,N,450,1550,bacteria,0.9993388056755066,0.858788,0.058425,0.015922,0.017844,0.031834,0.017187
NC_074484.1,NC_074484.1__M__400,M,400,1600,bacteria,0.9996498823165894,0.806365,0.093379,0.017853,0.020271,0.042198,0.019934
NC_074484.1,NC_074484.1__N__400,N,400,1600,bacteria,0.9996498823165894,0.806365,0.093379,0.017853,0.020271,0.042198,0.019934
NC_074484.1,NC_074484.1__M__350,M,350,1650,bacteria,0.9996784925460815,0.839072,0.072381,0.016369,0.019213,0.034973,0.017991
NC_074484.1,NC_074484.1__N__350,N,350,1650,bacteria,0.9996784925460815,0.839072,0.072381,0.016369,0.019213,0.034973,0.017991
NC_074484.1,NC_074484.1__M__300,M,300,1700,bacteria,0.9997662901878357,0.755200,0.131377,0.018298,0.023374,0.050544,0.021208
NC_074484.1,NC_074484.1__N__300,N,300,1700,bacteria,0.9997662901878357,0.755200,0.131377,0.018298,0.023374,0.050544,0.021208
NC_074484.1,NC_074484.1__M__250,M,250,1750,bacteria,0.9996981620788574,0.673395,0.211744,0.018011,0.027868,0.047791,0.021191
NC_074484.1,NC_074484.1__N__250,N,250,1750,bacteria,0.9996981620788574,0.673395,0.211744,0.018011,0.027868,0.047791,0.021191
NC_074484.1,NC_074484.1__M__200,M,200,1800,bacteria,0.9996635913848877,0.774179,0.116189,0.018249,0.025011,0.045409,0.020962
NC_074484.1,NC_074484.1__N__200,N,200,1800,bacteria,0.9996635913848877,0.774179,0.116189,0.018249,0.025011,0.045409,0.020962
NC_074484.1,NC_074484.1__M__150,M,150,1850,phage,0.9996181726455688,0.149891,0.748557,0.018568,0.023249,0.037860,0.021875
NC_074484.1,NC_074484.1__N__150,N,150,1850,phage,0.9996181726455688,0.149891,0.748557,0.018568,0.023249,0.037860,0.021875
NC_074484.1,NC_074484.1__M__100,M,100,1900,phage,0.9991863369941711,0.176343,0.709969,0.020835,0.025733,0.043512,0.023608
NC_074484.1,NC_074484.1__N__100,N,100,1900,phage,0.9991863369941711,0.176343,0.709969,0.020835,0.025733,0.043512,0.023608
NC_074484.1,NC_074484.1__M__50,M,50,1950,phage,0.9991324543952942,0.023559,0.907265,0.014927,0.016340,0.018501,0.019408
NC_074484.1,NC_074484.1__N__50,N,50,1950,phage,0.9991324543952942,0.023559,0.907265,0.014927,0.016340,0.018501,0.019408
NC_074484.1,NC_074484.1__M__1,M,1,1999,phage,0.999439537525177,0.024994,0.899332,0.014905,0.016206,0.025408,0.019156
NC_074484.1,NC_074484.1__N__1,N,1,1999,phage,0.999439537525177,0.024994,0.899332,0.014905,0.016206,0.025408,0.019156
NC_074487.1,NC_074487.1__none__0,none,0,2000,phage,0.9995742440223694,0.015383,0.921738,0.014400,0.015292,0.017716,0.015470
NC_074487.1,NC_074487.1__M__500,M,500,1500,phage,0.9997822642326355,0.330672,0.535582,0.041769,0.030924,0.026499,0.034554
NC_074487.1,NC_074487.1__N__500,N,500,1500,phage,0.9997822642326355,0.330672,0.535582,0.041769,0.030924,0.026499,0.034554
NC_074487.1,NC_074487.1__M__450,M,450,1550,phage,0.999852180480957,0.425036,0.429816,0.043175,0.033796,0.030979,0.037198
NC_074487.1,NC_074487.1__N__450,N,450,1550,phage,0.999852180480957,0.425036,0.429816,0.043175,0.033796,0.030979,0.037198
NC_074487.1,NC_074487.1__M__400,M,400,1600,phage,0.9998101592063904,0.412268,0.423464,0.046793,0.039894,0.042351,0.035231
NC_074487.1,NC_074487.1__N__400,N,400,1600,phage,0.9998101592063904,0.412268,0.423464,0.046793,0.039894,0.042351,0.035231
NC_074487.1,NC_074487.1__M__350,M,350,1650,phage,0.999811589717865,0.202253,0.664952,0.034581,0.032468,0.037432,0.028315
NC_074487.1,NC_074487.1__N__350,N,350,1650,phage,0.999811589717865,0.202253,0.664952,0.034581,0.032468,0.037432,0.028315
NC_074487.1,NC_074487.1__M__300,M,300,1700,phage,0.9998316764831543,0.318101,0.523412,0.041277,0.037471,0.045832,0.033908
NC_074487.1,NC_074487.1__N__300,N,300,1700,phage,0.9998316764831543,0.318101,0.523412,0.041277,0.037471,0.045832,0.033908
NC_074487.1,NC_074487.1__M__250,M,250,1750,phage,0.9998825788497925,0.284084,0.587534,0.036258,0.032846,0.029011,0.030267
NC_074487.1,NC_074487.1__N__250,N,250,1750,phage,0.9998825788497925,0.284084,0.587534,0.036258,0.032846,0.029011,0.030267
NC_074487.1,NC_074487.1__M__200,M,200,1800,phage,0.999893307685852,0.122627,0.779370,0.027117,0.025157,0.021772,0.023958
NC_074487.1,NC_074487.1__N__200,N,200,1800,phage,0.999893307685852,0.122627,0.779370,0.027117,0.025157,0.021772,0.023958
NC_074487.1,NC_074487.1__M__150,M,150,1850,phage,0.9998242259025574,0.054426,0.865936,0.020064,0.020627,0.019820,0.019126
NC_074487.1,NC_074487.1__N__150,N,150,1850,phage,0.9998242259025574,0.054426,0.865936,0.020064,0.020627,0.019820,0.019126
NC_074487.1,NC_074487.1__M__100,M,100,1900,phage,0.9998020529747009,0.058477,0.865230,0.019979,0.019622,0.018383,0.018308
NC_074487.1,NC_074487.1__N__100,N,100,1900,phage,0.9998020529747009,0.058477,0.865230,0.019979,0.019622,0.018383,0.018308
NC_074487.1,NC_074487.1__M__50,M,50,1950,phage,0.9994410872459412,0.015731,0.923175,0.014071,0.015296,0.016305,0.015422
NC_074487.1,NC_074487.1__N__50,N,50,1950,phage,0.9994410872459412,0.015731,0.923175,0.014071,0.015296,0.016305,0.015422
NC_074487.1,NC_074487.1__M__1,M,1,1999,phage,0.9995742440223694,0.015388,0.921858,0.014383,0.015253,0.017646,0.015472
NC_074487.1,NC_074487.1__N__1,N,1,1999,phage,0.9995742440223694,0.015388,0.921858,0.014383,0.015253,0.017646,0.015472
NC_074536.1,NC_074536.1__none__0,none,0,2000,eukarya,0.9441303014755249,0.153923,0.163233,0.546024,0.064646,0.025723,0.046451
NC_074536.1,NC_074536.1__M__500,M,500,1500,bacteria,0.9884390234947205,0.898254,0.027752,0.016963,0.021126,0.019126,0.016779
NC_074536.1,NC_074536.1__N__500,N,500,1500,bacteria,0.9884390234947205,0.898254,0.027752,0.016963,0.021126,0.019126,0.016779
NC_074536.1,NC_074536.1__M__450,M,450,1550,bacteria,0.979371964931488,0.907255,0.023730,0.016501,0.019347,0.017062,0.016105
NC_074536.1,NC_074536.1__N__450,N,450,1550,bacteria,0.979371964931488,0.907255,0.023730,0.016501,0.019347,0.017062,0.016105
NC_074536.1,NC_074536.1__M__400,M,400,1600,bacteria,0.9826557636260986,0.919491,0.018597,0.013375,0.017424,0.017409,0.013703
NC_074536.1,NC_074536.1__N__400,N,400,1600,bacteria,0.9826557636260986,0.919491,0.018597,0.013375,0.017424,0.017409,0.013703
NC_074536.1,NC_074536.1__M__350,M,350,1650,bacteria,0.974003255367279,0.926634,0.016768,0.011784,0.016146,0.016672,0.011996
NC_074536.1,NC_074536.1__N__350,N,350,1650,bacteria,0.974003255367279,0.926634,0.016768,0.011784,0.016146,0.016672,0.011996
NC_074536.1,NC_074536.1__M__300,M,300,1700,bacteria,0.9725576043128967,0.901615,0.018270,0.025456,0.018400,0.016752,0.019506
NC_074536.1,NC_074536.1__N__300,N,300,1700,bacteria,0.9725576043128967,0.901615,0.018270,0.025456,0.018400,0.016752,0.019506
NC_074536.1,NC_074536.1__M__250,M,250,1750,bacteria,0.9693512916564941,0.877409,0.022972,0.036379,0.022073,0.018002,0.023165
NC_074536.1,NC_074536.1__N__250,N,250,1750,bacteria,0.9693512916564941,0.877409,0.022972,0.036379,0.022073,0.018002,0.023165
NC_074536.1,NC_074536.1__M__200,M,200,1800,bacteria,0.9731863141059875,0.920350,0.017945,0.014729,0.018291,0.016031,0.012654
NC_074536.1,NC_074536.1__N__200,N,200,1800,bacteria,0.9731863141059875,0.920350,0.017945,0.014729,0.018291,0.016031,0.012654
NC_074536.1,NC_074536.1__M__150,M,150,1850,bacteria,0.9484719038009644,0.803537,0.055637,0.045090,0.042454,0.027101,0.026181
NC_074536.1,NC_074536.1__N__150,N,150,1850,bacteria,0.9484719038009644,0.803537,0.055637,0.045090,0.042454,0.027101,0.026181
NC_074536.1,NC_074536.1__M__100,M,100,1900,bacteria,0.9286283254623413,0.640594,0.148743,0.069785,0.067900,0.034460,0.038517
NC_074536.1,NC_074536.1__N__100,N,100,1900,bacteria,0.9286283254623413,0.640594,0.148743,0.069785,0.067900,0.034460,0.038517
NC_074536.1,NC_074536.1__M__50,M,50,1950,eukarya,0.9458217024803162,0.196780,0.170252,0.505961,0.061518,0.023979,0.041511
NC_074536.1,NC_074536.1__N__50,N,50,1950,eukarya,0.9458217024803162,0.196780,0.170252,0.505961,0.061518,0.023979,0.041511
NC_074536.1,NC_074536.1__M__1,M,1,1999,eukarya,0.9436759352684021,0.152502,0.161365,0.550995,0.063501,0.025400,0.046237
NC_074536.1,NC_074536.1__N__1,N,1,1999,eukarya,0.9436759352684021,0.152502,0.161365,0.550995,0.063501,0.025400,0.046237
NC_074631.1,NC_074631.1__none__0,none,0,2000,phage,0.9999094009399414,0.035027,0.906536,0.010524,0.012594,0.021162,0.014157
NC_074631.1,NC_074631.1__M__500,M,500,1500,bacteria,0.9997908473014832,0.868758,0.049888,0.021185,0.021427,0.015485,0.023258
NC_074631.1,NC_074631.1__N__500,N,500,1500,bacteria,0.9997908473014832,0.868758,0.049888,0.021185,0.021427,0.015485,0.023258
NC_074631.1,NC_074631.1__M__450,M,450,1550,bacteria,0.9998636245727539,0.883310,0.043200,0.018043,0.019205,0.016008,0.020233
NC_074631.1,NC_074631.1__N__450,N,450,1550,bacteria,0.9998636245727539,0.883310,0.043200,0.018043,0.019205,0.016008,0.020233
NC_074631.1,NC_074631.1__M__400,M,400,1600,bacteria,0.9998871088027954,0.888201,0.035009,0.019300,0.019989,0.014735,0.022766
NC_074631.1,NC_074631.1__N__400,N,400,1600,bacteria,0.9998871088027954,0.888201,0.035009,0.019300,0.019989,0.014735,0.022766
NC_074631.1,NC_074631.1__M__350,M,350,1650,bacteria,0.9997764229774475,0.905562,0.027678,0.015866,0.018082,0.014364,0.018448
NC_074631.1,NC_074631.1__N__350,N,350,1650,bacteria,0.9997764229774475,0.905562,0.027678,0.015866,0.018082,0.014364,0.018448
NC_074631.1,NC_074631.1__M__300,M,300,1700,bacteria,0.9997875094413757,0.874751,0.050618,0.017891,0.020876,0.016153,0.019711
NC_074631.1,NC_074631.1__N__300,N,300,1700,bacteria,0.9997875094413757,0.874751,0.050618,0.017891,0.020876,0.016153,0.019711
NC_074631.1,NC_074631.1__M__250,M,250,1750,bacteria,0.9998487234115601,0.877917,0.047089,0.018005,0.021294,0.015726,0.019970
NC_074631.1,NC_074631.1__N__250,N,250,1750,bacteria,0.9998487234115601,0.877917,0.047089,0.018005,0.021294,0.015726,0.019970
NC_074631.1,NC_074631.1__M__200,M,200,1800,bacteria,0.9998836517333984,0.887743,0.040718,0.015962,0.020538,0.015644,0.019395
NC_074631.1,NC_074631.1__N__200,N,200,1800,bacteria,0.9998836517333984,0.887743,0.040718,0.015962,0.020538,0.015644,0.019395
NC_074631.1,NC_074631.1__M__150,M,150,1850,phage,0.9998841285705566,0.370726,0.523242,0.025163,0.029035,0.022644,0.029189
NC_074631.1,NC_074631.1__N__150,N,150,1850,phage,0.9998841285705566,0.370726,0.523242,0.025163,0.029035,0.022644,0.029189
NC_074631.1,NC_074631.1__M__100,M,100,1900,phage,0.9997608065605164,0.340063,0.560076,0.024359,0.024643,0.024353,0.026505
NC_074631.1,NC_074631.1__N__100,N,100,1900,phage,0.9997608065605164,0.340063,0.560076,0.024359,0.024643,0.024353,0.026505
NC_074631.1,NC_074631.1__M__50,M,50,1950,phage,0.9998158812522888,0.054494,0.882663,0.014910,0.013911,0.016512,0.017511
NC_074631.1,NC_074631.1__N__50,N,50,1950,phage,0.9998158812522888,0.054494,0.882663,0.014910,0.013911,0.016512,0.017511
NC_074631.1,NC_074631.1__M__1,M,1,1999,phage,0.9999091625213623,0.034449,0.907428,0.010521,0.012489,0.020995,0.014117
NC_074631.1,NC_074631.1__N__1,N,1,1999,phage,0.9999091625213623,0.034449,0.907428,0.010521,0.012489,0.020995,0.014117
NC_055111.1,NC_055111.1__none__0,none,0,2000,eukarya,0.9997227787971497,0.029244,0.118339,0.508628,0.037176,0.036201,0.270412
NC_055111.1,NC_055111.1__M__500,M,500,1500,virus,0.9994997978210449,0.172765,0.060833,0.146528,0.038188,0.036446,0.545241
NC_055111.1,NC_055111.1__N__500,N,500,1500,virus,0.9994997978210449,0.172765,0.060833,0.146528,0.038188,0.036446,0.545241
NC_055111.1,NC_055111.1__M__450,M,450,1550,bacteria,0.9996028542518616,0.317477,0.105432,0.222636,0.056863,0.045045,0.252548
NC_055111.1,NC_055111.1__N__450,N,450,1550,bacteria,0.9996028542518616,0.317477,0.105432,0.222636,0.056863,0.045045,0.252548
NC_055111.1,NC_055111.1__M__400,M,400,1600,bacteria,0.9995802044868469,0.326787,0.084229,0.223831,0.052802,0.041846,0.270505
NC_055111.1,NC_055111.1__N__400,N,400,1600,bacteria,0.9995802044868469,0.326787,0.084229,0.223831,0.052802,0.041846,0.270505
NC_055111.1,NC_055111.1__M__350,M,350,1650,virus,0.999505877494812,0.236735,0.071973,0.228222,0.044249,0.038430,0.380392
NC_055111.1,NC_055111.1__N__350,N,350,1650,virus,0.999505877494812,0.236735,0.071973,0.228222,0.044249,0.038430,0.380392
NC_055111.1,NC_055111.1__M__300,M,300,1700,eukarya,0.9997267127037048,0.100762,0.075333,0.409464,0.043119,0.025997,0.345325
NC_055111.1,NC_055111.1__N__300,N,300,1700,eukarya,0.9997267127037048,0.100762,0.075333,0.409464,0.043119,0.025997,0.345325
NC_055111.1,NC_055111.1__M__250,M,250,1750,eukarya,0.9997830986976624,0.085874,0.063670,0.447524,0.038448,0.026027,0.338456
NC_055111.1,NC_055111.1__N__250,N,250,1750,eukarya,0.9997830986976624,0.085874,0.063670,0.447524,0.038448,0.026027,0.338456
NC_055111.1,NC_055111.1__M__200,M,200,1800,eukarya,0.9997872710227966,0.092948,0.061882,0.413359,0.047957,0.031206,0.352649
NC_055111.1,NC_055111.1__N__200,N,200,1800,eukarya,0.9997872710227966,0.092948,0.061882,0.413359,0.047957,0.031206,0.352649
NC_055111.1,NC_055111.1__M__150,M,150,1850,virus,0.9996510744094849,0.076275,0.091330,0.270255,0.096383,0.040974,0.424783
NC_055111.1,NC_055111.1__N__150,N,150,1850,virus,0.9996510744094849,0.076275,0.091330,0.270255,0.096383,0.040974,0.424783
NC_055111.1,NC_055111.1__M__100,M,100,1900,virus,0.9996678829193115,0.073198,0.101687,0.270529,0.064806,0.039669,0.450111
NC_055111.1,NC_055111.1__N__100,N,100,1900,virus,0.9996678829193115,0.073198,0.101687,0.270529,0.064806,0.039669,0.450111
NC_055111.1,NC_055111.1__M__50,M,50,1950,eukarya,0.9995368719100952,0.032968,0.135191,0.509796,0.072572,0.039543,0.209929
NC_055111.1,NC_055111.1__N__50,N,50,1950,eukarya,0.9995368719100952,0.032968,0.135191,0.509796,0.072572,0.039543,0.209929
NC_055111.1,NC_055111.1__M__1,M,1,1999,eukarya,0.9997238516807556,0.029331,0.118671,0.506200,0.037385,0.036098,0.272316
NC_055111.1,NC_055111.1__N__1,N,1,1999,eukarya,0.9997238516807556,0.029331,0.118671,0.506200,0.037385,0.036098,0.272316
NC_055185.1,NC_055185.1__none__0,none,0,2000,virus,0.9999637603759766,0.021991,0.045249,0.091425,0.021809,0.026586,0.792940
NC_055185.1,NC_055185.1__M__500,M,500,1500,bacteria,0.9999614953994751,0.816332,0.041497,0.022913,0.029975,0.029391,0.059893
NC_055185.1,NC_055185.1__N__500,N,500,1500,bacteria,0.9999614953994751,0.816332,0.041497,0.022913,0.029975,0.029391,0.059893
NC_055185.1,NC_055185.1__M__450,M,450,1550,bacteria,0.9999561309814453,0.859668,0.029159,0.017578,0.023829,0.026990,0.042776
NC_055185.1,NC_055185.1__N__450,N,450,1550,bacteria,0.9999561309814453,0.859668,0.029159,0.017578,0.023829,0.026990,0.042776
NC_055185.1,NC_055185.1__M__400,M,400,1600,bacteria,0.9999690055847168,0.811019,0.041738,0.020113,0.028818,0.039151,0.059162
NC_055185.1,NC_055185.1__N__400,N,400,1600,bacteria,0.9999690055847168,0.811019,0.041738,0.020113,0.028818,0.039151,0.059162
NC_055185.1,NC_055185.1__M__350,M,350,1650,bacteria,0.9999675750732422,0.718702,0.044783,0.029759,0.033946,0.043291,0.129519
NC_055185.1,NC_055185.1__N__350,N,350,1650,bacteria,0.9999675750732422,0.718702,0.044783,0.029759,0.033946,0.043291,0.129519
NC_055185.1,NC_055185.1__M__300,M,300,1700,bacteria,0.999954104423523,0.607100,0.074249,0.039700,0.040535,0.061255,0.177162
NC_055185.1,NC_055185.1__N__300,N,300,1700,bacteria,0.999954104423523,0.607100,0.074249,0.039700,0.040535,0.061255,0.177162
NC_055185.1,NC_055185.1__M__250,M,250,1750,virus,0.9999467134475708,0.312822,0.061894,0.051531,0.040121,0.052107,0.481523
NC_055185.1,NC_055185.1__N__250,N,250,1750,virus,0.9999467134475708,0.312822,0.061894,0.051531,0.040121,0.052107,0.481523
NC_055185.1,NC_055185.1__M__200,M,200,1800,virus,0.9999581575393677,0.394578,0.051992,0.047183,0.042843,0.052498,0.410906
NC_055185.1,NC_055185.1__N__200,N,200,1800,virus,0.9999581575393677,0.394578,0.051992,0.047183,0.042843,0.052498,0.410906
NC_055185.1,NC_055185.1__M__150,M,150,1850,bacteria,0.9999531507492065,0.422425,0.120888,0.059040,0.050368,0.077630,0.269650
NC_055185.1,NC_055185.1__N__150,N,150,1850,bacteria,0.9999531507492065,0.422425,0.120888,0.059040,0.050368,0.077630,0.269650
NC_055185.1,NC_055185.1__M__100,M,100,1900,virus,0.999923825263977,0.089489,0.113380,0.056169,0.039794,0.047359,0.653809
NC_055185.1,NC_055185.1__N__100,N,100,1900,virus,0.999923825263977,0.089489,0.113380,0.056169,0.039794,0.047359,0.653809
NC_055185.1,NC_055185.1__M__50,M,50,1950,virus,0.9999393224716187,0.018430,0.052931,0.051184,0.017210,0.022868,0.837377
NC_055185.1,NC_055185.1__N__50,N,50,1950,virus,0.9999393224716187,0.018430,0.052931,0.051184,0.017210,0.022868,0.837377
NC_055185.1,NC_055185.1__M__1,M,1,1999,virus,0.9999637603759766,0.022050,0.045367,0.092405,0.021816,0.026651,0.791711
NC_055185.1,NC_055185.1__N__1,N,1,1999,virus,0.9999637603759766,0.022050,0.045367,0.092405,0.021816,0.026651,0.791711
NC_055299.1,NC_055299.1__none__0,none,0,2000,virus,0.9991881251335144,0.032861,0.040235,0.270539,0.040020,0.032995,0.583350
NC_055299.1,NC_055299.1__M__500,M,500,1500,bacteria,0.9993394017219543,0.810981,0.032370,0.032669,0.024549,0.023374,0.076056
NC_055299.1,NC_055299.1__N__500,N,500,1500,bacteria,0.9993394017219543,0.810981,0.032370,0.032669,0.024549,0.023374,0.076056
NC_055299.1,NC_055299.1__M__450,M,450,1550,bacteria,0.9996461868286133,0.817603,0.031676,0.028523,0.024102,0.023897,0.074199
NC_055299.1,NC_055299.1__N__450,N,450,1550,bacteria,0.9996461868286133,0.817603,0.031676,0.028523,0.024102,0.023897,0.074199
NC_055299.1,NC_055299.1__M__400,M,400,1600,bacteria,0.9997182488441467,0.784977,0.038875,0.032366,0.027372,0.023756,0.092654
NC_055299.1,NC_055299.1__N__400,N,400,1600,bacteria,0.9997182488441467,0.784977,0.038875,0.032366,0.027372,0.023756,0.092654
NC_055299.1,NC_055299.1__M__350,M,350,1650,bacteria,0.9997556805610657,0.500580,0.045487,0.108324,0.040419,0.024228,0.280961
NC_055299.1,NC_055299.1__N__350,N,350,1650,bacteria,0.9997556805610657,0.500580,0.045487,0.108324,0.040419,0.024228,0.280961
NC_055299.1,NC_055299.1__M__300,M,300,1700,virus,0.9997405409812927,0.332626,0.045409,0.170300,0.039346,0.022243,0.390076
NC_055299.1,NC_055299.1__N__300,N,300,1700,virus,0.9997405409812927,0.332626,0.045409,0.170300,0.039346,0.022243,0.390076
NC_055299.1,NC_055299.1__M__250,M,250,1750,bacteria,0.9997699856758118,0.329435,0.051857,0.262044,0.043539,0.030879,0.282246
NC_055299.1,NC_055299.1__N__250,N,250,1750,bacteria,0.9997699856758118,0.329435,0.051857,0.262044,0.043539,0.030879,0.282246
NC_055299.1,NC_055299.1__M__200,M,200,1800,virus,0.9997504353523254,0.181184,0.052222,0.154010,0.047522,0.026458,0.538604
NC_055299.1,NC_055299.1__N__200,N,200,1800,virus,0.9997504353523254,0.181184,0.052222,0.154010,0.047522,0.026458,0.538604
NC_055299.1,NC_055299.1__M__150,M,150,1850,eukarya,0.999491810798645,0.119277,0.056809,0.396390,0.056695,0.025325,0.345504
NC_055299.1,NC_055299.1__N__150,N,150,1850,eukarya,0.999491810798645,0.119277,0.056809,0.396390,0.056695,0.025325,0.345504
NC_055299.1,NC_055299.1__M__100,M,100,1900,virus,0.9993853569030762,0.053251,0.042883,0.115506,0.039399,0.023305,0.725656
NC_055299.1,NC_055299.1__N__100,N,100,1900,virus,0.9993853569030762,0.053251,0.042883,0.115506,0.039399,0.023305,0.725656
NC_055299.1,NC_055299.1__M__50,M,50,1950,eukarya,0.9990987777709961,0.046879,0.047573,0.449816,0.044989,0.030331,0.380413
NC_055299.1,NC_055299.1__N__50,N,50,1950,eukarya,0.9990987777709961,0.046879,0.047573,0.449816,0.044989,0.030331,0.380413
NC_055299.1,NC_055299.1__M__1,M,1,1999,virus,0.9991887211799622,0.032332,0.039755,0.266365,0.039908,0.032819,0.588822
NC_055299.1,NC_055299.1__N__1,N,1,1999,virus,0.9991887211799622,0.032332,0.039755,0.266365,0.039908,0.032819,0.588822
NC_055368.1,NC_055368.1__none__0,none,0,2000,virus,0.9838669300079346,0.020344,0.024113,0.051112,0.022958,0.016960,0.864513
NC_055368.1,NC_055368.1__M__500,M,500,1500,virus,0.9988082647323608,0.382036,0.053857,0.078236,0.047163,0.020893,0.417815
NC_055368.1,NC_055368.1__N__500,N,500,1500,virus,0.9988082647323608,0.382036,0.053857,0.078236,0.047163,0.020893,0.417815
NC_055368.1,NC_055368.1__M__450,M,450,1550,bacteria,0.9986947178840637,0.490379,0.046944,0.105672,0.043872,0.020755,0.292377
NC_055368.1,NC_055368.1__N__450,N,450,1550,bacteria,0.9986947178840637,0.490379,0.046944,0.105672,0.043872,0.020755,0.292377
NC_055368.1,NC_055368.1__M__400,M,400,1600,bacteria,0.999203622341156,0.529684,0.050395,0.110280,0.045394,0.023604,0.240643
NC_055368.1,NC_055368.1__N__400,N,400,1600,bacteria,0.999203622341156,0.529684,0.050395,0.110280,0.045394,0.023604,0.240643
NC_055368.1,NC_055368.1__M__350,M,350,1650,virus,0.9991845488548279,0.218102,0.031330,0.063831,0.032474,0.014211,0.640053
NC_055368.1,NC_055368.1__N__350,N,350,1650,virus,0.9991845488548279,0.218102,0.031330,0.063831,0.032474,0.014211,0.640053
NC_055368.1,NC_055368.1__M__300,M,300,1700,virus,0.9986464381217957,0.137185,0.026575,0.057727,0.029657,0.010630,0.738228
NC_055368.1,NC_055368.1__N__300,N,300,1700,virus,0.9986464381217957,0.137185,0.026575,0.057727,0.029657,0.010630,0.738228
NC_055368.1,NC_055368.1__M__250,M,250,1750,virus,0.9987198114395142,0.131097,0.026118,0.052551,0.028596,0.011079,0.750559
NC_055368.1,NC_055368.1__N__250,N,250,1750,virus,0.9987198114395142,0.131097,0.026118,0.052551,0.028596,0.011079,0.750559
NC_055368.1,NC_055368.1__M__200,M,200,1800,virus,0.9983620047569275,0.080705,0.022986,0.035807,0.023366,0.008730,0.828406
NC_055368.1,NC_055368.1__N__200,N,200,1800,virus,0.9983620047569275,0.080705,0.022986,0.035807,0.023366,0.008730,0.828406
NC_055368.1,NC_055368.1__M__150,M,150,1850,virus,0.9976436495780945,0.035037,0.019322,0.026325,0.019220,0.007776,0.892320
NC_055368.1,NC_055368.1__N__150,N,150,1850,virus,0.9976436495780945,0.035037,0.019322,0.026325,0.019220,0.007776,0.892320
NC_055368.1,NC_055368.1__M__100,M,100,1900,virus,0.9942954182624817,0.027352,0.019747,0.026812,0.019993,0.009772,0.896324
NC_055368.1,NC_055368.1__N__100,N,100,1900,virus,0.9942954182624817,0.027352,0.019747,0.026812,0.019993,0.009772,0.896324
NC_055368.1,NC_055368.1__M__50,M,50,1950,virus,0.9818930625915527,0.018286,0.021248,0.031993,0.019628,0.012901,0.895944
NC_055368.1,NC_055368.1__N__50,N,50,1950,virus,0.9818930625915527,0.018286,0.021248,0.031993,0.019628,0.012901,0.895944
NC_055368.1,NC_055368.1__M__1,M,1,1999,virus,0.9840596914291382,0.020446,0.024285,0.052404,0.023170,0.017033,0.862663
NC_055368.1,NC_055368.1__N__1,N,1,1999,virus,0.9840596914291382,0.020446,0.024285,0.052404,0.023170,0.017033,0.862663
NC_055409.1,NC_055409.1__none__0,none,0,2000,virus,0.9997223019599915,0.010227,0.013396,0.019473,0.013030,0.010241,0.933633
NC_055409.1,NC_055409.1__M__500,M,500,1500,bacteria,0.9996101260185242,0.761054,0.041237,0.030250,0.049337,0.021055,0.097067
NC_055409.1,NC_055409.1__N__500,N,500,1500,bacteria,0.9996101260185242,0.761054,0.041237,0.030250,0.049337,0.021055,0.097067
NC_055409.1,NC_055409.1__M__450,M,450,1550,bacteria,0.9997709393501282,0.697613,0.051031,0.035432,0.061912,0.025813,0.128199
NC_055409.1,NC_055409.1__N__450,N,450,1550,bacteria,0.9997709393501282,0.697613,0.051031,0.035432,0.061912,0.025813,0.128199
NC_055409.1,NC_055409.1__M__400,M,400,1600,bacteria,0.9997794032096863,0.736208,0.045942,0.033320,0.047641,0.022982,0.113907
NC_055409.1,NC_055409.1__N__400,N,400,1600,bacteria,0.9997794032096863,0.736208,0.045942,0.033320,0.047641,0.022982,0.113907
NC_055409.1,NC_055409.1__M__350,M,350,1650,bacteria,0.9998252987861633,0.581841,0.039160,0.039524,0.037112,0.022997,0.279365
NC_055409.1,NC_055409.1__N__350,N,350,1650,bacteria,0.9998252987861633,0.581841,0.039160,0.039524,0.037112,0.022997,0.279365
NC_055409.1,NC_055409.1__M__300,M,300,1700,virus,0.9998096823692322,0.298962,0.044747,0.043116,0.035130,0.018596,0.559449
NC_055409.1,NC_055409.1__N__300,N,300,1700,virus,0.9998096823692322,0.298962,0.044747,0.043116,0.035130,0.018596,0.559449
NC_055409.1,NC_055409.1__M__250,M,250,1750,virus,0.9998517036437988,0.260575,0.036513,0.045686,0.030882,0.018152,0.608191
NC_055409.1,NC_055409.1__N__250,N,250,1750,virus,0.9998517036437988,0.260575,0.036513,0.045686,0.030882,0.018152,0.608191
NC_055409.1,NC_055409.1__M__200,M,200,1800,virus,0.999874472618103,0.181662,0.033375,0.041151,0.029228,0.017144,0.697440
NC_055409.1,NC_055409.1__N__200,N,200,1800,virus,0.999874472618103,0.181662,0.033375,0.041151,0.029228,0.017144,0.697440
NC_055409.1,NC_055409.1__M__150,M,150,1850,virus,0.999821126461029,0.140950,0.039952,0.052291,0.033945,0.019174,0.713687
NC_055409.1,NC_055409.1__N__150,N,150,1850,virus,0.999821126461029,0.140950,0.039952,0.052291,0.033945,0.019174,0.713687
NC_055409.1,NC_055409.1__M__100,M,100,1900,virus,0.9996030926704407,0.070911,0.031250,0.043830,0.027176,0.019144,0.807689
NC_055409.1,NC_055409.1__N__100,N,100,1900,virus,0.9996030926704407,0.070911,0.031250,0.043830,0.027176,0.019144,0.807689
NC_055409.1,NC_055409.1__M__50,M,50,1950,virus,0.9995889067649841,0.011576,0.012979,0.020068,0.012887,0.009970,0.932521
NC_055409.1,NC_055409.1__N__50,N,50,1950,virus,0.9995889067649841,0.011576,0.012979,0.020068,0.012887,0.009970,0.932521
NC_055409.1,NC_055409.1__M__1,M,1,1999,virus,0.9997203946113586,0.010342,0.013489,0.019704,0.013072,0.010249,0.933145
NC_055409.1,NC_055409.1__N__1,N,1,1999,virus,0.9997203946113586,0.010342,0.013489,0.019704,0.013072,0.010249,0.933145
NC_055433.1,NC_055433.1__none__0,none,0,2000,phage,0.9939123392105103,0.148601,0.505805,0.033294,0.216097,0.063097,0.033105
NC_055433.1,NC_055433.1__M__500,M,500,1500,bacteria,0.9999368190765381,0.913527,0.026599,0.014522,0.014722,0.017311,0.013319
NC_055433.1,NC_055433.1__N__500,N,500,1500,bacteria,0.9999368190765381,0.913527,0.026599,0.014522,0.014722,0.017311,0.013319
NC_055433.1,NC_055433.1__M__450,M,450,1550,bacteria,0.9999486207962036,0.913225,0.026562,0.013973,0.014609,0.018664,0.012967
NC_055433.1,NC_055433.1__N__450,N,450,1550,bacteria,0.9999486207962036,0.913225,0.026562,0.013973,0.014609,0.018664,0.012967
NC_055433.1,NC_055433.1__M__400,M,400,1600,bacteria,0.9999665021896362,0.910554,0.026798,0.014430,0.015828,0.019665,0.012725
NC_055433.1,NC_055433.1__N__400,N,400,1600,bacteria,0.9999665021896362,0.910554,0.026798,0.014430,0.015828,0.019665,0.012725
NC_055433.1,NC_055433.1__M__350,M,350,1650,bacteria,0.9999457597732544,0.910009,0.029144,0.014435,0.014476,0.018896,0.013041
NC_055433.1,NC_055433.1__N__350,N,350,1650,bacteria,0.9999457597732544,0.910009,0.029144,0.014435,0.014476,0.018896,0.013041
NC_055433.1,NC_055433.1__M__300,M,300,1700,bacteria,0.9998608827590942,0.902664,0.034964,0.014757,0.014579,0.019339,0.013698
NC_055433.1,NC_055433.1__N__300,N,300,1700,bacteria,0.9998608827590942,0.902664,0.034964,0.014757,0.014579,0.019339,0.013698
NC_055433.1,NC_055433.1__M__250,M,250,1750,bacteria,0.999859094619751,0.914484,0.025952,0.013455,0.014205,0.019744,0.012160
NC_055433.1,NC_055433.1__N__250,N,250,1750,bacteria,0.999859094619751,0.914484,0.025952,0.013455,0.014205,0.019744,0.012160
NC_055433.1,NC_055433.1__M__200,M,200,1800,bacteria,0.9998218417167664,0.911999,0.029567,0.012506,0.013248,0.021494,0.011186
NC_055433.1,NC_055433.1__N__200,N,200,1800,bacteria,0.9998218417167664,0.911999,0.029567,0.012506,0.013248,0.021494,0.011186
NC_055433.1,NC_055433.1__M__150,M,150,1850,bacteria,0.9998158812522888,0.853695,0.064730,0.014342,0.016472,0.036501,0.014260
NC_055433.1,NC_055433.1__N__150,N,150,1850,bacteria,0.9998158812522888,0.853695,0.064730,0.014342,0.016472,0.036501,0.014260
NC_055433.1,NC_055433.1__M__100,M,100,1900,bacteria,0.9993274211883545,0.767430,0.111586,0.019292,0.030394,0.053896,0.017403
NC_055433.1,NC_055433.1__N__100,N,100,1900,bacteria,0.9993274211883545,0.767430,0.111586,0.019292,0.030394,0.053896,0.017403
NC_055433.1,NC_055433.1__M__50,M,50,1950,phage,0.9952884912490845,0.204404,0.561905,0.029746,0.113344,0.059558,0.031043
NC_055433.1,NC_055433.1__N__50,N,50,1950,phage,0.9952884912490845,0.204404,0.561905,0.029746,0.113344,0.059558,0.031043
NC_055433.1,NC_055433.1__M__1,M,1,1999,phage,0.9938667416572571,0.148888,0.508297,0.033110,0.213849,0.062967,0.032889
NC_055433.1,NC_055433.1__N__1,N,1,1999,phage,0.9938667416572571,0.148888,0.508297,0.033110,0.213849,0.062967,0.032889
NC_055454.1,NC_055454.1__none__0,none,0,2000,virus,0.9978905320167542,0.015572,0.027468,0.075871,0.022998,0.017947,0.840144
NC_055454.1,NC_055454.1__M__500,M,500,1500,virus,0.9985430240631104,0.027228,0.020285,0.039522,0.042115,0.012208,0.858643
NC_055454.1,NC_055454.1__N__500,N,500,1500,virus,0.9985430240631104,0.027228,0.020285,0.039522,0.042115,0.012208,0.858643
NC_055454.1,NC_055454.1__M__450,M,450,1550,virus,0.9993200302124023,0.038644,0.023321,0.044325,0.048284,0.011143,0.834283
NC_055454.1,NC_055454.1__N__450,N,450,1550,virus,0.9993200302124023,0.038644,0.023321,0.044325,0.048284,0.011143,0.834283
NC_055454.1,NC_055454.1__M__400,M,400,1600,virus,0.9994519352912903,0.036803,0.023833,0.035043,0.027407,0.010138,0.866776
NC_055454.1,NC_055454.1__N__400,N,400,1600,virus,0.9994519352912903,0.036803,0.023833,0.035043,0.027407,0.010138,0.866776
NC_055454.1,NC_055454.1__M__350,M,350,1650,virus,0.9988960027694702,0.030636,0.023001,0.033749,0.029011,0.011222,0.872380
NC_055454.1,NC_055454.1__N__350,N,350,1650,virus,0.9988960027694702,0.030636,0.023001,0.033749,0.029011,0.011222,0.872380
NC_055454.1,NC_055454.1__M__300,M,300,1700,virus,0.9986361861228943,0.018460,0.018110,0.024494,0.020789,0.012888,0.905260
NC_055454.1,NC_055454.1__N__300,N,300,1700,virus,0.9986361861228943,0.018460,0.018110,0.024494,0.020789,0.012888,0.905260
NC_055454.1,NC_055454.1__M__250,M,250,1750,virus,0.9990181922912598,0.017840,0.019279,0.020026,0.016853,0.011918,0.914085
NC_055454.1,NC_055454.1__N__250,N,250,1750,virus,0.9990181922912598,0.017840,0.019279,0.020026,0.016853,0.011918,0.914085
NC_055454.1,NC_055454.1__M__200,M,200,1800,virus,0.9989377856254578,0.019167,0.021345,0.025445,0.020802,0.012828,0.900412
NC_055454.1,NC_055454.1__N__200,N,200,1800,virus,0.9989377856254578,0.019167,0.021345,0.025445,0.020802,0.012828,0.900412
NC_055454.1,NC_055454.1__M__150,M,150,1850,virus,0.998725950717926,0.022778,0.029768,0.043740,0.044194,0.016647,0.842873
NC_055454.1,NC_055454.1__N__150,N,150,1850,virus,0.998725950717926,0.022778,0.029768,0.043740,0.044194,0.016647,0.842873
NC_055454.1,NC_055454.1__M__100,M,100,1900,virus,0.9983000159263611,0.015448,0.019185,0.027332,0.019676,0.013740,0.904619
NC_055454.1,NC_055454.1__N__100,N,100,1900,virus,0.9983000159263611,0.015448,0.019185,0.027332,0.019676,0.013740,0.904619
NC_055454.1,NC_055454.1__M__50,M,50,1950,virus,0.9979313611984253,0.022351,0.038622,0.175382,0.036846,0.022124,0.704675
NC_055454.1,NC_055454.1__N__50,N,50,1950,virus,0.9979313611984253,0.022351,0.038622,0.175382,0.036846,0.022124,0.704675
NC_055454.1,NC_055454.1__M__1,M,1,1999,virus,0.997859537601471,0.015784,0.027430,0.077136,0.023288,0.018191,0.838170
NC_055454.1,NC_055454.1__N__1,N,1,1999,virus,0.997859537601471,0.015784,0.027430,0.077136,0.023288,0.018191,0.838170
NC_055640.1,NC_055640.1__none__0,none,0,2000,virus,0.9854750633239746,0.029301,0.038918,0.234482,0.051040,0.030811,0.615448
NC_055640.1,NC_055640.1__M__500,M,500,1500,virus,0.9987388253211975,0.222038,0.074264,0.123628,0.068571,0.015704,0.495795
NC_055640.1,NC_055640.1__N__500,N,500,1500,virus,0.9987388253211975,0.222038,0.074264,0.123628,0.068571,0.015704,0.495795
NC_055640.1,NC_055640.1__M__450,M,450,1550,virus,0.9989431500434875,0.150788,0.075763,0.120630,0.111616,0.018320,0.522883
NC_055640.1,NC_055640.1__N__450,N,450,1550,virus,0.9989431500434875,0.150788,0.075763,0.120630,0.111616,0.018320,0.522883
NC_055640.1,NC_055640.1__M__400,M,400,1600,virus,0.9992524981498718,0.179483,0.088879,0.124333,0.113635,0.017478,0.476193
NC_055640.1,NC_055640.1__N__400,N,400,1600,virus,0.9992524981498718,0.179483,0.088879,0.124333,0.113635,0.017478,0.476193
NC_055640.1,NC_055640.1__M__350,M,350,1650,virus,0.9984123706817627,0.129651,0.049424,0.153301,0.053446,0.011562,0.602616
NC_055640.1,NC_055640.1__N__350,N,350,1650,virus,0.9984123706817627,0.129651,0.049424,0.153301,0.053446,0.011562,0.602616
NC_055640.1,NC_055640.1__M__300,M,300,1700,virus,0.9978588223457336,0.125394,0.047823,0.211153,0.039755,0.011846,0.564029
NC_055640.1,NC_055640.1__N__300,N,300,1700,virus,0.9978588223457336,0.125394,0.047823,0.211153,0.039755,0.011846,0.564029
NC_055640.1,NC_055640.1__M__250,M,250,1750,virus,0.9984464049339294,0.083781,0.038846,0.162117,0.039599,0.012071,0.663586
NC_055640.1,NC_055640.1__N__250,N,250,1750,virus,0.9984464049339294,0.083781,0.038846,0.162117,0.039599,0.012071,0.663586
NC_055640.1,NC_055640.1__M__200,M,200,1800,virus,0.9988641738891602,0.072929,0.042121,0.103625,0.038129,0.012434,0.730762
NC_055640.1,NC_055640.1__N__200,N,200,1800,virus,0.9988641738891602,0.072929,0.042121,0.103625,0.038129,0.012434,0.730762
NC_055640.1,NC_055640.1__M__150,M,150,1850,virus,0.998336136341095,0.038506,0.035781,0.069431,0.030979,0.012339,0.812964
NC_055640.1,NC_055640.1__N__150,N,150,1850,virus,0.998336136341095,0.038506,0.035781,0.069431,0.030979,0.012339,0.812964
NC_055640.1,NC_055640.1__M__100,M,100,1900,virus,0.995159924030304,0.033482,0.041824,0.169997,0.046303,0.019300,0.689095
NC_055640.1,NC_055640.1__N__100,N,100,1900,virus,0.995159924030304,0.033482,0.041824,0.169997,0.046303,0.019300,0.689095
NC_055640.1,NC_055640.1__M__50,M,50,1950,virus,0.989003598690033,0.032990,0.046851,0.269028,0.076357,0.026031,0.548742
NC_055640.1,NC_055640.1__N__50,N,50,1950,virus,0.989003598690033,0.032990,0.046851,0.269028,0.076357,0.026031,0.548742
NC_055640.1,NC_055640.1__M__1,M,1,1999,virus,0.9854959845542908,0.029158,0.038802,0.233842,0.050687,0.030653,0.616859
NC_055640.1,NC_055640.1__N__1,N,1,1999,virus,0.9854959845542908,0.029158,0.038802,0.233842,0.050687,0.030653,0.616859
NC_048211.1,NC_048211.1__none__0,none,0,2000,virus,0.9999932050704956,0.052427,0.030129,0.057267,0.030125,0.027521,0.802531
NC_048211.1,NC_048211.1__M__500,M,500,1500,virus,0.9999817609786987,0.116783,0.024414,0.039452,0.030794,0.011655,0.776902
NC_048211.1,NC_048211.1__N__500,N,500,1500,virus,0.9999817609786987,0.116783,0.024414,0.039452,0.030794,0.011655,0.776902
NC_048211.1,NC_048211.1__M__450,M,450,1550,virus,0.9999879598617554,0.132699,0.028720,0.043144,0.034067,0.013702,0.747669
NC_048211.1,NC_048211.1__N__450,N,450,1550,virus,0.9999879598617554,0.132699,0.028720,0.043144,0.034067,0.013702,0.747669
NC_048211.1,NC_048211.1__M__400,M,400,1600,virus,0.9999892711639404,0.106813,0.026001,0.040260,0.031895,0.013514,0.781516
NC_048211.1,NC_048211.1__N__400,N,400,1600,virus,0.9999892711639404,0.106813,0.026001,0.040260,0.031895,0.013514,0.781516
NC_048211.1,NC_048211.1__M__350,M,350,1650,virus,0.9999865293502808,0.124925,0.026412,0.044993,0.034293,0.013743,0.755634
NC_048211.1,NC_048211.1__N__350,N,350,1650,virus,0.9999865293502808,0.124925,0.026412,0.044993,0.034293,0.013743,0.755634
NC_048211.1,NC_048211.1__M__300,M,300,1700,virus,0.9999872446060181,0.105604,0.026814,0.042680,0.031729,0.012311,0.780862
NC_048211.1,NC_048211.1__N__300,N,300,1700,virus,0.9999872446060181,0.105604,0.026814,0.042680,0.031729,0.012311,0.780862
NC_048211.1,NC_048211.1__M__250,M,250,1750,virus,0.999991774559021,0.107360,0.024439,0.042709,0.032288,0.013364,0.779840
NC_048211.1,NC_048211.1__N__250,N,250,1750,virus,0.999991774559021,0.107360,0.024439,0.042709,0.032288,0.013364,0.779840
NC_048211.1,NC_048211.1__M__200,M,200,1800,virus,0.9999923706054688,0.143880,0.027501,0.047551,0.036000,0.015784,0.729284
NC_048211.1,NC_048211.1__N__200,N,200,1800,virus,0.9999923706054688,0.143880,0.027501,0.047551,0.036000,0.015784,0.729284
NC_048211.1,NC_048211.1__M__150,M,150,1850,virus,0.9999909400939941,0.123019,0.026113,0.049957,0.034065,0.015487,0.751360
NC_048211.1,NC_048211.1__N__150,N,150,1850,virus,0.9999909400939941,0.123019,0.026113,0.049957,0.034065,0.015487,0.751360
NC_048211.1,NC_048211.1__M__100,M,100,1900,virus,0.9999853372573853,0.165261,0.054088,0.073063,0.055145,0.029902,0.622541
NC_048211.1,NC_048211.1__N__100,N,100,1900,virus,0.9999853372573853,0.165261,0.054088,0.073063,0.055145,0.029902,0.622541
NC_048211.1,NC_048211.1__M__50,M,50,1950,virus,0.9999901056289673,0.060134,0.038773,0.072826,0.036671,0.032881,0.758714
NC_048211.1,NC_048211.1__N__50,N,50,1950,virus,0.9999901056289673,0.060134,0.038773,0.072826,0.036671,0.032881,0.758714
NC_048211.1,NC_048211.1__M__1,M,1,1999,virus,0.9999932050704956,0.052777,0.030314,0.057314,0.030240,0.027483,0.801872
NC_048211.1,NC_048211.1__N__1,N,1,1999,virus,0.9999932050704956,0.052777,0.030314,0.057314,0.030240,0.027483,0.801872
NC_046958.1,NC_046958.1__none__0,none,0,2000,virus,0.7952781319618225,0.069570,0.039371,0.049341,0.025561,0.023681,0.792477
NC_046958.1,NC_046958.1__M__500,M,500,1500,bacteria,0.9706061482429504,0.551105,0.028960,0.032136,0.029486,0.025908,0.332406
NC_046958.1,NC_046958.1__N__500,N,500,1500,bacteria,0.9706061482429504,0.551105,0.028960,0.032136,0.029486,0.025908,0.332406
NC_046958.1,NC_046958.1__M__450,M,450,1550,virus,0.9769435524940491,0.397598,0.030080,0.041879,0.030910,0.018021,0.481513
NC_046958.1,NC_046958.1__N__450,N,450,1550,virus,0.9769435524940491,0.397598,0.030080,0.041879,0.030910,0.018021,0.481513
NC_046958.1,NC_046958.1__M__400,M,400,1600,virus,0.9839743971824646,0.231468,0.023706,0.034518,0.024416,0.015097,0.670796
NC_046958.1,NC_046958.1__N__400,N,400,1600,virus,0.9839743971824646,0.231468,0.023706,0.034518,0.024416,0.015097,0.670796
NC_046958.1,NC_046958.1__M__350,M,350,1650,virus,0.9772521257400513,0.340317,0.024585,0.036898,0.027443,0.017642,0.553115
NC_046958.1,NC_046958.1__N__350,N,350,1650,virus,0.9772521257400513,0.340317,0.024585,0.036898,0.027443,0.017642,0.553115
NC_046958.1,NC_046958.1__M__300,M,300,1700,virus,0.9790384769439697,0.300532,0.026523,0.047194,0.028233,0.015645,0.581874
NC_046958.1,NC_046958.1__N__300,N,300,1700,virus,0.9790384769439697,0.300532,0.026523,0.047194,0.028233,0.015645,0.581874
NC_046958.1,NC_046958.1__M__250,M,250,1750,virus,0.9572597742080688,0.243986,0.025666,0.039657,0.028354,0.014878,0.647459
NC_046958.1,NC_046958.1__N__250,N,250,1750,virus,0.9572597742080688,0.243986,0.025666,0.039657,0.028354,0.014878,0.647459
NC_046958.1,NC_046958.1__M__200,M,200,1800,virus,0.9445546865463257,0.202108,0.025951,0.037237,0.026455,0.015962,0.692286
NC_046958.1,NC_046958.1__N__200,N,200,1800,virus,0.9445546865463257,0.202108,0.025951,0.037237,0.026455,0.015962,0.692286
NC_046958.1,NC_046958.1__M__150,M,150,1850,virus,0.9465581178665161,0.125538,0.028214,0.035535,0.027028,0.013342,0.770343
NC_046958.1,NC_046958.1__N__150,N,150,1850,virus,0.9465581178665161,0.125538,0.028214,0.035535,0.027028,0.013342,0.770343
NC_046958.1,NC_046958.1__M__100,M,100,1900,virus,0.8863664865493774,0.176324,0.038053,0.054255,0.034566,0.016208,0.680594
NC_046958.1,NC_046958.1__N__100,N,100,1900,virus,0.8863664865493774,0.176324,0.038053,0.054255,0.034566,0.016208,0.680594
NC_046958.1,NC_046958.1__M__50,M,50,1950,virus,0.7354522347450256,0.145915,0.056885,0.074841,0.041882,0.027289,0.653188
NC_046958.1,NC_046958.1__N__50,N,50,1950,virus,0.7354522347450256,0.145915,0.056885,0.074841,0.041882,0.027289,0.653188
NC_046958.1,NC_046958.1__M__1,M,1,1999,virus,0.7962328791618347,0.069223,0.039252,0.048905,0.025517,0.023358,0.793745
NC_046958.1,NC_046958.1__N__1,N,1,1999,virus,0.7962328791618347,0.069223,0.039252,0.048905,0.025517,0.023358,0.793745
NC_046963.1,NC_046963.1__none__0,none,0,2000,virus,0.9946743249893188,0.018274,0.016123,0.030687,0.013990,0.012433,0.908494
NC_046963.1,NC_046963.1__M__500,M,500,1500,bacteria,0.9967489242553711,0.873144,0.020439,0.020915,0.017807,0.028032,0.039663
NC_046963.1,NC_046963.1__N__500,N,500,1500,bacteria,0.9967489242553711,0.873144,0.020439,0.020915,0.017807,0.028032,0.039663
NC_046963.1,NC_046963.1__M__450,M,450,1550,bacteria,0.9986097812652588,0.767281,0.027598,0.033624,0.024148,0.037346,0.110003
NC_046963.1,NC_046963.1__N__450,N,450,1550,bacteria,0.9986097812652588,0.767281,0.027598,0.033624,0.024148,0.037346,0.110003
NC_046963.1,NC_046963.1__M__400,M,400,1600,bacteria,0.9983673691749573,0.731130,0.029338,0.046388,0.025479,0.038408,0.129257
NC_046963.1,NC_046963.1__N__400,N,400,1600,bacteria,0.9983673691749573,0.731130,0.029338,0.046388,0.025479,0.038408,0.129257
NC_046963.1,NC_046963.1__M__350,M,350,1650,bacteria,0.9984259605407715,0.653875,0.031128,0.072921,0.028455,0.051031,0.162591
NC_046963.1,NC_046963.1__N__350,N,350,1650,bacteria,0.9984259605407715,0.653875,0.031128,0.072921,0.028455,0.051031,0.162591
NC_046963.1,NC_046963.1__M__300,M,300,1700,virus,0.9978906512260437,0.284795,0.027687,0.106067,0.030018,0.034929,0.516504
NC_046963.1,NC_046963.1__N__300,N,300,1700,virus,0.9978906512260437,0.284795,0.027687,0.106067,0.030018,0.034929,0.516504
NC_046963.1,NC_046963.1__M__250,M,250,1750,virus,0.9983371496200562,0.174617,0.026645,0.107116,0.027549,0.029772,0.634301
NC_046963.1,NC_046963.1__N__250,N,250,1750,virus,0.9983371496200562,0.174617,0.026645,0.107116,0.027549,0.029772,0.634301
NC_046963.1,NC_046963.1__M__200,M,200,1800,virus,0.9966422319412231,0.127622,0.024831,0.092319,0.026833,0.021678,0.706717
NC_046963.1,NC_046963.1__N__200,N,200,1800,virus,0.9966422319412231,0.127622,0.024831,0.092319,0.026833,0.021678,0.706717
NC_046963.1,NC_046963.1__M__150,M,150,1850,virus,0.9948199391365051,0.124242,0.027445,0.121161,0.029193,0.017349,0.680610
NC_046963.1,NC_046963.1__N__150,N,150,1850,virus,0.9948199391365051,0.124242,0.027445,0.121161,0.029193,0.017349,0.680610
NC_046963.1,NC_046963.1__M__100,M,100,1900,virus,0.9903281331062317,0.063662,0.024557,0.090147,0.024091,0.014973,0.782570
NC_046963.1,NC_046963.1__N__100,N,100,1900,virus,0.9903281331062317,0.063662,0.024557,0.090147,0.024091,0.014973,0.782570
NC_046963.1,NC_046963.1__M__50,M,50,1950,virus,0.9944736361503601,0.025883,0.018453,0.051162,0.016844,0.014064,0.873593
NC_046963.1,NC_046963.1__N__50,N,50,1950,virus,0.9944736361503601,0.025883,0.018453,0.051162,0.016844,0.014064,0.873593
NC_046963.1,NC_046963.1__M__1,M,1,1999,virus,0.9947181344032288,0.017952,0.015946,0.029755,0.013906,0.012338,0.910103
NC_046963.1,NC_046963.1__N__1,N,1,1999,virus,0.9947181344032288,0.017952,0.015946,0.029755,0.013906,0.012338,0.910103
NC_043036.1,NC_043036.1__none__0,none,0,2000,virus,0.9984283447265625,0.010098,0.014693,0.018153,0.015999,0.014867,0.926189
NC_043036.1,NC_043036.1__M__500,M,500,1500,virus,0.9981233477592468,0.037218,0.024618,0.026694,0.021926,0.010313,0.879230
NC_043036.1,NC_043036.1__N__500,N,500,1500,virus,0.9981233477592468,0.037218,0.024618,0.026694,0.021926,0.010313,0.879230
NC_043036.1,NC_043036.1__M__450,M,450,1550,virus,0.99918133020401,0.062752,0.033363,0.034873,0.028507,0.010152,0.830354
NC_043036.1,NC_043036.1__N__450,N,450,1550,virus,0.99918133020401,0.062752,0.033363,0.034873,0.028507,0.010152,0.830354
NC_043036.1,NC_043036.1__M__400,M,400,1600,virus,0.9984089732170105,0.031495,0.019942,0.023029,0.017744,0.009209,0.898581
NC_043036.1,NC_043036.1__N__400,N,400,1600,virus,0.9984089732170105,0.031495,0.019942,0.023029,0.017744,0.009209,0.898581
NC_043036.1,NC_043036.1__M__350,M,350,1650,virus,0.9988179802894592,0.035872,0.020433,0.024033,0.017745,0.008309,0.893608
NC_043036.1,NC_043036.1__N__350,N,350,1650,virus,0.9988179802894592,0.035872,0.020433,0.024033,0.017745,0.008309,0.893608
NC_043036.1,NC_043036.1__M__300,M,300,1700,virus,0.9987339377403259,0.032517,0.020083,0.021239,0.016100,0.008184,0.901877
NC_043036.1,NC_043036.1__N__300,N,300,1700,virus,0.9987339377403259,0.032517,0.020083,0.021239,0.016100,0.008184,0.901877
NC_043036.1,NC_043036.1__M__250,M,250,1750,virus,0.9985525012016296,0.025999,0.019526,0.019611,0.015445,0.009237,0.910183
NC_043036.1,NC_043036.1__N__250,N,250,1750,virus,0.9985525012016296,0.025999,0.019526,0.019611,0.015445,0.009237,0.910183
NC_043036.1,NC_043036.1__M__200,M,200,1800,virus,0.9986907839775085,0.021864,0.018393,0.018123,0.014775,0.009418,0.917427
NC_043036.1,NC_043036.1__N__200,N,200,1800,virus,0.9986907839775085,0.021864,0.018393,0.018123,0.014775,0.009418,0.917427
NC_043036.1,NC_043036.1__M__150,M,150,1850,virus,0.9989264607429504,0.018007,0.017407,0.019495,0.016877,0.011146,0.917068
NC_043036.1,NC_043036.1__N__150,N,150,1850,virus,0.9989264607429504,0.018007,0.017407,0.019495,0.016877,0.011146,0.917068
NC_043036.1,NC_043036.1__M__100,M,100,1900,virus,0.9982948899269104,0.021462,0.023811,0.026431,0.022003,0.013943,0.892350
NC_043036.1,NC_043036.1__N__100,N,100,1900,virus,0.9982948899269104,0.021462,0.023811,0.026431,0.022003,0.013943,0.892350
NC_043036.1,NC_043036.1__M__50,M,50,1950,virus,0.9986212253570557,0.010390,0.013740,0.016213,0.014740,0.013175,0.931742
NC_043036.1,NC_043036.1__N__50,N,50,1950,virus,0.9986212253570557,0.010390,0.013740,0.016213,0.014740,0.013175,0.931742
NC_043036.1,NC_043036.1__M__1,M,1,1999,virus,0.9984267950057983,0.010105,0.014746,0.018032,0.015924,0.014826,0.926367
NC_043036.1,NC_043036.1__N__1,N,1,1999,virus,0.9984267950057983,0.010105,0.014746,0.018032,0.015924,0.014826,0.926367
NC_043510.1,NC_043510.1__none__0,none,0,2000,virus,0.9992278814315796,0.012260,0.025614,0.024020,0.016909,0.017245,0.903952
NC_043510.1,NC_043510.1__M__500,M,500,1500,virus,0.9994006156921387,0.035386,0.081586,0.068439,0.034365,0.030074,0.750150
NC_043510.1,NC_043510.1__N__500,N,500,1500,virus,0.9994006156921387,0.035386,0.081586,0.068439,0.034365,0.030074,0.750150
NC_043510.1,NC_043510.1__M__450,M,450,1550,virus,0.999586284160614,0.058455,0.159651,0.079088,0.053079,0.043709,0.606019
NC_043510.1,NC_043510.1__N__450,N,450,1550,virus,0.999586284160614,0.058455,0.159651,0.079088,0.053079,0.043709,0.606019
NC_043510.1,NC_043510.1__M__400,M,400,1600,virus,0.9994596838951111,0.040113,0.082875,0.092044,0.042076,0.037077,0.705815
NC_043510.1,NC_043510.1__N__400,N,400,1600,virus,0.9994596838951111,0.040113,0.082875,0.092044,0.042076,0.037077,0.705815
NC_043510.1,NC_043510.1__M__350,M,350,1650,virus,0.9995349645614624,0.048409,0.083982,0.094322,0.044631,0.033797,0.694859
NC_043510.1,NC_043510.1__N__350,N,350,1650,virus,0.9995349645614624,0.048409,0.083982,0.094322,0.044631,0.033797,0.694859
NC_043510.1,NC_043510.1__M__300,M,300,1700,virus,0.9993983507156372,0.042449,0.053565,0.081037,0.037498,0.036697,0.748754
NC_043510.1,NC_043510.1__N__300,N,300,1700,virus,0.9993983507156372,0.042449,0.053565,0.081037,0.037498,0.036697,0.748754
NC_043510.1,NC_043510.1__M__250,M,250,1750,virus,0.9993605017662048,0.032158,0.047274,0.072506,0.032969,0.031208,0.783885
NC_043510.1,NC_043510.1__N__250,N,250,1750,virus,0.9993605017662048,0.032158,0.047274,0.072506,0.032969,0.031208,0.783885
NC_043510.1,NC_043510.1__M__200,M,200,1800,virus,0.999514102935791,0.033507,0.054114,0.069452,0.037357,0.034905,0.770666
NC_043510.1,NC_043510.1__N__200,N,200,1800,virus,0.999514102935791,0.033507,0.054114,0.069452,0.037357,0.034905,0.770666
NC_043510.1,NC_043510.1__M__150,M,150,1850,virus,0.9995567202568054,0.034207,0.059098,0.091536,0.040708,0.039628,0.734822
NC_043510.1,NC_043510.1__N__150,N,150,1850,virus,0.9995567202568054,0.034207,0.059098,0.091536,0.040708,0.039628,0.734822
NC_043510.1,NC_043510.1__M__100,M,100,1900,virus,0.9995673298835754,0.029994,0.052792,0.065045,0.036887,0.034681,0.780602
NC_043510.1,NC_043510.1__N__100,N,100,1900,virus,0.9995673298835754,0.029994,0.052792,0.065045,0.036887,0.034681,0.780602
NC_043510.1,NC_043510.1__M__50,M,50,1950,virus,0.9992620348930359,0.014446,0.030917,0.031094,0.019339,0.019816,0.884387
NC_043510.1,NC_043510.1__N__50,N,50,1950,virus,0.9992620348930359,0.014446,0.030917,0.031094,0.019339,0.019816,0.884387
NC_043510.1,NC_043510.1__M__1,M,1,1999,virus,0.9992271661758423,0.012261,0.025658,0.024018,0.016920,0.017250,0.903892
NC_043510.1,NC_043510.1__N__1,N,1,1999,virus,0.9992271661758423,0.012261,0.025658,0.024018,0.016920,0.017250,0.903892
NC_043537.1,NC_043537.1__none__0,none,0,2000,virus,0.9831652641296387,0.011302,0.018097,0.016194,0.013002,0.014390,0.927014
NC_043537.1,NC_043537.1__M__500,M,500,1500,virus,0.9937337040901184,0.024422,0.018613,0.021630,0.016508,0.011920,0.906907
NC_043537.1,NC_043537.1__N__500,N,500,1500,virus,0.9937337040901184,0.024422,0.018613,0.021630,0.016508,0.011920,0.906907
NC_043537.1,NC_043537.1__M__450,M,450,1550,virus,0.9949894547462463,0.023585,0.018396,0.022235,0.016386,0.012881,0.906518
NC_043537.1,NC_043537.1__N__450,N,450,1550,virus,0.9949894547462463,0.023585,0.018396,0.022235,0.016386,0.012881,0.906518
NC_043537.1,NC_043537.1__M__400,M,400,1600,virus,0.9969178438186646,0.025974,0.019914,0.022585,0.016939,0.012893,0.901695
NC_043537.1,NC_043537.1__N__400,N,400,1600,virus,0.9969178438186646,0.025974,0.019914,0.022585,0.016939,0.012893,0.901695
NC_043537.1,NC_043537.1__M__350,M,350,1650,virus,0.9968417882919312,0.019733,0.019419,0.020276,0.015845,0.012582,0.912145
NC_043537.1,NC_043537.1__N__350,N,350,1650,virus,0.9968417882919312,0.019733,0.019419,0.020276,0.015845,0.012582,0.912145
NC_043537.1,NC_043537.1__M__300,M,300,1700,virus,0.9951426982879639,0.022462,0.019661,0.021167,0.016986,0.012521,0.907203
NC_043537.1,NC_043537.1__N__300,N,300,1700,virus,0.9951426982879639,0.022462,0.019661,0.021167,0.016986,0.012521,0.907203
NC_043537.1,NC_043537.1__M__250,M,250,1750,virus,0.9954018592834473,0.015083,0.018297,0.018700,0.014301,0.012419,0.921200
NC_043537.1,NC_043537.1__N__250,N,250,1750,virus,0.9954018592834473,0.015083,0.018297,0.018700,0.014301,0.012419,0.921200
NC_043537.1,NC_043537.1__M__200,M,200,1800,virus,0.9946327209472656,0.014989,0.016045,0.015125,0.013617,0.011629,0.928596
NC_043537.1,NC_043537.1__N__200,N,200,1800,virus,0.9946327209472656,0.014989,0.016045,0.015125,0.013617,0.011629,0.928596
NC_043537.1,NC_043537.1__M__150,M,150,1850,virus,0.9936490654945374,0.016159,0.016649,0.016730,0.013745,0.011906,0.924812
NC_043537.1,NC_043537.1__N__150,N,150,1850,virus,0.9936490654945374,0.016159,0.016649,0.016730,0.013745,0.011906,0.924812
NC_043537.1,NC_043537.1__M__100,M,100,1900,virus,0.9914154410362244,0.012211,0.016938,0.016053,0.013352,0.013067,0.928380
NC_043537.1,NC_043537.1__N__100,N,100,1900,virus,0.9914154410362244,0.012211,0.016938,0.016053,0.013352,0.013067,0.928380
NC_043537.1,NC_043537.1__M__50,M,50,1950,virus,0.9758390188217163,0.010751,0.017517,0.015735,0.012607,0.014071,0.929319
NC_043537.1,NC_043537.1__N__50,N,50,1950,virus,0.9758390188217163,0.010751,0.017517,0.015735,0.012607,0.014071,0.929319
NC_043537.1,NC_043537.1__M__1,M,1,1999,virus,0.983258068561554,0.011266,0.018063,0.016225,0.013002,0.014379,0.927065
NC_043537.1,NC_043537.1__N__1,N,1,1999,virus,0.983258068561554,0.011266,0.018063,0.016225,0.013002,0.014379,0.927065
NC_043661.1,NC_043661.1__none__0,none,0,2000,virus,0.996150016784668,0.012627,0.017120,0.016164,0.012131,0.012505,0.929453
NC_043661.1,NC_043661.1__M__500,M,500,1500,virus,0.9994489550590515,0.035318,0.019142,0.025924,0.019832,0.009527,0.890257
NC_043661.1,NC_043661.1__N__500,N,500,1500,virus,0.9994489550590515,0.035318,0.019142,0.025924,0.019832,0.009527,0.890257
NC_043661.1,NC_043661.1__M__450,M,450,1550,virus,0.9995229244232178,0.034772,0.018851,0.023123,0.017913,0.008843,0.896498
NC_043661.1,NC_043661.1__N__450,N,450,1550,virus,0.9995229244232178,0.034772,0.018851,0.023123,0.017913,0.008843,0.896498
NC_043661.1,NC_043661.1__M__400,M,400,1600,virus,0.9994195699691772,0.026350,0.018000,0.020116,0.016359,0.010297,0.908878
NC_043661.1,NC_043661.1__N__400,N,400,1600,virus,0.9994195699691772,0.026350,0.018000,0.020116,0.016359,0.010297,0.908878
NC_043661.1,NC_043661.1__M__350,M,350,1650,virus,0.9994014501571655,0.028852,0.018996,0.023759,0.016862,0.009923,0.901609
NC_043661.1,NC_043661.1__N__350,N,350,1650,virus,0.9994014501571655,0.028852,0.018996,0.023759,0.016862,0.009923,0.901609
NC_043661.1,NC_043661.1__M__300,M,300,1700,virus,0.999214768409729,0.026071,0.019567,0.023228,0.018362,0.012365,0.900407
NC_043661.1,NC_043661.1__N__300,N,300,1700,virus,0.999214768409729,0.026071,0.019567,0.023228,0.018362,0.012365,0.900407
NC_043661.1,NC_043661.1__M__250,M,250,1750,virus,0.999021053314209,0.025444,0.019991,0.022530,0.019026,0.012730,0.900279
NC_043661.1,NC_043661.1__N__250,N,250,1750,virus,0.999021053314209,0.025444,0.019991,0.022530,0.019026,0.012730,0.900279
NC_043661.1,NC_043661.1__M__200,M,200,1800,virus,0.9986056685447693,0.022445,0.019248,0.020650,0.017330,0.012849,0.907479
NC_043661.1,NC_043661.1__N__200,N,200,1800,virus,0.9986056685447693,0.022445,0.019248,0.020650,0.017330,0.012849,0.907479
NC_043661.1,NC_043661.1__M__150,M,150,1850,virus,0.9987794756889343,0.019974,0.018258,0.020015,0.015081,0.013480,0.913191
NC_043661.1,NC_043661.1__N__150,N,150,1850,virus,0.9987794756889343,0.019974,0.018258,0.020015,0.015081,0.013480,0.913191
NC_043661.1,NC_043661.1__M__100,M,100,1900,virus,0.9970489144325256,0.016354,0.018462,0.018947,0.014214,0.013884,0.918138
NC_043661.1,NC_043661.1__N__100,N,100,1900,virus,0.9970489144325256,0.016354,0.018462,0.018947,0.014214,0.013884,0.918138
NC_043661.1,NC_043661.1__M__50,M,50,1950,virus,0.9960827827453613,0.012324,0.017045,0.015478,0.011923,0.012241,0.930989
NC_043661.1,NC_043661.1__N__50,N,50,1950,virus,0.9960827827453613,0.012324,0.017045,0.015478,0.011923,0.012241,0.930989
NC_043661.1,NC_043661.1__M__1,M,1,1999,virus,0.9961721301078796,0.012612,0.017130,0.016140,0.012133,0.012508,0.929478
NC_043661.1,NC_043661.1__N__1,N,1,1999,virus,0.9961721301078796,0.012612,0.017130,0.016140,0.012133,0.012508,0.929478
NC_040434.1,NC_040434.1__none__0,none,0,2000,virus,0.7176730036735535,0.020173,0.098467,0.033563,0.033263,0.019049,0.795485
NC_040434.1,NC_040434.1__M__500,M,500,1500,virus,0.7444601655006409,0.060921,0.163528,0.069444,0.046704,0.027392,0.632012
NC_040434.1,NC_040434.1__N__500,N,500,1500,virus,0.7444601655006409,0.060921,0.163528,0.069444,0.046704,0.027392,0.632012
NC_040434.1,NC_040434.1__M__450,M,450,1550,virus,0.8800672292709351,0.056440,0.098174,0.054551,0.040557,0.023578,0.726701
NC_040434.1,NC_040434.1__N__450,N,450,1550,virus,0.8800672292709351,0.056440,0.098174,0.054551,0.040557,0.023578,0.726701
NC_040434.1,NC_040434.1__M__400,M,400,1600,virus,0.8478744626045227,0.031504,0.051237,0.041325,0.024350,0.017652,0.833933
NC_040434.1,NC_040434.1__N__400,N,400,1600,virus,0.8478744626045227,0.031504,0.051237,0.041325,0.024350,0.017652,0.833933
NC_040434.1,NC_040434.1__M__350,M,350,1650,virus,0.9219833016395569,0.047747,0.046458,0.051456,0.026850,0.015745,0.811744
NC_040434.1,NC_040434.1__N__350,N,350,1650,virus,0.9219833016395569,0.047747,0.046458,0.051456,0.026850,0.015745,0.811744
NC_040434.1,NC_040434.1__M__300,M,300,1700,virus,0.910979688167572,0.028389,0.034644,0.035213,0.023399,0.013870,0.864486
NC_040434.1,NC_040434.1__N__300,N,300,1700,virus,0.910979688167572,0.028389,0.034644,0.035213,0.023399,0.013870,0.864486
NC_040434.1,NC_040434.1__M__250,M,250,1750,virus,0.9145508408546448,0.017792,0.028925,0.026587,0.017481,0.013251,0.895965
NC_040434.1,NC_040434.1__N__250,N,250,1750,virus,0.9145508408546448,0.017792,0.028925,0.026587,0.017481,0.013251,0.895965
NC_040434.1,NC_040434.1__M__200,M,200,1800,virus,0.8901426196098328,0.020667,0.038231,0.029643,0.020147,0.014059,0.877253
NC_040434.1,NC_040434.1__N__200,N,200,1800,virus,0.8901426196098328,0.020667,0.038231,0.029643,0.020147,0.014059,0.877253
NC_040434.1,NC_040434.1__M__150,M,150,1850,virus,0.8608007431030273,0.022276,0.063812,0.035942,0.027251,0.017421,0.833297
NC_040434.1,NC_040434.1__N__150,N,150,1850,virus,0.8608007431030273,0.022276,0.063812,0.035942,0.027251,0.017421,0.833297
NC_040434.1,NC_040434.1__M__100,M,100,1900,virus,0.7884293794631958,0.016896,0.048049,0.029005,0.021080,0.016583,0.868387
NC_040434.1,NC_040434.1__N__100,N,100,1900,virus,0.7884293794631958,0.016896,0.048049,0.029005,0.021080,0.016583,0.868387
NC_040434.1,NC_040434.1__M__50,M,50,1950,virus,0.7201933860778809,0.019639,0.092200,0.037449,0.034411,0.018179,0.798122
NC_040434.1,NC_040434.1__N__50,N,50,1950,virus,0.7201933860778809,0.019639,0.092200,0.037449,0.034411,0.018179,0.798122
NC_040434.1,NC_040434.1__M__1,M,1,1999,virus,0.7163438200950623,0.020102,0.097988,0.033118,0.033060,0.018987,0.796746
NC_040434.1,NC_040434.1__N__1,N,1,1999,virus,0.7163438200950623,0.020102,0.097988,0.033118,0.033060,0.018987,0.796746
NC_040443.1,NC_040443.1__none__0,none,0,2000,virus,0.9998272061347961,0.015231,0.028924,0.020342,0.019708,0.019590,0.896205
NC_040443.1,NC_040443.1__M__500,M,500,1500,virus,0.9999524354934692,0.036375,0.044963,0.016856,0.024081,0.023458,0.854267
NC_040443.1,NC_040443.1__N__500,N,500,1500,virus,0.9999524354934692,0.036375,0.044963,0.016856,0.024081,0.023458,0.854267
NC_040443.1,NC_040443.1__M__450,M,450,1550,virus,0.999962329864502,0.030677,0.021622,0.016723,0.019015,0.016433,0.895529
NC_040443.1,NC_040443.1__N__450,N,450,1550,virus,0.999962329864502,0.030677,0.021622,0.016723,0.019015,0.016433,0.895529
NC_040443.1,NC_040443.1__M__400,M,400,1600,virus,0.9999655485153198,0.025868,0.022709,0.017909,0.019472,0.016387,0.897654
NC_040443.1,NC_040443.1__N__400,N,400,1600,virus,0.9999655485153198,0.025868,0.022709,0.017909,0.019472,0.016387,0.897654
NC_040443.1,NC_040443.1__M__350,M,350,1650,virus,0.9999635219573975,0.026988,0.018956,0.019045,0.019997,0.016422,0.898590
NC_040443.1,NC_040443.1__N__350,N,350,1650,virus,0.9999635219573975,0.026988,0.018956,0.019045,0.019997,0.016422,0.898590
NC_040443.1,NC_040443.1__M__300,M,300,1700,virus,0.9999421834945679,0.022566,0.016321,0.018702,0.017737,0.016843,0.907831
NC_040443.1,NC_040443.1__N__300,N,300,1700,virus,0.9999421834945679,0.022566,0.016321,0.018702,0.017737,0.016843,0.907831
NC_040443.1,NC_040443.1__M__250,M,250,1750,virus,0.9999496936798096,0.017529,0.014102,0.016979,0.016574,0.014714,0.920102
NC_040443.1,NC_040443.1__N__250,N,250,1750,virus,0.9999496936798096,0.017529,0.014102,0.016979,0.016574,0.014714,0.920102
NC_040443.1,NC_040443.1__M__200,M,200,1800,virus,0.999940037727356,0.014886,0.016363,0.017459,0.017209,0.015305,0.918777
NC_040443.1,NC_040443.1__N__200,N,200,1800,virus,0.999940037727356,0.014886,0.016363,0.017459,0.017209,0.015305,0.918777
NC_040443.1,NC_040443.1__M__150,M,150,1850,virus,0.9998899698257446,0.015403,0.023258,0.017824,0.019296,0.018694,0.905525
NC_040443.1,NC_040443.1__N__150,N,150,1850,virus,0.9998899698257446,0.015403,0.023258,0.017824,0.019296,0.018694,0.905525
NC_040443.1,NC_040443.1__M__100,M,100,1900,virus,0.9998202919960022,0.013869,0.018778,0.017733,0.018292,0.017274,0.914053
NC_040443.1,NC_040443.1__N__100,N,100,1900,virus,0.9998202919960022,0.013869,0.018778,0.017733,0.018292,0.017274,0.914053
NC_040443.1,NC_040443.1__M__50,M,50,1950,virus,0.9997565150260925,0.013697,0.020295,0.018421,0.018377,0.017171,0.912041
NC_040443.1,NC_040443.1__N__50,N,50,1950,virus,0.9997565150260925,0.013697,0.020295,0.018421,0.018377,0.017171,0.912041
NC_040443.1,NC_040443.1__M__1,M,1,1999,virus,0.9998260140419006,0.015238,0.028816,0.020280,0.019721,0.019490,0.896454
NC_040443.1,NC_040443.1__N__1,N,1,1999,virus,0.9998260140419006,0.015238,0.028816,0.020280,0.019721,0.019490,0.896454
NC_040464.1,NC_040464.1__none__0,none,0,2000,virus,0.9979901313781738,0.059641,0.026905,0.032874,0.026364,0.012578,0.841637
NC_040464.1,NC_040464.1__M__500,M,500,1500,virus,0.9986110925674438,0.070280,0.022135,0.032078,0.023939,0.011055,0.840513
NC_040464.1,NC_040464.1__N__500,N,500,1500,virus,0.9986110925674438,0.070280,0.022135,0.032078,0.023939,0.011055,0.840513
NC_040464.1,NC_040464.1__M__450,M,450,1550,virus,0.9990687966346741,0.081156,0.022870,0.032767,0.024717,0.012946,0.825545
NC_040464.1,NC_040464.1__N__450,N,450,1550,virus,0.9990687966346741,0.081156,0.022870,0.032767,0.024717,0.012946,0.825545
NC_040464.1,NC_040464.1__M__400,M,400,1600,virus,0.9994582533836365,0.158358,0.026149,0.035564,0.029938,0.018014,0.731977
NC_040464.1,NC_040464.1__N__400,N,400,1600,virus,0.9994582533836365,0.158358,0.026149,0.035564,0.029938,0.018014,0.731977
NC_040464.1,NC_040464.1__M__350,M,350,1650,virus,0.9995852112770081,0.106807,0.023924,0.032432,0.027280,0.014114,0.795443
NC_040464.1,NC_040464.1__N__350,N,350,1650,virus,0.9995852112770081,0.106807,0.023924,0.032432,0.027280,0.014114,0.795443
NC_040464.1,NC_040464.1__M__300,M,300,1700,virus,0.9995419979095459,0.100123,0.024062,0.031571,0.027824,0.013818,0.802602
NC_040464.1,NC_040464.1__N__300,N,300,1700,virus,0.9995419979095459,0.100123,0.024062,0.031571,0.027824,0.013818,0.802602
NC_040464.1,NC_040464.1__M__250,M,250,1750,virus,0.9995933175086975,0.079063,0.022425,0.031753,0.025433,0.011055,0.830271
NC_040464.1,NC_040464.1__N__250,N,250,1750,virus,0.9995933175086975,0.079063,0.022425,0.031753,0.025433,0.011055,0.830271
NC_040464.1,NC_040464.1__M__200,M,200,1800,virus,0.9995562434196472,0.122098,0.023178,0.036213,0.026348,0.012514,0.779649
NC_040464.1,NC_040464.1__N__200,N,200,1800,virus,0.9995562434196472,0.122098,0.023178,0.036213,0.026348,0.012514,0.779649
NC_040464.1,NC_040464.1__M__150,M,150,1850,virus,0.9995974898338318,0.082385,0.022609,0.034437,0.024710,0.011767,0.824093
NC_040464.1,NC_040464.1__N__150,N,150,1850,virus,0.9995974898338318,0.082385,0.022609,0.034437,0.024710,0.011767,0.824093
NC_040464.1,NC_040464.1__M__100,M,100,1900,virus,0.9994470477104187,0.086847,0.024124,0.037560,0.025987,0.011677,0.813805
NC_040464.1,NC_040464.1__N__100,N,100,1900,virus,0.9994470477104187,0.086847,0.024124,0.037560,0.025987,0.011677,0.813805
NC_040464.1,NC_040464.1__M__50,M,50,1950,virus,0.998583197593689,0.088740,0.037224,0.041494,0.035549,0.016139,0.780854
NC_040464.1,NC_040464.1__N__50,N,50,1950,virus,0.998583197593689,0.088740,0.037224,0.041494,0.035549,0.016139,0.780854
NC_040464.1,NC_040464.1__M__1,M,1,1999,virus,0.997978150844574,0.059888,0.026890,0.032961,0.026397,0.012571,0.841294
NC_040464.1,NC_040464.1__N__1,N,1,1999,virus,0.997978150844574,0.059888,0.026890,0.032961,0.026397,0.012571,0.841294
NC_040485.1,NC_040485.1__none__0,none,0,2000,virus,0.9998406171798706,0.069256,0.130058,0.248856,0.042048,0.142946,0.366836
NC_040485.1,NC_040485.1__M__500,M,500,1500,virus,0.9998821020126343,0.021147,0.023516,0.020186,0.017948,0.012149,0.905053
NC_040485.1,NC_040485.1__N__500,N,500,1500,virus,0.9998821020126343,0.021147,0.023516,0.020186,0.017948,0.012149,0.905053
NC_040485.1,NC_040485.1__M__450,M,450,1550,virus,0.9998538494110107,0.029166,0.022711,0.022450,0.020805,0.012291,0.892577
NC_040485.1,NC_040485.1__N__450,N,450,1550,virus,0.9998538494110107,0.029166,0.022711,0.022450,0.020805,0.012291,0.892577
NC_040485.1,NC_040485.1__M__400,M,400,1600,virus,0.9999080896377563,0.036311,0.033435,0.026894,0.025504,0.015226,0.862630
NC_040485.1,NC_040485.1__N__400,N,400,1600,virus,0.9999080896377563,0.036311,0.033435,0.026894,0.025504,0.015226,0.862630
NC_040485.1,NC_040485.1__M__350,M,350,1650,virus,0.9999179840087891,0.020884,0.022494,0.019808,0.017789,0.012241,0.906784
NC_040485.1,NC_040485.1__N__350,N,350,1650,virus,0.9999179840087891,0.020884,0.022494,0.019808,0.017789,0.012241,0.906784
NC_040485.1,NC_040485.1__M__300,M,300,1700,virus,0.9999076128005981,0.031490,0.028042,0.023189,0.021461,0.015643,0.880174
NC_040485.1,NC_040485.1__N__300,N,300,1700,virus,0.9999076128005981,0.031490,0.028042,0.023189,0.021461,0.015643,0.880174
NC_040485.1,NC_040485.1__M__250,M,250,1750,virus,0.9998807907104492,0.058193,0.035098,0.040234,0.027974,0.018455,0.820047
NC_040485.1,NC_040485.1__N__250,N,250,1750,virus,0.9998807907104492,0.058193,0.035098,0.040234,0.027974,0.018455,0.820047
NC_040485.1,NC_040485.1__M__200,M,200,1800,virus,0.9998751878738403,0.091947,0.045530,0.043788,0.035045,0.024387,0.759304
NC_040485.1,NC_040485.1__N__200,N,200,1800,virus,0.9998751878738403,0.091947,0.045530,0.043788,0.035045,0.024387,0.759304
NC_040485.1,NC_040485.1__M__150,M,150,1850,virus,0.9998431205749512,0.112488,0.110485,0.063985,0.051883,0.045304,0.615855
NC_040485.1,NC_040485.1__N__150,N,150,1850,virus,0.9998431205749512,0.112488,0.110485,0.063985,0.051883,0.045304,0.615855
NC_040485.1,NC_040485.1__M__100,M,100,1900,virus,0.9997898936271667,0.049262,0.092071,0.075477,0.039168,0.030055,0.713967
NC_040485.1,NC_040485.1__N__100,N,100,1900,virus,0.9997898936271667,0.049262,0.092071,0.075477,0.039168,0.030055,0.713967
NC_040485.1,NC_040485.1__M__50,M,50,1950,virus,0.9997842907905579,0.058181,0.099077,0.206847,0.039046,0.067397,0.529453
NC_040485.1,NC_040485.1__N__50,N,50,1950,virus,0.9997842907905579,0.058181,0.099077,0.206847,0.039046,0.067397,0.529453
NC_040485.1,NC_040485.1__M__1,M,1,1999,virus,0.9998413324356079,0.069490,0.130715,0.250919,0.042009,0.143015,0.363852
NC_040485.1,NC_040485.1__N__1,N,1,1999,virus,0.9998413324356079,0.069490,0.130715,0.250919,0.042009,0.143015,0.363852
NC_040601.1,NC_040601.1__none__0,none,0,2000,eukarya,0.9941792488098145,0.029200,0.053882,0.434631,0.027099,0.025046,0.430142
NC_040601.1,NC_040601.1__M__500,M,500,1500,bacteria,0.997983455657959,0.483625,0.046281,0.157335,0.037097,0.027483,0.248179
NC_040601.1,NC_040601.1__N__500,N,500,1500,bacteria,0.997983455657959,0.483625,0.046281,0.157335,0.037097,0.027483,0.248179
NC_040601.1,NC_040601.1__M__450,M,450,1550,virus,0.9974855184555054,0.198444,0.038163,0.229973,0.033546,0.020766,0.479108
NC_040601.1,NC_040601.1__N__450,N,450,1550,virus,0.9974855184555054,0.198444,0.038163,0.229973,0.033546,0.020766,0.479108
NC_040601.1,NC_040601.1__M__400,M,400,1600,virus,0.9979516863822937,0.156102,0.034936,0.155201,0.031663,0.017071,0.605028
NC_040601.1,NC_040601.1__N__400,N,400,1600,virus,0.9979516863822937,0.156102,0.034936,0.155201,0.031663,0.017071,0.605028
NC_040601.1,NC_040601.1__M__350,M,350,1650,virus,0.998245120048523,0.150675,0.028260,0.101393,0.026627,0.017158,0.675886
NC_040601.1,NC_040601.1__N__350,N,350,1650,virus,0.998245120048523,0.150675,0.028260,0.101393,0.026627,0.017158,0.675886
NC_040601.1,NC_040601.1__M__300,M,300,1700,virus,0.9983170032501221,0.104974,0.028103,0.091816,0.028012,0.013650,0.733446
NC_040601.1,NC_040601.1__N__300,N,300,1700,virus,0.9983170032501221,0.104974,0.028103,0.091816,0.028012,0.013650,0.733446
NC_040601.1,NC_040601.1__M__250,M,250,1750,virus,0.998029887676239,0.147368,0.048436,0.191322,0.040663,0.020818,0.551393
NC_040601.1,NC_040601.1__N__250,N,250,1750,virus,0.998029887676239,0.147368,0.048436,0.191322,0.040663,0.020818,0.551393
NC_040601.1,NC_040601.1__M__200,M,200,1800,virus,0.9974688291549683,0.097823,0.046207,0.235526,0.037177,0.023383,0.559884
NC_040601.1,NC_040601.1__N__200,N,200,1800,virus,0.9974688291549683,0.097823,0.046207,0.235526,0.037177,0.023383,0.559884
NC_040601.1,NC_040601.1__M__150,M,150,1850,virus,0.996417760848999,0.049849,0.047034,0.367681,0.034984,0.022042,0.478410
NC_040601.1,NC_040601.1__N__150,N,150,1850,virus,0.996417760848999,0.049849,0.047034,0.367681,0.034984,0.022042,0.478410
NC_040601.1,NC_040601.1__M__100,M,100,1900,virus,0.9909648895263672,0.034041,0.048690,0.323814,0.030871,0.025683,0.536901
NC_040601.1,NC_040601.1__N__100,N,100,1900,virus,0.9909648895263672,0.034041,0.048690,0.323814,0.030871,0.025683,0.536901
NC_040601.1,NC_040601.1__M__50,M,50,1950,eukarya,0.9892511963844299,0.026935,0.059058,0.529272,0.025337,0.022105,0.337294
NC_040601.1,NC_040601.1__N__50,N,50,1950,eukarya,0.9892511963844299,0.026935,0.059058,0.529272,0.025337,0.022105,0.337294
NC_040601.1,NC_040601.1__M__1,M,1,1999,virus,0.9941404461860657,0.029114,0.054307,0.430773,0.027045,0.025151,0.433609
NC_040601.1,NC_040601.1__N__1,N,1,1999,virus,0.9941404461860657,0.029114,0.054307,0.430773,0.027045,0.025151,0.433609
NC_040685.2,NC_040685.2__none__0,none,0,2000,phage,0.9999428987503052,0.335972,0.515177,0.017738,0.025141,0.085532,0.020440
NC_040685.2,NC_040685.2__M__500,M,500,1500,bacteria,0.9999306201934814,0.784666,0.106818,0.017276,0.029432,0.032426,0.029381
NC_040685.2,NC_040685.2__N__500,N,500,1500,bacteria,0.9999306201934814,0.784666,0.106818,0.017276,0.029432,0.032426,0.029381
NC_040685.2,NC_040685.2__M__450,M,450,1550,bacteria,0.9999357461929321,0.861444,0.052418,0.016372,0.024777,0.025622,0.019367
NC_040685.2,NC_040685.2__N__450,N,450,1550,bacteria,0.9999357461929321,0.861444,0.052418,0.016372,0.024777,0.025622,0.019367
NC_040685.2,NC_040685.2__M__400,M,400,1600,bacteria,0.9999316930770874,0.871894,0.047373,0.013810,0.023482,0.024318,0.019124
NC_040685.2,NC_040685.2__N__400,N,400,1600,bacteria,0.9999316930770874,0.871894,0.047373,0.013810,0.023482,0.024318,0.019124
NC_040685.2,NC_040685.2__M__350,M,350,1650,bacteria,0.9999521970748901,0.875239,0.041076,0.013557,0.023587,0.024328,0.022214
NC_040685.2,NC_040685.2__N__350,N,350,1650,bacteria,0.9999521970748901,0.875239,0.041076,0.013557,0.023587,0.024328,0.022214
NC_040685.2,NC_040685.2__M__300,M,300,1700,bacteria,0.999951958656311,0.881775,0.040522,0.012169,0.021757,0.025623,0.018155
NC_040685.2,NC_040685.2__N__300,N,300,1700,bacteria,0.999951958656311,0.881775,0.040522,0.012169,0.021757,0.025623,0.018155
NC_040685.2,NC_040685.2__M__250,M,250,1750,bacteria,0.9999606609344482,0.898620,0.034127,0.011314,0.019002,0.023558,0.013379
NC_040685.2,NC_040685.2__N__250,N,250,1750,bacteria,0.9999606609344482,0.898620,0.034127,0.011314,0.019002,0.023558,0.013379
NC_040685.2,NC_040685.2__M__200,M,200,1800,bacteria,0.9999336004257202,0.846590,0.068766,0.013856,0.023604,0.030705,0.016479
NC_040685.2,NC_040685.2__N__200,N,200,1800,bacteria,0.9999336004257202,0.846590,0.068766,0.013856,0.023604,0.030705,0.016479
NC_040685.2,NC_040685.2__M__150,M,150,1850,bacteria,0.999947190284729,0.831338,0.081899,0.015234,0.023071,0.034542,0.013915
NC_040685.2,NC_040685.2__N__150,N,150,1850,bacteria,0.999947190284729,0.831338,0.081899,0.015234,0.023071,0.034542,0.013915
NC_040685.2,NC_040685.2__M__100,M,100,1900,bacteria,0.9999194145202637,0.834565,0.074049,0.016616,0.023839,0.036142,0.014789
NC_040685.2,NC_040685.2__N__100,N,100,1900,bacteria,0.9999194145202637,0.834565,0.074049,0.016616,0.023839,0.036142,0.014789
NC_040685.2,NC_040685.2__M__50,M,50,1950,bacteria,0.9999462366104126,0.435137,0.418348,0.018849,0.027137,0.080825,0.019705
NC_040685.2,NC_040685.2__N__50,N,50,1950,bacteria,0.9999462366104126,0.435137,0.418348,0.018849,0.027137,0.080825,0.019705
NC_040685.2,NC_040685.2__M__1,M,1,1999,phage,0.9999427795410156,0.333592,0.517677,0.017788,0.025079,0.085349,0.020514
NC_040685.2,NC_040685.2__N__1,N,1,1999,phage,0.9999427795410156,0.333592,0.517677,0.017788,0.025079,0.085349,0.020514
NC_040774.1,NC_040774.1__none__0,none,0,2000,eukarya,0.9994951486587524,0.243342,0.055742,0.447922,0.046309,0.029794,0.176891
NC_040774.1,NC_040774.1__M__500,M,500,1500,bacteria,0.9986636638641357,0.916657,0.016704,0.014840,0.018045,0.018074,0.015679
NC_040774.1,NC_040774.1__N__500,N,500,1500,bacteria,0.9986636638641357,0.916657,0.016704,0.014840,0.018045,0.018074,0.015679
NC_040774.1,NC_040774.1__M__450,M,450,1550,bacteria,0.9989457726478577,0.916861,0.015671,0.015373,0.017582,0.017881,0.016633
NC_040774.1,NC_040774.1__N__450,N,450,1550,bacteria,0.9989457726478577,0.916861,0.015671,0.015373,0.017582,0.017881,0.016633
NC_040774.1,NC_040774.1__M__400,M,400,1600,bacteria,0.9991317391395569,0.911231,0.016534,0.016657,0.017985,0.017447,0.020146
NC_040774.1,NC_040774.1__N__400,N,400,1600,bacteria,0.9991317391395569,0.911231,0.016534,0.016657,0.017985,0.017447,0.020146
NC_040774.1,NC_040774.1__M__350,M,350,1650,bacteria,0.9995287656784058,0.893791,0.017404,0.022515,0.019801,0.017935,0.028555
NC_040774.1,NC_040774.1__N__350,N,350,1650,bacteria,0.9995287656784058,0.893791,0.017404,0.022515,0.019801,0.017935,0.028555
NC_040774.1,NC_040774.1__M__300,M,300,1700,bacteria,0.9995825886726379,0.884183,0.015782,0.026741,0.020215,0.018940,0.034140
NC_040774.1,NC_040774.1__N__300,N,300,1700,bacteria,0.9995825886726379,0.884183,0.015782,0.026741,0.020215,0.018940,0.034140
NC_040774.1,NC_040774.1__M__250,M,250,1750,bacteria,0.9996753931045532,0.883742,0.016798,0.027295,0.020995,0.020470,0.030700
NC_040774.1,NC_040774.1__N__250,N,250,1750,bacteria,0.9996753931045532,0.883742,0.016798,0.027295,0.020995,0.020470,0.030700
NC_040774.1,NC_040774.1__M__200,M,200,1800,bacteria,0.9995689988136292,0.871489,0.018948,0.026487,0.023567,0.020281,0.039229
NC_040774.1,NC_040774.1__N__200,N,200,1800,bacteria,0.9995689988136292,0.871489,0.018948,0.026487,0.023567,0.020281,0.039229
NC_040774.1,NC_040774.1__M__150,M,150,1850,bacteria,0.9994667172431946,0.882005,0.020683,0.023155,0.025244,0.019804,0.029110
NC_040774.1,NC_040774.1__N__150,N,150,1850,bacteria,0.9994667172431946,0.882005,0.020683,0.023155,0.025244,0.019804,0.029110
NC_040774.1,NC_040774.1__M__100,M,100,1900,bacteria,0.9990444779396057,0.840829,0.029121,0.036853,0.031435,0.022496,0.039266
NC_040774.1,NC_040774.1__N__100,N,100,1900,bacteria,0.9990444779396057,0.840829,0.029121,0.036853,0.031435,0.022496,0.039266
NC_040774.1,NC_040774.1__M__50,M,50,1950,bacteria,0.9996533393859863,0.355447,0.066655,0.246054,0.054466,0.030046,0.247332
NC_040774.1,NC_040774.1__N__50,N,50,1950,bacteria,0.9996533393859863,0.355447,0.066655,0.246054,0.054466,0.030046,0.247332
NC_040774.1,NC_040774.1__M__1,M,1,1999,eukarya,0.9994966983795166,0.245827,0.055981,0.443315,0.046651,0.029867,0.178359
NC_040774.1,NC_040774.1__N__1,N,1,1999,eukarya,0.9994966983795166,0.245827,0.055981,0.443315,0.046651,0.029867,0.178359
NC_040795.1,NC_040795.1__none__0,none,0,2000,virus,0.9972466230392456,0.031032,0.231785,0.296827,0.034540,0.030510,0.375306
NC_040795.1,NC_040795.1__M__500,M,500,1500,phage,0.9985685348510742,0.135657,0.503769,0.082607,0.055245,0.035164,0.187558
NC_040795.1,NC_040795.1__N__500,N,500,1500,phage,0.9985685348510742,0.135657,0.503769,0.082607,0.055245,0.035164,0.187558
NC_040795.1,NC_040795.1__M__450,M,450,1550,phage,0.9992263317108154,0.224960,0.330807,0.095337,0.062897,0.044886,0.241112
NC_040795.1,NC_040795.1__N__450,N,450,1550,phage,0.9992263317108154,0.224960,0.330807,0.095337,0.062897,0.044886,0.241112
NC_040795.1,NC_040795.1__M__400,M,400,1600,virus,0.9994662404060364,0.223432,0.201464,0.078047,0.065259,0.047033,0.384766
NC_040795.1,NC_040795.1__N__400,N,400,1600,virus,0.9994662404060364,0.223432,0.201464,0.078047,0.065259,0.047033,0.384766
NC_040795.1,NC_040795.1__M__350,M,350,1650,virus,0.999250590801239,0.096641,0.136853,0.051578,0.045433,0.036193,0.633302
NC_040795.1,NC_040795.1__N__350,N,350,1650,virus,0.999250590801239,0.096641,0.136853,0.051578,0.045433,0.036193,0.633302
NC_040795.1,NC_040795.1__M__300,M,300,1700,virus,0.9991773962974548,0.108376,0.135700,0.058091,0.048602,0.031847,0.617384
NC_040795.1,NC_040795.1__N__300,N,300,1700,virus,0.9991773962974548,0.108376,0.135700,0.058091,0.048602,0.031847,0.617384
NC_040795.1,NC_040795.1__M__250,M,250,1750,virus,0.9989736080169678,0.046179,0.089157,0.053028,0.032249,0.028076,0.751311
NC_040795.1,NC_040795.1__N__250,N,250,1750,virus,0.9989736080169678,0.046179,0.089157,0.053028,0.032249,0.028076,0.751311
NC_040795.1,NC_040795.1__M__200,M,200,1800,virus,0.9988760352134705,0.056121,0.104374,0.057730,0.036874,0.028375,0.716526
NC_040795.1,NC_040795.1__N__200,N,200,1800,virus,0.9988760352134705,0.056121,0.104374,0.057730,0.036874,0.028375,0.716526
NC_040795.1,NC_040795.1__M__150,M,150,1850,virus,0.999039351940155,0.058092,0.195179,0.082330,0.046128,0.035686,0.582585
NC_040795.1,NC_040795.1__N__150,N,150,1850,virus,0.999039351940155,0.058092,0.195179,0.082330,0.046128,0.035686,0.582585
NC_040795.1,NC_040795.1__M__100,M,100,1900,virus,0.9979496598243713,0.041448,0.192920,0.086493,0.039228,0.033965,0.605946
NC_040795.1,NC_040795.1__N__100,N,100,1900,virus,0.9979496598243713,0.041448,0.192920,0.086493,0.039228,0.033965,0.605946
NC_040795.1,NC_040795.1__M__50,M,50,1950,virus,0.9970257878303528,0.029241,0.234034,0.207451,0.034197,0.030163,0.464914
NC_040795.1,NC_040795.1__N__50,N,50,1950,virus,0.9970257878303528,0.029241,0.234034,0.207451,0.034197,0.030163,0.464914
NC_040795.1,NC_040795.1__M__1,M,1,1999,virus,0.9972570538520813,0.030989,0.232386,0.297189,0.034558,0.030476,0.374402
NC_040795.1,NC_040795.1__N__1,N,1,1999,virus,0.9972570538520813,0.030989,0.232386,0.297189,0.034558,0.030476,0.374402
NC_040813.1,NC_040813.1__none__0,none,0,2000,virus,0.9999021291732788,0.012679,0.025136,0.015971,0.015763,0.016383,0.914067
NC_040813.1,NC_040813.1__M__500,M,500,1500,virus,0.9999159574508667,0.098335,0.024418,0.031260,0.027224,0.023987,0.794777
NC_040813.1,NC_040813.1__N__500,N,500,1500,virus,0.9999159574508667,0.098335,0.024418,0.031260,0.027224,0.023987,0.794777
NC_040813.1,NC_040813.1__M__450,M,450,1550,virus,0.9999356269836426,0.158985,0.032618,0.038000,0.040077,0.028677,0.701642
NC_040813.1,NC_040813.1__N__450,N,450,1550,virus,0.9999356269836426,0.158985,0.032618,0.038000,0.040077,0.028677,0.701642
NC_040813.1,NC_040813.1__M__400,M,400,1600,virus,0.9999282360076904,0.130027,0.024760,0.036361,0.034102,0.026188,0.748562
NC_040813.1,NC_040813.1__N__400,N,400,1600,virus,0.9999282360076904,0.130027,0.024760,0.036361,0.034102,0.026188,0.748562
NC_040813.1,NC_040813.1__M__350,M,350,1650,virus,0.9999573230743408,0.130494,0.021266,0.033348,0.032640,0.028209,0.754043
NC_040813.1,NC_040813.1__N__350,N,350,1650,virus,0.9999573230743408,0.130494,0.021266,0.033348,0.032640,0.028209,0.754043
NC_040813.1,NC_040813.1__M__300,M,300,1700,virus,0.9999512434005737,0.097243,0.019137,0.029231,0.026170,0.025840,0.802379
NC_040813.1,NC_040813.1__N__300,N,300,1700,virus,0.9999512434005737,0.097243,0.019137,0.029231,0.026170,0.025840,0.802379
NC_040813.1,NC_040813.1__M__250,M,250,1750,virus,0.9999319314956665,0.084551,0.020832,0.028326,0.025859,0.023817,0.816616
NC_040813.1,NC_040813.1__N__250,N,250,1750,virus,0.9999319314956665,0.084551,0.020832,0.028326,0.025859,0.023817,0.816616
NC_040813.1,NC_040813.1__M__200,M,200,1800,virus,0.9999352693557739,0.043263,0.016850,0.022197,0.020230,0.018452,0.879007
NC_040813.1,NC_040813.1__N__200,N,200,1800,virus,0.9999352693557739,0.043263,0.016850,0.022197,0.020230,0.018452,0.879007
NC_040813.1,NC_040813.1__M__150,M,150,1850,virus,0.9998874664306641,0.030939,0.020651,0.020664,0.019438,0.019361,0.888948
NC_040813.1,NC_040813.1__N__150,N,150,1850,virus,0.9998874664306641,0.030939,0.020651,0.020664,0.019438,0.019361,0.888948
NC_040813.1,NC_040813.1__M__100,M,100,1900,virus,0.9998388290405273,0.021713,0.021119,0.018902,0.018014,0.017493,0.902758
NC_040813.1,NC_040813.1__N__100,N,100,1900,virus,0.9998388290405273,0.021713,0.021119,0.018902,0.018014,0.017493,0.902758
NC_040813.1,NC_040813.1__M__50,M,50,1950,virus,0.9999158382415771,0.014563,0.031975,0.016645,0.016542,0.017726,0.902549
NC_040813.1,NC_040813.1__N__50,N,50,1950,virus,0.9999158382415771,0.014563,0.031975,0.016645,0.016542,0.017726,0.902549
NC_040813.1,NC_040813.1__M__1,M,1,1999,virus,0.9999022483825684,0.012695,0.024835,0.015865,0.015761,0.016252,0.914591
NC_040813.1,NC_040813.1__N__1,N,1,1999,virus,0.9999022483825684,0.012695,0.024835,0.015865,0.015761,0.016252,0.914591
NC_040835.1,NC_040835.1__none__0,none,0,2000,virus,0.9972643852233887,0.021916,0.054879,0.074551,0.022452,0.019740,0.806462
NC_040835.1,NC_040835.1__M__500,M,500,1500,virus,0.9980039000511169,0.113294,0.039889,0.040035,0.027498,0.022112,0.757171
NC_040835.1,NC_040835.1__N__500,N,500,1500,virus,0.9980039000511169,0.113294,0.039889,0.040035,0.027498,0.022112,0.757171
NC_040835.1,NC_040835.1__M__450,M,450,1550,virus,0.9987059831619263,0.154628,0.048977,0.046783,0.034722,0.031563,0.683326
NC_040835.1,NC_040835.1__N__450,N,450,1550,virus,0.9987059831619263,0.154628,0.048977,0.046783,0.034722,0.031563,0.683326
NC_040835.1,NC_040835.1__M__400,M,400,1600,virus,0.9981864094734192,0.084863,0.034080,0.032471,0.027917,0.018538,0.802131
NC_040835.1,NC_040835.1__N__400,N,400,1600,virus,0.9981864094734192,0.084863,0.034080,0.032471,0.027917,0.018538,0.802131
NC_040835.1,NC_040835.1__M__350,M,350,1650,virus,0.9978345036506653,0.019666,0.020523,0.020464,0.015814,0.012768,0.910765
NC_040835.1,NC_040835.1__N__350,N,350,1650,virus,0.9978345036506653,0.019666,0.020523,0.020464,0.015814,0.012768,0.910765
NC_040835.1,NC_040835.1__M__300,M,300,1700,virus,0.9971858859062195,0.024278,0.017772,0.021448,0.016727,0.013318,0.906458
NC_040835.1,NC_040835.1__N__300,N,300,1700,virus,0.9971858859062195,0.024278,0.017772,0.021448,0.016727,0.013318,0.906458
NC_040835.1,NC_040835.1__M__250,M,250,1750,virus,0.9976790547370911,0.044115,0.022428,0.027253,0.020296,0.018563,0.867344
NC_040835.1,NC_040835.1__N__250,N,250,1750,virus,0.9976790547370911,0.044115,0.022428,0.027253,0.020296,0.018563,0.867344
NC_040835.1,NC_040835.1__M__200,M,200,1800,virus,0.9969375133514404,0.023370,0.019316,0.025556,0.017155,0.013951,0.900652
NC_040835.1,NC_040835.1__N__200,N,200,1800,virus,0.9969375133514404,0.023370,0.019316,0.025556,0.017155,0.013951,0.900652
NC_040835.1,NC_040835.1__M__150,M,150,1850,virus,0.9975757002830505,0.025596,0.022089,0.027348,0.018907,0.015422,0.890637
NC_040835.1,NC_040835.1__N__150,N,150,1850,virus,0.9975757002830505,0.025596,0.022089,0.027348,0.018907,0.015422,0.890637
NC_040835.1,NC_040835.1__M__100,M,100,1900,virus,0.9964236617088318,0.019389,0.022450,0.030049,0.017718,0.014373,0.896020
NC_040835.1,NC_040835.1__N__100,N,100,1900,virus,0.9964236617088318,0.019389,0.022450,0.030049,0.017718,0.014373,0.896020
NC_040835.1,NC_040835.1__M__50,M,50,1950,virus,0.9969395399093628,0.022258,0.069978,0.066395,0.023650,0.021369,0.796350
NC_040835.1,NC_040835.1__N__50,N,50,1950,virus,0.9969395399093628,0.022258,0.069978,0.066395,0.023650,0.021369,0.796350
NC_040835.1,NC_040835.1__M__1,M,1,1999,virus,0.9972744584083557,0.021920,0.055115,0.074583,0.022515,0.019790,0.806077
NC_040835.1,NC_040835.1__N__1,N,1,1999,virus,0.9972744584083557,0.021920,0.055115,0.074583,0.022515,0.019790,0.806077
NC_039476.1,NC_039476.1__none__0,none,0,2000,virus,0.999505877494812,0.022303,0.029715,0.038546,0.076515,0.019497,0.813424
NC_039476.1,NC_039476.1__M__500,M,500,1500,virus,0.9998310804367065,0.031126,0.022172,0.032909,0.028980,0.011743,0.873070
NC_039476.1,NC_039476.1__N__500,N,500,1500,virus,0.9998310804367065,0.031126,0.022172,0.032909,0.028980,0.011743,0.873070
NC_039476.1,NC_039476.1__M__450,M,450,1550,virus,0.9998629093170166,0.036892,0.026370,0.041200,0.047699,0.013022,0.834817
NC_039476.1,NC_039476.1__N__450,N,450,1550,virus,0.9998629093170166,0.036892,0.026370,0.041200,0.047699,0.013022,0.834817
NC_039476.1,NC_039476.1__M__400,M,400,1600,virus,0.9998878240585327,0.046679,0.029300,0.048785,0.052834,0.013338,0.809065
NC_039476.1,NC_039476.1__N__400,N,400,1600,virus,0.9998878240585327,0.046679,0.029300,0.048785,0.052834,0.013338,0.809065
NC_039476.1,NC_039476.1__M__350,M,350,1650,virus,0.9998846054077148,0.040586,0.028081,0.040058,0.037668,0.011747,0.841860
NC_039476.1,NC_039476.1__N__350,N,350,1650,virus,0.9998846054077148,0.040586,0.028081,0.040058,0.037668,0.011747,0.841860
NC_039476.1,NC_039476.1__M__300,M,300,1700,virus,0.9998124241828918,0.030951,0.024150,0.034420,0.024706,0.011783,0.873990
NC_039476.1,NC_039476.1__N__300,N,300,1700,virus,0.9998124241828918,0.030951,0.024150,0.034420,0.024706,0.011783,0.873990
NC_039476.1,NC_039476.1__M__250,M,250,1750,virus,0.9997184872627258,0.031436,0.026572,0.035390,0.031274,0.012316,0.863011
NC_039476.1,NC_039476.1__N__250,N,250,1750,virus,0.9997184872627258,0.031436,0.026572,0.035390,0.031274,0.012316,0.863011
NC_039476.1,NC_039476.1__M__200,M,200,1800,virus,0.9998672008514404,0.028172,0.023379,0.029892,0.022144,0.012525,0.883888
NC_039476.1,NC_039476.1__N__200,N,200,1800,virus,0.9998672008514404,0.028172,0.023379,0.029892,0.022144,0.012525,0.883888
NC_039476.1,NC_039476.1__M__150,M,150,1850,virus,0.9997944235801697,0.022436,0.021873,0.027501,0.023458,0.014410,0.890321
NC_039476.1,NC_039476.1__N__150,N,150,1850,virus,0.9997944235801697,0.022436,0.021873,0.027501,0.023458,0.014410,0.890321
NC_039476.1,NC_039476.1__M__100,M,100,1900,virus,0.9997370839118958,0.023788,0.027605,0.035928,0.050355,0.017899,0.844424
NC_039476.1,NC_039476.1__N__100,N,100,1900,virus,0.9997370839118958,0.023788,0.027605,0.035928,0.050355,0.017899,0.844424
NC_039476.1,NC_039476.1__M__50,M,50,1950,virus,0.9992111921310425,0.023454,0.032061,0.044793,0.100455,0.020468,0.778769
NC_039476.1,NC_039476.1__N__50,N,50,1950,virus,0.9992111921310425,0.023454,0.032061,0.044793,0.100455,0.020468,0.778769
NC_039476.1,NC_039476.1__M__1,M,1,1999,virus,0.9995007514953613,0.022271,0.029689,0.038612,0.076611,0.019395,0.813422
NC_039476.1,NC_039476.1__N__1,N,1,1999,virus,0.9995007514953613,0.022271,0.029689,0.038612,0.076611,0.019395,0.813422
NC_039199.1,NC_039199.1__none__0,none,0,2000,virus,0.9989585876464844,0.020536,0.017871,0.024996,0.034130,0.013819,0.888647
NC_039199.1,NC_039199.1__M__500,M,500,1500,virus,0.9985455274581909,0.285331,0.043458,0.039923,0.044074,0.029404,0.557810
NC_039199.1,NC_039199.1__N__500,N,500,1500,virus,0.9985455274581909,0.285331,0.043458,0.039923,0.044074,0.029404,0.557810
NC_039199.1,NC_039199.1__M__450,M,450,1550,bacteria,0.9991384744644165,0.438357,0.050207,0.038579,0.046165,0.039130,0.387561
NC_039199.1,NC_039199.1__N__450,N,450,1550,bacteria,0.9991384744644165,0.438357,0.050207,0.038579,0.046165,0.039130,0.387561
NC_039199.1,NC_039199.1__M__400,M,400,1600,virus,0.9989261031150818,0.214340,0.041179,0.039078,0.039456,0.025985,0.639962
NC_039199.1,NC_039199.1__N__400,N,400,1600,virus,0.9989261031150818,0.214340,0.041179,0.039078,0.039456,0.025985,0.639962
NC_039199.1,NC_039199.1__M__350,M,350,1650,virus,0.9990492463111877,0.247479,0.035417,0.049881,0.036463,0.020252,0.610508
NC_039199.1,NC_039199.1__N__350,N,350,1650,virus,0.9990492463111877,0.247479,0.035417,0.049881,0.036463,0.020252,0.610508
NC_039199.1,NC_039199.1__M__300,M,300,1700,virus,0.9988551139831543,0.113412,0.028476,0.038876,0.028190,0.018710,0.772336
NC_039199.1,NC_039199.1__N__300,N,300,1700,virus,0.9988551139831543,0.113412,0.028476,0.038876,0.028190,0.018710,0.772336
NC_039199.1,NC_039199.1__M__250,M,250,1750,virus,0.9993979930877686,0.165426,0.040635,0.061019,0.042500,0.022799,0.667621
NC_039199.1,NC_039199.1__N__250,N,250,1750,virus,0.9993979930877686,0.165426,0.040635,0.061019,0.042500,0.022799,0.667621
NC_039199.1,NC_039199.1__M__200,M,200,1800,virus,0.9993841648101807,0.052043,0.026866,0.049728,0.034776,0.015386,0.821201
NC_039199.1,NC_039199.1__N__200,N,200,1800,virus,0.9993841648101807,0.052043,0.026866,0.049728,0.034776,0.015386,0.821201
NC_039199.1,NC_039199.1__M__150,M,150,1850,virus,0.9990805387496948,0.046367,0.028959,0.047452,0.068816,0.014266,0.794140
NC_039199.1,NC_039199.1__N__150,N,150,1850,virus,0.9990805387496948,0.046367,0.028959,0.047452,0.068816,0.014266,0.794140
NC_039199.1,NC_039199.1__M__100,M,100,1900,virus,0.9986634254455566,0.037090,0.032166,0.047680,0.097772,0.016700,0.768592
NC_039199.1,NC_039199.1__N__100,N,100,1900,virus,0.9986634254455566,0.037090,0.032166,0.047680,0.097772,0.016700,0.768592
NC_039199.1,NC_039199.1__M__50,M,50,1950,virus,0.9983096122741699,0.026996,0.024420,0.035907,0.073300,0.016401,0.822976
NC_039199.1,NC_039199.1__N__50,N,50,1950,virus,0.9983096122741699,0.026996,0.024420,0.035907,0.073300,0.016401,0.822976
NC_039199.1,NC_039199.1__M__1,M,1,1999,virus,0.9989594221115112,0.020567,0.017862,0.024894,0.034194,0.013805,0.888677
NC_039199.1,NC_039199.1__N__1,N,1,1999,virus,0.9989594221115112,0.020567,0.017862,0.024894,0.034194,0.013805,0.888677
NC_038272.1,NC_038272.1__none__0,none,0,2000,virus,0.9982024431228638,0.018087,0.171886,0.059220,0.042772,0.021996,0.686038
NC_038272.1,NC_038272.1__M__500,M,500,1500,virus,0.9979606866836548,0.033638,0.054595,0.029573,0.025573,0.016494,0.840127
NC_038272.1,NC_038272.1__N__500,N,500,1500,virus,0.9979606866836548,0.033638,0.054595,0.029573,0.025573,0.016494,0.840127
NC_038272.1,NC_038272.1__M__450,M,450,1550,virus,0.9991757273674011,0.028119,0.048739,0.026610,0.022971,0.014721,0.858840
NC_038272.1,NC_038272.1__N__450,N,450,1550,virus,0.9991757273674011,0.028119,0.048739,0.026610,0.022971,0.014721,0.858840
NC_038272.1,NC_038272.1__M__400,M,400,1600,virus,0.9989136457443237,0.019736,0.035403,0.019853,0.016067,0.011188,0.897754
NC_038272.1,NC_038272.1__N__400,N,400,1600,virus,0.9989136457443237,0.019736,0.035403,0.019853,0.016067,0.011188,0.897754
NC_038272.1,NC_038272.1__M__350,M,350,1650,virus,0.9986740350723267,0.024734,0.045214,0.023787,0.019504,0.013042,0.873720
NC_038272.1,NC_038272.1__N__350,N,350,1650,virus,0.9986740350723267,0.024734,0.045214,0.023787,0.019504,0.013042,0.873720
NC_038272.1,NC_038272.1__M__300,M,300,1700,virus,0.9982636570930481,0.021841,0.037649,0.026335,0.017869,0.012009,0.884297
NC_038272.1,NC_038272.1__N__300,N,300,1700,virus,0.9982636570930481,0.021841,0.037649,0.026335,0.017869,0.012009,0.884297
NC_038272.1,NC_038272.1__M__250,M,250,1750,virus,0.998293936252594,0.023103,0.032035,0.033769,0.020234,0.011798,0.879062
NC_038272.1,NC_038272.1__N__250,N,250,1750,virus,0.998293936252594,0.023103,0.032035,0.033769,0.020234,0.011798,0.879062
NC_038272.1,NC_038272.1__M__200,M,200,1800,virus,0.9989883303642273,0.022602,0.025330,0.027518,0.016941,0.010722,0.896888
NC_038272.1,NC_038272.1__N__200,N,200,1800,virus,0.9989883303642273,0.022602,0.025330,0.027518,0.016941,0.010722,0.896888
NC_038272.1,NC_038272.1__M__150,M,150,1850,virus,0.9988458156585693,0.020548,0.048160,0.031324,0.024196,0.014000,0.861772
NC_038272.1,NC_038272.1__N__150,N,150,1850,virus,0.9988458156585693,0.020548,0.048160,0.031324,0.024196,0.014000,0.861772
NC_038272.1,NC_038272.1__M__100,M,100,1900,virus,0.9983916878700256,0.017805,0.057818,0.034480,0.023862,0.016244,0.849791
NC_038272.1,NC_038272.1__N__100,N,100,1900,virus,0.9983916878700256,0.017805,0.057818,0.034480,0.023862,0.016244,0.849791
NC_038272.1,NC_038272.1__M__50,M,50,1950,virus,0.9977920055389404,0.017312,0.128367,0.043164,0.039585,0.021116,0.750457
NC_038272.1,NC_038272.1__N__50,N,50,1950,virus,0.9977920055389404,0.017312,0.128367,0.043164,0.039585,0.021116,0.750457
NC_038272.1,NC_038272.1__M__1,M,1,1999,virus,0.9982048273086548,0.018124,0.171121,0.059811,0.042553,0.022015,0.686376
NC_038272.1,NC_038272.1__N__1,N,1,1999,virus,0.9982048273086548,0.018124,0.171121,0.059811,0.042553,0.022015,0.686376
NC_038287.1,NC_038287.1__none__0,none,0,2000,eukarya,0.9996492862701416,0.029020,0.052662,0.497080,0.029345,0.036115,0.355778
NC_038287.1,NC_038287.1__M__500,M,500,1500,bacteria,0.9998213648796082,0.421734,0.045769,0.084421,0.039804,0.019111,0.389160
NC_038287.1,NC_038287.1__N__500,N,500,1500,bacteria,0.9998213648796082,0.421734,0.045769,0.084421,0.039804,0.019111,0.389160
NC_038287.1,NC_038287.1__M__450,M,450,1550,virus,0.9998880624771118,0.302080,0.051479,0.084917,0.042944,0.020693,0.497887
NC_038287.1,NC_038287.1__N__450,N,450,1550,virus,0.9998880624771118,0.302080,0.051479,0.084917,0.042944,0.020693,0.497887
NC_038287.1,NC_038287.1__M__400,M,400,1600,virus,0.9998842477798462,0.243361,0.063241,0.105151,0.047958,0.019511,0.520777
NC_038287.1,NC_038287.1__N__400,N,400,1600,virus,0.9998842477798462,0.243361,0.063241,0.105151,0.047958,0.019511,0.520777
NC_038287.1,NC_038287.1__M__350,M,350,1650,virus,0.9998791217803955,0.288013,0.072785,0.115535,0.055302,0.019931,0.448433
NC_038287.1,NC_038287.1__N__350,N,350,1650,virus,0.9998791217803955,0.288013,0.072785,0.115535,0.055302,0.019931,0.448433
NC_038287.1,NC_038287.1__M__300,M,300,1700,virus,0.9998937845230103,0.343595,0.073423,0.118817,0.056611,0.020643,0.386911
NC_038287.1,NC_038287.1__N__300,N,300,1700,virus,0.9998937845230103,0.343595,0.073423,0.118817,0.056611,0.020643,0.386911
NC_038287.1,NC_038287.1__M__250,M,250,1750,virus,0.999882698059082,0.191180,0.051890,0.103240,0.042745,0.017682,0.593263
NC_038287.1,NC_038287.1__N__250,N,250,1750,virus,0.999882698059082,0.191180,0.051890,0.103240,0.042745,0.017682,0.593263
NC_038287.1,NC_038287.1__M__200,M,200,1800,virus,0.9998718500137329,0.089773,0.041659,0.076987,0.032178,0.013963,0.745439
NC_038287.1,NC_038287.1__N__200,N,200,1800,virus,0.9998718500137329,0.089773,0.041659,0.076987,0.032178,0.013963,0.745439
NC_038287.1,NC_038287.1__M__150,M,150,1850,virus,0.9998258948326111,0.146267,0.115820,0.201917,0.054156,0.023707,0.458132
NC_038287.1,NC_038287.1__N__150,N,150,1850,virus,0.9998258948326111,0.146267,0.115820,0.201917,0.054156,0.023707,0.458132
NC_038287.1,NC_038287.1__M__100,M,100,1900,virus,0.9997710585594177,0.068976,0.084031,0.133123,0.039182,0.024491,0.650197
NC_038287.1,NC_038287.1__N__100,N,100,1900,virus,0.9997710585594177,0.068976,0.084031,0.133123,0.039182,0.024491,0.650197
NC_038287.1,NC_038287.1__M__50,M,50,1950,virus,0.9996787309646606,0.034312,0.064426,0.297435,0.029352,0.029056,0.545420
NC_038287.1,NC_038287.1__N__50,N,50,1950,virus,0.9996787309646606,0.034312,0.064426,0.297435,0.029352,0.029056,0.545420
NC_038287.1,NC_038287.1__M__1,M,1,1999,eukarya,0.9996507167816162,0.028915,0.052607,0.500944,0.029348,0.036256,0.351929
NC_038287.1,NC_038287.1__N__1,N,1,1999,eukarya,0.9996507167816162,0.028915,0.052607,0.500944,0.029348,0.036256,0.351929
NC_038311.1,NC_038311.1__none__0,none,0,2000,virus,0.9819855690002441,0.013957,0.027306,0.016530,0.013809,0.011918,0.916479
NC_038311.1,NC_038311.1__M__500,M,500,1500,virus,0.981788158416748,0.037192,0.020535,0.022462,0.018851,0.009559,0.891400
NC_038311.1,NC_038311.1__N__500,N,500,1500,virus,0.981788158416748,0.037192,0.020535,0.022462,0.018851,0.009559,0.891400
NC_038311.1,NC_038311.1__M__450,M,450,1550,virus,0.9829913377761841,0.036008,0.020250,0.021091,0.017783,0.008802,0.896066
NC_038311.1,NC_038311.1__N__450,N,450,1550,virus,0.9829913377761841,0.036008,0.020250,0.021091,0.017783,0.008802,0.896066
NC_038311.1,NC_038311.1__M__400,M,400,1600,virus,0.9869957566261292,0.032031,0.020371,0.020428,0.016759,0.008097,0.902314
NC_038311.1,NC_038311.1__N__400,N,400,1600,virus,0.9869957566261292,0.032031,0.020371,0.020428,0.016759,0.008097,0.902314
NC_038311.1,NC_038311.1__M__350,M,350,1650,virus,0.9911234378814697,0.036269,0.017933,0.020564,0.017471,0.008297,0.899466
NC_038311.1,NC_038311.1__N__350,N,350,1650,virus,0.9911234378814697,0.036269,0.017933,0.020564,0.017471,0.008297,0.899466
NC_038311.1,NC_038311.1__M__300,M,300,1700,virus,0.9906781911849976,0.024808,0.014509,0.016255,0.014115,0.008153,0.922161
NC_038311.1,NC_038311.1__N__300,N,300,1700,virus,0.9906781911849976,0.024808,0.014509,0.016255,0.014115,0.008153,0.922161
NC_038311.1,NC_038311.1__M__250,M,250,1750,virus,0.9916001558303833,0.017296,0.013526,0.013656,0.011372,0.008188,0.935962
NC_038311.1,NC_038311.1__N__250,N,250,1750,virus,0.9916001558303833,0.017296,0.013526,0.013656,0.011372,0.008188,0.935962
NC_038311.1,NC_038311.1__M__200,M,200,1800,virus,0.9927048087120056,0.015474,0.013864,0.013807,0.011644,0.008729,0.936482
NC_038311.1,NC_038311.1__N__200,N,200,1800,virus,0.9927048087120056,0.015474,0.013864,0.013807,0.011644,0.008729,0.936482
NC_038311.1,NC_038311.1__M__150,M,150,1850,virus,0.9896983504295349,0.017107,0.015834,0.016124,0.013901,0.009344,0.927690
NC_038311.1,NC_038311.1__N__150,N,150,1850,virus,0.9896983504295349,0.017107,0.015834,0.016124,0.013901,0.009344,0.927690
NC_038311.1,NC_038311.1__M__100,M,100,1900,virus,0.9858412742614746,0.018479,0.019938,0.019348,0.017606,0.010776,0.913854
NC_038311.1,NC_038311.1__N__100,N,100,1900,virus,0.9858412742614746,0.018479,0.019938,0.019348,0.017606,0.010776,0.913854
NC_038311.1,NC_038311.1__M__50,M,50,1950,virus,0.9854995012283325,0.014745,0.030724,0.016958,0.015670,0.011937,0.909966
NC_038311.1,NC_038311.1__N__50,N,50,1950,virus,0.9854995012283325,0.014745,0.030724,0.016958,0.015670,0.011937,0.909966
NC_038311.1,NC_038311.1__M__1,M,1,1999,virus,0.981756329536438,0.013948,0.027639,0.016604,0.013853,0.011919,0.916036
NC_038311.1,NC_038311.1__N__1,N,1,1999,virus,0.981756329536438,0.013948,0.027639,0.016604,0.013853,0.011919,0.916036
NC_038317.1,NC_038317.1__none__0,none,0,2000,virus,0.9983105659484863,0.012970,0.012876,0.010446,0.013468,0.011727,0.938514
NC_038317.1,NC_038317.1__M__500,M,500,1500,virus,0.9784476161003113,0.018732,0.015229,0.015997,0.014189,0.011531,0.924321
NC_038317.1,NC_038317.1__N__500,N,500,1500,virus,0.9784476161003113,0.018732,0.015229,0.015997,0.014189,0.011531,0.924321
NC_038317.1,NC_038317.1__M__450,M,450,1550,virus,0.989501416683197,0.017881,0.015311,0.015044,0.014518,0.012064,0.925183
NC_038317.1,NC_038317.1__N__450,N,450,1550,virus,0.989501416683197,0.017881,0.015311,0.015044,0.014518,0.012064,0.925183
NC_038317.1,NC_038317.1__M__400,M,400,1600,virus,0.9951815009117126,0.020843,0.016507,0.018988,0.016091,0.011104,0.916468
NC_038317.1,NC_038317.1__N__400,N,400,1600,virus,0.9951815009117126,0.020843,0.016507,0.018988,0.016091,0.011104,0.916468
NC_038317.1,NC_038317.1__M__350,M,350,1650,virus,0.9959592223167419,0.020986,0.015122,0.016853,0.015063,0.010298,0.921677
NC_038317.1,NC_038317.1__N__350,N,350,1650,virus,0.9959592223167419,0.020986,0.015122,0.016853,0.015063,0.010298,0.921677
NC_038317.1,NC_038317.1__M__300,M,300,1700,virus,0.9949902892112732,0.022316,0.013350,0.015542,0.015926,0.010145,0.922720
NC_038317.1,NC_038317.1__N__300,N,300,1700,virus,0.9949902892112732,0.022316,0.013350,0.015542,0.015926,0.010145,0.922720
NC_038317.1,NC_038317.1__M__250,M,250,1750,virus,0.9949656128883362,0.017368,0.013548,0.013402,0.015338,0.012202,0.928142
NC_038317.1,NC_038317.1__N__250,N,250,1750,virus,0.9949656128883362,0.017368,0.013548,0.013402,0.015338,0.012202,0.928142
NC_038317.1,NC_038317.1__M__200,M,200,1800,virus,0.9960218071937561,0.017832,0.015220,0.013301,0.016062,0.013272,0.924313
NC_038317.1,NC_038317.1__N__200,N,200,1800,virus,0.9960218071937561,0.017832,0.015220,0.013301,0.016062,0.013272,0.924313
NC_038317.1,NC_038317.1__M__150,M,150,1850,virus,0.9967145919799805,0.016399,0.014355,0.012735,0.015377,0.013401,0.927732
NC_038317.1,NC_038317.1__N__150,N,150,1850,virus,0.9967145919799805,0.016399,0.014355,0.012735,0.015377,0.013401,0.927732
NC_038317.1,NC_038317.1__M__100,M,100,1900,virus,0.9932754039764404,0.014525,0.012944,0.011624,0.014199,0.012483,0.934225
NC_038317.1,NC_038317.1__N__100,N,100,1900,virus,0.9932754039764404,0.014525,0.012944,0.011624,0.014199,0.012483,0.934225
NC_038317.1,NC_038317.1__M__50,M,50,1950,virus,0.9984816908836365,0.013786,0.013436,0.011259,0.014142,0.012086,0.935292
NC_038317.1,NC_038317.1__N__50,N,50,1950,virus,0.9984816908836365,0.013786,0.013436,0.011259,0.014142,0.012086,0.935292
NC_038317.1,NC_038317.1__M__1,M,1,1999,virus,0.9982833862304688,0.012947,0.012986,0.010521,0.013396,0.011804,0.938346
NC_038317.1,NC_038317.1__N__1,N,1,1999,virus,0.9982833862304688,0.012947,0.012986,0.010521,0.013396,0.011804,0.938346
NC_038435.1,NC_038435.1__none__0,none,0,2000,virus,0.9988771080970764,0.016507,0.021428,0.033453,0.016805,0.014222,0.897585
NC_038435.1,NC_038435.1__M__500,M,500,1500,virus,0.9992303848266602,0.277052,0.044998,0.075706,0.050001,0.016782,0.535461
NC_038435.1,NC_038435.1__N__500,N,500,1500,virus,0.9992303848266602,0.277052,0.044998,0.075706,0.050001,0.016782,0.535461
NC_038435.1,NC_038435.1__M__450,M,450,1550,virus,0.9992951154708862,0.095741,0.030705,0.061082,0.030420,0.010590,0.771462
NC_038435.1,NC_038435.1__N__450,N,450,1550,virus,0.9992951154708862,0.095741,0.030705,0.061082,0.030420,0.010590,0.771462
NC_038435.1,NC_038435.1__M__400,M,400,1600,virus,0.9990854263305664,0.110362,0.025574,0.054751,0.029816,0.009725,0.769773
NC_038435.1,NC_038435.1__N__400,N,400,1600,virus,0.9990854263305664,0.110362,0.025574,0.054751,0.029816,0.009725,0.769773
NC_038435.1,NC_038435.1__M__350,M,350,1650,virus,0.9990416169166565,0.087801,0.022964,0.040839,0.026515,0.009696,0.812185
NC_038435.1,NC_038435.1__N__350,N,350,1650,virus,0.9990416169166565,0.087801,0.022964,0.040839,0.026515,0.009696,0.812185
NC_038435.1,NC_038435.1__M__300,M,300,1700,virus,0.9988295435905457,0.059461,0.020293,0.027899,0.022837,0.008714,0.860796
NC_038435.1,NC_038435.1__N__300,N,300,1700,virus,0.9988295435905457,0.059461,0.020293,0.027899,0.022837,0.008714,0.860796
NC_038435.1,NC_038435.1__M__250,M,250,1750,virus,0.9989626407623291,0.061295,0.022418,0.031069,0.024881,0.008665,0.851672
NC_038435.1,NC_038435.1__N__250,N,250,1750,virus,0.9989626407623291,0.061295,0.022418,0.031069,0.024881,0.008665,0.851672
NC_038435.1,NC_038435.1__M__200,M,200,1800,virus,0.9985995888710022,0.036714,0.017581,0.022849,0.018287,0.009033,0.895536
NC_038435.1,NC_038435.1__N__200,N,200,1800,virus,0.9985995888710022,0.036714,0.017581,0.022849,0.018287,0.009033,0.895536
NC_038435.1,NC_038435.1__M__150,M,150,1850,virus,0.9983212351799011,0.032903,0.020688,0.029186,0.019716,0.009614,0.887893
NC_038435.1,NC_038435.1__N__150,N,150,1850,virus,0.9983212351799011,0.032903,0.020688,0.029186,0.019716,0.009614,0.887893
NC_038435.1,NC_038435.1__M__100,M,100,1900,virus,0.9973914623260498,0.021404,0.016929,0.018927,0.015535,0.009389,0.917817
NC_038435.1,NC_038435.1__N__100,N,100,1900,virus,0.9973914623260498,0.021404,0.016929,0.018927,0.015535,0.009389,0.917817
NC_038435.1,NC_038435.1__M__50,M,50,1950,virus,0.9988584518432617,0.012656,0.016743,0.017359,0.013512,0.011171,0.928559
NC_038435.1,NC_038435.1__N__50,N,50,1950,virus,0.9988584518432617,0.012656,0.016743,0.017359,0.013512,0.011171,0.928559
NC_038435.1,NC_038435.1__M__1,M,1,1999,virus,0.9988638162612915,0.016580,0.021500,0.033456,0.016854,0.014264,0.897346
NC_038435.1,NC_038435.1__N__1,N,1,1999,virus,0.9988638162612915,0.016580,0.021500,0.033456,0.016854,0.014264,0.897346
NC_038697.1,NC_038697.1__none__0,none,0,2000,virus,0.9999959468841553,0.012817,0.013987,0.013877,0.010628,0.013329,0.935362
NC_038697.1,NC_038697.1__M__500,M,500,1500,virus,0.9999958276748657,0.065504,0.034421,0.031950,0.033770,0.015669,0.818686
NC_038697.1,NC_038697.1__N__500,N,500,1500,virus,0.9999958276748657,0.065504,0.034421,0.031950,0.033770,0.015669,0.818686
NC_038697.1,NC_038697.1__M__450,M,450,1550,virus,0.999996542930603,0.059976,0.034583,0.031290,0.030687,0.016183,0.827281
NC_038697.1,NC_038697.1__N__450,N,450,1550,virus,0.999996542930603,0.059976,0.034583,0.031290,0.030687,0.016183,0.827281
NC_038697.1,NC_038697.1__M__400,M,400,1600,virus,0.9999971389770508,0.047989,0.026079,0.030090,0.024164,0.013064,0.858614
NC_038697.1,NC_038697.1__N__400,N,400,1600,virus,0.9999971389770508,0.047989,0.026079,0.030090,0.024164,0.013064,0.858614
NC_038697.1,NC_038697.1__M__350,M,350,1650,virus,0.9999977350234985,0.038837,0.023430,0.028166,0.022272,0.012908,0.874386
NC_038697.1,NC_038697.1__N__350,N,350,1650,virus,0.9999977350234985,0.038837,0.023430,0.028166,0.022272,0.012908,0.874386
NC_038697.1,NC_038697.1__M__300,M,300,1700,virus,0.9999977350234985,0.035655,0.026526,0.025469,0.022895,0.013422,0.876033
NC_038697.1,NC_038697.1__N__300,N,300,1700,virus,0.9999977350234985,0.035655,0.026526,0.025469,0.022895,0.013422,0.876033
NC_038697.1,NC_038697.1__M__250,M,250,1750,virus,0.9999972581863403,0.027747,0.022234,0.022198,0.019019,0.012556,0.896246
NC_038697.1,NC_038697.1__N__250,N,250,1750,virus,0.9999972581863403,0.027747,0.022234,0.022198,0.019019,0.012556,0.896246
NC_038697.1,NC_038697.1__M__200,M,200,1800,virus,0.9999973773956299,0.029964,0.026977,0.022562,0.023279,0.014474,0.882745
NC_038697.1,NC_038697.1__N__200,N,200,1800,virus,0.9999973773956299,0.029964,0.026977,0.022562,0.023279,0.014474,0.882745
NC_038697.1,NC_038697.1__M__150,M,150,1850,virus,0.9999958276748657,0.022065,0.020988,0.018529,0.017276,0.014457,0.906685
NC_038697.1,NC_038697.1__N__150,N,150,1850,virus,0.9999958276748657,0.022065,0.020988,0.018529,0.017276,0.014457,0.906685
NC_038697.1,NC_038697.1__M__100,M,100,1900,virus,0.9999948740005493,0.017320,0.015851,0.016112,0.012705,0.013398,0.924615
NC_038697.1,NC_038697.1__N__100,N,100,1900,virus,0.9999948740005493,0.017320,0.015851,0.016112,0.012705,0.013398,0.924615
NC_038697.1,NC_038697.1__M__50,M,50,1950,virus,0.9999948740005493,0.013509,0.014522,0.014053,0.011380,0.013720,0.932818
NC_038697.1,NC_038697.1__N__50,N,50,1950,virus,0.9999948740005493,0.013509,0.014522,0.014053,0.011380,0.013720,0.932818
NC_038697.1,NC_038697.1__M__1,M,1,1999,virus,0.9999959468841553,0.012810,0.013955,0.013852,0.010661,0.013342,0.935380
NC_038697.1,NC_038697.1__N__1,N,1,1999,virus,0.9999959468841553,0.012810,0.013955,0.013852,0.010661,0.013342,0.935380
NC_038717.1,NC_038717.1__none__0,none,0,2000,virus,0.9998946189880371,0.031584,0.090904,0.021598,0.038317,0.028989,0.788609
NC_038717.1,NC_038717.1__M__500,M,500,1500,bacteria,0.9998928308486938,0.457172,0.088491,0.024649,0.204373,0.042919,0.182397
NC_038717.1,NC_038717.1__N__500,N,500,1500,bacteria,0.9998928308486938,0.457172,0.088491,0.024649,0.204373,0.042919,0.182397
NC_038717.1,NC_038717.1__M__450,M,450,1550,archaea,0.9999097585678101,0.312025,0.084894,0.025967,0.322147,0.041069,0.213898
NC_038717.1,NC_038717.1__N__450,N,450,1550,archaea,0.9999097585678101,0.312025,0.084894,0.025967,0.322147,0.041069,0.213898
NC_038717.1,NC_038717.1__M__400,M,400,1600,bacteria,0.9999353885650635,0.401990,0.095096,0.026919,0.152836,0.045925,0.277233
NC_038717.1,NC_038717.1__N__400,N,400,1600,bacteria,0.9999353885650635,0.401990,0.095096,0.026919,0.152836,0.045925,0.277233
NC_038717.1,NC_038717.1__M__350,M,350,1650,virus,0.9999152421951294,0.370921,0.065297,0.023627,0.081020,0.032179,0.426955
NC_038717.1,NC_038717.1__N__350,N,350,1650,virus,0.9999152421951294,0.370921,0.065297,0.023627,0.081020,0.032179,0.426955
NC_038717.1,NC_038717.1__M__300,M,300,1700,virus,0.9998843669891357,0.247425,0.084877,0.023872,0.071449,0.039861,0.532516
NC_038717.1,NC_038717.1__N__300,N,300,1700,virus,0.9998843669891357,0.247425,0.084877,0.023872,0.071449,0.039861,0.532516
NC_038717.1,NC_038717.1__M__250,M,250,1750,virus,0.9998929500579834,0.325140,0.101386,0.027158,0.091718,0.047008,0.407590
NC_038717.1,NC_038717.1__N__250,N,250,1750,virus,0.9998929500579834,0.325140,0.101386,0.027158,0.091718,0.047008,0.407590
NC_038717.1,NC_038717.1__M__200,M,200,1800,virus,0.9999302625656128,0.119773,0.052453,0.022845,0.078192,0.033023,0.693714
NC_038717.1,NC_038717.1__N__200,N,200,1800,virus,0.9999302625656128,0.119773,0.052453,0.022845,0.078192,0.033023,0.693714
NC_038717.1,NC_038717.1__M__150,M,150,1850,virus,0.999914288520813,0.143389,0.158392,0.028351,0.141617,0.048546,0.479705
NC_038717.1,NC_038717.1__N__150,N,150,1850,virus,0.999914288520813,0.143389,0.158392,0.028351,0.141617,0.048546,0.479705
NC_038717.1,NC_038717.1__M__100,M,100,1900,virus,0.9998351335525513,0.116496,0.232234,0.024725,0.105192,0.049180,0.472173
NC_038717.1,NC_038717.1__N__100,N,100,1900,virus,0.9998351335525513,0.116496,0.232234,0.024725,0.105192,0.049180,0.472173
NC_038717.1,NC_038717.1__M__50,M,50,1950,virus,0.9998466968536377,0.046424,0.239342,0.025994,0.069468,0.039256,0.579516
NC_038717.1,NC_038717.1__N__50,N,50,1950,virus,0.9998466968536377,0.046424,0.239342,0.025994,0.069468,0.039256,0.579516
NC_038717.1,NC_038717.1__M__1,M,1,1999,virus,0.9998970031738281,0.031549,0.090632,0.021577,0.038140,0.028892,0.789211
NC_038717.1,NC_038717.1__N__1,N,1,1999,virus,0.9998970031738281,0.031549,0.090632,0.021577,0.038140,0.028892,0.789211
NC_038747.1,NC_038747.1__none__0,none,0,2000,virus,0.9999765157699585,0.045933,0.060429,0.075625,0.082216,0.054275,0.681521
NC_038747.1,NC_038747.1__M__500,M,500,1500,virus,0.9998067021369934,0.174282,0.081184,0.058444,0.061967,0.048390,0.575732
NC_038747.1,NC_038747.1__N__500,N,500,1500,virus,0.9998067021369934,0.174282,0.081184,0.058444,0.061967,0.048390,0.575732
NC_038747.1,NC_038747.1__M__450,M,450,1550,virus,0.999922513961792,0.181603,0.076598,0.056729,0.062493,0.048171,0.574406
NC_038747.1,NC_038747.1__N__450,N,450,1550,virus,0.999922513961792,0.181603,0.076598,0.056729,0.062493,0.048171,0.574406
NC_038747.1,NC_038747.1__M__400,M,400,1600,virus,0.9999350309371948,0.151568,0.077586,0.065731,0.062217,0.054790,0.588108
NC_038747.1,NC_038747.1__N__400,N,400,1600,virus,0.9999350309371948,0.151568,0.077586,0.065731,0.062217,0.054790,0.588108
NC_038747.1,NC_038747.1__M__350,M,350,1650,virus,0.9999308586120605,0.242369,0.108910,0.090008,0.091538,0.073808,0.393368
NC_038747.1,NC_038747.1__N__350,N,350,1650,virus,0.9999308586120605,0.242369,0.108910,0.090008,0.091538,0.073808,0.393368
NC_038747.1,NC_038747.1__M__300,M,300,1700,virus,0.9999316930770874,0.218909,0.102011,0.089976,0.085921,0.079299,0.423884
NC_038747.1,NC_038747.1__N__300,N,300,1700,virus,0.9999316930770874,0.218909,0.102011,0.089976,0.085921,0.079299,0.423884
NC_038747.1,NC_038747.1__M__250,M,250,1750,virus,0.999907374382019,0.185194,0.102474,0.096151,0.090227,0.067163,0.458791
NC_038747.1,NC_038747.1__N__250,N,250,1750,virus,0.999907374382019,0.185194,0.102474,0.096151,0.090227,0.067163,0.458791
NC_038747.1,NC_038747.1__M__200,M,200,1800,virus,0.9999228715896606,0.098844,0.075053,0.111073,0.082390,0.057249,0.575391
NC_038747.1,NC_038747.1__N__200,N,200,1800,virus,0.9999228715896606,0.098844,0.075053,0.111073,0.082390,0.057249,0.575391
NC_038747.1,NC_038747.1__M__150,M,150,1850,virus,0.9999234676361084,0.106470,0.084080,0.136408,0.112343,0.075997,0.484702
NC_038747.1,NC_038747.1__N__150,N,150,1850,virus,0.9999234676361084,0.106470,0.084080,0.136408,0.112343,0.075997,0.484702
NC_038747.1,NC_038747.1__M__100,M,100,1900,virus,0.9999029636383057,0.110380,0.095273,0.150928,0.126957,0.082177,0.434285
NC_038747.1,NC_038747.1__N__100,N,100,1900,virus,0.9999029636383057,0.110380,0.095273,0.150928,0.126957,0.082177,0.434285
NC_038747.1,NC_038747.1__M__50,M,50,1950,virus,0.9999469518661499,0.068303,0.080602,0.113477,0.129946,0.072808,0.534865
NC_038747.1,NC_038747.1__N__50,N,50,1950,virus,0.9999469518661499,0.068303,0.080602,0.113477,0.129946,0.072808,0.534865
NC_038747.1,NC_038747.1__M__1,M,1,1999,virus,0.9999773502349854,0.046061,0.060162,0.076468,0.082442,0.054728,0.680139
NC_038747.1,NC_038747.1__N__1,N,1,1999,virus,0.9999773502349854,0.046061,0.060162,0.076468,0.082442,0.054728,0.680139
NC_038769.1,NC_038769.1__none__0,none,0,2000,archaea,0.9999431371688843,0.036461,0.044434,0.038622,0.511338,0.025330,0.343815
NC_038769.1,NC_038769.1__M__500,M,500,1500,virus,0.9998711347579956,0.119606,0.041812,0.037025,0.046586,0.016577,0.738394
NC_038769.1,NC_038769.1__N__500,N,500,1500,virus,0.9998711347579956,0.119606,0.041812,0.037025,0.046586,0.016577,0.738394
NC_038769.1,NC_038769.1__M__450,M,450,1550,virus,0.9998772144317627,0.143274,0.058385,0.040068,0.051431,0.018238,0.688603
NC_038769.1,NC_038769.1__N__450,N,450,1550,virus,0.9998772144317627,0.143274,0.058385,0.040068,0.051431,0.018238,0.688603
NC_038769.1,NC_038769.1__M__400,M,400,1600,virus,0.9999306201934814,0.074129,0.035158,0.029260,0.035466,0.014564,0.811423
NC_038769.1,NC_038769.1__N__400,N,400,1600,virus,0.9999306201934814,0.074129,0.035158,0.029260,0.035466,0.014564,0.811423
NC_038769.1,NC_038769.1__M__350,M,350,1650,virus,0.9999361038208008,0.150336,0.040765,0.038595,0.053099,0.015865,0.701340
NC_038769.1,NC_038769.1__N__350,N,350,1650,virus,0.9999361038208008,0.150336,0.040765,0.038595,0.053099,0.015865,0.701340
NC_038769.1,NC_038769.1__M__300,M,300,1700,virus,0.9999369382858276,0.084559,0.029876,0.035832,0.045668,0.012307,0.791758
NC_038769.1,NC_038769.1__N__300,N,300,1700,virus,0.9999369382858276,0.084559,0.029876,0.035832,0.045668,0.012307,0.791758
NC_038769.1,NC_038769.1__M__250,M,250,1750,virus,0.999968409538269,0.070682,0.026727,0.033227,0.043398,0.012400,0.813567
NC_038769.1,NC_038769.1__N__250,N,250,1750,virus,0.999968409538269,0.070682,0.026727,0.033227,0.043398,0.012400,0.813567
NC_038769.1,NC_038769.1__M__200,M,200,1800,virus,0.9999783039093018,0.093825,0.042485,0.042218,0.077914,0.017637,0.725921
NC_038769.1,NC_038769.1__N__200,N,200,1800,virus,0.9999783039093018,0.093825,0.042485,0.042218,0.077914,0.017637,0.725921
NC_038769.1,NC_038769.1__M__150,M,150,1850,virus,0.9999730587005615,0.087903,0.056732,0.052785,0.201378,0.025274,0.575928
NC_038769.1,NC_038769.1__N__150,N,150,1850,virus,0.9999730587005615,0.087903,0.056732,0.052785,0.201378,0.025274,0.575928
NC_038769.1,NC_038769.1__M__100,M,100,1900,virus,0.9999688863754272,0.088203,0.064212,0.059714,0.214595,0.028945,0.544332
NC_038769.1,NC_038769.1__N__100,N,100,1900,virus,0.9999688863754272,0.088203,0.064212,0.059714,0.214595,0.028945,0.544332
NC_038769.1,NC_038769.1__M__50,M,50,1950,archaea,0.9999451637268066,0.031587,0.040674,0.038666,0.547110,0.024151,0.317811
NC_038769.1,NC_038769.1__N__50,N,50,1950,archaea,0.9999451637268066,0.031587,0.040674,0.038666,0.547110,0.024151,0.317811
NC_038769.1,NC_038769.1__M__1,M,1,1999,archaea,0.9999433755874634,0.036448,0.044491,0.038605,0.511421,0.025259,0.343776
NC_038769.1,NC_038769.1__N__1,N,1,1999,archaea,0.9999433755874634,0.036448,0.044491,0.038605,0.511421,0.025259,0.343776
NC_038782.1,NC_038782.1__none__0,none,0,2000,eukarya,0.9894695281982422,0.020908,0.043104,0.808969,0.023424,0.018853,0.084743
NC_038782.1,NC_038782.1__M__500,M,500,1500,virus,0.9992794394493103,0.153153,0.079971,0.216294,0.043955,0.020585,0.486042
NC_038782.1,NC_038782.1__N__500,N,500,1500,virus,0.9992794394493103,0.153153,0.079971,0.216294,0.043955,0.020585,0.486042
NC_038782.1,NC_038782.1__M__450,M,450,1550,virus,0.9991662502288818,0.135709,0.103074,0.256459,0.042790,0.022922,0.439046
NC_038782.1,NC_038782.1__N__450,N,450,1550,virus,0.9991662502288818,0.135709,0.103074,0.256459,0.042790,0.022922,0.439046
NC_038782.1,NC_038782.1__M__400,M,400,1600,eukarya,0.9989758729934692,0.139436,0.090038,0.433315,0.046527,0.024358,0.266326
NC_038782.1,NC_038782.1__N__400,N,400,1600,eukarya,0.9989758729934692,0.139436,0.090038,0.433315,0.046527,0.024358,0.266326
NC_038782.1,NC_038782.1__M__350,M,350,1650,eukarya,0.999242901802063,0.146966,0.080508,0.486626,0.045162,0.022493,0.218245
NC_038782.1,NC_038782.1__N__350,N,350,1650,eukarya,0.999242901802063,0.146966,0.080508,0.486626,0.045162,0.022493,0.218245
NC_038782.1,NC_038782.1__M__300,M,300,1700,eukarya,0.9991347193717957,0.162010,0.093613,0.434837,0.052289,0.024001,0.233250
NC_038782.1,NC_038782.1__N__300,N,300,1700,eukarya,0.9991347193717957,0.162010,0.093613,0.434837,0.052289,0.024001,0.233250
NC_038782.1,NC_038782.1__M__250,M,250,1750,eukarya,0.9987370371818542,0.158469,0.090221,0.436056,0.050096,0.022019,0.243139
NC_038782.1,NC_038782.1__N__250,N,250,1750,eukarya,0.9987370371818542,0.158469,0.090221,0.436056,0.050096,0.022019,0.243139
NC_038782.1,NC_038782.1__M__200,M,200,1800,eukarya,0.9980542659759521,0.243193,0.151024,0.287692,0.064730,0.030907,0.222455
NC_038782.1,NC_038782.1__N__200,N,200,1800,eukarya,0.9980542659759521,0.243193,0.151024,0.287692,0.064730,0.030907,0.222455
NC_038782.1,NC_038782.1__M__150,M,150,1850,eukarya,0.9979178309440613,0.226213,0.134961,0.352060,0.070541,0.032091,0.184134
NC_038782.1,NC_038782.1__N__150,N,150,1850,eukarya,0.9979178309440613,0.226213,0.134961,0.352060,0.070541,0.032091,0.184134
NC_038782.1,NC_038782.1__M__100,M,100,1900,eukarya,0.996323823928833,0.202661,0.187810,0.318783,0.080817,0.042700,0.167230
NC_038782.1,NC_038782.1__N__100,N,100,1900,eukarya,0.996323823928833,0.202661,0.187810,0.318783,0.080817,0.042700,0.167230
NC_038782.1,NC_038782.1__M__50,M,50,1950,eukarya,0.9917203187942505,0.025076,0.058679,0.805692,0.027475,0.018000,0.065078
NC_038782.1,NC_038782.1__N__50,N,50,1950,eukarya,0.9917203187942505,0.025076,0.058679,0.805692,0.027475,0.018000,0.065078
NC_038782.1,NC_038782.1__M__1,M,1,1999,eukarya,0.9893772602081299,0.021091,0.043159,0.808322,0.023549,0.018934,0.084945
NC_038782.1,NC_038782.1__N__1,N,1,1999,eukarya,0.9893772602081299,0.021091,0.043159,0.808322,0.023549,0.018934,0.084945
NC_038874.1,NC_038874.1__none__0,none,0,2000,virus,0.9995489716529846,0.011170,0.037922,0.031261,0.016616,0.019956,0.883075
NC_038874.1,NC_038874.1__M__500,M,500,1500,virus,0.9994950294494629,0.014819,0.023228,0.019804,0.016624,0.015882,0.909642
NC_038874.1,NC_038874.1__N__500,N,500,1500,virus,0.9994950294494629,0.014819,0.023228,0.019804,0.016624,0.015882,0.909642
NC_038874.1,NC_038874.1__M__450,M,450,1550,virus,0.9997559189796448,0.018498,0.027644,0.022030,0.020200,0.014096,0.897531
NC_038874.1,NC_038874.1__N__450,N,450,1550,virus,0.9997559189796448,0.018498,0.027644,0.022030,0.020200,0.014096,0.897531
NC_038874.1,NC_038874.1__M__400,M,400,1600,virus,0.9997890591621399,0.014767,0.020955,0.020899,0.015551,0.015291,0.912538
NC_038874.1,NC_038874.1__N__400,N,400,1600,virus,0.9997890591621399,0.014767,0.020955,0.020899,0.015551,0.015291,0.912538
NC_038874.1,NC_038874.1__M__350,M,350,1650,virus,0.9998319149017334,0.022123,0.025099,0.026702,0.021131,0.013050,0.891894
NC_038874.1,NC_038874.1__N__350,N,350,1650,virus,0.9998319149017334,0.022123,0.025099,0.026702,0.021131,0.013050,0.891894
NC_038874.1,NC_038874.1__M__300,M,300,1700,virus,0.9999004602432251,0.019484,0.020460,0.019476,0.018873,0.012246,0.909461
NC_038874.1,NC_038874.1__N__300,N,300,1700,virus,0.9999004602432251,0.019484,0.020460,0.019476,0.018873,0.012246,0.909461
NC_038874.1,NC_038874.1__M__250,M,250,1750,virus,0.999818742275238,0.020799,0.030395,0.028908,0.022776,0.013576,0.883546
NC_038874.1,NC_038874.1__N__250,N,250,1750,virus,0.999818742275238,0.020799,0.030395,0.028908,0.022776,0.013576,0.883546
NC_038874.1,NC_038874.1__M__200,M,200,1800,virus,0.9998406171798706,0.017930,0.022902,0.019156,0.018667,0.012608,0.908736
NC_038874.1,NC_038874.1__N__200,N,200,1800,virus,0.9998406171798706,0.017930,0.022902,0.019156,0.018667,0.012608,0.908736
NC_038874.1,NC_038874.1__M__150,M,150,1850,virus,0.9997445940971375,0.016570,0.021333,0.019445,0.017886,0.013411,0.911355
NC_038874.1,NC_038874.1__N__150,N,150,1850,virus,0.9997445940971375,0.016570,0.021333,0.019445,0.017886,0.013411,0.911355
NC_038874.1,NC_038874.1__M__100,M,100,1900,virus,0.9997333884239197,0.015049,0.026140,0.022370,0.018878,0.015815,0.901748
NC_038874.1,NC_038874.1__N__100,N,100,1900,virus,0.9997333884239197,0.015049,0.026140,0.022370,0.018878,0.015815,0.901748
NC_038874.1,NC_038874.1__M__50,M,50,1950,virus,0.9994992017745972,0.015943,0.068114,0.049278,0.025220,0.023226,0.818219
NC_038874.1,NC_038874.1__N__50,N,50,1950,virus,0.9994992017745972,0.015943,0.068114,0.049278,0.025220,0.023226,0.818219
NC_038874.1,NC_038874.1__M__1,M,1,1999,virus,0.9995469450950623,0.011183,0.038060,0.031335,0.016622,0.019977,0.882823
NC_038874.1,NC_038874.1__N__1,N,1,1999,virus,0.9995469450950623,0.011183,0.038060,0.031335,0.016622,0.019977,0.882823
NC_038882.1,NC_038882.1__none__0,none,0,2000,virus,0.869136393070221,0.010189,0.010706,0.013706,0.012086,0.007775,0.945539
NC_038882.1,NC_038882.1__M__500,M,500,1500,virus,0.8996485471725464,0.057998,0.017809,0.028225,0.023488,0.014321,0.858159
NC_038882.1,NC_038882.1__N__500,N,500,1500,virus,0.8996485471725464,0.057998,0.017809,0.028225,0.023488,0.014321,0.858159
NC_038882.1,NC_038882.1__M__450,M,450,1550,virus,0.9531782269477844,0.184667,0.026750,0.050594,0.038241,0.021781,0.677967
NC_038882.1,NC_038882.1__N__450,N,450,1550,virus,0.9531782269477844,0.184667,0.026750,0.050594,0.038241,0.021781,0.677967
NC_038882.1,NC_038882.1__M__400,M,400,1600,virus,0.9580758810043335,0.116089,0.021928,0.036227,0.028349,0.020162,0.777244
NC_038882.1,NC_038882.1__N__400,N,400,1600,virus,0.9580758810043335,0.116089,0.021928,0.036227,0.028349,0.020162,0.777244
NC_038882.1,NC_038882.1__M__350,M,350,1650,virus,0.9747698307037354,0.074439,0.016910,0.028339,0.021603,0.016009,0.842699
NC_038882.1,NC_038882.1__N__350,N,350,1650,virus,0.9747698307037354,0.074439,0.016910,0.028339,0.021603,0.016009,0.842699
NC_038882.1,NC_038882.1__M__300,M,300,1700,virus,0.9583593010902405,0.076550,0.019388,0.030706,0.024638,0.017081,0.831637
NC_038882.1,NC_038882.1__N__300,N,300,1700,virus,0.9583593010902405,0.076550,0.019388,0.030706,0.024638,0.017081,0.831637
NC_038882.1,NC_038882.1__M__250,M,250,1750,virus,0.961467981338501,0.176481,0.025456,0.038658,0.032153,0.023903,0.703349
NC_038882.1,NC_038882.1__N__250,N,250,1750,virus,0.961467981338501,0.176481,0.025456,0.038658,0.032153,0.023903,0.703349
NC_038882.1,NC_038882.1__M__200,M,200,1800,virus,0.9554368257522583,0.062266,0.019015,0.027244,0.020245,0.019094,0.852136
NC_038882.1,NC_038882.1__N__200,N,200,1800,virus,0.9554368257522583,0.062266,0.019015,0.027244,0.020245,0.019094,0.852136
NC_038882.1,NC_038882.1__M__150,M,150,1850,virus,0.9351260662078857,0.042024,0.017513,0.027894,0.019778,0.016561,0.876230
NC_038882.1,NC_038882.1__N__150,N,150,1850,virus,0.9351260662078857,0.042024,0.017513,0.027894,0.019778,0.016561,0.876230
NC_038882.1,NC_038882.1__M__100,M,100,1900,virus,0.8122334480285645,0.026486,0.017231,0.026398,0.018393,0.015514,0.895978
NC_038882.1,NC_038882.1__N__100,N,100,1900,virus,0.8122334480285645,0.026486,0.017231,0.026398,0.018393,0.015514,0.895978
NC_038882.1,NC_038882.1__M__50,M,50,1950,virus,0.8374123573303223,0.011848,0.012153,0.016950,0.013171,0.008700,0.937177
NC_038882.1,NC_038882.1__N__50,N,50,1950,virus,0.8374123573303223,0.011848,0.012153,0.016950,0.013171,0.008700,0.937177
NC_038882.1,NC_038882.1__M__1,M,1,1999,virus,0.868850588798523,0.010142,0.010644,0.013635,0.012075,0.007688,0.945816
NC_038882.1,NC_038882.1__N__1,N,1,1999,virus,0.868850588798523,0.010142,0.010644,0.013635,0.012075,0.007688,0.945816
NC_038940.1,NC_038940.1__none__0,none,0,2000,virus,0.9603478908538818,0.012348,0.016494,0.012403,0.013553,0.013766,0.931437
NC_038940.1,NC_038940.1__M__500,M,500,1500,virus,0.9884907007217407,0.012005,0.016292,0.011902,0.012861,0.013551,0.933390
NC_038940.1,NC_038940.1__N__500,N,500,1500,virus,0.9884907007217407,0.012005,0.016292,0.011902,0.012861,0.013551,0.933390
NC_038940.1,NC_038940.1__M__450,M,450,1550,virus,0.9924536347389221,0.012460,0.016630,0.011149,0.013112,0.014279,0.932371
NC_038940.1,NC_038940.1__N__450,N,450,1550,virus,0.9924536347389221,0.012460,0.016630,0.011149,0.013112,0.014279,0.932371
NC_038940.1,NC_038940.1__M__400,M,400,1600,virus,0.9883105754852295,0.011271,0.014731,0.012498,0.012243,0.012703,0.936554
NC_038940.1,NC_038940.1__N__400,N,400,1600,virus,0.9883105754852295,0.011271,0.014731,0.012498,0.012243,0.012703,0.936554
NC_038940.1,NC_038940.1__M__350,M,350,1650,virus,0.9909237027168274,0.011846,0.015127,0.011532,0.012453,0.012656,0.936386
NC_038940.1,NC_038940.1__N__350,N,350,1650,virus,0.9909237027168274,0.011846,0.015127,0.011532,0.012453,0.012656,0.936386
NC_038940.1,NC_038940.1__M__300,M,300,1700,virus,0.9905675053596497,0.012403,0.015924,0.011707,0.012968,0.013641,0.933357
NC_038940.1,NC_038940.1__N__300,N,300,1700,virus,0.9905675053596497,0.012403,0.015924,0.011707,0.012968,0.013641,0.933357
NC_038940.1,NC_038940.1__M__250,M,250,1750,virus,0.9935805797576904,0.011798,0.015144,0.012046,0.012436,0.012687,0.935890
NC_038940.1,NC_038940.1__N__250,N,250,1750,virus,0.9935805797576904,0.011798,0.015144,0.012046,0.012436,0.012687,0.935890
NC_038940.1,NC_038940.1__M__200,M,200,1800,virus,0.990517795085907,0.011663,0.015791,0.012773,0.012613,0.013225,0.933935
NC_038940.1,NC_038940.1__N__200,N,200,1800,virus,0.990517795085907,0.011663,0.015791,0.012773,0.012613,0.013225,0.933935
NC_038940.1,NC_038940.1__M__150,M,150,1850,virus,0.9859390258789062,0.011584,0.016810,0.014716,0.013387,0.013863,0.929641
NC_038940.1,NC_038940.1__N__150,N,150,1850,virus,0.9859390258789062,0.011584,0.016810,0.014716,0.013387,0.013863,0.929641
NC_038940.1,NC_038940.1__M__100,M,100,1900,virus,0.9690458178520203,0.011405,0.017327,0.014787,0.013600,0.013921,0.928959
NC_038940.1,NC_038940.1__N__100,N,100,1900,virus,0.9690458178520203,0.011405,0.017327,0.014787,0.013600,0.013921,0.928959
NC_038940.1,NC_038940.1__M__50,M,50,1950,virus,0.9252251982688904,0.012072,0.016230,0.012439,0.013005,0.013918,0.932335
NC_038940.1,NC_038940.1__N__50,N,50,1950,virus,0.9252251982688904,0.012072,0.016230,0.012439,0.013005,0.013918,0.932335
NC_038940.1,NC_038940.1__M__1,M,1,1999,virus,0.9607420563697815,0.012312,0.016493,0.012379,0.013520,0.013764,0.931533
NC_038940.1,NC_038940.1__N__1,N,1,1999,virus,0.9607420563697815,0.012312,0.016493,0.012379,0.013520,0.013764,0.931533
NC_036469.1,NC_036469.1__none__0,none,0,2000,virus,0.9998661279678345,0.023128,0.041239,0.136627,0.028465,0.024926,0.745615
NC_036469.1,NC_036469.1__M__500,M,500,1500,virus,0.9999390840530396,0.085139,0.057631,0.161818,0.046131,0.059206,0.590075
NC_036469.1,NC_036469.1__N__500,N,500,1500,virus,0.9999390840530396,0.085139,0.057631,0.161818,0.046131,0.059206,0.590075
NC_036469.1,NC_036469.1__M__450,M,450,1550,virus,0.9999493360519409,0.066339,0.057839,0.133721,0.045316,0.055354,0.641430
NC_036469.1,NC_036469.1__N__450,N,450,1550,virus,0.9999493360519409,0.066339,0.057839,0.133721,0.045316,0.055354,0.641430
NC_036469.1,NC_036469.1__M__400,M,400,1600,virus,0.9999603033065796,0.064761,0.076736,0.130398,0.049052,0.062503,0.616550
NC_036469.1,NC_036469.1__N__400,N,400,1600,virus,0.9999603033065796,0.064761,0.076736,0.130398,0.049052,0.062503,0.616550
NC_036469.1,NC_036469.1__M__350,M,350,1650,virus,0.9999638795852661,0.051124,0.072173,0.156632,0.043943,0.052502,0.623626
NC_036469.1,NC_036469.1__N__350,N,350,1650,virus,0.9999638795852661,0.051124,0.072173,0.156632,0.043943,0.052502,0.623626
NC_036469.1,NC_036469.1__M__300,M,300,1700,virus,0.999967098236084,0.029165,0.056062,0.101190,0.032088,0.039112,0.742382
NC_036469.1,NC_036469.1__N__300,N,300,1700,virus,0.999967098236084,0.029165,0.056062,0.101190,0.032088,0.039112,0.742382
NC_036469.1,NC_036469.1__M__250,M,250,1750,virus,0.9999713897705078,0.027773,0.043375,0.097559,0.030878,0.039138,0.761276
NC_036469.1,NC_036469.1__N__250,N,250,1750,virus,0.9999713897705078,0.027773,0.043375,0.097559,0.030878,0.039138,0.761276
NC_036469.1,NC_036469.1__M__200,M,200,1800,virus,0.9999672174453735,0.042389,0.057354,0.152820,0.041157,0.056292,0.649987
NC_036469.1,NC_036469.1__N__200,N,200,1800,virus,0.9999672174453735,0.042389,0.057354,0.152820,0.041157,0.056292,0.649987
NC_036469.1,NC_036469.1__M__150,M,150,1850,virus,0.9999474287033081,0.041722,0.066636,0.232256,0.046426,0.057130,0.555830
NC_036469.1,NC_036469.1__N__150,N,150,1850,virus,0.9999474287033081,0.041722,0.066636,0.232256,0.046426,0.057130,0.555830
NC_036469.1,NC_036469.1__M__100,M,100,1900,virus,0.9999034404754639,0.033385,0.052758,0.182562,0.040483,0.046744,0.644067
NC_036469.1,NC_036469.1__N__100,N,100,1900,virus,0.9999034404754639,0.033385,0.052758,0.182562,0.040483,0.046744,0.644067
NC_036469.1,NC_036469.1__M__50,M,50,1950,virus,0.999873161315918,0.023795,0.052054,0.154685,0.030132,0.028664,0.710670
NC_036469.1,NC_036469.1__N__50,N,50,1950,virus,0.999873161315918,0.023795,0.052054,0.154685,0.030132,0.028664,0.710670
NC_036469.1,NC_036469.1__M__1,M,1,1999,virus,0.9998661279678345,0.023199,0.041600,0.138237,0.028525,0.024997,0.743441
NC_036469.1,NC_036469.1__N__1,N,1,1999,virus,0.9998661279678345,0.023199,0.041600,0.138237,0.028525,0.024997,0.743441
NC_036476.1,NC_036476.1__none__0,none,0,2000,virus,0.9999171495437622,0.014645,0.014531,0.017596,0.015094,0.014529,0.923605
NC_036476.1,NC_036476.1__M__500,M,500,1500,virus,0.9999313354492188,0.012910,0.020102,0.026863,0.016433,0.016173,0.907519
NC_036476.1,NC_036476.1__N__500,N,500,1500,virus,0.9999313354492188,0.012910,0.020102,0.026863,0.016433,0.016173,0.907519
NC_036476.1,NC_036476.1__M__450,M,450,1550,virus,0.9999221563339233,0.013126,0.018053,0.024828,0.015879,0.014799,0.913315
NC_036476.1,NC_036476.1__N__450,N,450,1550,virus,0.9999221563339233,0.013126,0.018053,0.024828,0.015879,0.014799,0.913315
NC_036476.1,NC_036476.1__M__400,M,400,1600,virus,0.9999582767486572,0.017239,0.022249,0.030654,0.020021,0.017923,0.891913
NC_036476.1,NC_036476.1__N__400,N,400,1600,virus,0.9999582767486572,0.017239,0.022249,0.030654,0.020021,0.017923,0.891913
NC_036476.1,NC_036476.1__M__350,M,350,1650,virus,0.9999580383300781,0.015141,0.021920,0.032274,0.019114,0.018949,0.892602
NC_036476.1,NC_036476.1__N__350,N,350,1650,virus,0.9999580383300781,0.015141,0.021920,0.032274,0.019114,0.018949,0.892602
NC_036476.1,NC_036476.1__M__300,M,300,1700,virus,0.999963641166687,0.013180,0.019567,0.026650,0.015451,0.015171,0.909981
NC_036476.1,NC_036476.1__N__300,N,300,1700,virus,0.999963641166687,0.013180,0.019567,0.026650,0.015451,0.015171,0.909981
NC_036476.1,NC_036476.1__M__250,M,250,1750,virus,0.9999678134918213,0.013609,0.020106,0.026591,0.016021,0.015980,0.907692
NC_036476.1,NC_036476.1__N__250,N,250,1750,virus,0.9999678134918213,0.013609,0.020106,0.026591,0.016021,0.015980,0.907692
NC_036476.1,NC_036476.1__M__200,M,200,1800,virus,0.9999637603759766,0.013654,0.019783,0.024323,0.015477,0.015752,0.911011
NC_036476.1,NC_036476.1__N__200,N,200,1800,virus,0.9999637603759766,0.013654,0.019783,0.024323,0.015477,0.015752,0.911011
NC_036476.1,NC_036476.1__M__150,M,150,1850,virus,0.9999494552612305,0.012472,0.017536,0.020175,0.014401,0.014589,0.920825
NC_036476.1,NC_036476.1__N__150,N,150,1850,virus,0.9999494552612305,0.012472,0.017536,0.020175,0.014401,0.014589,0.920825
NC_036476.1,NC_036476.1__M__100,M,100,1900,virus,0.9998890161514282,0.012220,0.015346,0.014314,0.013659,0.014143,0.930318
NC_036476.1,NC_036476.1__N__100,N,100,1900,virus,0.9998890161514282,0.012220,0.015346,0.014314,0.013659,0.014143,0.930318
NC_036476.1,NC_036476.1__M__50,M,50,1950,virus,0.9999107122421265,0.015091,0.014408,0.017312,0.015177,0.014688,0.923324
NC_036476.1,NC_036476.1__N__50,N,50,1950,virus,0.9999107122421265,0.015091,0.014408,0.017312,0.015177,0.014688,0.923324
NC_036476.1,NC_036476.1__M__1,M,1,1999,virus,0.9999178647994995,0.014616,0.014538,0.017601,0.015083,0.014557,0.923605
NC_036476.1,NC_036476.1__N__1,N,1,1999,virus,0.9999178647994995,0.014616,0.014538,0.017601,0.015083,0.014557,0.923605
NC_035183.1,NC_035183.1__none__0,none,0,2000,virus,0.9997429251670837,0.028077,0.037562,0.143826,0.023289,0.020396,0.746851
NC_035183.1,NC_035183.1__M__500,M,500,1500,bacteria,0.9998992681503296,0.498272,0.067024,0.048509,0.055113,0.023060,0.308022
NC_035183.1,NC_035183.1__N__500,N,500,1500,bacteria,0.9998992681503296,0.498272,0.067024,0.048509,0.055113,0.023060,0.308022
NC_035183.1,NC_035183.1__M__450,M,450,1550,virus,0.9999312162399292,0.382126,0.046932,0.041952,0.043517,0.023735,0.461738
NC_035183.1,NC_035183.1__N__450,N,450,1550,virus,0.9999312162399292,0.382126,0.046932,0.041952,0.043517,0.023735,0.461738
NC_035183.1,NC_035183.1__M__400,M,400,1600,bacteria,0.9999080896377563,0.449849,0.051215,0.042702,0.045113,0.024679,0.386442
NC_035183.1,NC_035183.1__N__400,N,400,1600,bacteria,0.9999080896377563,0.449849,0.051215,0.042702,0.045113,0.024679,0.386442
NC_035183.1,NC_035183.1__M__350,M,350,1650,bacteria,0.9998961687088013,0.619086,0.050756,0.037065,0.041631,0.028386,0.223076
NC_035183.1,NC_035183.1__N__350,N,350,1650,bacteria,0.9998961687088013,0.619086,0.050756,0.037065,0.041631,0.028386,0.223076
NC_035183.1,NC_035183.1__M__300,M,300,1700,virus,0.9998632669448853,0.347513,0.050110,0.053488,0.044907,0.019400,0.484583
NC_035183.1,NC_035183.1__N__300,N,300,1700,virus,0.9998632669448853,0.347513,0.050110,0.053488,0.044907,0.019400,0.484583
NC_035183.1,NC_035183.1__M__250,M,250,1750,virus,0.9997996687889099,0.332224,0.060947,0.057755,0.050386,0.022910,0.475777
NC_035183.1,NC_035183.1__N__250,N,250,1750,virus,0.9997996687889099,0.332224,0.060947,0.057755,0.050386,0.022910,0.475777
NC_035183.1,NC_035183.1__M__200,M,200,1800,bacteria,0.9998219609260559,0.424522,0.069464,0.057885,0.051681,0.030701,0.365747
NC_035183.1,NC_035183.1__N__200,N,200,1800,bacteria,0.9998219609260559,0.424522,0.069464,0.057885,0.051681,0.030701,0.365747
NC_035183.1,NC_035183.1__M__150,M,150,1850,virus,0.9998158812522888,0.320529,0.095083,0.062722,0.057019,0.032392,0.432255
NC_035183.1,NC_035183.1__N__150,N,150,1850,virus,0.9998158812522888,0.320529,0.095083,0.062722,0.057019,0.032392,0.432255
NC_035183.1,NC_035183.1__M__100,M,100,1900,virus,0.9996732473373413,0.288754,0.112962,0.072159,0.060470,0.043234,0.422421
NC_035183.1,NC_035183.1__N__100,N,100,1900,virus,0.9996732473373413,0.288754,0.112962,0.072159,0.060470,0.043234,0.422421
NC_035183.1,NC_035183.1__M__50,M,50,1950,virus,0.9996039271354675,0.043952,0.053215,0.284187,0.031387,0.025753,0.561507
NC_035183.1,NC_035183.1__N__50,N,50,1950,virus,0.9996039271354675,0.043952,0.053215,0.284187,0.031387,0.025753,0.561507
NC_035183.1,NC_035183.1__M__1,M,1,1999,virus,0.9997437596321106,0.028055,0.037320,0.144009,0.023240,0.020497,0.746880
NC_035183.1,NC_035183.1__N__1,N,1,1999,virus,0.9997437596321106,0.028055,0.037320,0.144009,0.023240,0.020497,0.746880
NC_035215.1,NC_035215.1__none__0,none,0,2000,eukarya,0.9912788271903992,0.019306,0.036521,0.818728,0.023919,0.021600,0.079926
NC_035215.1,NC_035215.1__M__500,M,500,1500,virus,0.9944139719009399,0.255323,0.060258,0.197504,0.048489,0.033014,0.405412
NC_035215.1,NC_035215.1__N__500,N,500,1500,virus,0.9944139719009399,0.255323,0.060258,0.197504,0.048489,0.033014,0.405412
NC_035215.1,NC_035215.1__M__450,M,450,1550,virus,0.9971745014190674,0.244498,0.057158,0.296254,0.048923,0.030876,0.322292
NC_035215.1,NC_035215.1__N__450,N,450,1550,virus,0.9971745014190674,0.244498,0.057158,0.296254,0.048923,0.030876,0.322292
NC_035215.1,NC_035215.1__M__400,M,400,1600,eukarya,0.9965223073959351,0.151750,0.039404,0.620561,0.033999,0.022054,0.132232
NC_035215.1,NC_035215.1__N__400,N,400,1600,eukarya,0.9965223073959351,0.151750,0.039404,0.620561,0.033999,0.022054,0.132232
NC_035215.1,NC_035215.1__M__350,M,350,1650,eukarya,0.996482253074646,0.147020,0.035837,0.673387,0.030547,0.019076,0.094134
NC_035215.1,NC_035215.1__N__350,N,350,1650,eukarya,0.996482253074646,0.147020,0.035837,0.673387,0.030547,0.019076,0.094134
NC_035215.1,NC_035215.1__M__300,M,300,1700,eukarya,0.9959660768508911,0.131922,0.031954,0.717331,0.027110,0.018415,0.073267
NC_035215.1,NC_035215.1__N__300,N,300,1700,eukarya,0.9959660768508911,0.131922,0.031954,0.717331,0.027110,0.018415,0.073267
NC_035215.1,NC_035215.1__M__250,M,250,1750,eukarya,0.9952608942985535,0.106238,0.024235,0.790179,0.021441,0.017572,0.040336
NC_035215.1,NC_035215.1__N__250,N,250,1750,eukarya,0.9952608942985535,0.106238,0.024235,0.790179,0.021441,0.017572,0.040336
NC_035215.1,NC_035215.1__M__200,M,200,1800,eukarya,0.9945093989372253,0.137840,0.030659,0.714157,0.025775,0.019658,0.071910
NC_035215.1,NC_035215.1__N__200,N,200,1800,eukarya,0.9945093989372253,0.137840,0.030659,0.714157,0.025775,0.019658,0.071910
NC_035215.1,NC_035215.1__M__150,M,150,1850,eukarya,0.9950867295265198,0.107331,0.044889,0.682884,0.035397,0.022905,0.106594
NC_035215.1,NC_035215.1__N__150,N,150,1850,eukarya,0.9950867295265198,0.107331,0.044889,0.682884,0.035397,0.022905,0.106594
NC_035215.1,NC_035215.1__M__100,M,100,1900,eukarya,0.9905409216880798,0.050273,0.037607,0.750088,0.029485,0.019889,0.112657
NC_035215.1,NC_035215.1__N__100,N,100,1900,eukarya,0.9905409216880798,0.050273,0.037607,0.750088,0.029485,0.019889,0.112657
NC_035215.1,NC_035215.1__M__50,M,50,1950,eukarya,0.9909408688545227,0.022613,0.056195,0.732270,0.027836,0.025832,0.135254
NC_035215.1,NC_035215.1__N__50,N,50,1950,eukarya,0.9909408688545227,0.022613,0.056195,0.732270,0.027836,0.025832,0.135254
NC_035215.1,NC_035215.1__M__1,M,1,1999,eukarya,0.9912549257278442,0.019348,0.036758,0.818427,0.024014,0.021577,0.079877
NC_035215.1,NC_035215.1__N__1,N,1,1999,eukarya,0.9912549257278442,0.019348,0.036758,0.818427,0.024014,0.021577,0.079877
NC_034836.1,NC_034836.1__none__0,none,0,2000,virus,0.9998582601547241,0.020668,0.045311,0.096527,0.023315,0.019868,0.794311
NC_034836.1,NC_034836.1__M__500,M,500,1500,virus,0.9999328851699829,0.056876,0.051448,0.148327,0.035863,0.017663,0.689824
NC_034836.1,NC_034836.1__N__500,N,500,1500,virus,0.9999328851699829,0.056876,0.051448,0.148327,0.035863,0.017663,0.689824
NC_034836.1,NC_034836.1__M__450,M,450,1550,virus,0.9999531507492065,0.050915,0.042741,0.091906,0.031416,0.015752,0.767269
NC_034836.1,NC_034836.1__N__450,N,450,1550,virus,0.9999531507492065,0.050915,0.042741,0.091906,0.031416,0.015752,0.767269
NC_034836.1,NC_034836.1__M__400,M,400,1600,virus,0.9999592304229736,0.039400,0.029927,0.058573,0.024874,0.014153,0.833073
NC_034836.1,NC_034836.1__N__400,N,400,1600,virus,0.9999592304229736,0.039400,0.029927,0.058573,0.024874,0.014153,0.833073
NC_034836.1,NC_034836.1__M__350,M,350,1650,virus,0.9999542236328125,0.043740,0.033512,0.059369,0.026033,0.018754,0.818592
NC_034836.1,NC_034836.1__N__350,N,350,1650,virus,0.9999542236328125,0.043740,0.033512,0.059369,0.026033,0.018754,0.818592
NC_034836.1,NC_034836.1__M__300,M,300,1700,virus,0.9999336004257202,0.112003,0.038319,0.047128,0.034866,0.020763,0.746920
NC_034836.1,NC_034836.1__N__300,N,300,1700,virus,0.9999336004257202,0.112003,0.038319,0.047128,0.034866,0.020763,0.746920
NC_034836.1,NC_034836.1__M__250,M,250,1750,virus,0.9999022483825684,0.060417,0.041487,0.055033,0.032494,0.026107,0.784464
NC_034836.1,NC_034836.1__N__250,N,250,1750,virus,0.9999022483825684,0.060417,0.041487,0.055033,0.032494,0.026107,0.784464
NC_034836.1,NC_034836.1__M__200,M,200,1800,virus,0.9998365640640259,0.035784,0.029724,0.038439,0.025564,0.018797,0.851690
NC_034836.1,NC_034836.1__N__200,N,200,1800,virus,0.9998365640640259,0.035784,0.029724,0.038439,0.025564,0.018797,0.851690
NC_034836.1,NC_034836.1__M__150,M,150,1850,virus,0.9998329877853394,0.061313,0.063491,0.127161,0.043210,0.039875,0.664949
NC_034836.1,NC_034836.1__N__150,N,150,1850,virus,0.9998329877853394,0.061313,0.063491,0.127161,0.043210,0.039875,0.664949
NC_034836.1,NC_034836.1__M__100,M,100,1900,virus,0.9997109770774841,0.063449,0.063930,0.141644,0.044831,0.041553,0.644592
NC_034836.1,NC_034836.1__N__100,N,100,1900,virus,0.9997109770774841,0.063449,0.063930,0.141644,0.044831,0.041553,0.644592
NC_034836.1,NC_034836.1__M__50,M,50,1950,virus,0.9998034834861755,0.020242,0.036773,0.071296,0.021634,0.017930,0.832125
NC_034836.1,NC_034836.1__N__50,N,50,1950,virus,0.9998034834861755,0.020242,0.036773,0.071296,0.021634,0.017930,0.832125
NC_034836.1,NC_034836.1__M__1,M,1,1999,virus,0.9998618364334106,0.020598,0.045068,0.097264,0.023293,0.019854,0.793923
NC_034836.1,NC_034836.1__N__1,N,1,1999,virus,0.9998618364334106,0.020598,0.045068,0.097264,0.023293,0.019854,0.793923
NC_034835.1,NC_034835.1__none__0,none,0,2000,virus,0.9434900879859924,0.009879,0.013152,0.010541,0.009132,0.008430,0.948867
NC_034835.1,NC_034835.1__M__500,M,500,1500,virus,0.9551917910575867,0.034265,0.017116,0.019990,0.014851,0.008205,0.905573
NC_034835.1,NC_034835.1__N__500,N,500,1500,virus,0.9551917910575867,0.034265,0.017116,0.019990,0.014851,0.008205,0.905573
NC_034835.1,NC_034835.1__M__450,M,450,1550,virus,0.9806508421897888,0.053384,0.019672,0.025727,0.018659,0.009129,0.873429
NC_034835.1,NC_034835.1__N__450,N,450,1550,virus,0.9806508421897888,0.053384,0.019672,0.025727,0.018659,0.009129,0.873429
NC_034835.1,NC_034835.1__M__400,M,400,1600,virus,0.9850159883499146,0.038812,0.017689,0.019679,0.015637,0.008875,0.899308
NC_034835.1,NC_034835.1__N__400,N,400,1600,virus,0.9850159883499146,0.038812,0.017689,0.019679,0.015637,0.008875,0.899308
NC_034835.1,NC_034835.1__M__350,M,350,1650,virus,0.9887630939483643,0.047864,0.019917,0.024223,0.017989,0.009036,0.880971
NC_034835.1,NC_034835.1__N__350,N,350,1650,virus,0.9887630939483643,0.047864,0.019917,0.024223,0.017989,0.009036,0.880971
NC_034835.1,NC_034835.1__M__300,M,300,1700,virus,0.9866940975189209,0.041516,0.019317,0.021260,0.016510,0.009169,0.892229
NC_034835.1,NC_034835.1__N__300,N,300,1700,virus,0.9866940975189209,0.041516,0.019317,0.021260,0.016510,0.009169,0.892229
NC_034835.1,NC_034835.1__M__250,M,250,1750,virus,0.9857941269874573,0.031756,0.016576,0.016044,0.013534,0.008074,0.914017
NC_034835.1,NC_034835.1__N__250,N,250,1750,virus,0.9857941269874573,0.031756,0.016576,0.016044,0.013534,0.008074,0.914017
NC_034835.1,NC_034835.1__M__200,M,200,1800,virus,0.9862724542617798,0.030744,0.016627,0.016657,0.013276,0.008571,0.914125
NC_034835.1,NC_034835.1__N__200,N,200,1800,virus,0.9862724542617798,0.030744,0.016627,0.016657,0.013276,0.008571,0.914125
NC_034835.1,NC_034835.1__M__150,M,150,1850,virus,0.9741653800010681,0.028271,0.016713,0.019295,0.014660,0.008503,0.912558
NC_034835.1,NC_034835.1__N__150,N,150,1850,virus,0.9741653800010681,0.028271,0.016713,0.019295,0.014660,0.008503,0.912558
NC_034835.1,NC_034835.1__M__100,M,100,1900,virus,0.9701475501060486,0.021170,0.017353,0.019032,0.013855,0.010749,0.917841
NC_034835.1,NC_034835.1__N__100,N,100,1900,virus,0.9701475501060486,0.021170,0.017353,0.019032,0.013855,0.010749,0.917841
NC_034835.1,NC_034835.1__M__50,M,50,1950,virus,0.9397295117378235,0.010100,0.013896,0.010314,0.009092,0.008502,0.948095
NC_034835.1,NC_034835.1__N__50,N,50,1950,virus,0.9397295117378235,0.010100,0.013896,0.010314,0.009092,0.008502,0.948095
NC_034835.1,NC_034835.1__M__1,M,1,1999,virus,0.943866491317749,0.009928,0.013119,0.010525,0.009183,0.008458,0.948786
NC_034835.1,NC_034835.1__N__1,N,1,1999,virus,0.943866491317749,0.009928,0.013119,0.010525,0.009183,0.008458,0.948786
NC_034508.1,NC_034508.1__none__0,none,0,2000,virus,0.9998898506164551,0.013339,0.040602,0.019287,0.013705,0.014424,0.898642
NC_034508.1,NC_034508.1__M__500,M,500,1500,virus,0.9996886253356934,0.076523,0.046076,0.033211,0.070998,0.019800,0.753392
NC_034508.1,NC_034508.1__N__500,N,500,1500,virus,0.9996886253356934,0.076523,0.046076,0.033211,0.070998,0.019800,0.753392
NC_034508.1,NC_034508.1__M__450,M,450,1550,virus,0.9997803568840027,0.079816,0.047735,0.032077,0.090391,0.020848,0.729134
NC_034508.1,NC_034508.1__N__450,N,450,1550,virus,0.9997803568840027,0.079816,0.047735,0.032077,0.090391,0.020848,0.729134
NC_034508.1,NC_034508.1__M__400,M,400,1600,virus,0.9997839331626892,0.050783,0.054368,0.037200,0.237386,0.024499,0.595764
NC_034508.1,NC_034508.1__N__400,N,400,1600,virus,0.9997839331626892,0.050783,0.054368,0.037200,0.237386,0.024499,0.595764
NC_034508.1,NC_034508.1__M__350,M,350,1650,virus,0.9998273253440857,0.044220,0.032899,0.028376,0.043302,0.016318,0.834885
NC_034508.1,NC_034508.1__N__350,N,350,1650,virus,0.9998273253440857,0.044220,0.032899,0.028376,0.043302,0.016318,0.834885
NC_034508.1,NC_034508.1__M__300,M,300,1700,virus,0.999921441078186,0.035334,0.031492,0.024120,0.026812,0.015885,0.866357
NC_034508.1,NC_034508.1__N__300,N,300,1700,virus,0.999921441078186,0.035334,0.031492,0.024120,0.026812,0.015885,0.866357
NC_034508.1,NC_034508.1__M__250,M,250,1750,virus,0.9999343156814575,0.049132,0.044488,0.031626,0.041679,0.020975,0.812100
NC_034508.1,NC_034508.1__N__250,N,250,1750,virus,0.9999343156814575,0.049132,0.044488,0.031626,0.041679,0.020975,0.812100
NC_034508.1,NC_034508.1__M__200,M,200,1800,virus,0.9999322891235352,0.044665,0.043609,0.033270,0.042543,0.018481,0.817432
NC_034508.1,NC_034508.1__N__200,N,200,1800,virus,0.9999322891235352,0.044665,0.043609,0.033270,0.042543,0.018481,0.817432
NC_034508.1,NC_034508.1__M__150,M,150,1850,virus,0.999930739402771,0.030318,0.042188,0.030580,0.039960,0.017746,0.839207
NC_034508.1,NC_034508.1__N__150,N,150,1850,virus,0.999930739402771,0.030318,0.042188,0.030580,0.039960,0.017746,0.839207
NC_034508.1,NC_034508.1__M__100,M,100,1900,virus,0.9998792409896851,0.032907,0.077349,0.036748,0.063234,0.024579,0.765182
NC_034508.1,NC_034508.1__N__100,N,100,1900,virus,0.9998792409896851,0.032907,0.077349,0.036748,0.063234,0.024579,0.765182
NC_034508.1,NC_034508.1__M__50,M,50,1950,virus,0.999815046787262,0.015803,0.068730,0.024578,0.020771,0.017422,0.852696
NC_034508.1,NC_034508.1__N__50,N,50,1950,virus,0.999815046787262,0.015803,0.068730,0.024578,0.020771,0.017422,0.852696
NC_034508.1,NC_034508.1__M__1,M,1,1999,virus,0.9998912811279297,0.013387,0.040676,0.019298,0.013750,0.014456,0.898433
NC_034508.1,NC_034508.1__N__1,N,1,1999,virus,0.9998912811279297,0.013387,0.040676,0.019298,0.013750,0.014456,0.898433
NC_034520.1,NC_034520.1__none__0,none,0,2000,virus,0.9995802044868469,0.008802,0.011991,0.013859,0.012364,0.013054,0.939931
NC_034520.1,NC_034520.1__M__500,M,500,1500,virus,0.9998176693916321,0.087462,0.021591,0.031735,0.022727,0.012393,0.824091
NC_034520.1,NC_034520.1__N__500,N,500,1500,virus,0.9998176693916321,0.087462,0.021591,0.031735,0.022727,0.012393,0.824091
NC_034520.1,NC_034520.1__M__450,M,450,1550,virus,0.9998924732208252,0.075027,0.019984,0.031201,0.022381,0.010585,0.840822
NC_034520.1,NC_034520.1__N__450,N,450,1550,virus,0.9998924732208252,0.075027,0.019984,0.031201,0.022381,0.010585,0.840822
NC_034520.1,NC_034520.1__M__400,M,400,1600,virus,0.9998608827590942,0.050114,0.016026,0.027138,0.018725,0.008634,0.879363
NC_034520.1,NC_034520.1__N__400,N,400,1600,virus,0.9998608827590942,0.050114,0.016026,0.027138,0.018725,0.008634,0.879363
NC_034520.1,NC_034520.1__M__350,M,350,1650,virus,0.9999351501464844,0.066509,0.019996,0.029829,0.022705,0.010021,0.850940
NC_034520.1,NC_034520.1__N__350,N,350,1650,virus,0.9999351501464844,0.066509,0.019996,0.029829,0.022705,0.010021,0.850940
NC_034520.1,NC_034520.1__M__300,M,300,1700,virus,0.999904990196228,0.058232,0.020095,0.030542,0.024885,0.010306,0.855941
NC_034520.1,NC_034520.1__N__300,N,300,1700,virus,0.999904990196228,0.058232,0.020095,0.030542,0.024885,0.010306,0.855941
NC_034520.1,NC_034520.1__M__250,M,250,1750,virus,0.9998915195465088,0.031854,0.016239,0.021744,0.018746,0.009920,0.901497
NC_034520.1,NC_034520.1__N__250,N,250,1750,virus,0.9998915195465088,0.031854,0.016239,0.021744,0.018746,0.009920,0.901497
NC_034520.1,NC_034520.1__M__200,M,200,1800,virus,0.9998685121536255,0.026739,0.018860,0.022102,0.018081,0.012544,0.901674
NC_034520.1,NC_034520.1__N__200,N,200,1800,virus,0.9998685121536255,0.026739,0.018860,0.022102,0.018081,0.012544,0.901674
NC_034520.1,NC_034520.1__M__150,M,150,1850,virus,0.9998849630355835,0.020133,0.016714,0.020130,0.017010,0.013073,0.912940
NC_034520.1,NC_034520.1__N__150,N,150,1850,virus,0.9998849630355835,0.020133,0.016714,0.020130,0.017010,0.013073,0.912940
NC_034520.1,NC_034520.1__M__100,M,100,1900,virus,0.9997897744178772,0.019461,0.017870,0.020346,0.017536,0.013897,0.910890
NC_034520.1,NC_034520.1__N__100,N,100,1900,virus,0.9997897744178772,0.019461,0.017870,0.020346,0.017536,0.013897,0.910890
NC_034520.1,NC_034520.1__M__50,M,50,1950,virus,0.9997350573539734,0.010459,0.013504,0.017885,0.013207,0.013721,0.931223
NC_034520.1,NC_034520.1__N__50,N,50,1950,virus,0.9997350573539734,0.010459,0.013504,0.017885,0.013207,0.013721,0.931223
NC_034520.1,NC_034520.1__M__1,M,1,1999,virus,0.9995799660682678,0.008814,0.012016,0.013887,0.012389,0.013095,0.939800
NC_034520.1,NC_034520.1__N__1,N,1,1999,virus,0.9995799660682678,0.008814,0.012016,0.013887,0.012389,0.013095,0.939800
NC_034391.1,NC_034391.1__none__0,none,0,2000,virus,0.9997958540916443,0.011905,0.014429,0.012280,0.014631,0.014935,0.931820
NC_034391.1,NC_034391.1__M__500,M,500,1500,virus,0.999680757522583,0.025637,0.016971,0.015660,0.013111,0.011619,0.917002
NC_034391.1,NC_034391.1__N__500,N,500,1500,virus,0.999680757522583,0.025637,0.016971,0.015660,0.013111,0.011619,0.917002
NC_034391.1,NC_034391.1__M__450,M,450,1550,virus,0.9998277425765991,0.021723,0.017403,0.017043,0.012599,0.011881,0.919351
NC_034391.1,NC_034391.1__N__450,N,450,1550,virus,0.9998277425765991,0.021723,0.017403,0.017043,0.012599,0.011881,0.919351
NC_034391.1,NC_034391.1__M__400,M,400,1600,virus,0.9998483657836914,0.021735,0.016337,0.015552,0.011712,0.010362,0.924302
NC_034391.1,NC_034391.1__N__400,N,400,1600,virus,0.9998483657836914,0.021735,0.016337,0.015552,0.011712,0.010362,0.924302
NC_034391.1,NC_034391.1__M__350,M,350,1650,virus,0.9998668432235718,0.020744,0.016371,0.015226,0.012511,0.010718,0.924430
NC_034391.1,NC_034391.1__N__350,N,350,1650,virus,0.9998668432235718,0.020744,0.016371,0.015226,0.012511,0.010718,0.924430
NC_034391.1,NC_034391.1__M__300,M,300,1700,virus,0.9998748302459717,0.018534,0.016623,0.014465,0.013469,0.012084,0.924825
NC_034391.1,NC_034391.1__N__300,N,300,1700,virus,0.9998748302459717,0.018534,0.016623,0.014465,0.013469,0.012084,0.924825
NC_034391.1,NC_034391.1__M__250,M,250,1750,virus,0.9998733997344971,0.018451,0.016657,0.015419,0.013873,0.011330,0.924270
NC_034391.1,NC_034391.1__N__250,N,250,1750,virus,0.9998733997344971,0.018451,0.016657,0.015419,0.013873,0.011330,0.924270
NC_034391.1,NC_034391.1__M__200,M,200,1800,virus,0.9998728036880493,0.015227,0.014689,0.013874,0.012764,0.011353,0.932093
NC_034391.1,NC_034391.1__N__200,N,200,1800,virus,0.9998728036880493,0.015227,0.014689,0.013874,0.012764,0.011353,0.932093
NC_034391.1,NC_034391.1__M__150,M,150,1850,virus,0.9998421669006348,0.013346,0.014049,0.013503,0.012753,0.012860,0.933489
NC_034391.1,NC_034391.1__N__150,N,150,1850,virus,0.9998421669006348,0.013346,0.014049,0.013503,0.012753,0.012860,0.933489
NC_034391.1,NC_034391.1__M__100,M,100,1900,virus,0.9996669292449951,0.011884,0.013506,0.012646,0.012913,0.012951,0.936099
NC_034391.1,NC_034391.1__N__100,N,100,1900,virus,0.9996669292449951,0.011884,0.013506,0.012646,0.012913,0.012951,0.936099
NC_034391.1,NC_034391.1__M__50,M,50,1950,virus,0.9997866749763489,0.011675,0.015704,0.012856,0.013682,0.014317,0.931766
NC_034391.1,NC_034391.1__N__50,N,50,1950,virus,0.9997866749763489,0.011675,0.015704,0.012856,0.013682,0.014317,0.931766
NC_034391.1,NC_034391.1__M__1,M,1,1999,virus,0.9997935891151428,0.011898,0.014421,0.012267,0.014554,0.015020,0.931840
NC_034391.1,NC_034391.1__N__1,N,1,1999,virus,0.9997935891151428,0.011898,0.014421,0.012267,0.014554,0.015020,0.931840
NC_033774.1,NC_033774.1__none__0,none,0,2000,virus,0.999885082244873,0.011678,0.012620,0.016105,0.012677,0.011012,0.935908
NC_033774.1,NC_033774.1__M__500,M,500,1500,virus,0.9998024106025696,0.149633,0.042914,0.029255,0.044204,0.034581,0.699413
NC_033774.1,NC_033774.1__N__500,N,500,1500,virus,0.9998024106025696,0.149633,0.042914,0.029255,0.044204,0.034581,0.699413
NC_033774.1,NC_033774.1__M__450,M,450,1550,virus,0.9999022483825684,0.276537,0.049809,0.031903,0.049679,0.049454,0.542618
NC_033774.1,NC_033774.1__N__450,N,450,1550,virus,0.9999022483825684,0.276537,0.049809,0.031903,0.049679,0.049454,0.542618
NC_033774.1,NC_033774.1__M__400,M,400,1600,virus,0.9999428987503052,0.316170,0.048114,0.032525,0.044754,0.050269,0.508167
NC_033774.1,NC_033774.1__N__400,N,400,1600,virus,0.9999428987503052,0.316170,0.048114,0.032525,0.044754,0.050269,0.508167
NC_033774.1,NC_033774.1__M__350,M,350,1650,virus,0.9999406337738037,0.099961,0.026947,0.027424,0.026491,0.025179,0.793997
NC_033774.1,NC_033774.1__N__350,N,350,1650,virus,0.9999406337738037,0.099961,0.026947,0.027424,0.026491,0.025179,0.793997
NC_033774.1,NC_033774.1__M__300,M,300,1700,virus,0.9999314546585083,0.046859,0.018980,0.022893,0.018400,0.012678,0.880190
NC_033774.1,NC_033774.1__N__300,N,300,1700,virus,0.9999314546585083,0.046859,0.018980,0.022893,0.018400,0.012678,0.880190
NC_033774.1,NC_033774.1__M__250,M,250,1750,virus,0.999927282333374,0.048953,0.022492,0.023979,0.020994,0.013643,0.869939
NC_033774.1,NC_033774.1__N__250,N,250,1750,virus,0.999927282333374,0.048953,0.022492,0.023979,0.020994,0.013643,0.869939
NC_033774.1,NC_033774.1__M__200,M,200,1800,virus,0.9999147653579712,0.048179,0.023555,0.024035,0.023512,0.016723,0.863996
NC_033774.1,NC_033774.1__N__200,N,200,1800,virus,0.9999147653579712,0.048179,0.023555,0.024035,0.023512,0.016723,0.863996
NC_033774.1,NC_033774.1__M__150,M,150,1850,virus,0.9998536109924316,0.046108,0.020595,0.023026,0.022585,0.017051,0.870636
NC_033774.1,NC_033774.1__N__150,N,150,1850,virus,0.9998536109924316,0.046108,0.020595,0.023026,0.022585,0.017051,0.870636
NC_033774.1,NC_033774.1__M__100,M,100,1900,virus,0.9997808337211609,0.029414,0.020330,0.022154,0.019606,0.018844,0.889652
NC_033774.1,NC_033774.1__N__100,N,100,1900,virus,0.9997808337211609,0.029414,0.020330,0.022154,0.019606,0.018844,0.889652
NC_033774.1,NC_033774.1__M__50,M,50,1950,virus,0.9999001026153564,0.036687,0.035642,0.026284,0.025993,0.027668,0.847726
NC_033774.1,NC_033774.1__N__50,N,50,1950,virus,0.9999001026153564,0.036687,0.035642,0.026284,0.025993,0.027668,0.847726
NC_033774.1,NC_033774.1__M__1,M,1,1999,virus,0.9998854398727417,0.011699,0.012593,0.016039,0.012691,0.011077,0.935901
NC_033774.1,NC_033774.1__N__1,N,1,1999,virus,0.9998854398727417,0.011699,0.012593,0.016039,0.012691,0.011077,0.935901
NC_033480.1,NC_033480.1__none__0,none,0,2000,phage,0.9999778270721436,0.023633,0.506415,0.096001,0.034355,0.042925,0.296670
NC_033480.1,NC_033480.1__M__500,M,500,1500,bacteria,0.9999696016311646,0.600329,0.151561,0.072890,0.073950,0.039458,0.061811
NC_033480.1,NC_033480.1__N__500,N,500,1500,bacteria,0.9999696016311646,0.600329,0.151561,0.072890,0.073950,0.039458,0.061811
NC_033480.1,NC_033480.1__M__450,M,450,1550,bacteria,0.9999632835388184,0.606521,0.136212,0.073363,0.066680,0.049073,0.068151
NC_033480.1,NC_033480.1__N__450,N,450,1550,bacteria,0.9999632835388184,0.606521,0.136212,0.073363,0.066680,0.049073,0.068151
NC_033480.1,NC_033480.1__M__400,M,400,1600,bacteria,0.9999722242355347,0.398291,0.226565,0.099279,0.080334,0.074653,0.120879
NC_033480.1,NC_033480.1__N__400,N,400,1600,bacteria,0.9999722242355347,0.398291,0.226565,0.099279,0.080334,0.074653,0.120879
NC_033480.1,NC_033480.1__M__350,M,350,1650,bacteria,0.9999721050262451,0.499390,0.159991,0.099840,0.069797,0.060539,0.110444
NC_033480.1,NC_033480.1__N__350,N,350,1650,bacteria,0.9999721050262451,0.499390,0.159991,0.099840,0.069797,0.060539,0.110444
NC_033480.1,NC_033480.1__M__300,M,300,1700,bacteria,0.9999711513519287,0.425729,0.157884,0.114518,0.086407,0.059420,0.156042
NC_033480.1,NC_033480.1__N__300,N,300,1700,bacteria,0.9999711513519287,0.425729,0.157884,0.114518,0.086407,0.059420,0.156042
NC_033480.1,NC_033480.1__M__250,M,250,1750,bacteria,0.9999769926071167,0.310608,0.195491,0.196867,0.087663,0.063302,0.146068
NC_033480.1,NC_033480.1__N__250,N,250,1750,bacteria,0.9999769926071167,0.310608,0.195491,0.196867,0.087663,0.063302,0.146068
NC_033480.1,NC_033480.1__M__200,M,200,1800,bacteria,0.9999808073043823,0.374572,0.265572,0.089582,0.098358,0.080870,0.091045
NC_033480.1,NC_033480.1__N__200,N,200,1800,bacteria,0.9999808073043823,0.374572,0.265572,0.089582,0.098358,0.080870,0.091045
NC_033480.1,NC_033480.1__M__150,M,150,1850,phage,0.9999758005142212,0.156299,0.465431,0.086096,0.085133,0.099015,0.108026
NC_033480.1,NC_033480.1__N__150,N,150,1850,phage,0.9999758005142212,0.156299,0.465431,0.086096,0.085133,0.099015,0.108026
NC_033480.1,NC_033480.1__M__100,M,100,1900,phage,0.9999662637710571,0.068691,0.616914,0.068409,0.060983,0.090704,0.094298
NC_033480.1,NC_033480.1__N__100,N,100,1900,phage,0.9999662637710571,0.068691,0.616914,0.068409,0.060983,0.090704,0.094298
NC_033480.1,NC_033480.1__M__50,M,50,1950,phage,0.9999749660491943,0.025438,0.576357,0.096391,0.038512,0.048491,0.214811
NC_033480.1,NC_033480.1__N__50,N,50,1950,phage,0.9999749660491943,0.025438,0.576357,0.096391,0.038512,0.048491,0.214811
NC_033480.1,NC_033480.1__M__1,M,1,1999,phage,0.9999775886535645,0.023851,0.500316,0.097480,0.034496,0.042916,0.300941
NC_033480.1,NC_033480.1__N__1,N,1,1999,phage,0.9999775886535645,0.023851,0.500316,0.097480,0.034496,0.042916,0.300941
NC_032732.1,NC_032732.1__none__0,none,0,2000,virus,0.9990635514259338,0.017727,0.045247,0.051664,0.034588,0.035994,0.814780
NC_032732.1,NC_032732.1__M__500,M,500,1500,bacteria,0.9996026158332825,0.646992,0.043689,0.029208,0.038355,0.031086,0.210669
NC_032732.1,NC_032732.1__N__500,N,500,1500,bacteria,0.9996026158332825,0.646992,0.043689,0.029208,0.038355,0.031086,0.210669
NC_032732.1,NC_032732.1__M__450,M,450,1550,bacteria,0.9996812343597412,0.593315,0.046785,0.027880,0.039296,0.030580,0.262143
NC_032732.1,NC_032732.1__N__450,N,450,1550,bacteria,0.9996812343597412,0.593315,0.046785,0.027880,0.039296,0.030580,0.262143
NC_032732.1,NC_032732.1__M__400,M,400,1600,virus,0.9995326995849609,0.319805,0.058888,0.039136,0.044260,0.026252,0.511659
NC_032732.1,NC_032732.1__N__400,N,400,1600,virus,0.9995326995849609,0.319805,0.058888,0.039136,0.044260,0.026252,0.511659
NC_032732.1,NC_032732.1__M__350,M,350,1650,bacteria,0.9996393918991089,0.509860,0.066987,0.037390,0.045365,0.032464,0.307934
NC_032732.1,NC_032732.1__N__350,N,350,1650,bacteria,0.9996393918991089,0.509860,0.066987,0.037390,0.045365,0.032464,0.307934
NC_032732.1,NC_032732.1__M__300,M,300,1700,virus,0.999299168586731,0.207400,0.044420,0.039360,0.035381,0.024487,0.648951
NC_032732.1,NC_032732.1__N__300,N,300,1700,virus,0.999299168586731,0.207400,0.044420,0.039360,0.035381,0.024487,0.648951
NC_032732.1,NC_032732.1__M__250,M,250,1750,virus,0.9989109039306641,0.100165,0.036409,0.034091,0.028392,0.018866,0.782077
NC_032732.1,NC_032732.1__N__250,N,250,1750,virus,0.9989109039306641,0.100165,0.036409,0.034091,0.028392,0.018866,0.782077
NC_032732.1,NC_032732.1__M__200,M,200,1800,virus,0.9992477893829346,0.185197,0.047119,0.044059,0.036256,0.025781,0.661588
NC_032732.1,NC_032732.1__N__200,N,200,1800,virus,0.9992477893829346,0.185197,0.047119,0.044059,0.036256,0.025781,0.661588
NC_032732.1,NC_032732.1__M__150,M,150,1850,virus,0.9991067051887512,0.193923,0.072628,0.057469,0.058987,0.029643,0.587349
NC_032732.1,NC_032732.1__N__150,N,150,1850,virus,0.9991067051887512,0.193923,0.072628,0.057469,0.058987,0.029643,0.587349
NC_032732.1,NC_032732.1__M__100,M,100,1900,virus,0.9987381100654602,0.057224,0.050988,0.042830,0.058499,0.019938,0.770519
NC_032732.1,NC_032732.1__N__100,N,100,1900,virus,0.9987381100654602,0.057224,0.050988,0.042830,0.058499,0.019938,0.770519
NC_032732.1,NC_032732.1__M__50,M,50,1950,virus,0.9986036419868469,0.020671,0.075498,0.054839,0.041620,0.030299,0.777074
NC_032732.1,NC_032732.1__N__50,N,50,1950,virus,0.9986036419868469,0.020671,0.075498,0.054839,0.041620,0.030299,0.777074
NC_032732.1,NC_032732.1__M__1,M,1,1999,virus,0.9990729093551636,0.017635,0.044584,0.051074,0.034442,0.035731,0.816533
NC_032732.1,NC_032732.1__N__1,N,1,1999,virus,0.9990729093551636,0.017635,0.044584,0.051074,0.034442,0.035731,0.816533
NC_032780.1,NC_032780.1__none__0,none,0,2000,virus,0.9998527765274048,0.060540,0.216018,0.067908,0.034626,0.025053,0.595856
NC_032780.1,NC_032780.1__M__500,M,500,1500,virus,0.9990909099578857,0.277963,0.119591,0.053426,0.037838,0.027941,0.483240
NC_032780.1,NC_032780.1__N__500,N,500,1500,virus,0.9990909099578857,0.277963,0.119591,0.053426,0.037838,0.027941,0.483240
NC_032780.1,NC_032780.1__M__450,M,450,1550,virus,0.9996084570884705,0.322634,0.071309,0.046305,0.042817,0.029228,0.487707
NC_032780.1,NC_032780.1__N__450,N,450,1550,virus,0.9996084570884705,0.322634,0.071309,0.046305,0.042817,0.029228,0.487707
NC_032780.1,NC_032780.1__M__400,M,400,1600,virus,0.9996080994606018,0.342672,0.059609,0.043358,0.040483,0.028708,0.485171
NC_032780.1,NC_032780.1__N__400,N,400,1600,virus,0.9996080994606018,0.342672,0.059609,0.043358,0.040483,0.028708,0.485171
NC_032780.1,NC_032780.1__M__350,M,350,1650,virus,0.999649167060852,0.285209,0.055361,0.050316,0.040957,0.025865,0.542292
NC_032780.1,NC_032780.1__N__350,N,350,1650,virus,0.999649167060852,0.285209,0.055361,0.050316,0.040957,0.025865,0.542292
NC_032780.1,NC_032780.1__M__300,M,300,1700,bacteria,0.999840259552002,0.478937,0.067236,0.042242,0.043613,0.042923,0.325048
NC_032780.1,NC_032780.1__N__300,N,300,1700,bacteria,0.999840259552002,0.478937,0.067236,0.042242,0.043613,0.042923,0.325048
NC_032780.1,NC_032780.1__M__250,M,250,1750,virus,0.9998514652252197,0.271743,0.065512,0.053748,0.037298,0.033430,0.538269
NC_032780.1,NC_032780.1__N__250,N,250,1750,virus,0.9998514652252197,0.271743,0.065512,0.053748,0.037298,0.033430,0.538269
NC_032780.1,NC_032780.1__M__200,M,200,1800,virus,0.999881386756897,0.275426,0.069702,0.063084,0.037692,0.032037,0.522059
NC_032780.1,NC_032780.1__N__200,N,200,1800,virus,0.999881386756897,0.275426,0.069702,0.063084,0.037692,0.032037,0.522059
NC_032780.1,NC_032780.1__M__150,M,150,1850,bacteria,0.9998354911804199,0.435337,0.113544,0.059345,0.044571,0.043299,0.303904
NC_032780.1,NC_032780.1__N__150,N,150,1850,bacteria,0.9998354911804199,0.435337,0.113544,0.059345,0.044571,0.043299,0.303904
NC_032780.1,NC_032780.1__M__100,M,100,1900,virus,0.9997225403785706,0.183005,0.150054,0.066827,0.042551,0.034069,0.523494
NC_032780.1,NC_032780.1__N__100,N,100,1900,virus,0.9997225403785706,0.183005,0.150054,0.066827,0.042551,0.034069,0.523494
NC_032780.1,NC_032780.1__M__50,M,50,1950,virus,0.9998356103897095,0.103358,0.220677,0.076460,0.040765,0.028739,0.530001
NC_032780.1,NC_032780.1__N__50,N,50,1950,virus,0.9998356103897095,0.103358,0.220677,0.076460,0.040765,0.028739,0.530001
NC_032780.1,NC_032780.1__M__1,M,1,1999,virus,0.9998524188995361,0.060998,0.216733,0.067755,0.034707,0.025138,0.594669
NC_032780.1,NC_032780.1__N__1,N,1,1999,virus,0.9998524188995361,0.060998,0.216733,0.067755,0.034707,0.025138,0.594669
NC_032785.1,NC_032785.1__none__0,none,0,2000,virus,0.9999548196792603,0.060528,0.081454,0.097156,0.046703,0.070729,0.643431
NC_032785.1,NC_032785.1__M__500,M,500,1500,bacteria,0.9998569488525391,0.910030,0.022324,0.012022,0.015593,0.021562,0.018469
NC_032785.1,NC_032785.1__N__500,N,500,1500,bacteria,0.9998569488525391,0.910030,0.022324,0.012022,0.015593,0.021562,0.018469
NC_032785.1,NC_032785.1__M__450,M,450,1550,bacteria,0.9999133348464966,0.832921,0.040656,0.019427,0.026427,0.027085,0.053485
NC_032785.1,NC_032785.1__N__450,N,450,1550,bacteria,0.9999133348464966,0.832921,0.040656,0.019427,0.026427,0.027085,0.053485
NC_032785.1,NC_032785.1__M__400,M,400,1600,bacteria,0.9999147653579712,0.881238,0.032008,0.014487,0.019653,0.027881,0.024734
NC_032785.1,NC_032785.1__N__400,N,400,1600,bacteria,0.9999147653579712,0.881238,0.032008,0.014487,0.019653,0.027881,0.024734
NC_032785.1,NC_032785.1__M__350,M,350,1650,bacteria,0.999936580657959,0.882185,0.027538,0.014700,0.019646,0.020994,0.034936
NC_032785.1,NC_032785.1__N__350,N,350,1650,bacteria,0.999936580657959,0.882185,0.027538,0.014700,0.019646,0.020994,0.034936
NC_032785.1,NC_032785.1__M__300,M,300,1700,bacteria,0.9999374151229858,0.826600,0.036965,0.018891,0.026594,0.026858,0.064091
NC_032785.1,NC_032785.1__N__300,N,300,1700,bacteria,0.9999374151229858,0.826600,0.036965,0.018891,0.026594,0.026858,0.064091
NC_032785.1,NC_032785.1__M__250,M,250,1750,bacteria,0.9999194145202637,0.820072,0.036756,0.020552,0.025500,0.032190,0.064931
NC_032785.1,NC_032785.1__N__250,N,250,1750,bacteria,0.9999194145202637,0.820072,0.036756,0.020552,0.025500,0.032190,0.064931
NC_032785.1,NC_032785.1__M__200,M,200,1800,bacteria,0.9999295473098755,0.709892,0.059581,0.028530,0.033650,0.057480,0.110866
NC_032785.1,NC_032785.1__N__200,N,200,1800,bacteria,0.9999295473098755,0.709892,0.059581,0.028530,0.033650,0.057480,0.110866
NC_032785.1,NC_032785.1__M__150,M,150,1850,bacteria,0.999927282333374,0.653167,0.094287,0.036320,0.040289,0.091272,0.084665
NC_032785.1,NC_032785.1__N__150,N,150,1850,bacteria,0.999927282333374,0.653167,0.094287,0.036320,0.040289,0.091272,0.084665
NC_032785.1,NC_032785.1__M__100,M,100,1900,bacteria,0.9998601675033569,0.490295,0.117236,0.049277,0.046522,0.135404,0.161266
NC_032785.1,NC_032785.1__N__100,N,100,1900,bacteria,0.9998601675033569,0.490295,0.117236,0.049277,0.046522,0.135404,0.161266
NC_032785.1,NC_032785.1__M__50,M,50,1950,virus,0.9999264478683472,0.154865,0.114590,0.138450,0.063878,0.115441,0.412775
NC_032785.1,NC_032785.1__N__50,N,50,1950,virus,0.9999264478683472,0.154865,0.114590,0.138450,0.063878,0.115441,0.412775
NC_032785.1,NC_032785.1__M__1,M,1,1999,virus,0.9999550580978394,0.060213,0.081009,0.097661,0.046746,0.069925,0.644446
NC_032785.1,NC_032785.1__N__1,N,1,1999,virus,0.9999550580978394,0.060213,0.081009,0.097661,0.046746,0.069925,0.644446
NC_032822.1,NC_032822.1__none__0,none,0,2000,eukarya,0.9999468326568604,0.020269,0.023827,0.749859,0.067202,0.019969,0.118874
NC_032822.1,NC_032822.1__M__500,M,500,1500,eukarya,0.9999778270721436,0.171595,0.089164,0.268571,0.182879,0.044180,0.243611
NC_032822.1,NC_032822.1__N__500,N,500,1500,eukarya,0.9999778270721436,0.171595,0.089164,0.268571,0.182879,0.044180,0.243611
NC_032822.1,NC_032822.1__M__450,M,450,1550,eukarya,0.9999796152114868,0.137971,0.075878,0.292218,0.189495,0.034011,0.270426
NC_032822.1,NC_032822.1__N__450,N,450,1550,eukarya,0.9999796152114868,0.137971,0.075878,0.292218,0.189495,0.034011,0.270426
NC_032822.1,NC_032822.1__M__400,M,400,1600,eukarya,0.9999692440032959,0.136500,0.070998,0.327048,0.110474,0.031144,0.323837
NC_032822.1,NC_032822.1__N__400,N,400,1600,eukarya,0.9999692440032959,0.136500,0.070998,0.327048,0.110474,0.031144,0.323837
NC_032822.1,NC_032822.1__M__350,M,350,1650,virus,0.999976634979248,0.130423,0.067450,0.259318,0.064065,0.028592,0.450152
NC_032822.1,NC_032822.1__N__350,N,350,1650,virus,0.999976634979248,0.130423,0.067450,0.259318,0.064065,0.028592,0.450152
NC_032822.1,NC_032822.1__M__300,M,300,1700,virus,0.9999665021896362,0.070906,0.055438,0.378393,0.069286,0.029570,0.396407
NC_032822.1,NC_032822.1__N__300,N,300,1700,virus,0.9999665021896362,0.070906,0.055438,0.378393,0.069286,0.029570,0.396407
NC_032822.1,NC_032822.1__M__250,M,250,1750,eukarya,0.999950647354126,0.039381,0.035536,0.638636,0.054198,0.026879,0.205370
NC_032822.1,NC_032822.1__N__250,N,250,1750,eukarya,0.999950647354126,0.039381,0.035536,0.638636,0.054198,0.026879,0.205370
NC_032822.1,NC_032822.1__M__200,M,200,1800,eukarya,0.999961256980896,0.039979,0.044127,0.615588,0.086419,0.030777,0.183110
NC_032822.1,NC_032822.1__N__200,N,200,1800,eukarya,0.999961256980896,0.039979,0.044127,0.615588,0.086419,0.030777,0.183110
NC_032822.1,NC_032822.1__M__150,M,150,1850,eukarya,0.9999498128890991,0.038642,0.045748,0.542049,0.135119,0.033848,0.204594
NC_032822.1,NC_032822.1__N__150,N,150,1850,eukarya,0.9999498128890991,0.038642,0.045748,0.542049,0.135119,0.033848,0.204594
NC_032822.1,NC_032822.1__M__100,M,100,1900,eukarya,0.9999490976333618,0.044419,0.061817,0.458327,0.194982,0.044950,0.195505
NC_032822.1,NC_032822.1__N__100,N,100,1900,eukarya,0.9999490976333618,0.044419,0.061817,0.458327,0.194982,0.044950,0.195505
NC_032822.1,NC_032822.1__M__50,M,50,1950,eukarya,0.9999325275421143,0.020437,0.026314,0.731434,0.070550,0.020123,0.131141
NC_032822.1,NC_032822.1__N__50,N,50,1950,eukarya,0.9999325275421143,0.020437,0.026314,0.731434,0.070550,0.020123,0.131141
NC_032822.1,NC_032822.1__M__1,M,1,1999,eukarya,0.9999469518661499,0.020252,0.023757,0.751277,0.066650,0.020027,0.118038
NC_032822.1,NC_032822.1__N__1,N,1,1999,eukarya,0.9999469518661499,0.020252,0.023757,0.751277,0.066650,0.020027,0.118038
NC_032825.1,NC_032825.1__none__0,none,0,2000,virus,0.9814230799674988,0.010787,0.019110,0.022743,0.011884,0.012290,0.923186
NC_032825.1,NC_032825.1__M__500,M,500,1500,bacteria,0.9311645030975342,0.585549,0.073691,0.056351,0.034317,0.037921,0.212172
NC_032825.1,NC_032825.1__N__500,N,500,1500,bacteria,0.9311645030975342,0.585549,0.073691,0.056351,0.034317,0.037921,0.212172
NC_032825.1,NC_032825.1__M__450,M,450,1550,virus,0.9632455706596375,0.200368,0.057502,0.064805,0.029725,0.027906,0.619695
NC_032825.1,NC_032825.1__N__450,N,450,1550,virus,0.9632455706596375,0.200368,0.057502,0.064805,0.029725,0.027906,0.619695
NC_032825.1,NC_032825.1__M__400,M,400,1600,bacteria,0.9795584082603455,0.461400,0.052559,0.053765,0.031606,0.034593,0.366077
NC_032825.1,NC_032825.1__N__400,N,400,1600,bacteria,0.9795584082603455,0.461400,0.052559,0.053765,0.031606,0.034593,0.366077
NC_032825.1,NC_032825.1__M__350,M,350,1650,virus,0.9850884079933167,0.267009,0.034188,0.043407,0.024672,0.027842,0.602881
NC_032825.1,NC_032825.1__N__350,N,350,1650,virus,0.9850884079933167,0.267009,0.034188,0.043407,0.024672,0.027842,0.602881
NC_032825.1,NC_032825.1__M__300,M,300,1700,virus,0.9814256429672241,0.063552,0.026494,0.090906,0.022373,0.015705,0.780970
NC_032825.1,NC_032825.1__N__300,N,300,1700,virus,0.9814256429672241,0.063552,0.026494,0.090906,0.022373,0.015705,0.780970
NC_032825.1,NC_032825.1__M__250,M,250,1750,virus,0.9808659553527832,0.043975,0.021005,0.054289,0.018300,0.014104,0.848327
NC_032825.1,NC_032825.1__N__250,N,250,1750,virus,0.9808659553527832,0.043975,0.021005,0.054289,0.018300,0.014104,0.848327
NC_032825.1,NC_032825.1__M__200,M,200,1800,virus,0.9814280271530151,0.031320,0.020093,0.032541,0.016593,0.012254,0.887199
NC_032825.1,NC_032825.1__N__200,N,200,1800,virus,0.9814280271530151,0.031320,0.020093,0.032541,0.016593,0.012254,0.887199
NC_032825.1,NC_032825.1__M__150,M,150,1850,virus,0.9865288734436035,0.027422,0.028602,0.028420,0.017563,0.013604,0.884388
NC_032825.1,NC_032825.1__N__150,N,150,1850,virus,0.9865288734436035,0.027422,0.028602,0.028420,0.017563,0.013604,0.884388
NC_032825.1,NC_032825.1__M__100,M,100,1900,virus,0.9811749458312988,0.017088,0.020871,0.029274,0.015945,0.012698,0.904124
NC_032825.1,NC_032825.1__N__100,N,100,1900,virus,0.9811749458312988,0.017088,0.020871,0.029274,0.015945,0.012698,0.904124
NC_032825.1,NC_032825.1__M__50,M,50,1950,virus,0.9757020473480225,0.010699,0.016956,0.022061,0.012052,0.011790,0.926441
NC_032825.1,NC_032825.1__N__50,N,50,1950,virus,0.9757020473480225,0.010699,0.016956,0.022061,0.012052,0.011790,0.926441
NC_032825.1,NC_032825.1__M__1,M,1,1999,virus,0.981540322303772,0.010767,0.019171,0.022778,0.011977,0.012280,0.923026
NC_032825.1,NC_032825.1__N__1,N,1,1999,virus,0.981540322303772,0.010767,0.019171,0.022778,0.011977,0.012280,0.923026
NC_032834.1,NC_032834.1__none__0,none,0,2000,virus,0.9957569241523743,0.010845,0.019360,0.017237,0.013135,0.012114,0.927309
NC_032834.1,NC_032834.1__M__500,M,500,1500,virus,0.9979528188705444,0.065812,0.018707,0.026590,0.020316,0.015404,0.853171
NC_032834.1,NC_032834.1__N__500,N,500,1500,virus,0.9979528188705444,0.065812,0.018707,0.026590,0.020316,0.015404,0.853171
NC_032834.1,NC_032834.1__M__450,M,450,1550,virus,0.9982746839523315,0.064152,0.018457,0.026496,0.019978,0.015068,0.855848
NC_032834.1,NC_032834.1__N__450,N,450,1550,virus,0.9982746839523315,0.064152,0.018457,0.026496,0.019978,0.015068,0.855848
NC_032834.1,NC_032834.1__M__400,M,400,1600,virus,0.9987578392028809,0.148901,0.027940,0.034482,0.028408,0.020590,0.739679
NC_032834.1,NC_032834.1__N__400,N,400,1600,virus,0.9987578392028809,0.148901,0.027940,0.034482,0.028408,0.020590,0.739679
NC_032834.1,NC_032834.1__M__350,M,350,1650,virus,0.9989911913871765,0.166903,0.028273,0.040928,0.032823,0.020666,0.710408
NC_032834.1,NC_032834.1__N__350,N,350,1650,virus,0.9989911913871765,0.166903,0.028273,0.040928,0.032823,0.020666,0.710408
NC_032834.1,NC_032834.1__M__300,M,300,1700,virus,0.998132050037384,0.040839,0.018649,0.027836,0.020704,0.016178,0.875793
NC_032834.1,NC_032834.1__N__300,N,300,1700,virus,0.998132050037384,0.040839,0.018649,0.027836,0.020704,0.016178,0.875793
NC_032834.1,NC_032834.1__M__250,M,250,1750,virus,0.9979495406150818,0.027142,0.017024,0.021800,0.018169,0.015013,0.900852
NC_032834.1,NC_032834.1__N__250,N,250,1750,virus,0.9979495406150818,0.027142,0.017024,0.021800,0.018169,0.015013,0.900852
NC_032834.1,NC_032834.1__M__200,M,200,1800,virus,0.9974071383476257,0.019863,0.020591,0.022875,0.018811,0.015165,0.902695
NC_032834.1,NC_032834.1__N__200,N,200,1800,virus,0.9974071383476257,0.019863,0.020591,0.022875,0.018811,0.015165,0.902695
NC_032834.1,NC_032834.1__M__150,M,150,1850,virus,0.9961044788360596,0.017579,0.023084,0.022709,0.018042,0.014774,0.903811
NC_032834.1,NC_032834.1__N__150,N,150,1850,virus,0.9961044788360596,0.017579,0.023084,0.022709,0.018042,0.014774,0.903811
NC_032834.1,NC_032834.1__M__100,M,100,1900,virus,0.9938442707061768,0.013013,0.021170,0.020952,0.015117,0.013179,0.916569
NC_032834.1,NC_032834.1__N__100,N,100,1900,virus,0.9938442707061768,0.013013,0.021170,0.020952,0.015117,0.013179,0.916569
NC_032834.1,NC_032834.1__M__50,M,50,1950,virus,0.9945098161697388,0.011452,0.022853,0.019387,0.013749,0.012405,0.920153
NC_032834.1,NC_032834.1__N__50,N,50,1950,virus,0.9945098161697388,0.011452,0.022853,0.019387,0.013749,0.012405,0.920153
NC_032834.1,NC_032834.1__M__1,M,1,1999,virus,0.9957828521728516,0.010854,0.019256,0.017069,0.013143,0.012071,0.927607
NC_032834.1,NC_032834.1__N__1,N,1,1999,virus,0.9957828521728516,0.010854,0.019256,0.017069,0.013143,0.012071,0.927607
NC_032867.1,NC_032867.1__none__0,none,0,2000,bacteria,0.9961183071136475,0.893513,0.028805,0.013003,0.018616,0.031205,0.014858
NC_032867.1,NC_032867.1__M__500,M,500,1500,bacteria,0.9924486875534058,0.929771,0.014997,0.010876,0.013057,0.020567,0.010731
NC_032867.1,NC_032867.1__N__500,N,500,1500,bacteria,0.9924486875534058,0.929771,0.014997,0.010876,0.013057,0.020567,0.010731
NC_032867.1,NC_032867.1__M__450,M,450,1550,bacteria,0.996492326259613,0.929550,0.014107,0.012009,0.012851,0.020173,0.011310
NC_032867.1,NC_032867.1__N__450,N,450,1550,bacteria,0.996492326259613,0.929550,0.014107,0.012009,0.012851,0.020173,0.011310
NC_032867.1,NC_032867.1__M__400,M,400,1600,bacteria,0.9983204007148743,0.929412,0.014007,0.010670,0.013196,0.021047,0.011668
NC_032867.1,NC_032867.1__N__400,N,400,1600,bacteria,0.9983204007148743,0.929412,0.014007,0.010670,0.013196,0.021047,0.011668
NC_032867.1,NC_032867.1__M__350,M,350,1650,bacteria,0.9989720582962036,0.934659,0.011727,0.009730,0.012541,0.020668,0.010676
NC_032867.1,NC_032867.1__N__350,N,350,1650,bacteria,0.9989720582962036,0.934659,0.011727,0.009730,0.012541,0.020668,0.010676
NC_032867.1,NC_032867.1__M__300,M,300,1700,bacteria,0.9989892840385437,0.932692,0.012423,0.009460,0.012719,0.022133,0.010572
NC_032867.1,NC_032867.1__N__300,N,300,1700,bacteria,0.9989892840385437,0.932692,0.012423,0.009460,0.012719,0.022133,0.010572
NC_032867.1,NC_032867.1__M__250,M,250,1750,bacteria,0.9985087513923645,0.936176,0.012303,0.008445,0.012706,0.021077,0.009294
NC_032867.1,NC_032867.1__N__250,N,250,1750,bacteria,0.9985087513923645,0.936176,0.012303,0.008445,0.012706,0.021077,0.009294
NC_032867.1,NC_032867.1__M__200,M,200,1800,bacteria,0.9980478286743164,0.933973,0.013003,0.008527,0.012784,0.022676,0.009037
NC_032867.1,NC_032867.1__N__200,N,200,1800,bacteria,0.9980478286743164,0.933973,0.013003,0.008527,0.012784,0.022676,0.009037
NC_032867.1,NC_032867.1__M__150,M,150,1850,bacteria,0.9975391626358032,0.935455,0.012987,0.008347,0.012432,0.022153,0.008625
NC_032867.1,NC_032867.1__N__150,N,150,1850,bacteria,0.9975391626358032,0.935455,0.012987,0.008347,0.012432,0.022153,0.008625
NC_032867.1,NC_032867.1__M__100,M,100,1900,bacteria,0.9961603879928589,0.928927,0.015248,0.009256,0.014006,0.023052,0.009512
NC_032867.1,NC_032867.1__N__100,N,100,1900,bacteria,0.9961603879928589,0.928927,0.015248,0.009256,0.014006,0.023052,0.009512
NC_032867.1,NC_032867.1__M__50,M,50,1950,bacteria,0.996567964553833,0.915120,0.018615,0.013430,0.016194,0.023786,0.012854
NC_032867.1,NC_032867.1__N__50,N,50,1950,bacteria,0.996567964553833,0.915120,0.018615,0.013430,0.016194,0.023786,0.012854
NC_032867.1,NC_032867.1__M__1,M,1,1999,bacteria,0.9960904717445374,0.893880,0.028686,0.012974,0.018573,0.031079,0.014808
NC_032867.1,NC_032867.1__N__1,N,1,1999,bacteria,0.9960904717445374,0.893880,0.028686,0.012974,0.018573,0.031079,0.014808
NC_032870.1,NC_032870.1__none__0,none,0,2000,phage,0.9497091174125671,0.037035,0.747886,0.043051,0.027137,0.029482,0.115409
NC_032870.1,NC_032870.1__M__500,M,500,1500,bacteria,0.9787149429321289,0.342402,0.193254,0.054826,0.049240,0.039637,0.320641
NC_032870.1,NC_032870.1__N__500,N,500,1500,bacteria,0.9787149429321289,0.342402,0.193254,0.054826,0.049240,0.039637,0.320641
NC_032870.1,NC_032870.1__M__450,M,450,1550,bacteria,0.990211546421051,0.497740,0.205551,0.045070,0.048113,0.043201,0.160324
NC_032870.1,NC_032870.1__N__450,N,450,1550,bacteria,0.990211546421051,0.497740,0.205551,0.045070,0.048113,0.043201,0.160324
NC_032870.1,NC_032870.1__M__400,M,400,1600,phage,0.9876543879508972,0.313499,0.371973,0.040088,0.049742,0.054750,0.169947
NC_032870.1,NC_032870.1__N__400,N,400,1600,phage,0.9876543879508972,0.313499,0.371973,0.040088,0.049742,0.054750,0.169947
NC_032870.1,NC_032870.1__M__350,M,350,1650,bacteria,0.9939813017845154,0.448170,0.384160,0.028835,0.041273,0.043522,0.054039
NC_032870.1,NC_032870.1__N__350,N,350,1650,bacteria,0.9939813017845154,0.448170,0.384160,0.028835,0.041273,0.043522,0.054039
NC_032870.1,NC_032870.1__M__300,M,300,1700,phage,0.9835388660430908,0.245375,0.461513,0.052793,0.049447,0.046172,0.144699
NC_032870.1,NC_032870.1__N__300,N,300,1700,phage,0.9835388660430908,0.245375,0.461513,0.052793,0.049447,0.046172,0.144699
NC_032870.1,NC_032870.1__M__250,M,250,1750,phage,0.9737408757209778,0.209767,0.332739,0.077954,0.051193,0.048688,0.279660
NC_032870.1,NC_032870.1__N__250,N,250,1750,phage,0.9737408757209778,0.209767,0.332739,0.077954,0.051193,0.048688,0.279660
NC_032870.1,NC_032870.1__M__200,M,200,1800,phage,0.9843511581420898,0.226997,0.517503,0.040665,0.045095,0.042426,0.127313
NC_032870.1,NC_032870.1__N__200,N,200,1800,phage,0.9843511581420898,0.226997,0.517503,0.040665,0.045095,0.042426,0.127313
NC_032870.1,NC_032870.1__M__150,M,150,1850,phage,0.9792214035987854,0.137882,0.623422,0.043935,0.039761,0.040853,0.114148
NC_032870.1,NC_032870.1__N__150,N,150,1850,phage,0.9792214035987854,0.137882,0.623422,0.043935,0.039761,0.040853,0.114148
NC_032870.1,NC_032870.1__M__100,M,100,1900,phage,0.9786091446876526,0.087677,0.781652,0.020855,0.029289,0.033262,0.047266
NC_032870.1,NC_032870.1__N__100,N,100,1900,phage,0.9786091446876526,0.087677,0.781652,0.020855,0.029289,0.033262,0.047266
NC_032870.1,NC_032870.1__M__50,M,50,1950,phage,0.9623708128929138,0.034118,0.799599,0.028672,0.023650,0.025919,0.088042
NC_032870.1,NC_032870.1__N__50,N,50,1950,phage,0.9623708128929138,0.034118,0.799599,0.028672,0.023650,0.025919,0.088042
NC_032870.1,NC_032870.1__M__1,M,1,1999,phage,0.9508755803108215,0.037026,0.749768,0.042355,0.027053,0.029392,0.114406
NC_032870.1,NC_032870.1__N__1,N,1,1999,phage,0.9508755803108215,0.037026,0.749768,0.042355,0.027053,0.029392,0.114406
NC_032888.1,NC_032888.1__none__0,none,0,2000,eukarya,0.8972882628440857,0.063634,0.046471,0.739253,0.026536,0.034488,0.089618
NC_032888.1,NC_032888.1__M__500,M,500,1500,bacteria,0.9803268909454346,0.675773,0.069952,0.046186,0.036239,0.030372,0.141477
NC_032888.1,NC_032888.1__N__500,N,500,1500,bacteria,0.9803268909454346,0.675773,0.069952,0.046186,0.036239,0.030372,0.141477
NC_032888.1,NC_032888.1__M__450,M,450,1550,bacteria,0.9890459179878235,0.831021,0.052217,0.026053,0.026007,0.024790,0.039913
NC_032888.1,NC_032888.1__N__450,N,450,1550,bacteria,0.9890459179878235,0.831021,0.052217,0.026053,0.026007,0.024790,0.039913
NC_032888.1,NC_032888.1__M__400,M,400,1600,bacteria,0.9889577031135559,0.851764,0.031879,0.028032,0.023944,0.023274,0.041107
NC_032888.1,NC_032888.1__N__400,N,400,1600,bacteria,0.9889577031135559,0.851764,0.031879,0.028032,0.023944,0.023274,0.041107
NC_032888.1,NC_032888.1__M__350,M,350,1650,bacteria,0.9897631406784058,0.869735,0.023705,0.024070,0.022488,0.025740,0.034263
NC_032888.1,NC_032888.1__N__350,N,350,1650,bacteria,0.9897631406784058,0.869735,0.023705,0.024070,0.022488,0.025740,0.034263
NC_032888.1,NC_032888.1__M__300,M,300,1700,bacteria,0.9812931418418884,0.764898,0.028254,0.047055,0.028485,0.025885,0.105423
NC_032888.1,NC_032888.1__N__300,N,300,1700,bacteria,0.9812931418418884,0.764898,0.028254,0.047055,0.028485,0.025885,0.105423
NC_032888.1,NC_032888.1__M__250,M,250,1750,bacteria,0.9716192483901978,0.589754,0.044895,0.076919,0.034576,0.029906,0.223950
NC_032888.1,NC_032888.1__N__250,N,250,1750,bacteria,0.9716192483901978,0.589754,0.044895,0.076919,0.034576,0.029906,0.223950
NC_032888.1,NC_032888.1__M__200,M,200,1800,bacteria,0.9758176803588867,0.610342,0.047309,0.059027,0.034666,0.034498,0.214158
NC_032888.1,NC_032888.1__N__200,N,200,1800,bacteria,0.9758176803588867,0.610342,0.047309,0.059027,0.034666,0.034498,0.214158
NC_032888.1,NC_032888.1__M__150,M,150,1850,bacteria,0.9589692950248718,0.577350,0.075418,0.083303,0.038176,0.037634,0.188118
NC_032888.1,NC_032888.1__N__150,N,150,1850,bacteria,0.9589692950248718,0.577350,0.075418,0.083303,0.038176,0.037634,0.188118
NC_032888.1,NC_032888.1__M__100,M,100,1900,bacteria,0.8689819574356079,0.461514,0.079434,0.172138,0.045865,0.047660,0.193390
NC_032888.1,NC_032888.1__N__100,N,100,1900,bacteria,0.8689819574356079,0.461514,0.079434,0.172138,0.045865,0.047660,0.193390
NC_032888.1,NC_032888.1__M__50,M,50,1950,eukarya,0.8266220092773438,0.099335,0.052203,0.666961,0.030031,0.043755,0.107714
NC_032888.1,NC_032888.1__N__50,N,50,1950,eukarya,0.8266220092773438,0.099335,0.052203,0.666961,0.030031,0.043755,0.107714
NC_032888.1,NC_032888.1__M__1,M,1,1999,eukarya,0.8978926539421082,0.063451,0.046922,0.738580,0.026718,0.034576,0.089752
NC_032888.1,NC_032888.1__N__1,N,1,1999,eukarya,0.8978926539421082,0.063451,0.046922,0.738580,0.026718,0.034576,0.089752
NC_032940.1,NC_032940.1__none__0,none,0,2000,virus,0.9458179473876953,0.013190,0.075391,0.021714,0.015566,0.015364,0.858776
NC_032940.1,NC_032940.1__M__500,M,500,1500,virus,0.9546695947647095,0.072352,0.097379,0.033804,0.030196,0.026046,0.740223
NC_032940.1,NC_032940.1__N__500,N,500,1500,virus,0.9546695947647095,0.072352,0.097379,0.033804,0.030196,0.026046,0.740223
NC_032940.1,NC_032940.1__M__450,M,450,1550,virus,0.9689597487449646,0.056208,0.057636,0.026061,0.024210,0.019235,0.816650
NC_032940.1,NC_032940.1__N__450,N,450,1550,virus,0.9689597487449646,0.056208,0.057636,0.026061,0.024210,0.019235,0.816650
NC_032940.1,NC_032940.1__M__400,M,400,1600,virus,0.9673821926116943,0.088545,0.045444,0.033221,0.031445,0.020525,0.780818
NC_032940.1,NC_032940.1__N__400,N,400,1600,virus,0.9673821926116943,0.088545,0.045444,0.033221,0.031445,0.020525,0.780818
NC_032940.1,NC_032940.1__M__350,M,350,1650,virus,0.9801837801933289,0.059538,0.027608,0.026170,0.024021,0.017064,0.845598
NC_032940.1,NC_032940.1__N__350,N,350,1650,virus,0.9801837801933289,0.059538,0.027608,0.026170,0.024021,0.017064,0.845598
NC_032940.1,NC_032940.1__M__300,M,300,1700,virus,0.9752473831176758,0.037589,0.022693,0.018798,0.018871,0.014537,0.887512
NC_032940.1,NC_032940.1__N__300,N,300,1700,virus,0.9752473831176758,0.037589,0.022693,0.018798,0.018871,0.014537,0.887512
NC_032940.1,NC_032940.1__M__250,M,250,1750,virus,0.9777596592903137,0.053645,0.020970,0.022248,0.022384,0.015964,0.864789
NC_032940.1,NC_032940.1__N__250,N,250,1750,virus,0.9777596592903137,0.053645,0.020970,0.022248,0.022384,0.015964,0.864789
NC_032940.1,NC_032940.1__M__200,M,200,1800,virus,0.980803370475769,0.033004,0.019076,0.018442,0.017783,0.014473,0.897221
NC_032940.1,NC_032940.1__N__200,N,200,1800,virus,0.980803370475769,0.033004,0.019076,0.018442,0.017783,0.014473,0.897221
NC_032940.1,NC_032940.1__M__150,M,150,1850,virus,0.9696465134620667,0.018345,0.035993,0.017448,0.017037,0.015892,0.895284
NC_032940.1,NC_032940.1__N__150,N,150,1850,virus,0.9696465134620667,0.018345,0.035993,0.017448,0.017037,0.015892,0.895284
NC_032940.1,NC_032940.1__M__100,M,100,1900,virus,0.9406096339225769,0.013236,0.030620,0.016278,0.014618,0.013139,0.912110
NC_032940.1,NC_032940.1__N__100,N,100,1900,virus,0.9406096339225769,0.013236,0.030620,0.016278,0.014618,0.013139,0.912110
NC_032940.1,NC_032940.1__M__50,M,50,1950,virus,0.930143415927887,0.012799,0.070468,0.019732,0.015366,0.016086,0.865549
NC_032940.1,NC_032940.1__N__50,N,50,1950,virus,0.930143415927887,0.012799,0.070468,0.019732,0.015366,0.016086,0.865549
NC_032940.1,NC_032940.1__M__1,M,1,1999,virus,0.9458059072494507,0.013233,0.075725,0.021779,0.015622,0.015496,0.858144
NC_032940.1,NC_032940.1__N__1,N,1,1999,virus,0.9458059072494507,0.013233,0.075725,0.021779,0.015622,0.015496,0.858144
NC_033164.1,NC_033164.1__none__0,none,0,2000,eukarya,0.5719729661941528,0.060545,0.176683,0.522303,0.036924,0.074465,0.129081
NC_033164.1,NC_033164.1__M__500,M,500,1500,bacteria,0.7349828481674194,0.701458,0.165124,0.020623,0.032037,0.048442,0.032315
NC_033164.1,NC_033164.1__N__500,N,500,1500,bacteria,0.7349828481674194,0.701458,0.165124,0.020623,0.032037,0.048442,0.032315
NC_033164.1,NC_033164.1__M__450,M,450,1550,bacteria,0.7267244458198547,0.781983,0.088819,0.023432,0.026234,0.039036,0.040497
NC_033164.1,NC_033164.1__N__450,N,450,1550,bacteria,0.7267244458198547,0.781983,0.088819,0.023432,0.026234,0.039036,0.040497
NC_033164.1,NC_033164.1__M__400,M,400,1600,bacteria,0.7601239681243896,0.745789,0.076925,0.033868,0.028396,0.049965,0.065057
NC_033164.1,NC_033164.1__N__400,N,400,1600,bacteria,0.7601239681243896,0.745789,0.076925,0.033868,0.028396,0.049965,0.065057
NC_033164.1,NC_033164.1__M__350,M,350,1650,bacteria,0.780297577381134,0.814003,0.045002,0.039358,0.026638,0.032412,0.042588
NC_033164.1,NC_033164.1__N__350,N,350,1650,bacteria,0.780297577381134,0.814003,0.045002,0.039358,0.026638,0.032412,0.042588
NC_033164.1,NC_033164.1__M__300,M,300,1700,bacteria,0.8361412286758423,0.811330,0.060625,0.032633,0.026703,0.025584,0.043124
NC_033164.1,NC_033164.1__N__300,N,300,1700,bacteria,0.8361412286758423,0.811330,0.060625,0.032633,0.026703,0.025584,0.043124
NC_033164.1,NC_033164.1__M__250,M,250,1750,bacteria,0.7818931341171265,0.802492,0.067133,0.038184,0.027889,0.023201,0.041102
NC_033164.1,NC_033164.1__N__250,N,250,1750,bacteria,0.7818931341171265,0.802492,0.067133,0.038184,0.027889,0.023201,0.041102
NC_033164.1,NC_033164.1__M__200,M,200,1800,bacteria,0.7401498556137085,0.737820,0.076711,0.073663,0.030919,0.026106,0.054781
NC_033164.1,NC_033164.1__N__200,N,200,1800,bacteria,0.7401498556137085,0.737820,0.076711,0.073663,0.030919,0.026106,0.054781
NC_033164.1,NC_033164.1__M__150,M,150,1850,bacteria,0.6857753396034241,0.697191,0.156999,0.052872,0.030859,0.036788,0.025290
NC_033164.1,NC_033164.1__N__150,N,150,1850,bacteria,0.6857753396034241,0.697191,0.156999,0.052872,0.030859,0.036788,0.025290
NC_033164.1,NC_033164.1__M__100,M,100,1900,bacteria,0.6284828782081604,0.573422,0.264610,0.040565,0.037052,0.052275,0.032076
NC_033164.1,NC_033164.1__N__100,N,100,1900,bacteria,0.6284828782081604,0.573422,0.264610,0.040565,0.037052,0.052275,0.032076
NC_033164.1,NC_033164.1__M__50,M,50,1950,eukarya,0.5246425271034241,0.127424,0.296244,0.366975,0.041350,0.064262,0.103744
NC_033164.1,NC_033164.1__N__50,N,50,1950,eukarya,0.5246425271034241,0.127424,0.296244,0.366975,0.041350,0.064262,0.103744
NC_033164.1,NC_033164.1__M__1,M,1,1999,eukarya,0.5694985389709473,0.060369,0.176363,0.518461,0.036985,0.074425,0.133397
NC_033164.1,NC_033164.1__N__1,N,1,1999,eukarya,0.5694985389709473,0.060369,0.176363,0.518461,0.036985,0.074425,0.133397
NC_033233.1,NC_033233.1__none__0,none,0,2000,virus,0.9883255958557129,0.016825,0.009279,0.015493,0.010759,0.010120,0.937524
NC_033233.1,NC_033233.1__M__500,M,500,1500,virus,0.9967286586761475,0.131016,0.029670,0.049078,0.028975,0.013601,0.747659
NC_033233.1,NC_033233.1__N__500,N,500,1500,virus,0.9967286586761475,0.131016,0.029670,0.049078,0.028975,0.013601,0.747659
NC_033233.1,NC_033233.1__M__450,M,450,1550,virus,0.9954956769943237,0.069720,0.022063,0.030203,0.020752,0.011311,0.845952
NC_033233.1,NC_033233.1__N__450,N,450,1550,virus,0.9954956769943237,0.069720,0.022063,0.030203,0.020752,0.011311,0.845952
NC_033233.1,NC_033233.1__M__400,M,400,1600,virus,0.9967401623725891,0.127219,0.029631,0.036358,0.027052,0.015183,0.764557
NC_033233.1,NC_033233.1__N__400,N,400,1600,virus,0.9967401623725891,0.127219,0.029631,0.036358,0.027052,0.015183,0.764557
NC_033233.1,NC_033233.1__M__350,M,350,1650,virus,0.9939226508140564,0.085452,0.018176,0.032138,0.022415,0.010773,0.831045
NC_033233.1,NC_033233.1__N__350,N,350,1650,virus,0.9939226508140564,0.085452,0.018176,0.032138,0.022415,0.010773,0.831045
NC_033233.1,NC_033233.1__M__300,M,300,1700,virus,0.9930881857872009,0.083224,0.018479,0.031181,0.021823,0.009837,0.835455
NC_033233.1,NC_033233.1__N__300,N,300,1700,virus,0.9930881857872009,0.083224,0.018479,0.031181,0.021823,0.009837,0.835455
NC_033233.1,NC_033233.1__M__250,M,250,1750,virus,0.9906821250915527,0.059603,0.017722,0.028876,0.019053,0.009914,0.864831
NC_033233.1,NC_033233.1__N__250,N,250,1750,virus,0.9906821250915527,0.059603,0.017722,0.028876,0.019053,0.009914,0.864831
NC_033233.1,NC_033233.1__M__200,M,200,1800,virus,0.99212646484375,0.051175,0.016601,0.024502,0.016988,0.009361,0.881373
NC_033233.1,NC_033233.1__N__200,N,200,1800,virus,0.99212646484375,0.051175,0.016601,0.024502,0.016988,0.009361,0.881373
NC_033233.1,NC_033233.1__M__150,M,150,1850,virus,0.9946870803833008,0.035297,0.014148,0.023643,0.014545,0.008964,0.903402
NC_033233.1,NC_033233.1__N__150,N,150,1850,virus,0.9946870803833008,0.035297,0.014148,0.023643,0.014545,0.008964,0.903402
NC_033233.1,NC_033233.1__M__100,M,100,1900,virus,0.9894677996635437,0.026514,0.012526,0.020457,0.013554,0.009086,0.917862
NC_033233.1,NC_033233.1__N__100,N,100,1900,virus,0.9894677996635437,0.026514,0.012526,0.020457,0.013554,0.009086,0.917862
NC_033233.1,NC_033233.1__M__50,M,50,1950,virus,0.9814768433570862,0.020535,0.010127,0.016128,0.011543,0.008848,0.932819
NC_033233.1,NC_033233.1__N__50,N,50,1950,virus,0.9814768433570862,0.020535,0.010127,0.016128,0.011543,0.008848,0.932819
NC_033233.1,NC_033233.1__M__1,M,1,1999,virus,0.9883955717086792,0.016822,0.009242,0.015539,0.010776,0.010117,0.937504
NC_033233.1,NC_033233.1__N__1,N,1,1999,virus,0.9883955717086792,0.016822,0.009242,0.015539,0.010776,0.010117,0.937504
NC_032552.1,NC_032552.1__none__0,none,0,2000,virus,0.9999260902404785,0.063775,0.124347,0.041726,0.051516,0.050901,0.667735
NC_032552.1,NC_032552.1__M__500,M,500,1500,bacteria,0.9999210834503174,0.794595,0.059797,0.024959,0.039708,0.036541,0.044400
NC_032552.1,NC_032552.1__N__500,N,500,1500,bacteria,0.9999210834503174,0.794595,0.059797,0.024959,0.039708,0.036541,0.044400
NC_032552.1,NC_032552.1__M__450,M,450,1550,bacteria,0.9999308586120605,0.801932,0.063224,0.021614,0.041897,0.038680,0.032653
NC_032552.1,NC_032552.1__N__450,N,450,1550,bacteria,0.9999308586120605,0.801932,0.063224,0.021614,0.041897,0.038680,0.032653
NC_032552.1,NC_032552.1__M__400,M,400,1600,bacteria,0.9999353885650635,0.786896,0.065749,0.024201,0.045342,0.041439,0.036373
NC_032552.1,NC_032552.1__N__400,N,400,1600,bacteria,0.9999353885650635,0.786896,0.065749,0.024201,0.045342,0.041439,0.036373
NC_032552.1,NC_032552.1__M__350,M,350,1650,bacteria,0.9999072551727295,0.550580,0.134987,0.056300,0.073624,0.059828,0.124681
NC_032552.1,NC_032552.1__N__350,N,350,1650,bacteria,0.9999072551727295,0.550580,0.134987,0.056300,0.073624,0.059828,0.124681
NC_032552.1,NC_032552.1__M__300,M,300,1700,bacteria,0.999915361404419,0.677531,0.101248,0.034527,0.056148,0.064763,0.065783
NC_032552.1,NC_032552.1__N__300,N,300,1700,bacteria,0.999915361404419,0.677531,0.101248,0.034527,0.056148,0.064763,0.065783
NC_032552.1,NC_032552.1__M__250,M,250,1750,bacteria,0.9999164342880249,0.425568,0.208732,0.056724,0.074473,0.101860,0.132643
NC_032552.1,NC_032552.1__N__250,N,250,1750,bacteria,0.9999164342880249,0.425568,0.208732,0.056724,0.074473,0.101860,0.132643
NC_032552.1,NC_032552.1__M__200,M,200,1800,bacteria,0.9999178647994995,0.503608,0.197456,0.039309,0.072883,0.104951,0.081792
NC_032552.1,NC_032552.1__N__200,N,200,1800,bacteria,0.9999178647994995,0.503608,0.197456,0.039309,0.072883,0.104951,0.081792
NC_032552.1,NC_032552.1__M__150,M,150,1850,phage,0.9999165534973145,0.285087,0.300348,0.049834,0.089826,0.104320,0.170586
NC_032552.1,NC_032552.1__N__150,N,150,1850,phage,0.9999165534973145,0.285087,0.300348,0.049834,0.089826,0.104320,0.170586
NC_032552.1,NC_032552.1__M__100,M,100,1900,bacteria,0.9998792409896851,0.302591,0.282927,0.054154,0.086387,0.122733,0.151210
NC_032552.1,NC_032552.1__N__100,N,100,1900,bacteria,0.9998792409896851,0.302591,0.282927,0.054154,0.086387,0.122733,0.151210
NC_032552.1,NC_032552.1__M__50,M,50,1950,virus,0.9999197721481323,0.087578,0.161261,0.050645,0.060637,0.061947,0.577932
NC_032552.1,NC_032552.1__N__50,N,50,1950,virus,0.9999197721481323,0.087578,0.161261,0.050645,0.060637,0.061947,0.577932
NC_032552.1,NC_032552.1__M__1,M,1,1999,virus,0.9999260902404785,0.063432,0.121790,0.041644,0.051074,0.050249,0.671810
NC_032552.1,NC_032552.1__N__1,N,1,1999,virus,0.9999260902404785,0.063432,0.121790,0.041644,0.051074,0.050249,0.671810
NC_032565.1,NC_032565.1__none__0,none,0,2000,virus,0.9974457025527954,0.019844,0.034202,0.018820,0.020658,0.016661,0.889815
NC_032565.1,NC_032565.1__M__500,M,500,1500,virus,0.9995896220207214,0.025640,0.024891,0.022874,0.019576,0.013209,0.893810
NC_032565.1,NC_032565.1__N__500,N,500,1500,virus,0.9995896220207214,0.025640,0.024891,0.022874,0.019576,0.013209,0.893810
NC_032565.1,NC_032565.1__M__450,M,450,1550,virus,0.9996951818466187,0.022683,0.022237,0.021863,0.017668,0.013069,0.902480
NC_032565.1,NC_032565.1__N__450,N,450,1550,virus,0.9996951818466187,0.022683,0.022237,0.021863,0.017668,0.013069,0.902480
NC_032565.1,NC_032565.1__M__400,M,400,1600,virus,0.9996743202209473,0.021793,0.022651,0.022060,0.017768,0.013952,0.901776
NC_032565.1,NC_032565.1__N__400,N,400,1600,virus,0.9996743202209473,0.021793,0.022651,0.022060,0.017768,0.013952,0.901776
NC_032565.1,NC_032565.1__M__350,M,350,1650,virus,0.9996870756149292,0.029367,0.025929,0.025349,0.022403,0.013446,0.883505
NC_032565.1,NC_032565.1__N__350,N,350,1650,virus,0.9996870756149292,0.029367,0.025929,0.025349,0.022403,0.013446,0.883505
NC_032565.1,NC_032565.1__M__300,M,300,1700,virus,0.9993703961372375,0.027337,0.032907,0.026244,0.026128,0.015634,0.871749
NC_032565.1,NC_032565.1__N__300,N,300,1700,virus,0.9993703961372375,0.027337,0.032907,0.026244,0.026128,0.015634,0.871749
NC_032565.1,NC_032565.1__M__250,M,250,1750,virus,0.9991601705551147,0.018782,0.023575,0.019960,0.017291,0.014326,0.906066
NC_032565.1,NC_032565.1__N__250,N,250,1750,virus,0.9991601705551147,0.018782,0.023575,0.019960,0.017291,0.014326,0.906066
NC_032565.1,NC_032565.1__M__200,M,200,1800,virus,0.9994490742683411,0.018304,0.022220,0.018406,0.016405,0.013843,0.910822
NC_032565.1,NC_032565.1__N__200,N,200,1800,virus,0.9994490742683411,0.018304,0.022220,0.018406,0.016405,0.013843,0.910822
NC_032565.1,NC_032565.1__M__150,M,150,1850,virus,0.999504804611206,0.020536,0.026930,0.019760,0.020287,0.015065,0.897422
NC_032565.1,NC_032565.1__N__150,N,150,1850,virus,0.999504804611206,0.020536,0.026930,0.019760,0.020287,0.015065,0.897422
NC_032565.1,NC_032565.1__M__100,M,100,1900,virus,0.9992722868919373,0.023543,0.031594,0.021033,0.023586,0.015606,0.884638
NC_032565.1,NC_032565.1__N__100,N,100,1900,virus,0.9992722868919373,0.023543,0.031594,0.021033,0.023586,0.015606,0.884638
NC_032565.1,NC_032565.1__M__50,M,50,1950,virus,0.9975298047065735,0.018052,0.029555,0.018462,0.017907,0.016083,0.899941
NC_032565.1,NC_032565.1__N__50,N,50,1950,virus,0.9975298047065735,0.018052,0.029555,0.018462,0.017907,0.016083,0.899941
NC_032565.1,NC_032565.1__M__1,M,1,1999,virus,0.9974005222320557,0.019930,0.034223,0.018809,0.020616,0.016705,0.889716
NC_032565.1,NC_032565.1__N__1,N,1,1999,virus,0.9974005222320557,0.019930,0.034223,0.018809,0.020616,0.016705,0.889716
NC_032628.1,NC_032628.1__none__0,none,0,2000,virus,0.9998935461044312,0.196872,0.037370,0.047511,0.031757,0.034384,0.652107
NC_032628.1,NC_032628.1__M__500,M,500,1500,bacteria,0.9999299049377441,0.903167,0.016735,0.012194,0.018569,0.020311,0.029024
NC_032628.1,NC_032628.1__N__500,N,500,1500,bacteria,0.9999299049377441,0.903167,0.016735,0.012194,0.018569,0.020311,0.029024
NC_032628.1,NC_032628.1__M__450,M,450,1550,bacteria,0.9999679327011108,0.926869,0.015026,0.011375,0.014611,0.016268,0.015851
NC_032628.1,NC_032628.1__N__450,N,450,1550,bacteria,0.9999679327011108,0.926869,0.015026,0.011375,0.014611,0.016268,0.015851
NC_032628.1,NC_032628.1__M__400,M,400,1600,bacteria,0.9999769926071167,0.877226,0.025799,0.014198,0.022078,0.022366,0.038334
NC_032628.1,NC_032628.1__N__400,N,400,1600,bacteria,0.9999769926071167,0.877226,0.025799,0.014198,0.022078,0.022366,0.038334
NC_032628.1,NC_032628.1__M__350,M,350,1650,bacteria,0.9999662637710571,0.898672,0.019480,0.012343,0.019216,0.021116,0.029173
NC_032628.1,NC_032628.1__N__350,N,350,1650,bacteria,0.9999662637710571,0.898672,0.019480,0.012343,0.019216,0.021116,0.029173
NC_032628.1,NC_032628.1__M__300,M,300,1700,bacteria,0.9999608993530273,0.840567,0.019279,0.015746,0.025245,0.024882,0.074281
NC_032628.1,NC_032628.1__N__300,N,300,1700,bacteria,0.9999608993530273,0.840567,0.019279,0.015746,0.025245,0.024882,0.074281
NC_032628.1,NC_032628.1__M__250,M,250,1750,bacteria,0.9999589920043945,0.872643,0.014570,0.017303,0.020390,0.021951,0.053143
NC_032628.1,NC_032628.1__N__250,N,250,1750,bacteria,0.9999589920043945,0.872643,0.014570,0.017303,0.020390,0.021951,0.053143
NC_032628.1,NC_032628.1__M__200,M,200,1800,bacteria,0.9999500513076782,0.829306,0.018961,0.019925,0.024433,0.023584,0.083791
NC_032628.1,NC_032628.1__N__200,N,200,1800,bacteria,0.9999500513076782,0.829306,0.018961,0.019925,0.024433,0.023584,0.083791
NC_032628.1,NC_032628.1__M__150,M,150,1850,bacteria,0.9999011754989624,0.825805,0.022402,0.023307,0.024173,0.021744,0.082569
NC_032628.1,NC_032628.1__N__150,N,150,1850,bacteria,0.9999011754989624,0.825805,0.022402,0.023307,0.024173,0.021744,0.082569
NC_032628.1,NC_032628.1__M__100,M,100,1900,bacteria,0.9998639822006226,0.723134,0.031963,0.036324,0.033576,0.026628,0.148374
NC_032628.1,NC_032628.1__N__100,N,100,1900,bacteria,0.9998639822006226,0.723134,0.031963,0.036324,0.033576,0.026628,0.148374
NC_032628.1,NC_032628.1__M__50,M,50,1950,bacteria,0.9998822212219238,0.465801,0.041969,0.053410,0.036225,0.043275,0.359321
NC_032628.1,NC_032628.1__N__50,N,50,1950,bacteria,0.9998822212219238,0.465801,0.041969,0.053410,0.036225,0.043275,0.359321
NC_032628.1,NC_032628.1__M__1,M,1,1999,virus,0.9998944997787476,0.194889,0.037069,0.047259,0.031402,0.034083,0.655297
NC_032628.1,NC_032628.1__N__1,N,1,1999,virus,0.9998944997787476,0.194889,0.037069,0.047259,0.031402,0.034083,0.655297
NC_032632.1,NC_032632.1__none__0,none,0,2000,virus,0.9121002554893494,0.020678,0.035583,0.032137,0.017420,0.014989,0.879194
NC_032632.1,NC_032632.1__M__500,M,500,1500,virus,0.9136475324630737,0.049156,0.018626,0.021804,0.016442,0.013052,0.880920
NC_032632.1,NC_032632.1__N__500,N,500,1500,virus,0.9136475324630737,0.049156,0.018626,0.021804,0.016442,0.013052,0.880920
NC_032632.1,NC_032632.1__M__450,M,450,1550,virus,0.9428771138191223,0.129505,0.024517,0.028093,0.022867,0.019064,0.775954
NC_032632.1,NC_032632.1__N__450,N,450,1550,virus,0.9428771138191223,0.129505,0.024517,0.028093,0.022867,0.019064,0.775954
NC_032632.1,NC_032632.1__M__400,M,400,1600,virus,0.8998609185218811,0.094205,0.021808,0.025752,0.020378,0.015680,0.822177
NC_032632.1,NC_032632.1__N__400,N,400,1600,virus,0.8998609185218811,0.094205,0.021808,0.025752,0.020378,0.015680,0.822177
NC_032632.1,NC_032632.1__M__350,M,350,1650,virus,0.9172687530517578,0.060222,0.020416,0.021626,0.016485,0.012966,0.868285
NC_032632.1,NC_032632.1__N__350,N,350,1650,virus,0.9172687530517578,0.060222,0.020416,0.021626,0.016485,0.012966,0.868285
NC_032632.1,NC_032632.1__M__300,M,300,1700,virus,0.9538521766662598,0.122238,0.028906,0.032519,0.024081,0.017524,0.774732
NC_032632.1,NC_032632.1__N__300,N,300,1700,virus,0.9538521766662598,0.122238,0.028906,0.032519,0.024081,0.017524,0.774732
NC_032632.1,NC_032632.1__M__250,M,250,1750,virus,0.9483916759490967,0.107458,0.026802,0.035403,0.022650,0.017850,0.789837
NC_032632.1,NC_032632.1__N__250,N,250,1750,virus,0.9483916759490967,0.107458,0.026802,0.035403,0.022650,0.017850,0.789837
NC_032632.1,NC_032632.1__M__200,M,200,1800,virus,0.9611386656761169,0.078706,0.027580,0.030589,0.021666,0.014263,0.827197
NC_032632.1,NC_032632.1__N__200,N,200,1800,virus,0.9611386656761169,0.078706,0.027580,0.030589,0.021666,0.014263,0.827197
NC_032632.1,NC_032632.1__M__150,M,150,1850,virus,0.9492252469062805,0.066878,0.040134,0.037986,0.025251,0.016224,0.813528
NC_032632.1,NC_032632.1__N__150,N,150,1850,virus,0.9492252469062805,0.066878,0.040134,0.037986,0.025251,0.016224,0.813528
NC_032632.1,NC_032632.1__M__100,M,100,1900,virus,0.9108942151069641,0.058867,0.047549,0.050472,0.029654,0.023160,0.790298
NC_032632.1,NC_032632.1__N__100,N,100,1900,virus,0.9108942151069641,0.058867,0.047549,0.050472,0.029654,0.023160,0.790298
NC_032632.1,NC_032632.1__M__50,M,50,1950,virus,0.8769504427909851,0.022115,0.029044,0.031582,0.017258,0.014946,0.885055
NC_032632.1,NC_032632.1__N__50,N,50,1950,virus,0.8769504427909851,0.022115,0.029044,0.031582,0.017258,0.014946,0.885055
NC_032632.1,NC_032632.1__M__1,M,1,1999,virus,0.91423499584198,0.021031,0.036010,0.032198,0.017494,0.015145,0.878122
NC_032632.1,NC_032632.1__N__1,N,1,1999,virus,0.91423499584198,0.021031,0.036010,0.032198,0.017494,0.015145,0.878122
NC_032635.1,NC_032635.1__none__0,none,0,2000,phage,0.9996297359466553,0.026003,0.423208,0.326127,0.036244,0.032388,0.156030
NC_032635.1,NC_032635.1__M__500,M,500,1500,bacteria,0.999427080154419,0.499269,0.304198,0.040166,0.051099,0.043889,0.061380
NC_032635.1,NC_032635.1__N__500,N,500,1500,bacteria,0.999427080154419,0.499269,0.304198,0.040166,0.051099,0.043889,0.061380
NC_032635.1,NC_032635.1__M__450,M,450,1550,bacteria,0.999685525894165,0.654501,0.197364,0.034158,0.045687,0.032642,0.035648
NC_032635.1,NC_032635.1__N__450,N,450,1550,bacteria,0.999685525894165,0.654501,0.197364,0.034158,0.045687,0.032642,0.035648
NC_032635.1,NC_032635.1__M__400,M,400,1600,bacteria,0.9996693134307861,0.643770,0.182980,0.040261,0.049998,0.032979,0.050012
NC_032635.1,NC_032635.1__N__400,N,400,1600,bacteria,0.9996693134307861,0.643770,0.182980,0.040261,0.049998,0.032979,0.050012
NC_032635.1,NC_032635.1__M__350,M,350,1650,phage,0.9996241331100464,0.305946,0.347015,0.071119,0.075322,0.041579,0.159019
NC_032635.1,NC_032635.1__N__350,N,350,1650,phage,0.9996241331100464,0.305946,0.347015,0.071119,0.075322,0.041579,0.159019
NC_032635.1,NC_032635.1__M__300,M,300,1700,phage,0.9996036887168884,0.158914,0.404402,0.077542,0.072430,0.049484,0.237228
NC_032635.1,NC_032635.1__N__300,N,300,1700,phage,0.9996036887168884,0.158914,0.404402,0.077542,0.072430,0.049484,0.237228
NC_032635.1,NC_032635.1__M__250,M,250,1750,phage,0.9997027516365051,0.224730,0.451511,0.067851,0.061434,0.060303,0.134171
NC_032635.1,NC_032635.1__N__250,N,250,1750,phage,0.9997027516365051,0.224730,0.451511,0.067851,0.061434,0.060303,0.134171
NC_032635.1,NC_032635.1__M__200,M,200,1800,phage,0.9997164607048035,0.229433,0.535839,0.047707,0.055095,0.054922,0.077004
NC_032635.1,NC_032635.1__N__200,N,200,1800,phage,0.9997164607048035,0.229433,0.535839,0.047707,0.055095,0.054922,0.077004
NC_032635.1,NC_032635.1__M__150,M,150,1850,phage,0.9993677735328674,0.089260,0.739684,0.033074,0.042315,0.047784,0.047884
NC_032635.1,NC_032635.1__N__150,N,150,1850,phage,0.9993677735328674,0.089260,0.739684,0.033074,0.042315,0.047784,0.047884
NC_032635.1,NC_032635.1__M__100,M,100,1900,phage,0.9990220069885254,0.053782,0.737315,0.042913,0.043856,0.051784,0.070350
NC_032635.1,NC_032635.1__N__100,N,100,1900,phage,0.9990220069885254,0.053782,0.737315,0.042913,0.043856,0.051784,0.070350
NC_032635.1,NC_032635.1__M__50,M,50,1950,phage,0.9994388222694397,0.026637,0.567593,0.217899,0.036442,0.032837,0.118592
NC_032635.1,NC_032635.1__N__50,N,50,1950,phage,0.9994388222694397,0.026637,0.567593,0.217899,0.036442,0.032837,0.118592
NC_032635.1,NC_032635.1__M__1,M,1,1999,phage,0.9996280670166016,0.026018,0.425327,0.324510,0.036195,0.032266,0.155684
NC_032635.1,NC_032635.1__N__1,N,1,1999,phage,0.9996280670166016,0.026018,0.425327,0.324510,0.036195,0.032266,0.155684
NC_032637.1,NC_032637.1__none__0,none,0,2000,eukarya,0.974115252494812,0.014045,0.013620,0.928020,0.012976,0.011630,0.019708
NC_032637.1,NC_032637.1__M__500,M,500,1500,bacteria,0.9905235171318054,0.921261,0.017865,0.014165,0.013246,0.020416,0.013046
NC_032637.1,NC_032637.1__N__500,N,500,1500,bacteria,0.9905235171318054,0.921261,0.017865,0.014165,0.013246,0.020416,0.013046
NC_032637.1,NC_032637.1__M__450,M,450,1550,bacteria,0.9932676553726196,0.792613,0.034455,0.034403,0.021264,0.086423,0.030842
NC_032637.1,NC_032637.1__N__450,N,450,1550,bacteria,0.9932676553726196,0.792613,0.034455,0.034403,0.021264,0.086423,0.030842
NC_032637.1,NC_032637.1__M__400,M,400,1600,bacteria,0.9901760220527649,0.525067,0.055547,0.206361,0.043193,0.052221,0.117609
NC_032637.1,NC_032637.1__N__400,N,400,1600,bacteria,0.9901760220527649,0.525067,0.055547,0.206361,0.043193,0.052221,0.117609
NC_032637.1,NC_032637.1__M__350,M,350,1650,bacteria,0.9888243079185486,0.503916,0.035321,0.267492,0.034106,0.023264,0.135900
NC_032637.1,NC_032637.1__N__350,N,350,1650,bacteria,0.9888243079185486,0.503916,0.035321,0.267492,0.034106,0.023264,0.135900
NC_032637.1,NC_032637.1__M__300,M,300,1700,eukarya,0.9863817691802979,0.324311,0.031468,0.473542,0.030210,0.018084,0.122385
NC_032637.1,NC_032637.1__N__300,N,300,1700,eukarya,0.9863817691802979,0.324311,0.031468,0.473542,0.030210,0.018084,0.122385
NC_032637.1,NC_032637.1__M__250,M,250,1750,eukarya,0.9801470637321472,0.184466,0.030307,0.635700,0.029953,0.013379,0.106196
NC_032637.1,NC_032637.1__N__250,N,250,1750,eukarya,0.9801470637321472,0.184466,0.030307,0.635700,0.029953,0.013379,0.106196
NC_032637.1,NC_032637.1__M__200,M,200,1800,eukarya,0.9873803853988647,0.105744,0.025970,0.769773,0.026826,0.011518,0.060168
NC_032637.1,NC_032637.1__N__200,N,200,1800,eukarya,0.9873803853988647,0.105744,0.025970,0.769773,0.026826,0.011518,0.060168
NC_032637.1,NC_032637.1__M__150,M,150,1850,eukarya,0.9834204316139221,0.074905,0.024829,0.806827,0.029996,0.012774,0.050668
NC_032637.1,NC_032637.1__N__150,N,150,1850,eukarya,0.9834204316139221,0.074905,0.024829,0.806827,0.029996,0.012774,0.050668
NC_032637.1,NC_032637.1__M__100,M,100,1900,eukarya,0.962158203125,0.028337,0.015896,0.896257,0.018125,0.009168,0.032217
NC_032637.1,NC_032637.1__N__100,N,100,1900,eukarya,0.962158203125,0.028337,0.015896,0.896257,0.018125,0.009168,0.032217
NC_032637.1,NC_032637.1__M__50,M,50,1950,eukarya,0.9430514574050903,0.014600,0.012021,0.931217,0.012716,0.009751,0.019696
NC_032637.1,NC_032637.1__N__50,N,50,1950,eukarya,0.9430514574050903,0.014600,0.012021,0.931217,0.012716,0.009751,0.019696
NC_032637.1,NC_032637.1__M__1,M,1,1999,eukarya,0.9741615056991577,0.014040,0.013656,0.927955,0.013027,0.011615,0.019707
NC_032637.1,NC_032637.1__N__1,N,1,1999,eukarya,0.9741615056991577,0.014040,0.013656,0.927955,0.013027,0.011615,0.019707
NC_032460.1,NC_032460.1__none__0,none,0,2000,virus,0.5536720752716064,0.030799,0.321653,0.118753,0.039435,0.030990,0.458371
NC_032460.1,NC_032460.1__M__500,M,500,1500,bacteria,0.9716416597366333,0.789175,0.105869,0.022021,0.027582,0.026857,0.028497
NC_032460.1,NC_032460.1__N__500,N,500,1500,bacteria,0.9716416597366333,0.789175,0.105869,0.022021,0.027582,0.026857,0.028497
NC_032460.1,NC_032460.1__M__450,M,450,1550,bacteria,0.9847642779350281,0.744437,0.146991,0.022085,0.029294,0.029006,0.028188
NC_032460.1,NC_032460.1__N__450,N,450,1550,bacteria,0.9847642779350281,0.744437,0.146991,0.022085,0.029294,0.029006,0.028188
NC_032460.1,NC_032460.1__M__400,M,400,1600,bacteria,0.9882643222808838,0.495801,0.223130,0.040269,0.047926,0.040056,0.152817
NC_032460.1,NC_032460.1__N__400,N,400,1600,bacteria,0.9882643222808838,0.495801,0.223130,0.040269,0.047926,0.040056,0.152817
NC_032460.1,NC_032460.1__M__350,M,350,1650,bacteria,0.9883395433425903,0.560843,0.217198,0.036135,0.045947,0.039778,0.100099
NC_032460.1,NC_032460.1__N__350,N,350,1650,bacteria,0.9883395433425903,0.560843,0.217198,0.036135,0.045947,0.039778,0.100099
NC_032460.1,NC_032460.1__M__300,M,300,1700,bacteria,0.9783968329429626,0.552548,0.142847,0.054546,0.052347,0.030169,0.167543
NC_032460.1,NC_032460.1__N__300,N,300,1700,bacteria,0.9783968329429626,0.552548,0.142847,0.054546,0.052347,0.030169,0.167543
NC_032460.1,NC_032460.1__M__250,M,250,1750,virus,0.9400049448013306,0.315435,0.139357,0.084453,0.058652,0.027292,0.374811
NC_032460.1,NC_032460.1__N__250,N,250,1750,virus,0.9400049448013306,0.315435,0.139357,0.084453,0.058652,0.027292,0.374811
NC_032460.1,NC_032460.1__M__200,M,200,1800,bacteria,0.9056870341300964,0.590765,0.171576,0.047311,0.052571,0.038752,0.099025
NC_032460.1,NC_032460.1__N__200,N,200,1800,bacteria,0.9056870341300964,0.590765,0.171576,0.047311,0.052571,0.038752,0.099025
NC_032460.1,NC_032460.1__M__150,M,150,1850,bacteria,0.8099563717842102,0.479936,0.311482,0.043131,0.058741,0.043028,0.063681
NC_032460.1,NC_032460.1__N__150,N,150,1850,bacteria,0.8099563717842102,0.479936,0.311482,0.043131,0.058741,0.043028,0.063681
NC_032460.1,NC_032460.1__M__100,M,100,1900,phage,0.7502959966659546,0.317408,0.467912,0.043130,0.061564,0.045108,0.064877
NC_032460.1,NC_032460.1__N__100,N,100,1900,phage,0.7502959966659546,0.317408,0.467912,0.043130,0.061564,0.045108,0.064877
NC_032460.1,NC_032460.1__M__50,M,50,1950,phage,0.6303330063819885,0.045099,0.500137,0.097872,0.047795,0.032491,0.276607
NC_032460.1,NC_032460.1__N__50,N,50,1950,phage,0.6303330063819885,0.045099,0.500137,0.097872,0.047795,0.032491,0.276607
NC_032460.1,NC_032460.1__M__1,M,1,1999,virus,0.5492814779281616,0.031003,0.325591,0.118349,0.039529,0.030943,0.454584
NC_032460.1,NC_032460.1__N__1,N,1,1999,virus,0.5492814779281616,0.031003,0.325591,0.118349,0.039529,0.030943,0.454584
NC_032197.1,NC_032197.1__none__0,none,0,2000,virus,0.9984136819839478,0.022101,0.024349,0.094601,0.020452,0.019953,0.818542
NC_032197.1,NC_032197.1__M__500,M,500,1500,bacteria,0.9993727803230286,0.789497,0.020998,0.033763,0.023774,0.031144,0.100823
NC_032197.1,NC_032197.1__N__500,N,500,1500,bacteria,0.9993727803230286,0.789497,0.020998,0.033763,0.023774,0.031144,0.100823
NC_032197.1,NC_032197.1__M__450,M,450,1550,bacteria,0.9994335770606995,0.536023,0.024825,0.051264,0.033982,0.028137,0.325769
NC_032197.1,NC_032197.1__N__450,N,450,1550,bacteria,0.9994335770606995,0.536023,0.024825,0.051264,0.033982,0.028137,0.325769
NC_032197.1,NC_032197.1__M__400,M,400,1600,bacteria,0.9995560050010681,0.457954,0.026191,0.063554,0.035060,0.025946,0.391294
NC_032197.1,NC_032197.1__N__400,N,400,1600,bacteria,0.9995560050010681,0.457954,0.026191,0.063554,0.035060,0.025946,0.391294
NC_032197.1,NC_032197.1__M__350,M,350,1650,virus,0.9996472597122192,0.305551,0.027715,0.055169,0.036410,0.023018,0.552137
NC_032197.1,NC_032197.1__N__350,N,350,1650,virus,0.9996472597122192,0.305551,0.027715,0.055169,0.036410,0.023018,0.552137
NC_032197.1,NC_032197.1__M__300,M,300,1700,virus,0.9994133710861206,0.142520,0.019355,0.043082,0.026698,0.013546,0.754799
NC_032197.1,NC_032197.1__N__300,N,300,1700,virus,0.9994133710861206,0.142520,0.019355,0.043082,0.026698,0.013546,0.754799
NC_032197.1,NC_032197.1__M__250,M,250,1750,virus,0.9992432594299316,0.087537,0.018892,0.037058,0.025766,0.011640,0.819107
NC_032197.1,NC_032197.1__N__250,N,250,1750,virus,0.9992432594299316,0.087537,0.018892,0.037058,0.025766,0.011640,0.819107
NC_032197.1,NC_032197.1__M__200,M,200,1800,virus,0.9993707537651062,0.119157,0.024108,0.059358,0.031518,0.012741,0.753118
NC_032197.1,NC_032197.1__N__200,N,200,1800,virus,0.9993707537651062,0.119157,0.024108,0.059358,0.031518,0.012741,0.753118
NC_032197.1,NC_032197.1__M__150,M,150,1850,virus,0.9992899894714355,0.057813,0.021812,0.046489,0.023485,0.010558,0.839843
NC_032197.1,NC_032197.1__N__150,N,150,1850,virus,0.9992899894714355,0.057813,0.021812,0.046489,0.023485,0.010558,0.839843
NC_032197.1,NC_032197.1__M__100,M,100,1900,virus,0.9988061189651489,0.053011,0.022258,0.048720,0.022899,0.011981,0.841131
NC_032197.1,NC_032197.1__N__100,N,100,1900,virus,0.9988061189651489,0.053011,0.022258,0.048720,0.022899,0.011981,0.841131
NC_032197.1,NC_032197.1__M__50,M,50,1950,virus,0.9991379976272583,0.032395,0.027798,0.116434,0.024353,0.017673,0.781347
NC_032197.1,NC_032197.1__N__50,N,50,1950,virus,0.9991379976272583,0.032395,0.027798,0.116434,0.024353,0.017673,0.781347
NC_032197.1,NC_032197.1__M__1,M,1,1999,virus,0.9984185695648193,0.022027,0.024308,0.093353,0.020321,0.019797,0.820193
NC_032197.1,NC_032197.1__N__1,N,1,1999,virus,0.9984185695648193,0.022027,0.024308,0.093353,0.020321,0.019797,0.820193
NC_032277.1,NC_032277.1__none__0,none,0,2000,virus,0.9998754262924194,0.067002,0.096982,0.085242,0.224559,0.056957,0.469258
NC_032277.1,NC_032277.1__M__500,M,500,1500,virus,0.999562680721283,0.141317,0.049537,0.069255,0.122840,0.020520,0.596530
NC_032277.1,NC_032277.1__N__500,N,500,1500,virus,0.999562680721283,0.141317,0.049537,0.069255,0.122840,0.020520,0.596530
NC_032277.1,NC_032277.1__M__450,M,450,1550,virus,0.9997789263725281,0.226341,0.062115,0.066356,0.185726,0.023679,0.435782
NC_032277.1,NC_032277.1__N__450,N,450,1550,virus,0.9997789263725281,0.226341,0.062115,0.066356,0.185726,0.023679,0.435782
NC_032277.1,NC_032277.1__M__400,M,400,1600,bacteria,0.9998262524604797,0.391193,0.071304,0.079488,0.147196,0.027576,0.283243
NC_032277.1,NC_032277.1__N__400,N,400,1600,bacteria,0.9998262524604797,0.391193,0.071304,0.079488,0.147196,0.027576,0.283243
NC_032277.1,NC_032277.1__M__350,M,350,1650,bacteria,0.9998904466629028,0.477363,0.072728,0.065513,0.127879,0.027756,0.228761
NC_032277.1,NC_032277.1__N__350,N,350,1650,bacteria,0.9998904466629028,0.477363,0.072728,0.065513,0.127879,0.027756,0.228761
NC_032277.1,NC_032277.1__M__300,M,300,1700,virus,0.9998804330825806,0.306179,0.075923,0.073212,0.155088,0.028946,0.360652
NC_032277.1,NC_032277.1__N__300,N,300,1700,virus,0.9998804330825806,0.306179,0.075923,0.073212,0.155088,0.028946,0.360652
NC_032277.1,NC_032277.1__M__250,M,250,1750,virus,0.9998766183853149,0.227525,0.084516,0.083225,0.194786,0.034248,0.375700
NC_032277.1,NC_032277.1__N__250,N,250,1750,virus,0.9998766183853149,0.227525,0.084516,0.083225,0.194786,0.034248,0.375700
NC_032277.1,NC_032277.1__M__200,M,200,1800,virus,0.999769389629364,0.213773,0.078455,0.090462,0.273442,0.031720,0.312149
NC_032277.1,NC_032277.1__N__200,N,200,1800,virus,0.999769389629364,0.213773,0.078455,0.090462,0.273442,0.031720,0.312149
NC_032277.1,NC_032277.1__M__150,M,150,1850,archaea,0.9997377991676331,0.090253,0.061555,0.080307,0.382205,0.030248,0.355432
NC_032277.1,NC_032277.1__N__150,N,150,1850,archaea,0.9997377991676331,0.090253,0.061555,0.080307,0.382205,0.030248,0.355432
NC_032277.1,NC_032277.1__M__100,M,100,1900,virus,0.9997187256813049,0.102312,0.091431,0.083106,0.336346,0.043390,0.343415
NC_032277.1,NC_032277.1__N__100,N,100,1900,virus,0.9997187256813049,0.102312,0.091431,0.083106,0.336346,0.043390,0.343415
NC_032277.1,NC_032277.1__M__50,M,50,1950,virus,0.9998519420623779,0.079611,0.105934,0.088732,0.242201,0.058317,0.425205
NC_032277.1,NC_032277.1__N__50,N,50,1950,virus,0.9998519420623779,0.079611,0.105934,0.088732,0.242201,0.058317,0.425205
NC_032277.1,NC_032277.1__M__1,M,1,1999,virus,0.9998751878738403,0.066956,0.096914,0.085359,0.225505,0.057149,0.468116
NC_032277.1,NC_032277.1__N__1,N,1,1999,virus,0.9998751878738403,0.066956,0.096914,0.085359,0.225505,0.057149,0.468116
NC_032129.1,NC_032129.1__none__0,none,0,2000,virus,0.8271530270576477,0.064574,0.072804,0.107941,0.036198,0.044946,0.673538
NC_032129.1,NC_032129.1__M__500,M,500,1500,virus,0.6137164831161499,0.217872,0.047670,0.061283,0.030535,0.035815,0.606825
NC_032129.1,NC_032129.1__N__500,N,500,1500,virus,0.6137164831161499,0.217872,0.047670,0.061283,0.030535,0.035815,0.606825
NC_032129.1,NC_032129.1__M__450,M,450,1550,virus,0.679242730140686,0.170811,0.042848,0.056129,0.027896,0.035973,0.666343
NC_032129.1,NC_032129.1__N__450,N,450,1550,virus,0.679242730140686,0.170811,0.042848,0.056129,0.027896,0.035973,0.666343
NC_032129.1,NC_032129.1__M__400,M,400,1600,bacteria,0.7272661924362183,0.428680,0.060077,0.057046,0.034823,0.064329,0.355045
NC_032129.1,NC_032129.1__N__400,N,400,1600,bacteria,0.7272661924362183,0.428680,0.060077,0.057046,0.034823,0.064329,0.355045
NC_032129.1,NC_032129.1__M__350,M,350,1650,bacteria,0.7077056169509888,0.457683,0.037527,0.075133,0.032659,0.045973,0.351025
NC_032129.1,NC_032129.1__N__350,N,350,1650,bacteria,0.7077056169509888,0.457683,0.037527,0.075133,0.032659,0.045973,0.351025
NC_032129.1,NC_032129.1__M__300,M,300,1700,virus,0.8172544836997986,0.227607,0.036754,0.089671,0.030528,0.052130,0.563310
NC_032129.1,NC_032129.1__N__300,N,300,1700,virus,0.8172544836997986,0.227607,0.036754,0.089671,0.030528,0.052130,0.563310
NC_032129.1,NC_032129.1__M__250,M,250,1750,virus,0.867724597454071,0.277559,0.046286,0.112144,0.033891,0.075917,0.454204
NC_032129.1,NC_032129.1__N__250,N,250,1750,virus,0.867724597454071,0.277559,0.046286,0.112144,0.033891,0.075917,0.454204
NC_032129.1,NC_032129.1__M__200,M,200,1800,virus,0.8809647560119629,0.237051,0.053955,0.104158,0.034641,0.068179,0.502016
NC_032129.1,NC_032129.1__N__200,N,200,1800,virus,0.8809647560119629,0.237051,0.053955,0.104158,0.034641,0.068179,0.502016
NC_032129.1,NC_032129.1__M__150,M,150,1850,virus,0.8530286550521851,0.149693,0.082039,0.098043,0.037355,0.068561,0.564309
NC_032129.1,NC_032129.1__N__150,N,150,1850,virus,0.8530286550521851,0.149693,0.082039,0.098043,0.037355,0.068561,0.564309
NC_032129.1,NC_032129.1__M__100,M,100,1900,virus,0.7842572331428528,0.112216,0.117544,0.102202,0.045506,0.071591,0.550941
NC_032129.1,NC_032129.1__N__100,N,100,1900,virus,0.7842572331428528,0.112216,0.117544,0.102202,0.045506,0.071591,0.550941
NC_032129.1,NC_032129.1__M__50,M,50,1950,virus,0.8756034970283508,0.136053,0.099060,0.142136,0.057982,0.077528,0.487240
NC_032129.1,NC_032129.1__N__50,N,50,1950,virus,0.8756034970283508,0.136053,0.099060,0.142136,0.057982,0.077528,0.487240
NC_032129.1,NC_032129.1__M__1,M,1,1999,virus,0.826934814453125,0.064057,0.072873,0.107533,0.036037,0.044601,0.674899
NC_032129.1,NC_032129.1__N__1,N,1,1999,virus,0.826934814453125,0.064057,0.072873,0.107533,0.036037,0.044601,0.674899
NC_032154.1,NC_032154.1__none__0,none,0,2000,virus,0.999742329120636,0.022874,0.025196,0.069329,0.038975,0.023676,0.819950
NC_032154.1,NC_032154.1__M__500,M,500,1500,bacteria,0.9999594688415527,0.852191,0.029919,0.039097,0.032072,0.015647,0.031073
NC_032154.1,NC_032154.1__N__500,N,500,1500,bacteria,0.9999594688415527,0.852191,0.029919,0.039097,0.032072,0.015647,0.031073
NC_032154.1,NC_032154.1__M__450,M,450,1550,bacteria,0.9999417066574097,0.831845,0.037535,0.037090,0.039267,0.015556,0.038708
NC_032154.1,NC_032154.1__N__450,N,450,1550,bacteria,0.9999417066574097,0.831845,0.037535,0.037090,0.039267,0.015556,0.038708
NC_032154.1,NC_032154.1__M__400,M,400,1600,bacteria,0.9999632835388184,0.748550,0.050898,0.064855,0.053308,0.019106,0.063282
NC_032154.1,NC_032154.1__N__400,N,400,1600,bacteria,0.9999632835388184,0.748550,0.050898,0.064855,0.053308,0.019106,0.063282
NC_032154.1,NC_032154.1__M__350,M,350,1650,bacteria,0.9999693632125854,0.765876,0.039456,0.061853,0.036638,0.015904,0.080273
NC_032154.1,NC_032154.1__N__350,N,350,1650,bacteria,0.9999693632125854,0.765876,0.039456,0.061853,0.036638,0.015904,0.080273
NC_032154.1,NC_032154.1__M__300,M,300,1700,bacteria,0.9999679327011108,0.834835,0.038390,0.037507,0.038230,0.017874,0.033164
NC_032154.1,NC_032154.1__N__300,N,300,1700,bacteria,0.9999679327011108,0.834835,0.038390,0.037507,0.038230,0.017874,0.033164
NC_032154.1,NC_032154.1__M__250,M,250,1750,bacteria,0.9999390840530396,0.519002,0.065575,0.094772,0.046591,0.031543,0.242517
NC_032154.1,NC_032154.1__N__250,N,250,1750,bacteria,0.9999390840530396,0.519002,0.065575,0.094772,0.046591,0.031543,0.242517
NC_032154.1,NC_032154.1__M__200,M,200,1800,virus,0.9999254941940308,0.355659,0.050570,0.103027,0.042468,0.022747,0.425529
NC_032154.1,NC_032154.1__N__200,N,200,1800,virus,0.9999254941940308,0.355659,0.050570,0.103027,0.042468,0.022747,0.425529
NC_032154.1,NC_032154.1__M__150,M,150,1850,virus,0.9998761415481567,0.225251,0.058531,0.103543,0.148814,0.024554,0.439307
NC_032154.1,NC_032154.1__N__150,N,150,1850,virus,0.9998761415481567,0.225251,0.058531,0.103543,0.148814,0.024554,0.439307
NC_032154.1,NC_032154.1__M__100,M,100,1900,virus,0.9997747540473938,0.104240,0.046282,0.133524,0.083743,0.024351,0.607860
NC_032154.1,NC_032154.1__N__100,N,100,1900,virus,0.9997747540473938,0.104240,0.046282,0.133524,0.083743,0.024351,0.607860
NC_032154.1,NC_032154.1__M__50,M,50,1950,virus,0.9996964931488037,0.028303,0.030679,0.073460,0.051463,0.024566,0.791529
NC_032154.1,NC_032154.1__N__50,N,50,1950,virus,0.9996964931488037,0.028303,0.030679,0.073460,0.051463,0.024566,0.791529
NC_032154.1,NC_032154.1__M__1,M,1,1999,virus,0.9997431635856628,0.022850,0.025241,0.070108,0.038728,0.023887,0.819186
NC_032154.1,NC_032154.1__N__1,N,1,1999,virus,0.9997431635856628,0.022850,0.025241,0.070108,0.038728,0.023887,0.819186
NC_032113.1,NC_032113.1__none__0,none,0,2000,virus,0.9877259135246277,0.034947,0.068062,0.220646,0.031124,0.031113,0.614109
NC_032113.1,NC_032113.1__M__500,M,500,1500,bacteria,0.9930403232574463,0.699708,0.115245,0.051511,0.032350,0.030206,0.070980
NC_032113.1,NC_032113.1__N__500,N,500,1500,bacteria,0.9930403232574463,0.699708,0.115245,0.051511,0.032350,0.030206,0.070980
NC_032113.1,NC_032113.1__M__450,M,450,1550,bacteria,0.9954063892364502,0.710095,0.096058,0.059608,0.032811,0.035764,0.065664
NC_032113.1,NC_032113.1__N__450,N,450,1550,bacteria,0.9954063892364502,0.710095,0.096058,0.059608,0.032811,0.035764,0.065664
NC_032113.1,NC_032113.1__M__400,M,400,1600,bacteria,0.9970000386238098,0.667129,0.098815,0.070641,0.034811,0.036457,0.092147
NC_032113.1,NC_032113.1__N__400,N,400,1600,bacteria,0.9970000386238098,0.667129,0.098815,0.070641,0.034811,0.036457,0.092147
NC_032113.1,NC_032113.1__M__350,M,350,1650,bacteria,0.9966927766799927,0.739250,0.067383,0.068519,0.029993,0.031990,0.062865
NC_032113.1,NC_032113.1__N__350,N,350,1650,bacteria,0.9966927766799927,0.739250,0.067383,0.068519,0.029993,0.031990,0.062865
NC_032113.1,NC_032113.1__M__300,M,300,1700,bacteria,0.9958970546722412,0.795934,0.058675,0.048894,0.026303,0.029335,0.040859
NC_032113.1,NC_032113.1__N__300,N,300,1700,bacteria,0.9958970546722412,0.795934,0.058675,0.048894,0.026303,0.029335,0.040859
NC_032113.1,NC_032113.1__M__250,M,250,1750,bacteria,0.9928800463676453,0.792059,0.055947,0.046458,0.026817,0.035078,0.043641
NC_032113.1,NC_032113.1__N__250,N,250,1750,bacteria,0.9928800463676453,0.792059,0.055947,0.046458,0.026817,0.035078,0.043641
NC_032113.1,NC_032113.1__M__200,M,200,1800,virus,0.9914851784706116,0.292072,0.119562,0.154949,0.042404,0.067481,0.323533
NC_032113.1,NC_032113.1__N__200,N,200,1800,virus,0.9914851784706116,0.292072,0.119562,0.154949,0.042404,0.067481,0.323533
NC_032113.1,NC_032113.1__M__150,M,150,1850,virus,0.9865089058876038,0.183624,0.137913,0.229271,0.048071,0.052595,0.348525
NC_032113.1,NC_032113.1__N__150,N,150,1850,virus,0.9865089058876038,0.183624,0.137913,0.229271,0.048071,0.052595,0.348525
NC_032113.1,NC_032113.1__M__100,M,100,1900,virus,0.9762060642242432,0.163391,0.113111,0.259758,0.046654,0.057012,0.360074
NC_032113.1,NC_032113.1__N__100,N,100,1900,virus,0.9762060642242432,0.163391,0.113111,0.259758,0.046654,0.057012,0.360074
NC_032113.1,NC_032113.1__M__50,M,50,1950,eukarya,0.9734774231910706,0.042993,0.077691,0.445303,0.031904,0.032186,0.369923
NC_032113.1,NC_032113.1__N__50,N,50,1950,eukarya,0.9734774231910706,0.042993,0.077691,0.445303,0.031904,0.032186,0.369923
NC_032113.1,NC_032113.1__M__1,M,1,1999,virus,0.9877116084098816,0.034853,0.067989,0.218950,0.031151,0.031395,0.615663
NC_032113.1,NC_032113.1__N__1,N,1,1999,virus,0.9877116084098816,0.034853,0.067989,0.218950,0.031151,0.031395,0.615663
NC_032087.1,NC_032087.1__none__0,none,0,2000,virus,0.9731388688087463,0.030534,0.064816,0.159677,0.026567,0.027125,0.691280
NC_032087.1,NC_032087.1__M__500,M,500,1500,virus,0.965639054775238,0.121873,0.041977,0.221592,0.032119,0.022572,0.559867
NC_032087.1,NC_032087.1__N__500,N,500,1500,virus,0.965639054775238,0.121873,0.041977,0.221592,0.032119,0.022572,0.559867
NC_032087.1,NC_032087.1__M__450,M,450,1550,virus,0.9744873046875,0.253151,0.051660,0.291995,0.036427,0.024525,0.342243
NC_032087.1,NC_032087.1__N__450,N,450,1550,virus,0.9744873046875,0.253151,0.051660,0.291995,0.036427,0.024525,0.342243
NC_032087.1,NC_032087.1__M__400,M,400,1600,eukarya,0.97372967004776,0.204134,0.043583,0.348082,0.033647,0.024313,0.346242
NC_032087.1,NC_032087.1__N__400,N,400,1600,eukarya,0.97372967004776,0.204134,0.043583,0.348082,0.033647,0.024313,0.346242
NC_032087.1,NC_032087.1__M__350,M,350,1650,eukarya,0.9810032844543457,0.218810,0.043265,0.392782,0.033834,0.031749,0.279560
NC_032087.1,NC_032087.1__N__350,N,350,1650,eukarya,0.9810032844543457,0.218810,0.043265,0.392782,0.033834,0.031749,0.279560
NC_032087.1,NC_032087.1__M__300,M,300,1700,eukarya,0.9898303151130676,0.156810,0.038727,0.393485,0.035761,0.025005,0.350212
NC_032087.1,NC_032087.1__N__300,N,300,1700,eukarya,0.9898303151130676,0.156810,0.038727,0.393485,0.035761,0.025005,0.350212
NC_032087.1,NC_032087.1__M__250,M,250,1750,eukarya,0.9857848286628723,0.106738,0.040797,0.475745,0.036266,0.021848,0.318607
NC_032087.1,NC_032087.1__N__250,N,250,1750,eukarya,0.9857848286628723,0.106738,0.040797,0.475745,0.036266,0.021848,0.318607
NC_032087.1,NC_032087.1__M__200,M,200,1800,virus,0.9850608706474304,0.085093,0.044517,0.281915,0.034012,0.022961,0.531503
NC_032087.1,NC_032087.1__N__200,N,200,1800,virus,0.9850608706474304,0.085093,0.044517,0.281915,0.034012,0.022961,0.531503
NC_032087.1,NC_032087.1__M__150,M,150,1850,virus,0.9800302386283875,0.081197,0.056733,0.356473,0.036828,0.024033,0.444736
NC_032087.1,NC_032087.1__N__150,N,150,1850,virus,0.9800302386283875,0.081197,0.056733,0.356473,0.036828,0.024033,0.444736
NC_032087.1,NC_032087.1__M__100,M,100,1900,virus,0.9694250822067261,0.050868,0.051479,0.390947,0.033885,0.027872,0.444950
NC_032087.1,NC_032087.1__N__100,N,100,1900,virus,0.9694250822067261,0.050868,0.051479,0.390947,0.033885,0.027872,0.444950
NC_032087.1,NC_032087.1__M__50,M,50,1950,virus,0.9604550004005432,0.034983,0.066398,0.388295,0.031352,0.032466,0.446505
NC_032087.1,NC_032087.1__N__50,N,50,1950,virus,0.9604550004005432,0.034983,0.066398,0.388295,0.031352,0.032466,0.446505
NC_032087.1,NC_032087.1__M__1,M,1,1999,virus,0.9728481769561768,0.030605,0.064785,0.159718,0.026614,0.027049,0.691229
NC_032087.1,NC_032087.1__N__1,N,1,1999,virus,0.9728481769561768,0.030605,0.064785,0.159718,0.026614,0.027049,0.691229
NC_031691.1,NC_031691.1__none__0,none,0,2000,virus,0.8562292456626892,0.011632,0.016549,0.011902,0.012588,0.014071,0.933258
NC_031691.1,NC_031691.1__M__500,M,500,1500,virus,0.9913848638534546,0.033002,0.024102,0.036183,0.024861,0.017638,0.864214
NC_031691.1,NC_031691.1__N__500,N,500,1500,virus,0.9913848638534546,0.033002,0.024102,0.036183,0.024861,0.017638,0.864214
NC_031691.1,NC_031691.1__M__450,M,450,1550,virus,0.995794415473938,0.013974,0.016939,0.019927,0.015233,0.014364,0.919562
NC_031691.1,NC_031691.1__N__450,N,450,1550,virus,0.995794415473938,0.013974,0.016939,0.019927,0.015233,0.014364,0.919562
NC_031691.1,NC_031691.1__M__400,M,400,1600,virus,0.9943819642066956,0.011492,0.015990,0.015073,0.013608,0.013778,0.930059
NC_031691.1,NC_031691.1__N__400,N,400,1600,virus,0.9943819642066956,0.011492,0.015990,0.015073,0.013608,0.013778,0.930059
NC_031691.1,NC_031691.1__M__350,M,350,1650,virus,0.9926432967185974,0.013631,0.015196,0.015111,0.012869,0.011896,0.931297
NC_031691.1,NC_031691.1__N__350,N,350,1650,virus,0.9926432967185974,0.013631,0.015196,0.015111,0.012869,0.011896,0.931297
NC_031691.1,NC_031691.1__M__300,M,300,1700,virus,0.988200306892395,0.014031,0.015955,0.014586,0.013663,0.012343,0.929422
NC_031691.1,NC_031691.1__N__300,N,300,1700,virus,0.988200306892395,0.014031,0.015955,0.014586,0.013663,0.012343,0.929422
NC_031691.1,NC_031691.1__M__250,M,250,1750,virus,0.9900200366973877,0.013435,0.016325,0.014720,0.013502,0.012308,0.929710
NC_031691.1,NC_031691.1__N__250,N,250,1750,virus,0.9900200366973877,0.013435,0.016325,0.014720,0.013502,0.012308,0.929710
NC_031691.1,NC_031691.1__M__200,M,200,1800,virus,0.9883368611335754,0.012746,0.016655,0.014461,0.013663,0.013126,0.929349
NC_031691.1,NC_031691.1__N__200,N,200,1800,virus,0.9883368611335754,0.012746,0.016655,0.014461,0.013663,0.013126,0.929349
NC_031691.1,NC_031691.1__M__150,M,150,1850,virus,0.9916793704032898,0.012021,0.016337,0.014713,0.013523,0.013760,0.929647
NC_031691.1,NC_031691.1__N__150,N,150,1850,virus,0.9916793704032898,0.012021,0.016337,0.014713,0.013523,0.013760,0.929647
NC_031691.1,NC_031691.1__M__100,M,100,1900,virus,0.9805313944816589,0.012096,0.016824,0.015093,0.013549,0.014175,0.928263
NC_031691.1,NC_031691.1__N__100,N,100,1900,virus,0.9805313944816589,0.012096,0.016824,0.015093,0.013549,0.014175,0.928263
NC_031691.1,NC_031691.1__M__50,M,50,1950,virus,0.9227797985076904,0.012011,0.016703,0.012736,0.012741,0.014433,0.931375
NC_031691.1,NC_031691.1__N__50,N,50,1950,virus,0.9227797985076904,0.012011,0.016703,0.012736,0.012741,0.014433,0.931375
NC_031691.1,NC_031691.1__M__1,M,1,1999,virus,0.8587542772293091,0.011633,0.016578,0.011902,0.012597,0.014076,0.933215
NC_031691.1,NC_031691.1__N__1,N,1,1999,virus,0.8587542772293091,0.011633,0.016578,0.011902,0.012597,0.014076,0.933215
NC_031282.1,NC_031282.1__none__0,none,0,2000,virus,0.9974996447563171,0.017035,0.105254,0.046270,0.021477,0.020200,0.789765
NC_031282.1,NC_031282.1__M__500,M,500,1500,virus,0.9961407780647278,0.041647,0.074602,0.037239,0.033534,0.026606,0.786372
NC_031282.1,NC_031282.1__N__500,N,500,1500,virus,0.9961407780647278,0.041647,0.074602,0.037239,0.033534,0.026606,0.786372
NC_031282.1,NC_031282.1__M__450,M,450,1550,virus,0.9982163310050964,0.138938,0.241470,0.063277,0.072948,0.062850,0.420517
NC_031282.1,NC_031282.1__N__450,N,450,1550,virus,0.9982163310050964,0.138938,0.241470,0.063277,0.072948,0.062850,0.420517
NC_031282.1,NC_031282.1__M__400,M,400,1600,virus,0.999076247215271,0.080577,0.184946,0.057888,0.056724,0.041830,0.578034
NC_031282.1,NC_031282.1__N__400,N,400,1600,virus,0.999076247215271,0.080577,0.184946,0.057888,0.056724,0.041830,0.578034
NC_031282.1,NC_031282.1__M__350,M,350,1650,virus,0.9987161159515381,0.036949,0.061924,0.040543,0.032337,0.025730,0.802518
NC_031282.1,NC_031282.1__N__350,N,350,1650,virus,0.9987161159515381,0.036949,0.061924,0.040543,0.032337,0.025730,0.802518
NC_031282.1,NC_031282.1__M__300,M,300,1700,virus,0.9987807869911194,0.025312,0.039616,0.028687,0.023863,0.020900,0.861621
NC_031282.1,NC_031282.1__N__300,N,300,1700,virus,0.9987807869911194,0.025312,0.039616,0.028687,0.023863,0.020900,0.861621
NC_031282.1,NC_031282.1__M__250,M,250,1750,virus,0.9985492825508118,0.036908,0.061767,0.032866,0.032330,0.027934,0.808194
NC_031282.1,NC_031282.1__N__250,N,250,1750,virus,0.9985492825508118,0.036908,0.061767,0.032866,0.032330,0.027934,0.808194
NC_031282.1,NC_031282.1__M__200,M,200,1800,virus,0.9980729818344116,0.054529,0.112316,0.045006,0.049185,0.040243,0.698721
NC_031282.1,NC_031282.1__N__200,N,200,1800,virus,0.9980729818344116,0.054529,0.112316,0.045006,0.049185,0.040243,0.698721
NC_031282.1,NC_031282.1__M__150,M,150,1850,virus,0.9964125752449036,0.032217,0.093555,0.039842,0.041609,0.031724,0.761053
NC_031282.1,NC_031282.1__N__150,N,150,1850,virus,0.9964125752449036,0.032217,0.093555,0.039842,0.041609,0.031724,0.761053
NC_031282.1,NC_031282.1__M__100,M,100,1900,virus,0.9945691823959351,0.027105,0.157907,0.048770,0.042790,0.031781,0.691648
NC_031282.1,NC_031282.1__N__100,N,100,1900,virus,0.9945691823959351,0.027105,0.157907,0.048770,0.042790,0.031781,0.691648
NC_031282.1,NC_031282.1__M__50,M,50,1950,virus,0.9963575005531311,0.019080,0.156752,0.054882,0.028949,0.023982,0.716355
NC_031282.1,NC_031282.1__N__50,N,50,1950,virus,0.9963575005531311,0.019080,0.156752,0.054882,0.028949,0.023982,0.716355
NC_031282.1,NC_031282.1__M__1,M,1,1999,virus,0.9974946975708008,0.017023,0.104853,0.046143,0.021451,0.019940,0.790589
NC_031282.1,NC_031282.1__N__1,N,1,1999,virus,0.9974946975708008,0.017023,0.104853,0.046143,0.021451,0.019940,0.790589
NC_031079.1,NC_031079.1__none__0,none,0,2000,virus,0.9952321648597717,0.013038,0.022708,0.040714,0.013601,0.019509,0.890429
NC_031079.1,NC_031079.1__M__500,M,500,1500,virus,0.9993933439254761,0.070556,0.027356,0.031470,0.025182,0.016315,0.829122
NC_031079.1,NC_031079.1__N__500,N,500,1500,virus,0.9993933439254761,0.070556,0.027356,0.031470,0.025182,0.016315,0.829122
NC_031079.1,NC_031079.1__M__450,M,450,1550,virus,0.9994786381721497,0.100553,0.035108,0.037550,0.030218,0.018409,0.778163
NC_031079.1,NC_031079.1__N__450,N,450,1550,virus,0.9994786381721497,0.100553,0.035108,0.037550,0.030218,0.018409,0.778163
NC_031079.1,NC_031079.1__M__400,M,400,1600,virus,0.9995251893997192,0.208998,0.047095,0.043273,0.039880,0.024798,0.635955
NC_031079.1,NC_031079.1__N__400,N,400,1600,virus,0.9995251893997192,0.208998,0.047095,0.043273,0.039880,0.024798,0.635955
NC_031079.1,NC_031079.1__M__350,M,350,1650,virus,0.9994189739227295,0.241252,0.038573,0.041623,0.035880,0.022203,0.620469
NC_031079.1,NC_031079.1__N__350,N,350,1650,virus,0.9994189739227295,0.241252,0.038573,0.041623,0.035880,0.022203,0.620469
NC_031079.1,NC_031079.1__M__300,M,300,1700,virus,0.9994220733642578,0.350056,0.047716,0.039523,0.042673,0.028667,0.491365
NC_031079.1,NC_031079.1__N__300,N,300,1700,virus,0.9994220733642578,0.350056,0.047716,0.039523,0.042673,0.028667,0.491365
NC_031079.1,NC_031079.1__M__250,M,250,1750,virus,0.9992832541465759,0.108781,0.028174,0.033625,0.026988,0.016251,0.786181
NC_031079.1,NC_031079.1__N__250,N,250,1750,virus,0.9992832541465759,0.108781,0.028174,0.033625,0.026988,0.016251,0.786181
NC_031079.1,NC_031079.1__M__200,M,200,1800,virus,0.9992495179176331,0.124966,0.031147,0.035057,0.027372,0.018559,0.762900
NC_031079.1,NC_031079.1__N__200,N,200,1800,virus,0.9992495179176331,0.124966,0.031147,0.035057,0.027372,0.018559,0.762900
NC_031079.1,NC_031079.1__M__150,M,150,1850,virus,0.9987868666648865,0.068774,0.034399,0.032765,0.027563,0.020266,0.816232
NC_031079.1,NC_031079.1__N__150,N,150,1850,virus,0.9987868666648865,0.068774,0.034399,0.032765,0.027563,0.020266,0.816232
NC_031079.1,NC_031079.1__M__100,M,100,1900,virus,0.9978749752044678,0.061400,0.061073,0.042171,0.040222,0.037039,0.758096
NC_031079.1,NC_031079.1__N__100,N,100,1900,virus,0.9978749752044678,0.061400,0.061073,0.042171,0.040222,0.037039,0.758096
NC_031079.1,NC_031079.1__M__50,M,50,1950,virus,0.9945777654647827,0.018498,0.022709,0.055736,0.017555,0.018672,0.866829
NC_031079.1,NC_031079.1__N__50,N,50,1950,virus,0.9945777654647827,0.018498,0.022709,0.055736,0.017555,0.018672,0.866829
NC_031079.1,NC_031079.1__M__1,M,1,1999,virus,0.9952151775360107,0.012930,0.022513,0.039757,0.013414,0.019251,0.892136
NC_031079.1,NC_031079.1__N__1,N,1,1999,virus,0.9952151775360107,0.012930,0.022513,0.039757,0.013414,0.019251,0.892136
NC_031143.1,NC_031143.1__none__0,none,0,2000,virus,0.9983258843421936,0.020753,0.041267,0.020297,0.017521,0.017190,0.882973
NC_031143.1,NC_031143.1__M__500,M,500,1500,bacteria,0.9992115497589111,0.531186,0.083640,0.026948,0.045502,0.026835,0.285890
NC_031143.1,NC_031143.1__N__500,N,500,1500,bacteria,0.9992115497589111,0.531186,0.083640,0.026948,0.045502,0.026835,0.285890
NC_031143.1,NC_031143.1__M__450,M,450,1550,bacteria,0.9994027614593506,0.602075,0.066418,0.025586,0.042317,0.027559,0.236045
NC_031143.1,NC_031143.1__N__450,N,450,1550,bacteria,0.9994027614593506,0.602075,0.066418,0.025586,0.042317,0.027559,0.236045
NC_031143.1,NC_031143.1__M__400,M,400,1600,bacteria,0.9995966553688049,0.448815,0.066505,0.029848,0.047441,0.026009,0.381382
NC_031143.1,NC_031143.1__N__400,N,400,1600,bacteria,0.9995966553688049,0.448815,0.066505,0.029848,0.047441,0.026009,0.381382
NC_031143.1,NC_031143.1__M__350,M,350,1650,bacteria,0.9996143579483032,0.458491,0.055688,0.028256,0.044868,0.025150,0.387548
NC_031143.1,NC_031143.1__N__350,N,350,1650,bacteria,0.9996143579483032,0.458491,0.055688,0.028256,0.044868,0.025150,0.387548
NC_031143.1,NC_031143.1__M__300,M,300,1700,virus,0.9997237324714661,0.339616,0.060347,0.030938,0.049501,0.024373,0.495225
NC_031143.1,NC_031143.1__N__300,N,300,1700,virus,0.9997237324714661,0.339616,0.060347,0.030938,0.049501,0.024373,0.495225
NC_031143.1,NC_031143.1__M__250,M,250,1750,virus,0.999576985836029,0.219980,0.052394,0.032485,0.042320,0.020978,0.631844
NC_031143.1,NC_031143.1__N__250,N,250,1750,virus,0.999576985836029,0.219980,0.052394,0.032485,0.042320,0.020978,0.631844
NC_031143.1,NC_031143.1__M__200,M,200,1800,virus,0.9996389150619507,0.142051,0.052153,0.031389,0.040445,0.019558,0.714405
NC_031143.1,NC_031143.1__N__200,N,200,1800,virus,0.9996389150619507,0.142051,0.052153,0.031389,0.040445,0.019558,0.714405
NC_031143.1,NC_031143.1__M__150,M,150,1850,virus,0.999614953994751,0.148687,0.162416,0.029763,0.056840,0.029756,0.572539
NC_031143.1,NC_031143.1__N__150,N,150,1850,virus,0.999614953994751,0.148687,0.162416,0.029763,0.056840,0.029756,0.572539
NC_031143.1,NC_031143.1__M__100,M,100,1900,virus,0.999242901802063,0.059324,0.071714,0.023609,0.036087,0.024578,0.784689
NC_031143.1,NC_031143.1__N__100,N,100,1900,virus,0.999242901802063,0.059324,0.071714,0.023609,0.036087,0.024578,0.784689
NC_031143.1,NC_031143.1__M__50,M,50,1950,virus,0.9985153079032898,0.027050,0.059411,0.025012,0.023138,0.018316,0.847074
NC_031143.1,NC_031143.1__N__50,N,50,1950,virus,0.9985153079032898,0.027050,0.059411,0.025012,0.023138,0.018316,0.847074
NC_031143.1,NC_031143.1__M__1,M,1,1999,virus,0.9983349442481995,0.020666,0.041081,0.020255,0.017487,0.017185,0.883324
NC_031143.1,NC_031143.1__N__1,N,1,1999,virus,0.9983349442481995,0.020666,0.041081,0.020255,0.017487,0.017185,0.883324
NC_030746.1,NC_030746.1__none__0,none,0,2000,virus,0.9799544215202332,0.016169,0.022964,0.048092,0.014815,0.014725,0.883236
NC_030746.1,NC_030746.1__M__500,M,500,1500,virus,0.9969314336776733,0.033880,0.017282,0.025913,0.016200,0.011679,0.895046
NC_030746.1,NC_030746.1__N__500,N,500,1500,virus,0.9969314336776733,0.033880,0.017282,0.025913,0.016200,0.011679,0.895046
NC_030746.1,NC_030746.1__M__450,M,450,1550,virus,0.9977381229400635,0.024749,0.014871,0.019425,0.013433,0.009867,0.917654
NC_030746.1,NC_030746.1__N__450,N,450,1550,virus,0.9977381229400635,0.024749,0.014871,0.019425,0.013433,0.009867,0.917654
NC_030746.1,NC_030746.1__M__400,M,400,1600,virus,0.9971996545791626,0.050982,0.020685,0.041598,0.019659,0.012529,0.854547
NC_030746.1,NC_030746.1__N__400,N,400,1600,virus,0.9971996545791626,0.050982,0.020685,0.041598,0.019659,0.012529,0.854547
NC_030746.1,NC_030746.1__M__350,M,350,1650,virus,0.9969493746757507,0.026921,0.015512,0.028192,0.014181,0.009827,0.905368
NC_030746.1,NC_030746.1__N__350,N,350,1650,virus,0.9969493746757507,0.026921,0.015512,0.028192,0.014181,0.009827,0.905368
NC_030746.1,NC_030746.1__M__300,M,300,1700,virus,0.9973345994949341,0.036126,0.016771,0.026270,0.015892,0.010013,0.894927
NC_030746.1,NC_030746.1__N__300,N,300,1700,virus,0.9973345994949341,0.036126,0.016771,0.026270,0.015892,0.010013,0.894927
NC_030746.1,NC_030746.1__M__250,M,250,1750,virus,0.9976106882095337,0.030821,0.017759,0.031842,0.016026,0.010647,0.892905
NC_030746.1,NC_030746.1__N__250,N,250,1750,virus,0.9976106882095337,0.030821,0.017759,0.031842,0.016026,0.010647,0.892905
NC_030746.1,NC_030746.1__M__200,M,200,1800,virus,0.9975632429122925,0.032852,0.019812,0.035569,0.017451,0.012390,0.881925
NC_030746.1,NC_030746.1__N__200,N,200,1800,virus,0.9975632429122925,0.032852,0.019812,0.035569,0.017451,0.012390,0.881925
NC_030746.1,NC_030746.1__M__150,M,150,1850,virus,0.9971330165863037,0.085578,0.048606,0.108225,0.038952,0.032927,0.685713
NC_030746.1,NC_030746.1__N__150,N,150,1850,virus,0.9971330165863037,0.085578,0.048606,0.108225,0.038952,0.032927,0.685713
NC_030746.1,NC_030746.1__M__100,M,100,1900,virus,0.9937998652458191,0.038402,0.034326,0.099107,0.027153,0.023433,0.777579
NC_030746.1,NC_030746.1__N__100,N,100,1900,virus,0.9937998652458191,0.038402,0.034326,0.099107,0.027153,0.023433,0.777579
NC_030746.1,NC_030746.1__M__50,M,50,1950,virus,0.9761592745780945,0.023251,0.028211,0.066355,0.018005,0.016395,0.847783
NC_030746.1,NC_030746.1__N__50,N,50,1950,virus,0.9761592745780945,0.023251,0.028211,0.066355,0.018005,0.016395,0.847783
NC_030746.1,NC_030746.1__M__1,M,1,1999,virus,0.9799781441688538,0.016232,0.022926,0.047925,0.014825,0.014835,0.883257
NC_030746.1,NC_030746.1__N__1,N,1,1999,virus,0.9799781441688538,0.016232,0.022926,0.047925,0.014825,0.014835,0.883257
NC_030446.1,NC_030446.1__none__0,none,0,2000,virus,0.9737154245376587,0.012407,0.010859,0.013234,0.010565,0.007809,0.945126
NC_030446.1,NC_030446.1__M__500,M,500,1500,virus,0.9678412079811096,0.098432,0.026779,0.031957,0.025397,0.017737,0.799697
NC_030446.1,NC_030446.1__N__500,N,500,1500,virus,0.9678412079811096,0.098432,0.026779,0.031957,0.025397,0.017737,0.799697
NC_030446.1,NC_030446.1__M__450,M,450,1550,virus,0.9864134788513184,0.230554,0.048612,0.041264,0.037152,0.030369,0.612049
NC_030446.1,NC_030446.1__N__450,N,450,1550,virus,0.9864134788513184,0.230554,0.048612,0.041264,0.037152,0.030369,0.612049
NC_030446.1,NC_030446.1__M__400,M,400,1600,virus,0.9853916764259338,0.061705,0.021920,0.026082,0.018534,0.013718,0.858041
NC_030446.1,NC_030446.1__N__400,N,400,1600,virus,0.9853916764259338,0.061705,0.021920,0.026082,0.018534,0.013718,0.858041
NC_030446.1,NC_030446.1__M__350,M,350,1650,virus,0.9882566332817078,0.227490,0.033166,0.037845,0.027785,0.031332,0.642382
NC_030446.1,NC_030446.1__N__350,N,350,1650,virus,0.9882566332817078,0.227490,0.033166,0.037845,0.027785,0.031332,0.642382
NC_030446.1,NC_030446.1__M__300,M,300,1700,virus,0.982844352722168,0.193402,0.027573,0.040412,0.029753,0.018340,0.690520
NC_030446.1,NC_030446.1__N__300,N,300,1700,virus,0.982844352722168,0.193402,0.027573,0.040412,0.029753,0.018340,0.690520
NC_030446.1,NC_030446.1__M__250,M,250,1750,virus,0.9846259951591492,0.216302,0.026140,0.040398,0.029944,0.018300,0.668916
NC_030446.1,NC_030446.1__N__250,N,250,1750,virus,0.9846259951591492,0.216302,0.026140,0.040398,0.029944,0.018300,0.668916
NC_030446.1,NC_030446.1__M__200,M,200,1800,virus,0.9834963083267212,0.113095,0.024461,0.029875,0.021904,0.017125,0.793540
NC_030446.1,NC_030446.1__N__200,N,200,1800,virus,0.9834963083267212,0.113095,0.024461,0.029875,0.021904,0.017125,0.793540
NC_030446.1,NC_030446.1__M__150,M,150,1850,virus,0.9770483374595642,0.078169,0.022538,0.028067,0.020183,0.012105,0.838938
NC_030446.1,NC_030446.1__N__150,N,150,1850,virus,0.9770483374595642,0.078169,0.022538,0.028067,0.020183,0.012105,0.838938
NC_030446.1,NC_030446.1__M__100,M,100,1900,virus,0.9689356684684753,0.040545,0.018796,0.021993,0.016633,0.010873,0.891160
NC_030446.1,NC_030446.1__N__100,N,100,1900,virus,0.9689356684684753,0.040545,0.018796,0.021993,0.016633,0.010873,0.891160
NC_030446.1,NC_030446.1__M__50,M,50,1950,virus,0.9747574925422668,0.023713,0.013968,0.018352,0.019069,0.009968,0.914931
NC_030446.1,NC_030446.1__N__50,N,50,1950,virus,0.9747574925422668,0.023713,0.013968,0.018352,0.019069,0.009968,0.914931
NC_030446.1,NC_030446.1__M__1,M,1,1999,virus,0.9736392498016357,0.012456,0.010849,0.013216,0.010550,0.007801,0.945127
NC_030446.1,NC_030446.1__N__1,N,1,1999,virus,0.9736392498016357,0.012456,0.010849,0.013216,0.010550,0.007801,0.945127
NC_030294.1,NC_030294.1__none__0,none,0,2000,virus,0.9999667406082153,0.009985,0.013748,0.010692,0.009917,0.013134,0.942523
NC_030294.1,NC_030294.1__M__500,M,500,1500,virus,0.9999663829803467,0.016184,0.013816,0.013993,0.012832,0.011773,0.931402
NC_030294.1,NC_030294.1__N__500,N,500,1500,virus,0.9999663829803467,0.016184,0.013816,0.013993,0.012832,0.011773,0.931402
NC_030294.1,NC_030294.1__M__450,M,450,1550,virus,0.999970555305481,0.015183,0.013793,0.012663,0.012442,0.012868,0.933050
NC_030294.1,NC_030294.1__N__450,N,450,1550,virus,0.999970555305481,0.015183,0.013793,0.012663,0.012442,0.012868,0.933050
NC_030294.1,NC_030294.1__M__400,M,400,1600,virus,0.9999668598175049,0.013555,0.013211,0.012592,0.012280,0.012080,0.936282
NC_030294.1,NC_030294.1__N__400,N,400,1600,virus,0.9999668598175049,0.013555,0.013211,0.012592,0.012280,0.012080,0.936282
NC_030294.1,NC_030294.1__M__350,M,350,1650,virus,0.9999650716781616,0.015812,0.013832,0.014838,0.013037,0.011854,0.930627
NC_030294.1,NC_030294.1__N__350,N,350,1650,virus,0.9999650716781616,0.015812,0.013832,0.014838,0.013037,0.011854,0.930627
NC_030294.1,NC_030294.1__M__300,M,300,1700,virus,0.9999589920043945,0.021241,0.013809,0.014624,0.014198,0.011980,0.924147
NC_030294.1,NC_030294.1__N__300,N,300,1700,virus,0.9999589920043945,0.021241,0.013809,0.014624,0.014198,0.011980,0.924147
NC_030294.1,NC_030294.1__M__250,M,250,1750,virus,0.9999679327011108,0.015636,0.014258,0.013670,0.014329,0.014434,0.927672
NC_030294.1,NC_030294.1__N__250,N,250,1750,virus,0.9999679327011108,0.015636,0.014258,0.013670,0.014329,0.014434,0.927672
NC_030294.1,NC_030294.1__M__200,M,200,1800,virus,0.9999591112136841,0.015661,0.015308,0.013737,0.015054,0.015087,0.925154
NC_030294.1,NC_030294.1__N__200,N,200,1800,virus,0.9999591112136841,0.015661,0.015308,0.013737,0.015054,0.015087,0.925154
NC_030294.1,NC_030294.1__M__150,M,150,1850,virus,0.9999397993087769,0.015530,0.013755,0.013866,0.014427,0.015625,0.926797
NC_030294.1,NC_030294.1__N__150,N,150,1850,virus,0.9999397993087769,0.015530,0.013755,0.013866,0.014427,0.015625,0.926797
NC_030294.1,NC_030294.1__M__100,M,100,1900,virus,0.9999088048934937,0.013399,0.014384,0.015538,0.013979,0.014525,0.928175
NC_030294.1,NC_030294.1__N__100,N,100,1900,virus,0.9999088048934937,0.013399,0.014384,0.015538,0.013979,0.014525,0.928175
NC_030294.1,NC_030294.1__M__50,M,50,1950,virus,0.9999517202377319,0.009635,0.012868,0.010400,0.010105,0.011951,0.945042
NC_030294.1,NC_030294.1__N__50,N,50,1950,virus,0.9999517202377319,0.009635,0.012868,0.010400,0.010105,0.011951,0.945042
NC_030294.1,NC_030294.1__M__1,M,1,1999,virus,0.9999666213989258,0.009935,0.013833,0.010723,0.009890,0.013014,0.942604
NC_030294.1,NC_030294.1__N__1,N,1,1999,virus,0.9999666213989258,0.009935,0.013833,0.010723,0.009890,0.013014,0.942604
NC_029991.1,NC_029991.1__none__0,none,0,2000,bacteria,0.9999293088912964,0.310609,0.307064,0.071893,0.063536,0.147523,0.099375
NC_029991.1,NC_029991.1__M__500,M,500,1500,bacteria,0.9997093081474304,0.823369,0.084970,0.019748,0.025396,0.023455,0.023061
NC_029991.1,NC_029991.1__N__500,N,500,1500,bacteria,0.9997093081474304,0.823369,0.084970,0.019748,0.025396,0.023455,0.023061
NC_029991.1,NC_029991.1__M__450,M,450,1550,bacteria,0.9998037219047546,0.876018,0.050735,0.016187,0.020495,0.019002,0.017563
NC_029991.1,NC_029991.1__N__450,N,450,1550,bacteria,0.9998037219047546,0.876018,0.050735,0.016187,0.020495,0.019002,0.017563
NC_029991.1,NC_029991.1__M__400,M,400,1600,bacteria,0.9998420476913452,0.903937,0.033200,0.013385,0.018124,0.017611,0.013744
NC_029991.1,NC_029991.1__N__400,N,400,1600,bacteria,0.9998420476913452,0.903937,0.033200,0.013385,0.018124,0.017611,0.013744
NC_029991.1,NC_029991.1__M__350,M,350,1650,bacteria,0.999882698059082,0.842143,0.064592,0.018219,0.026126,0.025849,0.023070
NC_029991.1,NC_029991.1__N__350,N,350,1650,bacteria,0.999882698059082,0.842143,0.064592,0.018219,0.026126,0.025849,0.023070
NC_029991.1,NC_029991.1__M__300,M,300,1700,bacteria,0.9999146461486816,0.881799,0.040517,0.015035,0.021932,0.021567,0.019148
NC_029991.1,NC_029991.1__N__300,N,300,1700,bacteria,0.9999146461486816,0.881799,0.040517,0.015035,0.021932,0.021567,0.019148
NC_029991.1,NC_029991.1__M__250,M,250,1750,bacteria,0.9999488592147827,0.874570,0.046487,0.016627,0.024356,0.020601,0.017358
NC_029991.1,NC_029991.1__N__250,N,250,1750,bacteria,0.9999488592147827,0.874570,0.046487,0.016627,0.024356,0.020601,0.017358
NC_029991.1,NC_029991.1__M__200,M,200,1800,bacteria,0.9999550580978394,0.875786,0.036048,0.019667,0.027055,0.021337,0.020107
NC_029991.1,NC_029991.1__N__200,N,200,1800,bacteria,0.9999550580978394,0.875786,0.036048,0.019667,0.027055,0.021337,0.020107
NC_029991.1,NC_029991.1__M__150,M,150,1850,bacteria,0.9999462366104126,0.798874,0.069859,0.026553,0.038287,0.033422,0.033005
NC_029991.1,NC_029991.1__N__150,N,150,1850,bacteria,0.9999462366104126,0.798874,0.069859,0.026553,0.038287,0.033422,0.033005
NC_029991.1,NC_029991.1__M__100,M,100,1900,bacteria,0.9999194145202637,0.771185,0.087568,0.028054,0.042201,0.039674,0.031318
NC_029991.1,NC_029991.1__N__100,N,100,1900,bacteria,0.9999194145202637,0.771185,0.087568,0.028054,0.042201,0.039674,0.031318
NC_029991.1,NC_029991.1__M__50,M,50,1950,bacteria,0.9999232292175293,0.441552,0.273300,0.064119,0.062386,0.088285,0.070357
NC_029991.1,NC_029991.1__N__50,N,50,1950,bacteria,0.9999232292175293,0.441552,0.273300,0.064119,0.062386,0.088285,0.070357
NC_029991.1,NC_029991.1__M__1,M,1,1999,bacteria,0.9999282360076904,0.309409,0.305897,0.072416,0.063769,0.147881,0.100627
NC_029991.1,NC_029991.1__N__1,N,1,1999,bacteria,0.9999282360076904,0.309409,0.305897,0.072416,0.063769,0.147881,0.100627
NC_029556.1,NC_029556.1__none__0,none,0,2000,virus,0.999937891960144,0.010329,0.011174,0.013888,0.011765,0.010035,0.942810
NC_029556.1,NC_029556.1__M__500,M,500,1500,virus,0.9998401403427124,0.026259,0.021818,0.030903,0.020573,0.013224,0.887224
NC_029556.1,NC_029556.1__N__500,N,500,1500,virus,0.9998401403427124,0.026259,0.021818,0.030903,0.020573,0.013224,0.887224
NC_029556.1,NC_029556.1__M__450,M,450,1550,virus,0.9999146461486816,0.018958,0.017737,0.019783,0.015870,0.011662,0.915990
NC_029556.1,NC_029556.1__N__450,N,450,1550,virus,0.9999146461486816,0.018958,0.017737,0.019783,0.015870,0.011662,0.915990
NC_029556.1,NC_029556.1__M__400,M,400,1600,virus,0.9998513460159302,0.017709,0.017260,0.021794,0.015576,0.011360,0.916301
NC_029556.1,NC_029556.1__N__400,N,400,1600,virus,0.9998513460159302,0.017709,0.017260,0.021794,0.015576,0.011360,0.916301
NC_029556.1,NC_029556.1__M__350,M,350,1650,virus,0.9999247789382935,0.021222,0.017366,0.020380,0.015910,0.010715,0.914406
NC_029556.1,NC_029556.1__N__350,N,350,1650,virus,0.9999247789382935,0.021222,0.017366,0.020380,0.015910,0.010715,0.914406
NC_029556.1,NC_029556.1__M__300,M,300,1700,virus,0.9999194145202637,0.019808,0.014781,0.016602,0.014591,0.009930,0.924288
NC_029556.1,NC_029556.1__N__300,N,300,1700,virus,0.9999194145202637,0.019808,0.014781,0.016602,0.014591,0.009930,0.924288
NC_029556.1,NC_029556.1__M__250,M,250,1750,virus,0.9999043941497803,0.033124,0.025018,0.028174,0.023095,0.014052,0.876537
NC_029556.1,NC_029556.1__N__250,N,250,1750,virus,0.9999043941497803,0.033124,0.025018,0.028174,0.023095,0.014052,0.876537
NC_029556.1,NC_029556.1__M__200,M,200,1800,virus,0.9999288320541382,0.023432,0.017538,0.025228,0.017409,0.011077,0.905316
NC_029556.1,NC_029556.1__N__200,N,200,1800,virus,0.9999288320541382,0.023432,0.017538,0.025228,0.017409,0.011077,0.905316
NC_029556.1,NC_029556.1__M__150,M,150,1850,virus,0.9998703002929688,0.021698,0.020641,0.035133,0.021526,0.015509,0.885493
NC_029556.1,NC_029556.1__N__150,N,150,1850,virus,0.9998703002929688,0.021698,0.020641,0.035133,0.021526,0.015509,0.885493
NC_029556.1,NC_029556.1__M__100,M,100,1900,virus,0.9998635053634644,0.013096,0.015276,0.018322,0.014386,0.012016,0.926904
NC_029556.1,NC_029556.1__N__100,N,100,1900,virus,0.9998635053634644,0.013096,0.015276,0.018322,0.014386,0.012016,0.926904
NC_029556.1,NC_029556.1__M__50,M,50,1950,virus,0.9999382495880127,0.010596,0.012006,0.015712,0.012842,0.010579,0.938265
NC_029556.1,NC_029556.1__N__50,N,50,1950,virus,0.9999382495880127,0.010596,0.012006,0.015712,0.012842,0.010579,0.938265
NC_029556.1,NC_029556.1__M__1,M,1,1999,virus,0.9999356269836426,0.010329,0.011258,0.013957,0.011748,0.010068,0.942641
NC_029556.1,NC_029556.1__N__1,N,1,1999,virus,0.9999356269836426,0.010329,0.011258,0.013957,0.011748,0.010068,0.942641
NC_029565.1,NC_029565.1__none__0,none,0,2000,virus,0.9999587535858154,0.035931,0.070462,0.028213,0.355723,0.035487,0.474184
NC_029565.1,NC_029565.1__M__500,M,500,1500,virus,0.9998908042907715,0.069667,0.049132,0.029817,0.072742,0.018025,0.760618
NC_029565.1,NC_029565.1__N__500,N,500,1500,virus,0.9998908042907715,0.069667,0.049132,0.029817,0.072742,0.018025,0.760618
NC_029565.1,NC_029565.1__M__450,M,450,1550,virus,0.9999324083328247,0.080897,0.059375,0.035059,0.183488,0.021121,0.620059
NC_029565.1,NC_029565.1__N__450,N,450,1550,virus,0.9999324083328247,0.080897,0.059375,0.035059,0.183488,0.021121,0.620059
NC_029565.1,NC_029565.1__M__400,M,400,1600,virus,0.999943733215332,0.107183,0.061657,0.029911,0.078828,0.019607,0.702814
NC_029565.1,NC_029565.1__N__400,N,400,1600,virus,0.999943733215332,0.107183,0.061657,0.029911,0.078828,0.019607,0.702814
NC_029565.1,NC_029565.1__M__350,M,350,1650,virus,0.9999287128448486,0.080631,0.051681,0.030970,0.118187,0.019732,0.698798
NC_029565.1,NC_029565.1__N__350,N,350,1650,virus,0.9999287128448486,0.080631,0.051681,0.030970,0.118187,0.019732,0.698798
NC_029565.1,NC_029565.1__M__300,M,300,1700,virus,0.999910831451416,0.058771,0.039985,0.027200,0.073523,0.017514,0.783007
NC_029565.1,NC_029565.1__N__300,N,300,1700,virus,0.999910831451416,0.058771,0.039985,0.027200,0.073523,0.017514,0.783007
NC_029565.1,NC_029565.1__M__250,M,250,1750,virus,0.9999057054519653,0.065373,0.055537,0.026919,0.127414,0.023680,0.701076
NC_029565.1,NC_029565.1__N__250,N,250,1750,virus,0.9999057054519653,0.065373,0.055537,0.026919,0.127414,0.023680,0.701076
NC_029565.1,NC_029565.1__M__200,M,200,1800,virus,0.9999215602874756,0.063019,0.050930,0.030760,0.145095,0.022627,0.687569
NC_029565.1,NC_029565.1__N__200,N,200,1800,virus,0.9999215602874756,0.063019,0.050930,0.030760,0.145095,0.022627,0.687569
NC_029565.1,NC_029565.1__M__150,M,150,1850,virus,0.9999401569366455,0.049302,0.047491,0.031617,0.238637,0.027001,0.605954
NC_029565.1,NC_029565.1__N__150,N,150,1850,virus,0.9999401569366455,0.049302,0.047491,0.031617,0.238637,0.027001,0.605954
NC_029565.1,NC_029565.1__M__100,M,100,1900,virus,0.999921441078186,0.041838,0.053183,0.029482,0.229150,0.030591,0.615755
NC_029565.1,NC_029565.1__N__100,N,100,1900,virus,0.999921441078186,0.041838,0.053183,0.029482,0.229150,0.030591,0.615755
NC_029565.1,NC_029565.1__M__50,M,50,1950,archaea,0.9999455213546753,0.035532,0.063418,0.026436,0.530753,0.032408,0.311453
NC_029565.1,NC_029565.1__N__50,N,50,1950,archaea,0.9999455213546753,0.035532,0.063418,0.026436,0.530753,0.032408,0.311453
NC_029565.1,NC_029565.1__M__1,M,1,1999,virus,0.999958872795105,0.035875,0.070444,0.028240,0.355438,0.035487,0.474515
NC_029565.1,NC_029565.1__N__1,N,1,1999,virus,0.999958872795105,0.035875,0.070444,0.028240,0.355438,0.035487,0.474515
NC_029082.1,NC_029082.1__none__0,none,0,2000,virus,0.9999912977218628,0.010548,0.017275,0.017371,0.012192,0.011604,0.931010
NC_029082.1,NC_029082.1__M__500,M,500,1500,virus,0.9999663829803467,0.044616,0.022107,0.027662,0.021944,0.007495,0.876176
NC_029082.1,NC_029082.1__N__500,N,500,1500,virus,0.9999663829803467,0.044616,0.022107,0.027662,0.021944,0.007495,0.876176
NC_029082.1,NC_029082.1__M__450,M,450,1550,virus,0.9999773502349854,0.074626,0.029558,0.038866,0.034382,0.009005,0.813564
NC_029082.1,NC_029082.1__N__450,N,450,1550,virus,0.9999773502349854,0.074626,0.029558,0.038866,0.034382,0.009005,0.813564
NC_029082.1,NC_029082.1__M__400,M,400,1600,virus,0.9999816417694092,0.060493,0.023316,0.033409,0.022089,0.007802,0.852893
NC_029082.1,NC_029082.1__N__400,N,400,1600,virus,0.9999816417694092,0.060493,0.023316,0.033409,0.022089,0.007802,0.852893
NC_029082.1,NC_029082.1__M__350,M,350,1650,virus,0.9999872446060181,0.070037,0.021714,0.033513,0.019861,0.006980,0.847895
NC_029082.1,NC_029082.1__N__350,N,350,1650,virus,0.9999872446060181,0.070037,0.021714,0.033513,0.019861,0.006980,0.847895
NC_029082.1,NC_029082.1__M__300,M,300,1700,virus,0.9999890327453613,0.043551,0.020371,0.026878,0.018627,0.007585,0.882989
NC_029082.1,NC_029082.1__N__300,N,300,1700,virus,0.9999890327453613,0.043551,0.020371,0.026878,0.018627,0.007585,0.882989
NC_029082.1,NC_029082.1__M__250,M,250,1750,virus,0.9999898672103882,0.034955,0.018827,0.024294,0.016629,0.007724,0.897571
NC_029082.1,NC_029082.1__N__250,N,250,1750,virus,0.9999898672103882,0.034955,0.018827,0.024294,0.016629,0.007724,0.897571
NC_029082.1,NC_029082.1__M__200,M,200,1800,virus,0.9999916553497314,0.049412,0.024405,0.031573,0.021106,0.008700,0.864803
NC_029082.1,NC_029082.1__N__200,N,200,1800,virus,0.9999916553497314,0.049412,0.024405,0.031573,0.021106,0.008700,0.864803
NC_029082.1,NC_029082.1__M__150,M,150,1850,virus,0.9999934434890747,0.036175,0.026809,0.030079,0.021607,0.009976,0.875354
NC_029082.1,NC_029082.1__N__150,N,150,1850,virus,0.9999934434890747,0.036175,0.026809,0.030079,0.021607,0.009976,0.875354
NC_029082.1,NC_029082.1__M__100,M,100,1900,virus,0.9999926090240479,0.029940,0.027183,0.027212,0.020684,0.011131,0.883851
NC_029082.1,NC_029082.1__N__100,N,100,1900,virus,0.9999926090240479,0.029940,0.027183,0.027212,0.020684,0.011131,0.883851
NC_029082.1,NC_029082.1__M__50,M,50,1950,virus,0.9999868869781494,0.017282,0.036136,0.026913,0.020026,0.014516,0.885126
NC_029082.1,NC_029082.1__N__50,N,50,1950,virus,0.9999868869781494,0.017282,0.036136,0.026913,0.020026,0.014516,0.885126
NC_029082.1,NC_029082.1__M__1,M,1,1999,virus,0.9999912977218628,0.010571,0.017355,0.017365,0.012218,0.011668,0.930823
NC_029082.1,NC_029082.1__N__1,N,1,1999,virus,0.9999912977218628,0.010571,0.017355,0.017365,0.012218,0.011668,0.930823
NC_028902.1,NC_028902.1__none__0,none,0,2000,phage,0.9999581575393677,0.021682,0.890011,0.014094,0.019122,0.029219,0.025871
NC_028902.1,NC_028902.1__M__500,M,500,1500,bacteria,0.9998809099197388,0.905992,0.031281,0.013685,0.017442,0.015431,0.016170
NC_028902.1,NC_028902.1__N__500,N,500,1500,bacteria,0.9998809099197388,0.905992,0.031281,0.013685,0.017442,0.015431,0.016170
NC_028902.1,NC_028902.1__M__450,M,450,1550,bacteria,0.9999262094497681,0.903044,0.029170,0.016134,0.017947,0.018127,0.015577
NC_028902.1,NC_028902.1__N__450,N,450,1550,bacteria,0.9999262094497681,0.903044,0.029170,0.016134,0.017947,0.018127,0.015577
NC_028902.1,NC_028902.1__M__400,M,400,1600,bacteria,0.9998840093612671,0.910681,0.027023,0.014632,0.015871,0.018449,0.013344
NC_028902.1,NC_028902.1__N__400,N,400,1600,bacteria,0.9998840093612671,0.910681,0.027023,0.014632,0.015871,0.018449,0.013344
NC_028902.1,NC_028902.1__M__350,M,350,1650,bacteria,0.999891996383667,0.829354,0.078243,0.015337,0.023134,0.027684,0.026248
NC_028902.1,NC_028902.1__N__350,N,350,1650,bacteria,0.999891996383667,0.829354,0.078243,0.015337,0.023134,0.027684,0.026248
NC_028902.1,NC_028902.1__M__300,M,300,1700,bacteria,0.9999189376831055,0.831128,0.075889,0.015380,0.024970,0.024444,0.028189
NC_028902.1,NC_028902.1__N__300,N,300,1700,bacteria,0.9999189376831055,0.831128,0.075889,0.015380,0.024970,0.024444,0.028189
NC_028902.1,NC_028902.1__M__250,M,250,1750,bacteria,0.9999374151229858,0.751140,0.136000,0.017416,0.030335,0.027265,0.037845
NC_028902.1,NC_028902.1__N__250,N,250,1750,bacteria,0.9999374151229858,0.751140,0.136000,0.017416,0.030335,0.027265,0.037845
NC_028902.1,NC_028902.1__M__200,M,200,1800,bacteria,0.9999593496322632,0.460831,0.420092,0.019416,0.031890,0.034779,0.032992
NC_028902.1,NC_028902.1__N__200,N,200,1800,bacteria,0.9999593496322632,0.460831,0.420092,0.019416,0.031890,0.034779,0.032992
NC_028902.1,NC_028902.1__M__150,M,150,1850,phage,0.999934196472168,0.238755,0.649889,0.018616,0.028634,0.034376,0.029730
NC_028902.1,NC_028902.1__N__150,N,150,1850,phage,0.999934196472168,0.238755,0.649889,0.018616,0.028634,0.034376,0.029730
NC_028902.1,NC_028902.1__M__100,M,100,1900,phage,0.999897837638855,0.131937,0.775135,0.016568,0.021824,0.030442,0.024094
NC_028902.1,NC_028902.1__N__100,N,100,1900,phage,0.999897837638855,0.131937,0.775135,0.016568,0.021824,0.030442,0.024094
NC_028902.1,NC_028902.1__M__50,M,50,1950,phage,0.9999213218688965,0.020296,0.902107,0.013071,0.017702,0.024465,0.022359
NC_028902.1,NC_028902.1__N__50,N,50,1950,phage,0.9999213218688965,0.020296,0.902107,0.013071,0.017702,0.024465,0.022359
NC_028902.1,NC_028902.1__M__1,M,1,1999,phage,0.9999580383300781,0.021638,0.890330,0.014025,0.019106,0.029174,0.025727
NC_028902.1,NC_028902.1__N__1,N,1,1999,phage,0.9999580383300781,0.021638,0.890330,0.014025,0.019106,0.029174,0.025727
NC_028097.1,NC_028097.1__none__0,none,0,2000,virus,0.9980918765068054,0.038272,0.044122,0.254350,0.037386,0.049995,0.575875
NC_028097.1,NC_028097.1__M__500,M,500,1500,virus,0.9990000128746033,0.161519,0.023216,0.059019,0.027102,0.024365,0.704778
NC_028097.1,NC_028097.1__N__500,N,500,1500,virus,0.9990000128746033,0.161519,0.023216,0.059019,0.027102,0.024365,0.704778
NC_028097.1,NC_028097.1__M__450,M,450,1550,virus,0.9991161227226257,0.226939,0.032919,0.090192,0.033950,0.036831,0.579169
NC_028097.1,NC_028097.1__N__450,N,450,1550,virus,0.9991161227226257,0.226939,0.032919,0.090192,0.033950,0.036831,0.579169
NC_028097.1,NC_028097.1__M__400,M,400,1600,virus,0.9993439316749573,0.132736,0.025332,0.060039,0.024759,0.032251,0.724884
NC_028097.1,NC_028097.1__N__400,N,400,1600,virus,0.9993439316749573,0.132736,0.025332,0.060039,0.024759,0.032251,0.724884
NC_028097.1,NC_028097.1__M__350,M,350,1650,virus,0.9992595314979553,0.146294,0.028016,0.075005,0.029327,0.030146,0.691211
NC_028097.1,NC_028097.1__N__350,N,350,1650,virus,0.9992595314979553,0.146294,0.028016,0.075005,0.029327,0.030146,0.691211
NC_028097.1,NC_028097.1__M__300,M,300,1700,virus,0.9991994500160217,0.063431,0.022499,0.100018,0.023747,0.026751,0.763553
NC_028097.1,NC_028097.1__N__300,N,300,1700,virus,0.9991994500160217,0.063431,0.022499,0.100018,0.023747,0.026751,0.763553
NC_028097.1,NC_028097.1__M__250,M,250,1750,virus,0.9994058609008789,0.073464,0.022086,0.082362,0.022948,0.022897,0.776242
NC_028097.1,NC_028097.1__N__250,N,250,1750,virus,0.9994058609008789,0.073464,0.022086,0.082362,0.022948,0.022897,0.776242
NC_028097.1,NC_028097.1__M__200,M,200,1800,virus,0.9993946552276611,0.105246,0.028123,0.107540,0.028861,0.022816,0.707413
NC_028097.1,NC_028097.1__N__200,N,200,1800,virus,0.9993946552276611,0.105246,0.028123,0.107540,0.028861,0.022816,0.707413
NC_028097.1,NC_028097.1__M__150,M,150,1850,virus,0.9993314743041992,0.114927,0.038385,0.179974,0.036201,0.033335,0.597178
NC_028097.1,NC_028097.1__N__150,N,150,1850,virus,0.9993314743041992,0.114927,0.038385,0.179974,0.036201,0.033335,0.597178
NC_028097.1,NC_028097.1__M__100,M,100,1900,virus,0.9988507032394409,0.050773,0.036623,0.271074,0.037444,0.038823,0.565264
NC_028097.1,NC_028097.1__N__100,N,100,1900,virus,0.9988507032394409,0.050773,0.036623,0.271074,0.037444,0.038823,0.565264
NC_028097.1,NC_028097.1__M__50,M,50,1950,virus,0.9976263642311096,0.036004,0.040656,0.366054,0.034908,0.044478,0.477900
NC_028097.1,NC_028097.1__N__50,N,50,1950,virus,0.9976263642311096,0.036004,0.040656,0.366054,0.034908,0.044478,0.477900
NC_028097.1,NC_028097.1__M__1,M,1,1999,virus,0.9980760812759399,0.037926,0.043842,0.253462,0.037098,0.049882,0.577790
NC_028097.1,NC_028097.1__N__1,N,1,1999,virus,0.9980760812759399,0.037926,0.043842,0.253462,0.037098,0.049882,0.577790
NC_027811.2,NC_027811.2__none__0,none,0,2000,phage,0.999595582485199,0.045146,0.562638,0.040823,0.029755,0.224580,0.097059
NC_027811.2,NC_027811.2__M__500,M,500,1500,bacteria,0.9993802309036255,0.592599,0.145646,0.034277,0.035043,0.076271,0.116164
NC_027811.2,NC_027811.2__N__500,N,500,1500,bacteria,0.9993802309036255,0.592599,0.145646,0.034277,0.035043,0.076271,0.116164
NC_027811.2,NC_027811.2__M__450,M,450,1550,bacteria,0.9995261430740356,0.592883,0.130474,0.031225,0.036514,0.067244,0.141661
NC_027811.2,NC_027811.2__N__450,N,450,1550,bacteria,0.9995261430740356,0.592883,0.130474,0.031225,0.036514,0.067244,0.141661
NC_027811.2,NC_027811.2__M__400,M,400,1600,bacteria,0.9995444416999817,0.459935,0.105104,0.038574,0.038762,0.064751,0.292875
NC_027811.2,NC_027811.2__N__400,N,400,1600,bacteria,0.9995444416999817,0.459935,0.105104,0.038574,0.038762,0.064751,0.292875
NC_027811.2,NC_027811.2__M__350,M,350,1650,bacteria,0.9992350339889526,0.546201,0.081996,0.036820,0.035567,0.063494,0.235923
NC_027811.2,NC_027811.2__N__350,N,350,1650,bacteria,0.9992350339889526,0.546201,0.081996,0.036820,0.035567,0.063494,0.235923
NC_027811.2,NC_027811.2__M__300,M,300,1700,bacteria,0.9993353486061096,0.584153,0.126697,0.032779,0.035221,0.080450,0.140701
NC_027811.2,NC_027811.2__N__300,N,300,1700,bacteria,0.9993353486061096,0.584153,0.126697,0.032779,0.035221,0.080450,0.140701
NC_027811.2,NC_027811.2__M__250,M,250,1750,bacteria,0.9996053576469421,0.447089,0.156722,0.044720,0.039850,0.092865,0.218754
NC_027811.2,NC_027811.2__N__250,N,250,1750,bacteria,0.9996053576469421,0.447089,0.156722,0.044720,0.039850,0.092865,0.218754
NC_027811.2,NC_027811.2__M__200,M,200,1800,bacteria,0.999591052532196,0.632373,0.128092,0.027922,0.031902,0.118327,0.061385
NC_027811.2,NC_027811.2__N__200,N,200,1800,bacteria,0.999591052532196,0.632373,0.128092,0.027922,0.031902,0.118327,0.061385
NC_027811.2,NC_027811.2__M__150,M,150,1850,phage,0.9997022747993469,0.322308,0.446658,0.021420,0.032768,0.145498,0.031349
NC_027811.2,NC_027811.2__N__150,N,150,1850,phage,0.9997022747993469,0.322308,0.446658,0.021420,0.032768,0.145498,0.031349
NC_027811.2,NC_027811.2__M__100,M,100,1900,phage,0.9992142915725708,0.256471,0.394913,0.035583,0.039043,0.180087,0.093903
NC_027811.2,NC_027811.2__N__100,N,100,1900,phage,0.9992142915725708,0.256471,0.394913,0.035583,0.039043,0.180087,0.093903
NC_027811.2,NC_027811.2__M__50,M,50,1950,phage,0.9989891648292542,0.063534,0.555434,0.036237,0.031758,0.228233,0.084804
NC_027811.2,NC_027811.2__N__50,N,50,1950,phage,0.9989891648292542,0.063534,0.555434,0.036237,0.031758,0.228233,0.084804
NC_027811.2,NC_027811.2__M__1,M,1,1999,phage,0.9995948672294617,0.045541,0.559353,0.040800,0.029768,0.228381,0.096157
NC_027811.2,NC_027811.2__N__1,N,1,1999,phage,0.9995948672294617,0.045541,0.559353,0.040800,0.029768,0.228381,0.096157
NC_027720.1,NC_027720.1__none__0,none,0,2000,virus,0.9999027252197266,0.024171,0.025237,0.124864,0.034637,0.023588,0.767504
NC_027720.1,NC_027720.1__M__500,M,500,1500,virus,0.999923825263977,0.042514,0.033998,0.206871,0.033321,0.027808,0.655487
NC_027720.1,NC_027720.1__N__500,N,500,1500,virus,0.999923825263977,0.042514,0.033998,0.206871,0.033321,0.027808,0.655487
NC_027720.1,NC_027720.1__M__450,M,450,1550,virus,0.9999608993530273,0.056804,0.043585,0.155367,0.037929,0.029159,0.677155
NC_027720.1,NC_027720.1__N__450,N,450,1550,virus,0.9999608993530273,0.056804,0.043585,0.155367,0.037929,0.029159,0.677155
NC_027720.1,NC_027720.1__M__400,M,400,1600,virus,0.999963641166687,0.042593,0.035679,0.158341,0.031962,0.025691,0.705734
NC_027720.1,NC_027720.1__N__400,N,400,1600,virus,0.999963641166687,0.042593,0.035679,0.158341,0.031962,0.025691,0.705734
NC_027720.1,NC_027720.1__M__350,M,350,1650,virus,0.9999719858169556,0.053912,0.032035,0.133910,0.030182,0.021717,0.728244
NC_027720.1,NC_027720.1__N__350,N,350,1650,virus,0.9999719858169556,0.053912,0.032035,0.133910,0.030182,0.021717,0.728244
NC_027720.1,NC_027720.1__M__300,M,300,1700,virus,0.9999743700027466,0.034834,0.028201,0.087667,0.025295,0.018001,0.806003
NC_027720.1,NC_027720.1__N__300,N,300,1700,virus,0.9999743700027466,0.034834,0.028201,0.087667,0.025295,0.018001,0.806003
NC_027720.1,NC_027720.1__M__250,M,250,1750,virus,0.9999754428863525,0.027377,0.024027,0.076610,0.025040,0.019819,0.827127
NC_027720.1,NC_027720.1__N__250,N,250,1750,virus,0.9999754428863525,0.027377,0.024027,0.076610,0.025040,0.019819,0.827127
NC_027720.1,NC_027720.1__M__200,M,200,1800,virus,0.9999781847000122,0.028069,0.024511,0.073303,0.026146,0.019067,0.828904
NC_027720.1,NC_027720.1__N__200,N,200,1800,virus,0.9999781847000122,0.028069,0.024511,0.073303,0.026146,0.019067,0.828904
NC_027720.1,NC_027720.1__M__150,M,150,1850,virus,0.9999679327011108,0.028299,0.024369,0.059744,0.027359,0.018309,0.841919
NC_027720.1,NC_027720.1__N__150,N,150,1850,virus,0.9999679327011108,0.028299,0.024369,0.059744,0.027359,0.018309,0.841919
NC_027720.1,NC_027720.1__M__100,M,100,1900,virus,0.9999560117721558,0.038938,0.037933,0.130506,0.047323,0.029977,0.715322
NC_027720.1,NC_027720.1__N__100,N,100,1900,virus,0.9999560117721558,0.038938,0.037933,0.130506,0.047323,0.029977,0.715322
NC_027720.1,NC_027720.1__M__50,M,50,1950,virus,0.99988853931427,0.029405,0.029531,0.166408,0.044109,0.027419,0.703128
NC_027720.1,NC_027720.1__N__50,N,50,1950,virus,0.99988853931427,0.029405,0.029531,0.166408,0.044109,0.027419,0.703128
NC_027720.1,NC_027720.1__M__1,M,1,1999,virus,0.9999027252197266,0.024300,0.025455,0.127574,0.035106,0.023756,0.763810
NC_027720.1,NC_027720.1__N__1,N,1,1999,virus,0.9999027252197266,0.024300,0.025455,0.127574,0.035106,0.023756,0.763810
NC_026624.1,NC_026624.1__none__0,none,0,2000,virus,0.9981182813644409,0.013823,0.017653,0.026071,0.016277,0.015345,0.910831
NC_026624.1,NC_026624.1__M__500,M,500,1500,virus,0.9992969036102295,0.013655,0.015009,0.016719,0.014925,0.013703,0.925988
NC_026624.1,NC_026624.1__N__500,N,500,1500,virus,0.9992969036102295,0.013655,0.015009,0.016719,0.014925,0.013703,0.925988
NC_026624.1,NC_026624.1__M__450,M,450,1550,virus,0.9995028972625732,0.013153,0.014379,0.017032,0.014764,0.013421,0.927253
NC_026624.1,NC_026624.1__N__450,N,450,1550,virus,0.9995028972625732,0.013153,0.014379,0.017032,0.014764,0.013421,0.927253
NC_026624.1,NC_026624.1__M__400,M,400,1600,virus,0.9991958737373352,0.015731,0.013832,0.017449,0.014948,0.012535,0.925506
NC_026624.1,NC_026624.1__N__400,N,400,1600,virus,0.9991958737373352,0.015731,0.013832,0.017449,0.014948,0.012535,0.925506
NC_026624.1,NC_026624.1__M__350,M,350,1650,virus,0.9992668032646179,0.017143,0.014741,0.018943,0.015895,0.013898,0.919380
NC_026624.1,NC_026624.1__N__350,N,350,1650,virus,0.9992668032646179,0.017143,0.014741,0.018943,0.015895,0.013898,0.919380
NC_026624.1,NC_026624.1__M__300,M,300,1700,virus,0.9989783763885498,0.016319,0.014518,0.018147,0.015154,0.012998,0.922864
NC_026624.1,NC_026624.1__N__300,N,300,1700,virus,0.9989783763885498,0.016319,0.014518,0.018147,0.015154,0.012998,0.922864
NC_026624.1,NC_026624.1__M__250,M,250,1750,virus,0.9989197254180908,0.013035,0.014531,0.016277,0.014397,0.013025,0.928735
NC_026624.1,NC_026624.1__N__250,N,250,1750,virus,0.9989197254180908,0.013035,0.014531,0.016277,0.014397,0.013025,0.928735
NC_026624.1,NC_026624.1__M__200,M,200,1800,virus,0.9986470341682434,0.018282,0.016724,0.027104,0.017739,0.016390,0.903762
NC_026624.1,NC_026624.1__N__200,N,200,1800,virus,0.9986470341682434,0.018282,0.016724,0.027104,0.017739,0.016390,0.903762
NC_026624.1,NC_026624.1__M__150,M,150,1850,virus,0.9977045655250549,0.015776,0.017085,0.025054,0.017403,0.016171,0.908511
NC_026624.1,NC_026624.1__N__150,N,150,1850,virus,0.9977045655250549,0.015776,0.017085,0.025054,0.017403,0.016171,0.908511
NC_026624.1,NC_026624.1__M__100,M,100,1900,virus,0.9969958066940308,0.016091,0.017716,0.029835,0.017729,0.016775,0.901853
NC_026624.1,NC_026624.1__N__100,N,100,1900,virus,0.9969958066940308,0.016091,0.017716,0.029835,0.017729,0.016775,0.901853
NC_026624.1,NC_026624.1__M__50,M,50,1950,virus,0.9970688223838806,0.014236,0.017388,0.025959,0.016410,0.015280,0.910728
NC_026624.1,NC_026624.1__N__50,N,50,1950,virus,0.9970688223838806,0.014236,0.017388,0.025959,0.016410,0.015280,0.910728
NC_026624.1,NC_026624.1__M__1,M,1,1999,virus,0.9981306195259094,0.013809,0.017704,0.026082,0.016298,0.015321,0.910786
NC_026624.1,NC_026624.1__N__1,N,1,1999,virus,0.9981306195259094,0.013809,0.017704,0.026082,0.016298,0.015321,0.910786
NC_026424.1,NC_026424.1__none__0,none,0,2000,virus,0.9998132586479187,0.009854,0.012999,0.014879,0.010688,0.009368,0.942213
NC_026424.1,NC_026424.1__M__500,M,500,1500,virus,0.9999433755874634,0.070255,0.033096,0.038938,0.046166,0.013558,0.797988
NC_026424.1,NC_026424.1__N__500,N,500,1500,virus,0.9999433755874634,0.070255,0.033096,0.038938,0.046166,0.013558,0.797988
NC_026424.1,NC_026424.1__M__450,M,450,1550,virus,0.9999587535858154,0.098761,0.038296,0.040231,0.042970,0.014777,0.764964
NC_026424.1,NC_026424.1__N__450,N,450,1550,virus,0.9999587535858154,0.098761,0.038296,0.040231,0.042970,0.014777,0.764964
NC_026424.1,NC_026424.1__M__400,M,400,1600,virus,0.9999517202377319,0.050985,0.024869,0.028153,0.023547,0.012228,0.860218
NC_026424.1,NC_026424.1__N__400,N,400,1600,virus,0.9999517202377319,0.050985,0.024869,0.028153,0.023547,0.012228,0.860218
NC_026424.1,NC_026424.1__M__350,M,350,1650,virus,0.9999356269836426,0.027783,0.015592,0.018869,0.014858,0.010705,0.912193
NC_026424.1,NC_026424.1__N__350,N,350,1650,virus,0.9999356269836426,0.027783,0.015592,0.018869,0.014858,0.010705,0.912193
NC_026424.1,NC_026424.1__M__300,M,300,1700,virus,0.9998942613601685,0.020002,0.011748,0.015016,0.011668,0.008953,0.932613
NC_026424.1,NC_026424.1__N__300,N,300,1700,virus,0.9998942613601685,0.020002,0.011748,0.015016,0.011668,0.008953,0.932613
NC_026424.1,NC_026424.1__M__250,M,250,1750,virus,0.9998905658721924,0.012657,0.011514,0.013633,0.010168,0.007956,0.944072
NC_026424.1,NC_026424.1__N__250,N,250,1750,virus,0.9998905658721924,0.012657,0.011514,0.013633,0.010168,0.007956,0.944072
NC_026424.1,NC_026424.1__M__200,M,200,1800,virus,0.9998915195465088,0.022431,0.016093,0.022011,0.014214,0.010419,0.914832
NC_026424.1,NC_026424.1__N__200,N,200,1800,virus,0.9998915195465088,0.022431,0.016093,0.022011,0.014214,0.010419,0.914832
NC_026424.1,NC_026424.1__M__150,M,150,1850,virus,0.999858021736145,0.022907,0.015038,0.018780,0.014318,0.009962,0.918995
NC_026424.1,NC_026424.1__N__150,N,150,1850,virus,0.999858021736145,0.022907,0.015038,0.018780,0.014318,0.009962,0.918995
NC_026424.1,NC_026424.1__M__100,M,100,1900,virus,0.9997875094413757,0.022416,0.018614,0.020686,0.016335,0.011725,0.910223
NC_026424.1,NC_026424.1__N__100,N,100,1900,virus,0.9997875094413757,0.022416,0.018614,0.020686,0.016335,0.011725,0.910223
NC_026424.1,NC_026424.1__M__50,M,50,1950,virus,0.9997285008430481,0.010196,0.012786,0.014922,0.011005,0.008925,0.942166
NC_026424.1,NC_026424.1__N__50,N,50,1950,virus,0.9997285008430481,0.010196,0.012786,0.014922,0.011005,0.008925,0.942166
NC_026424.1,NC_026424.1__M__1,M,1,1999,virus,0.9998124241828918,0.009823,0.012958,0.014935,0.010671,0.009352,0.942261
NC_026424.1,NC_026424.1__N__1,N,1,1999,virus,0.9998124241828918,0.009823,0.012958,0.014935,0.010671,0.009352,0.942261
NC_025390.1,NC_025390.1__none__0,none,0,2000,phage,0.9984580278396606,0.031752,0.718789,0.040350,0.032116,0.028159,0.148835
NC_025390.1,NC_025390.1__M__500,M,500,1500,phage,0.9991771578788757,0.278513,0.470637,0.030462,0.051697,0.052853,0.115837
NC_025390.1,NC_025390.1__N__500,N,500,1500,phage,0.9991771578788757,0.278513,0.470637,0.030462,0.051697,0.052853,0.115837
NC_025390.1,NC_025390.1__M__450,M,450,1550,phage,0.9992244243621826,0.375722,0.411909,0.035002,0.049451,0.038584,0.089332
NC_025390.1,NC_025390.1__N__450,N,450,1550,phage,0.9992244243621826,0.375722,0.411909,0.035002,0.049451,0.038584,0.089332
NC_025390.1,NC_025390.1__M__400,M,400,1600,bacteria,0.9993076324462891,0.443797,0.318409,0.038697,0.056435,0.038793,0.103870
NC_025390.1,NC_025390.1__N__400,N,400,1600,bacteria,0.9993076324462891,0.443797,0.318409,0.038697,0.056435,0.038793,0.103870
NC_025390.1,NC_025390.1__M__350,M,350,1650,bacteria,0.9993537068367004,0.522046,0.311264,0.033620,0.040889,0.031892,0.060289
NC_025390.1,NC_025390.1__N__350,N,350,1650,bacteria,0.9993537068367004,0.522046,0.311264,0.033620,0.040889,0.031892,0.060289
NC_025390.1,NC_025390.1__M__300,M,300,1700,bacteria,0.9995250701904297,0.488329,0.264538,0.043909,0.049148,0.043580,0.110496
NC_025390.1,NC_025390.1__N__300,N,300,1700,bacteria,0.9995250701904297,0.488329,0.264538,0.043909,0.049148,0.043580,0.110496
NC_025390.1,NC_025390.1__M__250,M,250,1750,bacteria,0.9995279312133789,0.618287,0.221989,0.032549,0.038474,0.043699,0.045002
NC_025390.1,NC_025390.1__N__250,N,250,1750,bacteria,0.9995279312133789,0.618287,0.221989,0.032549,0.038474,0.043699,0.045002
NC_025390.1,NC_025390.1__M__200,M,200,1800,bacteria,0.9995585083961487,0.543669,0.200378,0.050989,0.050294,0.039897,0.114774
NC_025390.1,NC_025390.1__N__200,N,200,1800,bacteria,0.9995585083961487,0.543669,0.200378,0.050989,0.050294,0.039897,0.114774
NC_025390.1,NC_025390.1__M__150,M,150,1850,phage,0.9994598031044006,0.297763,0.519448,0.034625,0.044372,0.035422,0.068369
NC_025390.1,NC_025390.1__N__150,N,150,1850,phage,0.9994598031044006,0.297763,0.519448,0.034625,0.044372,0.035422,0.068369
NC_025390.1,NC_025390.1__M__100,M,100,1900,phage,0.9989007711410522,0.203972,0.604137,0.040119,0.043565,0.035764,0.072444
NC_025390.1,NC_025390.1__N__100,N,100,1900,phage,0.9989007711410522,0.203972,0.604137,0.040119,0.043565,0.035764,0.072444
NC_025390.1,NC_025390.1__M__50,M,50,1950,phage,0.9984400868415833,0.049608,0.731619,0.043721,0.035344,0.028141,0.111566
NC_025390.1,NC_025390.1__N__50,N,50,1950,phage,0.9984400868415833,0.049608,0.731619,0.043721,0.035344,0.028141,0.111566
NC_025390.1,NC_025390.1__M__1,M,1,1999,phage,0.9984560012817383,0.031772,0.717584,0.040397,0.032209,0.028074,0.149963
NC_025390.1,NC_025390.1__N__1,N,1,1999,phage,0.9984560012817383,0.031772,0.717584,0.040397,0.032209,0.028074,0.149963
NC_025393.1,NC_025393.1__none__0,none,0,2000,virus,0.9997641444206238,0.022410,0.135118,0.035174,0.027294,0.025668,0.754336
NC_025393.1,NC_025393.1__M__500,M,500,1500,virus,0.9992765784263611,0.039985,0.032304,0.044336,0.165749,0.023065,0.694561
NC_025393.1,NC_025393.1__N__500,N,500,1500,virus,0.9992765784263611,0.039985,0.032304,0.044336,0.165749,0.023065,0.694561
NC_025393.1,NC_025393.1__M__450,M,450,1550,virus,0.9993100166320801,0.053386,0.036900,0.060952,0.227872,0.024044,0.596846
NC_025393.1,NC_025393.1__N__450,N,450,1550,virus,0.9993100166320801,0.053386,0.036900,0.060952,0.227872,0.024044,0.596846
NC_025393.1,NC_025393.1__M__400,M,400,1600,virus,0.9995729327201843,0.041621,0.033332,0.049212,0.375594,0.023577,0.476664
NC_025393.1,NC_025393.1__N__400,N,400,1600,virus,0.9995729327201843,0.041621,0.033332,0.049212,0.375594,0.023577,0.476664
NC_025393.1,NC_025393.1__M__350,M,350,1650,virus,0.9997281432151794,0.072598,0.032851,0.047434,0.104057,0.017504,0.725554
NC_025393.1,NC_025393.1__N__350,N,350,1650,virus,0.9997281432151794,0.072598,0.032851,0.047434,0.104057,0.017504,0.725554
NC_025393.1,NC_025393.1__M__300,M,300,1700,virus,0.9996308088302612,0.053213,0.031712,0.041227,0.080469,0.017679,0.775699
NC_025393.1,NC_025393.1__N__300,N,300,1700,virus,0.9996308088302612,0.053213,0.031712,0.041227,0.080469,0.017679,0.775699
NC_025393.1,NC_025393.1__M__250,M,250,1750,virus,0.9995821118354797,0.084332,0.084476,0.044018,0.156691,0.036923,0.593560
NC_025393.1,NC_025393.1__N__250,N,250,1750,virus,0.9995821118354797,0.084332,0.084476,0.044018,0.156691,0.036923,0.593560
NC_025393.1,NC_025393.1__M__200,M,200,1800,virus,0.9995929598808289,0.033933,0.034273,0.030274,0.079988,0.024945,0.796587
NC_025393.1,NC_025393.1__N__200,N,200,1800,virus,0.9995929598808289,0.033933,0.034273,0.030274,0.079988,0.024945,0.796587
NC_025393.1,NC_025393.1__M__150,M,150,1850,virus,0.9995686411857605,0.044366,0.047652,0.035351,0.153624,0.032852,0.686155
NC_025393.1,NC_025393.1__N__150,N,150,1850,virus,0.9995686411857605,0.044366,0.047652,0.035351,0.153624,0.032852,0.686155
NC_025393.1,NC_025393.1__M__100,M,100,1900,virus,0.9993898868560791,0.039664,0.049767,0.036873,0.130976,0.036666,0.706054
NC_025393.1,NC_025393.1__N__100,N,100,1900,virus,0.9993898868560791,0.039664,0.049767,0.036873,0.130976,0.036666,0.706054
NC_025393.1,NC_025393.1__M__50,M,50,1950,virus,0.9995282888412476,0.027479,0.098965,0.033131,0.063678,0.032809,0.743938
NC_025393.1,NC_025393.1__N__50,N,50,1950,virus,0.9995282888412476,0.027479,0.098965,0.033131,0.063678,0.032809,0.743938
NC_025393.1,NC_025393.1__M__1,M,1,1999,virus,0.9997628331184387,0.022508,0.136771,0.035509,0.027729,0.025698,0.751786
NC_025393.1,NC_025393.1__N__1,N,1,1999,virus,0.9997628331184387,0.022508,0.136771,0.035509,0.027729,0.025698,0.751786
NC_025340.1,NC_025340.1__none__0,none,0,2000,virus,0.9811896085739136,0.011543,0.091404,0.037736,0.022397,0.041134,0.795786
NC_025340.1,NC_025340.1__M__500,M,500,1500,virus,0.9985829591751099,0.076714,0.042245,0.047403,0.036366,0.034024,0.763247
NC_025340.1,NC_025340.1__N__500,N,500,1500,virus,0.9985829591751099,0.076714,0.042245,0.047403,0.036366,0.034024,0.763247
NC_025340.1,NC_025340.1__M__450,M,450,1550,virus,0.9997010827064514,0.206972,0.073250,0.063943,0.048370,0.049281,0.558185
NC_025340.1,NC_025340.1__N__450,N,450,1550,virus,0.9997010827064514,0.206972,0.073250,0.063943,0.048370,0.049281,0.558185
NC_025340.1,NC_025340.1__M__400,M,400,1600,virus,0.9997625946998596,0.124732,0.048669,0.038448,0.033713,0.032908,0.721530
NC_025340.1,NC_025340.1__N__400,N,400,1600,virus,0.9997625946998596,0.124732,0.048669,0.038448,0.033713,0.032908,0.721530
NC_025340.1,NC_025340.1__M__350,M,350,1650,virus,0.9993712306022644,0.067497,0.035806,0.043964,0.027784,0.031444,0.793505
NC_025340.1,NC_025340.1__N__350,N,350,1650,virus,0.9993712306022644,0.067497,0.035806,0.043964,0.027784,0.031444,0.793505
NC_025340.1,NC_025340.1__M__300,M,300,1700,virus,0.9992998838424683,0.321475,0.102491,0.082131,0.058482,0.075765,0.359657
NC_025340.1,NC_025340.1__N__300,N,300,1700,virus,0.9992998838424683,0.321475,0.102491,0.082131,0.058482,0.075765,0.359657
NC_025340.1,NC_025340.1__M__250,M,250,1750,virus,0.9987305998802185,0.067930,0.056505,0.054905,0.037194,0.028699,0.754766
NC_025340.1,NC_025340.1__N__250,N,250,1750,virus,0.9987305998802185,0.067930,0.056505,0.054905,0.037194,0.028699,0.754766
NC_025340.1,NC_025340.1__M__200,M,200,1800,virus,0.9977446794509888,0.028878,0.044627,0.040799,0.028065,0.023269,0.834361
NC_025340.1,NC_025340.1__N__200,N,200,1800,virus,0.9977446794509888,0.028878,0.044627,0.040799,0.028065,0.023269,0.834361
NC_025340.1,NC_025340.1__M__150,M,150,1850,virus,0.9982064962387085,0.027303,0.072283,0.038052,0.032628,0.038933,0.790800
NC_025340.1,NC_025340.1__N__150,N,150,1850,virus,0.9982064962387085,0.027303,0.072283,0.038052,0.032628,0.038933,0.790800
NC_025340.1,NC_025340.1__M__100,M,100,1900,virus,0.9937928915023804,0.022918,0.072636,0.046673,0.030791,0.038551,0.788431
NC_025340.1,NC_025340.1__N__100,N,100,1900,virus,0.9937928915023804,0.022918,0.072636,0.046673,0.030791,0.038551,0.788431
NC_025340.1,NC_025340.1__M__50,M,50,1950,virus,0.9758484363555908,0.014140,0.182955,0.042835,0.024531,0.042187,0.693354
NC_025340.1,NC_025340.1__N__50,N,50,1950,virus,0.9758484363555908,0.014140,0.182955,0.042835,0.024531,0.042187,0.693354
NC_025340.1,NC_025340.1__M__1,M,1,1999,virus,0.9809009432792664,0.011644,0.092592,0.038126,0.022474,0.041472,0.793692
NC_025340.1,NC_025340.1__N__1,N,1,1999,virus,0.9809009432792664,0.011644,0.092592,0.038126,0.022474,0.041472,0.793692
NC_024686.1,NC_024686.1__none__0,none,0,2000,virus,0.9986324906349182,0.064714,0.062705,0.354183,0.076802,0.075274,0.366321
NC_024686.1,NC_024686.1__M__500,M,500,1500,bacteria,0.9978147745132446,0.404826,0.066932,0.098399,0.302645,0.027778,0.099419
NC_024686.1,NC_024686.1__N__500,N,500,1500,bacteria,0.9978147745132446,0.404826,0.066932,0.098399,0.302645,0.027778,0.099419
NC_024686.1,NC_024686.1__M__450,M,450,1550,bacteria,0.9989702701568604,0.490089,0.064355,0.074356,0.240505,0.022602,0.108093
NC_024686.1,NC_024686.1__N__450,N,450,1550,bacteria,0.9989702701568604,0.490089,0.064355,0.074356,0.240505,0.022602,0.108093
NC_024686.1,NC_024686.1__M__400,M,400,1600,bacteria,0.9989873766899109,0.528910,0.050963,0.064207,0.277458,0.021539,0.056923
NC_024686.1,NC_024686.1__N__400,N,400,1600,bacteria,0.9989873766899109,0.528910,0.050963,0.064207,0.277458,0.021539,0.056923
NC_024686.1,NC_024686.1__M__350,M,350,1650,bacteria,0.9983888864517212,0.575968,0.050854,0.086227,0.207301,0.023748,0.055902
NC_024686.1,NC_024686.1__N__350,N,350,1650,bacteria,0.9983888864517212,0.575968,0.050854,0.086227,0.207301,0.023748,0.055902
NC_024686.1,NC_024686.1__M__300,M,300,1700,bacteria,0.9977476000785828,0.538277,0.054064,0.090036,0.217185,0.024286,0.076151
NC_024686.1,NC_024686.1__N__300,N,300,1700,bacteria,0.9977476000785828,0.538277,0.054064,0.090036,0.217185,0.024286,0.076151
NC_024686.1,NC_024686.1__M__250,M,250,1750,bacteria,0.9983289837837219,0.463067,0.059267,0.155801,0.177241,0.028509,0.116114
NC_024686.1,NC_024686.1__N__250,N,250,1750,bacteria,0.9983289837837219,0.463067,0.059267,0.155801,0.177241,0.028509,0.116114
NC_024686.1,NC_024686.1__M__200,M,200,1800,bacteria,0.9982101917266846,0.518889,0.065028,0.150341,0.106988,0.030852,0.127902
NC_024686.1,NC_024686.1__N__200,N,200,1800,bacteria,0.9982101917266846,0.518889,0.065028,0.150341,0.106988,0.030852,0.127902
NC_024686.1,NC_024686.1__M__150,M,150,1850,archaea,0.9979939460754395,0.286491,0.087072,0.135239,0.335438,0.036829,0.118931
NC_024686.1,NC_024686.1__N__150,N,150,1850,archaea,0.9979939460754395,0.286491,0.087072,0.135239,0.335438,0.036829,0.118931
NC_024686.1,NC_024686.1__M__100,M,100,1900,eukarya,0.9965164661407471,0.128119,0.076790,0.400939,0.157044,0.054615,0.182493
NC_024686.1,NC_024686.1__N__100,N,100,1900,eukarya,0.9965164661407471,0.128119,0.076790,0.400939,0.157044,0.054615,0.182493
NC_024686.1,NC_024686.1__M__50,M,50,1950,eukarya,0.9975621700286865,0.061868,0.058529,0.555102,0.076423,0.048332,0.199745
NC_024686.1,NC_024686.1__N__50,N,50,1950,eukarya,0.9975621700286865,0.061868,0.058529,0.555102,0.076423,0.048332,0.199745
NC_024686.1,NC_024686.1__M__1,M,1,1999,virus,0.9986156225204468,0.063940,0.062360,0.355049,0.076284,0.074233,0.368134
NC_024686.1,NC_024686.1__N__1,N,1,1999,virus,0.9986156225204468,0.063940,0.062360,0.355049,0.076284,0.074233,0.368134
NC_024458.1,NC_024458.1__none__0,none,0,2000,virus,0.9991593360900879,0.081282,0.092415,0.162340,0.058488,0.105929,0.499547
NC_024458.1,NC_024458.1__M__500,M,500,1500,bacteria,0.9998564720153809,0.816463,0.042129,0.027095,0.033893,0.029290,0.051130
NC_024458.1,NC_024458.1__N__500,N,500,1500,bacteria,0.9998564720153809,0.816463,0.042129,0.027095,0.033893,0.029290,0.051130
NC_024458.1,NC_024458.1__M__450,M,450,1550,bacteria,0.9998419284820557,0.828009,0.038249,0.027098,0.032625,0.026329,0.047690
NC_024458.1,NC_024458.1__N__450,N,450,1550,bacteria,0.9998419284820557,0.828009,0.038249,0.027098,0.032625,0.026329,0.047690
NC_024458.1,NC_024458.1__M__400,M,400,1600,bacteria,0.9998548030853271,0.610007,0.054273,0.067765,0.050035,0.032047,0.185874
NC_024458.1,NC_024458.1__N__400,N,400,1600,bacteria,0.9998548030853271,0.610007,0.054273,0.067765,0.050035,0.032047,0.185874
NC_024458.1,NC_024458.1__M__350,M,350,1650,bacteria,0.9998908042907715,0.725104,0.039633,0.038578,0.033219,0.031535,0.131931
NC_024458.1,NC_024458.1__N__350,N,350,1650,bacteria,0.9998908042907715,0.725104,0.039633,0.038578,0.033219,0.031535,0.131931
NC_024458.1,NC_024458.1__M__300,M,300,1700,bacteria,0.9998890161514282,0.480226,0.060387,0.059145,0.050388,0.033062,0.316792
NC_024458.1,NC_024458.1__N__300,N,300,1700,bacteria,0.9998890161514282,0.480226,0.060387,0.059145,0.050388,0.033062,0.316792
NC_024458.1,NC_024458.1__M__250,M,250,1750,virus,0.999805748462677,0.203503,0.046353,0.074288,0.044676,0.032506,0.598673
NC_024458.1,NC_024458.1__N__250,N,250,1750,virus,0.999805748462677,0.203503,0.046353,0.074288,0.044676,0.032506,0.598673
NC_024458.1,NC_024458.1__M__200,M,200,1800,bacteria,0.9997168183326721,0.450802,0.063575,0.076067,0.058665,0.040054,0.310837
NC_024458.1,NC_024458.1__N__200,N,200,1800,bacteria,0.9997168183326721,0.450802,0.063575,0.076067,0.058665,0.040054,0.310837
NC_024458.1,NC_024458.1__M__150,M,150,1850,virus,0.999535322189331,0.211916,0.079741,0.080495,0.059651,0.050585,0.517612
NC_024458.1,NC_024458.1__N__150,N,150,1850,virus,0.999535322189331,0.211916,0.079741,0.080495,0.059651,0.050585,0.517612
NC_024458.1,NC_024458.1__M__100,M,100,1900,virus,0.9991863369941711,0.129617,0.086243,0.091261,0.056751,0.047794,0.588333
NC_024458.1,NC_024458.1__N__100,N,100,1900,virus,0.9991863369941711,0.129617,0.086243,0.091261,0.056751,0.047794,0.588333
NC_024458.1,NC_024458.1__M__50,M,50,1950,virus,0.9991917014122009,0.080578,0.098730,0.142111,0.056081,0.094835,0.527665
NC_024458.1,NC_024458.1__N__50,N,50,1950,virus,0.9991917014122009,0.080578,0.098730,0.142111,0.056081,0.094835,0.527665
NC_024458.1,NC_024458.1__M__1,M,1,1999,virus,0.9991648197174072,0.080795,0.092195,0.161486,0.058189,0.105814,0.501520
NC_024458.1,NC_024458.1__N__1,N,1,1999,virus,0.9991648197174072,0.080795,0.092195,0.161486,0.058189,0.105814,0.501520
NC_024297.1,NC_024297.1__none__0,none,0,2000,virus,0.9977310299873352,0.018600,0.018530,0.040728,0.018874,0.018374,0.884894
NC_024297.1,NC_024297.1__M__500,M,500,1500,virus,0.9986284971237183,0.040830,0.017413,0.027115,0.016645,0.010003,0.887994
NC_024297.1,NC_024297.1__N__500,N,500,1500,virus,0.9986284971237183,0.040830,0.017413,0.027115,0.016645,0.010003,0.887994
NC_024297.1,NC_024297.1__M__450,M,450,1550,virus,0.9985503554344177,0.027728,0.016083,0.020836,0.014855,0.010321,0.910176
NC_024297.1,NC_024297.1__N__450,N,450,1550,virus,0.9985503554344177,0.027728,0.016083,0.020836,0.014855,0.010321,0.910176
NC_024297.1,NC_024297.1__M__400,M,400,1600,virus,0.9985664486885071,0.034379,0.017818,0.025025,0.016967,0.010166,0.895645
NC_024297.1,NC_024297.1__N__400,N,400,1600,virus,0.9985664486885071,0.034379,0.017818,0.025025,0.016967,0.010166,0.895645
NC_024297.1,NC_024297.1__M__350,M,350,1650,virus,0.9982821941375732,0.022541,0.015119,0.021092,0.014700,0.010742,0.915806
NC_024297.1,NC_024297.1__N__350,N,350,1650,virus,0.9982821941375732,0.022541,0.015119,0.021092,0.014700,0.010742,0.915806
NC_024297.1,NC_024297.1__M__300,M,300,1700,virus,0.9977364540100098,0.026691,0.016829,0.030582,0.016985,0.012216,0.896697
NC_024297.1,NC_024297.1__N__300,N,300,1700,virus,0.9977364540100098,0.026691,0.016829,0.030582,0.016985,0.012216,0.896697
NC_024297.1,NC_024297.1__M__250,M,250,1750,virus,0.997631311416626,0.022980,0.016551,0.028728,0.015857,0.012653,0.903230
NC_024297.1,NC_024297.1__N__250,N,250,1750,virus,0.997631311416626,0.022980,0.016551,0.028728,0.015857,0.012653,0.903230
NC_024297.1,NC_024297.1__M__200,M,200,1800,virus,0.9984656572341919,0.024899,0.017547,0.032736,0.017642,0.012197,0.894979
NC_024297.1,NC_024297.1__N__200,N,200,1800,virus,0.9984656572341919,0.024899,0.017547,0.032736,0.017642,0.012197,0.894979
NC_024297.1,NC_024297.1__M__150,M,150,1850,virus,0.9988940358161926,0.017844,0.015636,0.021623,0.014591,0.010277,0.920029
NC_024297.1,NC_024297.1__N__150,N,150,1850,virus,0.9988940358161926,0.017844,0.015636,0.021623,0.014591,0.010277,0.920029
NC_024297.1,NC_024297.1__M__100,M,100,1900,virus,0.9980331063270569,0.017920,0.016847,0.028766,0.016722,0.011482,0.908263
NC_024297.1,NC_024297.1__N__100,N,100,1900,virus,0.9980331063270569,0.017920,0.016847,0.028766,0.016722,0.011482,0.908263
NC_024297.1,NC_024297.1__M__50,M,50,1950,virus,0.9971106052398682,0.018268,0.017918,0.045221,0.018700,0.017689,0.882205
NC_024297.1,NC_024297.1__N__50,N,50,1950,virus,0.9971106052398682,0.018268,0.017918,0.045221,0.018700,0.017689,0.882205
NC_024297.1,NC_024297.1__M__1,M,1,1999,virus,0.9977341890335083,0.018447,0.018547,0.040173,0.018671,0.018294,0.885868
NC_024297.1,NC_024297.1__N__1,N,1,1999,virus,0.9977341890335083,0.018447,0.018547,0.040173,0.018671,0.018294,0.885868
NC_023760.1,NC_023760.1__none__0,none,0,2000,virus,0.9999974966049194,0.022966,0.023132,0.044105,0.019367,0.017089,0.873341
NC_023760.1,NC_023760.1__M__500,M,500,1500,bacteria,0.9999959468841553,0.622584,0.053275,0.045871,0.045904,0.034387,0.197979
NC_023760.1,NC_023760.1__N__500,N,500,1500,bacteria,0.9999959468841553,0.622584,0.053275,0.045871,0.045904,0.034387,0.197979
NC_023760.1,NC_023760.1__M__450,M,450,1550,bacteria,0.9999971389770508,0.551603,0.058159,0.062052,0.046604,0.034132,0.247449
NC_023760.1,NC_023760.1__N__450,N,450,1550,bacteria,0.9999971389770508,0.551603,0.058159,0.062052,0.046604,0.034132,0.247449
NC_023760.1,NC_023760.1__M__400,M,400,1600,virus,0.9999974966049194,0.295606,0.046357,0.066442,0.039638,0.024832,0.527124
NC_023760.1,NC_023760.1__N__400,N,400,1600,virus,0.9999974966049194,0.295606,0.046357,0.066442,0.039638,0.024832,0.527124
NC_023760.1,NC_023760.1__M__350,M,350,1650,virus,0.9999974966049194,0.160623,0.032732,0.048093,0.027421,0.017962,0.713169
NC_023760.1,NC_023760.1__N__350,N,350,1650,virus,0.9999974966049194,0.160623,0.032732,0.048093,0.027421,0.017962,0.713169
NC_023760.1,NC_023760.1__M__300,M,300,1700,virus,0.9999971389770508,0.088903,0.026536,0.041039,0.024025,0.012951,0.806546
NC_023760.1,NC_023760.1__N__300,N,300,1700,virus,0.9999971389770508,0.088903,0.026536,0.041039,0.024025,0.012951,0.806546
NC_023760.1,NC_023760.1__M__250,M,250,1750,virus,0.999996542930603,0.063366,0.025719,0.043517,0.021409,0.012869,0.833120
NC_023760.1,NC_023760.1__N__250,N,250,1750,virus,0.999996542930603,0.063366,0.025719,0.043517,0.021409,0.012869,0.833120
NC_023760.1,NC_023760.1__M__200,M,200,1800,virus,0.9999970197677612,0.088212,0.029723,0.066579,0.024933,0.012571,0.777982
NC_023760.1,NC_023760.1__N__200,N,200,1800,virus,0.9999970197677612,0.088212,0.029723,0.066579,0.024933,0.012571,0.777982
NC_023760.1,NC_023760.1__M__150,M,150,1850,virus,0.9999957084655762,0.137451,0.053847,0.112545,0.039301,0.024421,0.632436
NC_023760.1,NC_023760.1__N__150,N,150,1850,virus,0.9999957084655762,0.137451,0.053847,0.112545,0.039301,0.024421,0.632436
NC_023760.1,NC_023760.1__M__100,M,100,1900,virus,0.9999939203262329,0.065049,0.035766,0.072346,0.028897,0.018247,0.779694
NC_023760.1,NC_023760.1__N__100,N,100,1900,virus,0.9999939203262329,0.065049,0.035766,0.072346,0.028897,0.018247,0.779694
NC_023760.1,NC_023760.1__M__50,M,50,1950,virus,0.9999973773956299,0.032146,0.027905,0.064339,0.023194,0.018740,0.833676
NC_023760.1,NC_023760.1__N__50,N,50,1950,virus,0.9999973773956299,0.032146,0.027905,0.064339,0.023194,0.018740,0.833676
NC_023760.1,NC_023760.1__M__1,M,1,1999,virus,0.9999974966049194,0.023108,0.023111,0.044350,0.019379,0.017113,0.872939
NC_023760.1,NC_023760.1__N__1,N,1,1999,virus,0.9999974966049194,0.023108,0.023111,0.044350,0.019379,0.017113,0.872939
NC_023684.1,NC_023684.1__none__0,none,0,2000,virus,0.9999366998672485,0.017563,0.015313,0.017475,0.012535,0.010544,0.926570
NC_023684.1,NC_023684.1__M__500,M,500,1500,virus,0.9999114274978638,0.377220,0.036348,0.116004,0.042667,0.035627,0.392134
NC_023684.1,NC_023684.1__N__500,N,500,1500,virus,0.9999114274978638,0.377220,0.036348,0.116004,0.042667,0.035627,0.392134
NC_023684.1,NC_023684.1__M__450,M,450,1550,bacteria,0.9999545812606812,0.506883,0.032988,0.060310,0.038118,0.037307,0.324394
NC_023684.1,NC_023684.1__N__450,N,450,1550,bacteria,0.9999545812606812,0.506883,0.032988,0.060310,0.038118,0.037307,0.324394
NC_023684.1,NC_023684.1__M__400,M,400,1600,bacteria,0.9999504089355469,0.466281,0.031590,0.054076,0.038696,0.034977,0.374380
NC_023684.1,NC_023684.1__N__400,N,400,1600,bacteria,0.9999504089355469,0.466281,0.031590,0.054076,0.038696,0.034977,0.374380
NC_023684.1,NC_023684.1__M__350,M,350,1650,bacteria,0.9999638795852661,0.586113,0.036093,0.044163,0.040706,0.042595,0.250329
NC_023684.1,NC_023684.1__N__350,N,350,1650,bacteria,0.9999638795852661,0.586113,0.036093,0.044163,0.040706,0.042595,0.250329
NC_023684.1,NC_023684.1__M__300,M,300,1700,bacteria,0.9999699592590332,0.594716,0.036099,0.053898,0.041018,0.041874,0.232394
NC_023684.1,NC_023684.1__N__300,N,300,1700,bacteria,0.9999699592590332,0.594716,0.036099,0.053898,0.041018,0.041874,0.232394
NC_023684.1,NC_023684.1__M__250,M,250,1750,bacteria,0.9999593496322632,0.441817,0.038737,0.054659,0.040484,0.038689,0.385614
NC_023684.1,NC_023684.1__N__250,N,250,1750,bacteria,0.9999593496322632,0.441817,0.038737,0.054659,0.040484,0.038689,0.385614
NC_023684.1,NC_023684.1__M__200,M,200,1800,bacteria,0.9999630451202393,0.516880,0.040272,0.051456,0.041024,0.042795,0.307574
NC_023684.1,NC_023684.1__N__200,N,200,1800,bacteria,0.9999630451202393,0.516880,0.040272,0.051456,0.041024,0.042795,0.307574
NC_023684.1,NC_023684.1__M__150,M,150,1850,bacteria,0.9999498128890991,0.400087,0.056264,0.063503,0.048888,0.044448,0.386809
NC_023684.1,NC_023684.1__N__150,N,150,1850,bacteria,0.9999498128890991,0.400087,0.056264,0.063503,0.048888,0.044448,0.386809
NC_023684.1,NC_023684.1__M__100,M,100,1900,bacteria,0.9999295473098755,0.469380,0.063001,0.058137,0.052350,0.043218,0.313915
NC_023684.1,NC_023684.1__N__100,N,100,1900,bacteria,0.9999295473098755,0.469380,0.063001,0.058137,0.052350,0.043218,0.313915
NC_023684.1,NC_023684.1__M__50,M,50,1950,virus,0.999915599822998,0.048013,0.022117,0.032132,0.020809,0.013875,0.863054
NC_023684.1,NC_023684.1__N__50,N,50,1950,virus,0.999915599822998,0.048013,0.022117,0.032132,0.020809,0.013875,0.863054
NC_023684.1,NC_023684.1__M__1,M,1,1999,virus,0.9999351501464844,0.017471,0.015372,0.017409,0.012468,0.010557,0.926722
NC_023684.1,NC_023684.1__N__1,N,1,1999,virus,0.9999351501464844,0.017471,0.015372,0.017409,0.012468,0.010557,0.926722
NC_023424.1,NC_023424.1__none__0,none,0,2000,virus,0.9979801774024963,0.013104,0.013732,0.016440,0.011368,0.010574,0.934783
NC_023424.1,NC_023424.1__M__500,M,500,1500,virus,0.99946528673172,0.050441,0.019177,0.028544,0.021395,0.010943,0.869499
NC_023424.1,NC_023424.1__N__500,N,500,1500,virus,0.99946528673172,0.050441,0.019177,0.028544,0.021395,0.010943,0.869499
NC_023424.1,NC_023424.1__M__450,M,450,1550,virus,0.9997108578681946,0.065021,0.021547,0.030773,0.022665,0.011360,0.848633
NC_023424.1,NC_023424.1__N__450,N,450,1550,virus,0.9997108578681946,0.065021,0.021547,0.030773,0.022665,0.011360,0.848633
NC_023424.1,NC_023424.1__M__400,M,400,1600,virus,0.9995896220207214,0.064361,0.021008,0.030113,0.023765,0.011691,0.849063
NC_023424.1,NC_023424.1__N__400,N,400,1600,virus,0.9995896220207214,0.064361,0.021008,0.030113,0.023765,0.011691,0.849063
NC_023424.1,NC_023424.1__M__350,M,350,1650,virus,0.9995808005332947,0.079750,0.025093,0.036156,0.027598,0.013292,0.818111
NC_023424.1,NC_023424.1__N__350,N,350,1650,virus,0.9995808005332947,0.079750,0.025093,0.036156,0.027598,0.013292,0.818111
NC_023424.1,NC_023424.1__M__300,M,300,1700,virus,0.9996141195297241,0.077321,0.024404,0.032875,0.026118,0.012477,0.826805
NC_023424.1,NC_023424.1__N__300,N,300,1700,virus,0.9996141195297241,0.077321,0.024404,0.032875,0.026118,0.012477,0.826805
NC_023424.1,NC_023424.1__M__250,M,250,1750,virus,0.9997664093971252,0.094462,0.027624,0.040284,0.030778,0.013001,0.793850
NC_023424.1,NC_023424.1__N__250,N,250,1750,virus,0.9997664093971252,0.094462,0.027624,0.040284,0.030778,0.013001,0.793850
NC_023424.1,NC_023424.1__M__200,M,200,1800,virus,0.9996603727340698,0.071729,0.024730,0.032704,0.023973,0.010926,0.835938
NC_023424.1,NC_023424.1__N__200,N,200,1800,virus,0.9996603727340698,0.071729,0.024730,0.032704,0.023973,0.010926,0.835938
NC_023424.1,NC_023424.1__M__150,M,150,1850,virus,0.9995296001434326,0.044577,0.019268,0.024620,0.017218,0.009995,0.884322
NC_023424.1,NC_023424.1__N__150,N,150,1850,virus,0.9995296001434326,0.044577,0.019268,0.024620,0.017218,0.009995,0.884322
NC_023424.1,NC_023424.1__M__100,M,100,1900,virus,0.9989820122718811,0.028629,0.016483,0.020097,0.014086,0.009191,0.911513
NC_023424.1,NC_023424.1__N__100,N,100,1900,virus,0.9989820122718811,0.028629,0.016483,0.020097,0.014086,0.009191,0.911513
NC_023424.1,NC_023424.1__M__50,M,50,1950,virus,0.9983097314834595,0.033563,0.021718,0.034002,0.019267,0.014222,0.877229
NC_023424.1,NC_023424.1__N__50,N,50,1950,virus,0.9983097314834595,0.033563,0.021718,0.034002,0.019267,0.014222,0.877229
NC_023424.1,NC_023424.1__M__1,M,1,1999,virus,0.9979841709136963,0.013036,0.013738,0.016297,0.011291,0.010516,0.935121
NC_023424.1,NC_023424.1__N__1,N,1,1999,virus,0.9979841709136963,0.013036,0.013738,0.016297,0.011291,0.010516,0.935121
NC_023021.1,NC_023021.1__none__0,none,0,2000,virus,0.9948961138725281,0.009419,0.023191,0.015919,0.012036,0.011948,0.927487
NC_023021.1,NC_023021.1__M__500,M,500,1500,virus,0.9924039244651794,0.311445,0.049099,0.043993,0.042579,0.028773,0.524112
NC_023021.1,NC_023021.1__N__500,N,500,1500,virus,0.9924039244651794,0.311445,0.049099,0.043993,0.042579,0.028773,0.524112
NC_023021.1,NC_023021.1__M__450,M,450,1550,virus,0.9954302310943604,0.119817,0.045810,0.041552,0.038190,0.020613,0.734017
NC_023021.1,NC_023021.1__N__450,N,450,1550,virus,0.9954302310943604,0.119817,0.045810,0.041552,0.038190,0.020613,0.734017
NC_023021.1,NC_023021.1__M__400,M,400,1600,virus,0.9967482089996338,0.068933,0.025973,0.030636,0.026261,0.015370,0.832827
NC_023021.1,NC_023021.1__N__400,N,400,1600,virus,0.9967482089996338,0.068933,0.025973,0.030636,0.026261,0.015370,0.832827
NC_023021.1,NC_023021.1__M__350,M,350,1650,virus,0.9963667392730713,0.049003,0.023773,0.024908,0.021946,0.014901,0.865468
NC_023021.1,NC_023021.1__N__350,N,350,1650,virus,0.9963667392730713,0.049003,0.023773,0.024908,0.021946,0.014901,0.865468
NC_023021.1,NC_023021.1__M__300,M,300,1700,virus,0.9957004189491272,0.024780,0.017136,0.018571,0.015964,0.013225,0.910324
NC_023021.1,NC_023021.1__N__300,N,300,1700,virus,0.9957004189491272,0.024780,0.017136,0.018571,0.015964,0.013225,0.910324
NC_023021.1,NC_023021.1__M__250,M,250,1750,virus,0.9954277276992798,0.037335,0.019867,0.029129,0.019231,0.015612,0.878825
NC_023021.1,NC_023021.1__N__250,N,250,1750,virus,0.9954277276992798,0.037335,0.019867,0.029129,0.019231,0.015612,0.878825
NC_023021.1,NC_023021.1__M__200,M,200,1800,virus,0.9940304160118103,0.017862,0.016320,0.024693,0.016158,0.012965,0.912002
NC_023021.1,NC_023021.1__N__200,N,200,1800,virus,0.9940304160118103,0.017862,0.016320,0.024693,0.016158,0.012965,0.912002
NC_023021.1,NC_023021.1__M__150,M,150,1850,virus,0.9928364157676697,0.016293,0.021431,0.025884,0.016738,0.014150,0.905505
NC_023021.1,NC_023021.1__N__150,N,150,1850,virus,0.9928364157676697,0.016293,0.021431,0.025884,0.016738,0.014150,0.905505
NC_023021.1,NC_023021.1__M__100,M,100,1900,virus,0.9899634718894958,0.017455,0.025438,0.029818,0.018682,0.016986,0.891622
NC_023021.1,NC_023021.1__N__100,N,100,1900,virus,0.9899634718894958,0.017455,0.025438,0.029818,0.018682,0.016986,0.891622
NC_023021.1,NC_023021.1__M__50,M,50,1950,virus,0.9936234354972839,0.010760,0.020879,0.021685,0.013408,0.012686,0.920582
NC_023021.1,NC_023021.1__N__50,N,50,1950,virus,0.9936234354972839,0.010760,0.020879,0.021685,0.013408,0.012686,0.920582
NC_023021.1,NC_023021.1__M__1,M,1,1999,virus,0.9949131011962891,0.009407,0.023084,0.015897,0.012018,0.011936,0.927658
NC_023021.1,NC_023021.1__N__1,N,1,1999,virus,0.9949131011962891,0.009407,0.023084,0.015897,0.012018,0.011936,0.927658
NC_022801.1,NC_022801.1__none__0,none,0,2000,virus,0.9999183416366577,0.027186,0.026960,0.054117,0.024542,0.019544,0.847650
NC_022801.1,NC_022801.1__M__500,M,500,1500,virus,0.9997504353523254,0.017544,0.013527,0.016972,0.014425,0.010528,0.927004
NC_022801.1,NC_022801.1__N__500,N,500,1500,virus,0.9997504353523254,0.017544,0.013527,0.016972,0.014425,0.010528,0.927004
NC_022801.1,NC_022801.1__M__450,M,450,1550,virus,0.9998735189437866,0.022303,0.014507,0.018088,0.015591,0.011511,0.918000
NC_022801.1,NC_022801.1__N__450,N,450,1550,virus,0.9998735189437866,0.022303,0.014507,0.018088,0.015591,0.011511,0.918000
NC_022801.1,NC_022801.1__M__400,M,400,1600,virus,0.9998626708984375,0.052874,0.017569,0.021775,0.017924,0.016791,0.873068
NC_022801.1,NC_022801.1__N__400,N,400,1600,virus,0.9998626708984375,0.052874,0.017569,0.021775,0.017924,0.016791,0.873068
NC_022801.1,NC_022801.1__M__350,M,350,1650,virus,0.9998618364334106,0.043456,0.019115,0.026756,0.019993,0.018586,0.872095
NC_022801.1,NC_022801.1__N__350,N,350,1650,virus,0.9998618364334106,0.043456,0.019115,0.026756,0.019993,0.018586,0.872095
NC_022801.1,NC_022801.1__M__300,M,300,1700,virus,0.9998390674591064,0.019953,0.017373,0.027492,0.017862,0.014815,0.902506
NC_022801.1,NC_022801.1__N__300,N,300,1700,virus,0.9998390674591064,0.019953,0.017373,0.027492,0.017862,0.014815,0.902506
NC_022801.1,NC_022801.1__M__250,M,250,1750,virus,0.9998449087142944,0.020269,0.018567,0.025996,0.018254,0.015422,0.901492
NC_022801.1,NC_022801.1__N__250,N,250,1750,virus,0.9998449087142944,0.020269,0.018567,0.025996,0.018254,0.015422,0.901492
NC_022801.1,NC_022801.1__M__200,M,200,1800,virus,0.999875545501709,0.024761,0.020666,0.032629,0.020633,0.017953,0.883358
NC_022801.1,NC_022801.1__N__200,N,200,1800,virus,0.999875545501709,0.024761,0.020666,0.032629,0.020633,0.017953,0.883358
NC_022801.1,NC_022801.1__M__150,M,150,1850,virus,0.9998482465744019,0.018871,0.020961,0.032062,0.019204,0.014986,0.893915
NC_022801.1,NC_022801.1__N__150,N,150,1850,virus,0.9998482465744019,0.018871,0.020961,0.032062,0.019204,0.014986,0.893915
NC_022801.1,NC_022801.1__M__100,M,100,1900,virus,0.9997069239616394,0.019925,0.022525,0.038924,0.020529,0.016189,0.881909
NC_022801.1,NC_022801.1__N__100,N,100,1900,virus,0.9997069239616394,0.019925,0.022525,0.038924,0.020529,0.016189,0.881909
NC_022801.1,NC_022801.1__M__50,M,50,1950,virus,0.9999121427536011,0.020139,0.021547,0.032985,0.019651,0.015099,0.890579
NC_022801.1,NC_022801.1__N__50,N,50,1950,virus,0.9999121427536011,0.020139,0.021547,0.032985,0.019651,0.015099,0.890579
NC_022801.1,NC_022801.1__M__1,M,1,1999,virus,0.9999184608459473,0.027362,0.027239,0.054659,0.024803,0.019682,0.846256
NC_022801.1,NC_022801.1__N__1,N,1,1999,virus,0.9999184608459473,0.027362,0.027239,0.054659,0.024803,0.019682,0.846256
NC_022639.1,NC_022639.1__none__0,none,0,2000,virus,0.9997503161430359,0.016970,0.027206,0.020089,0.017764,0.013046,0.904926
NC_022639.1,NC_022639.1__M__500,M,500,1500,virus,0.9995142221450806,0.176896,0.023589,0.036624,0.033004,0.017773,0.712114
NC_022639.1,NC_022639.1__N__500,N,500,1500,virus,0.9995142221450806,0.176896,0.023589,0.036624,0.033004,0.017773,0.712114
NC_022639.1,NC_022639.1__M__450,M,450,1550,virus,0.9996964931488037,0.198252,0.044632,0.037605,0.040666,0.024437,0.654407
NC_022639.1,NC_022639.1__N__450,N,450,1550,virus,0.9996964931488037,0.198252,0.044632,0.037605,0.040666,0.024437,0.654407
NC_022639.1,NC_022639.1__M__400,M,400,1600,virus,0.999659538269043,0.132413,0.035031,0.033093,0.031756,0.019171,0.748536
NC_022639.1,NC_022639.1__N__400,N,400,1600,virus,0.999659538269043,0.132413,0.035031,0.033093,0.031756,0.019171,0.748536
NC_022639.1,NC_022639.1__M__350,M,350,1650,virus,0.9996341466903687,0.064997,0.025281,0.025614,0.021790,0.016782,0.845535
NC_022639.1,NC_022639.1__N__350,N,350,1650,virus,0.9996341466903687,0.064997,0.025281,0.025614,0.021790,0.016782,0.845535
NC_022639.1,NC_022639.1__M__300,M,300,1700,virus,0.9996871948242188,0.052621,0.016579,0.023131,0.019416,0.013197,0.875055
NC_022639.1,NC_022639.1__N__300,N,300,1700,virus,0.9996871948242188,0.052621,0.016579,0.023131,0.019416,0.013197,0.875055
NC_022639.1,NC_022639.1__M__250,M,250,1750,virus,0.9996906518936157,0.053774,0.015313,0.022495,0.018040,0.014017,0.876361
NC_022639.1,NC_022639.1__N__250,N,250,1750,virus,0.9996906518936157,0.053774,0.015313,0.022495,0.018040,0.014017,0.876361
NC_022639.1,NC_022639.1__M__200,M,200,1800,virus,0.999610960483551,0.044739,0.021055,0.022580,0.018478,0.016018,0.877131
NC_022639.1,NC_022639.1__N__200,N,200,1800,virus,0.999610960483551,0.044739,0.021055,0.022580,0.018478,0.016018,0.877131
NC_022639.1,NC_022639.1__M__150,M,150,1850,virus,0.9994974136352539,0.032806,0.020305,0.022992,0.019154,0.015269,0.889474
NC_022639.1,NC_022639.1__N__150,N,150,1850,virus,0.9994974136352539,0.032806,0.020305,0.022992,0.019154,0.015269,0.889474
NC_022639.1,NC_022639.1__M__100,M,100,1900,virus,0.9992037415504456,0.023757,0.024795,0.022123,0.019827,0.015436,0.894062
NC_022639.1,NC_022639.1__N__100,N,100,1900,virus,0.9992037415504456,0.023757,0.024795,0.022123,0.019827,0.015436,0.894062
NC_022639.1,NC_022639.1__M__50,M,50,1950,virus,0.9996403455734253,0.018547,0.024547,0.019313,0.017260,0.012203,0.908131
NC_022639.1,NC_022639.1__N__50,N,50,1950,virus,0.9996403455734253,0.018547,0.024547,0.019313,0.017260,0.012203,0.908131
NC_022639.1,NC_022639.1__M__1,M,1,1999,virus,0.9997488856315613,0.016873,0.027388,0.020062,0.017802,0.013020,0.904855
NC_022639.1,NC_022639.1__N__1,N,1,1999,virus,0.9997488856315613,0.016873,0.027388,0.020062,0.017802,0.013020,0.904855
NC_021626.1,NC_021626.1__none__0,none,0,2000,virus,0.9999860525131226,0.019868,0.110168,0.026301,0.021069,0.019872,0.802722
NC_021626.1,NC_021626.1__M__500,M,500,1500,bacteria,0.9999837875366211,0.536292,0.054583,0.028004,0.039106,0.049069,0.292946
NC_021626.1,NC_021626.1__N__500,N,500,1500,bacteria,0.9999837875366211,0.536292,0.054583,0.028004,0.039106,0.049069,0.292946
NC_021626.1,NC_021626.1__M__450,M,450,1550,bacteria,0.9999856948852539,0.455060,0.056258,0.037998,0.047610,0.045184,0.357891
NC_021626.1,NC_021626.1__N__450,N,450,1550,bacteria,0.9999856948852539,0.455060,0.056258,0.037998,0.047610,0.045184,0.357891
NC_021626.1,NC_021626.1__M__400,M,400,1600,virus,0.9999876022338867,0.401239,0.043836,0.035902,0.038790,0.051857,0.428376
NC_021626.1,NC_021626.1__N__400,N,400,1600,virus,0.9999876022338867,0.401239,0.043836,0.035902,0.038790,0.051857,0.428376
NC_021626.1,NC_021626.1__M__350,M,350,1650,bacteria,0.999993085861206,0.446549,0.053227,0.032808,0.044199,0.051404,0.371814
NC_021626.1,NC_021626.1__N__350,N,350,1650,bacteria,0.999993085861206,0.446549,0.053227,0.032808,0.044199,0.051404,0.371814
NC_021626.1,NC_021626.1__M__300,M,300,1700,virus,0.9999918937683105,0.358206,0.058848,0.034973,0.043999,0.045670,0.458305
NC_021626.1,NC_021626.1__N__300,N,300,1700,virus,0.9999918937683105,0.358206,0.058848,0.034973,0.043999,0.045670,0.458305
NC_021626.1,NC_021626.1__M__250,M,250,1750,virus,0.9999910593032837,0.369589,0.043977,0.034839,0.044646,0.046193,0.460757
NC_021626.1,NC_021626.1__N__250,N,250,1750,virus,0.9999910593032837,0.369589,0.043977,0.034839,0.044646,0.046193,0.460757
NC_021626.1,NC_021626.1__M__200,M,200,1800,virus,0.99998939037323,0.259833,0.067784,0.036859,0.045086,0.048639,0.541799
NC_021626.1,NC_021626.1__N__200,N,200,1800,virus,0.99998939037323,0.259833,0.067784,0.036859,0.045086,0.048639,0.541799
NC_021626.1,NC_021626.1__M__150,M,150,1850,virus,0.9999805688858032,0.178711,0.110263,0.035365,0.043385,0.059334,0.572941
NC_021626.1,NC_021626.1__N__150,N,150,1850,virus,0.9999805688858032,0.178711,0.110263,0.035365,0.043385,0.059334,0.572941
NC_021626.1,NC_021626.1__M__100,M,100,1900,virus,0.9999613761901855,0.061053,0.104794,0.036502,0.035537,0.039944,0.722170
NC_021626.1,NC_021626.1__N__100,N,100,1900,virus,0.9999613761901855,0.061053,0.104794,0.036502,0.035537,0.039944,0.722170
NC_021626.1,NC_021626.1__M__50,M,50,1950,virus,0.9999760389328003,0.022766,0.115018,0.026906,0.022944,0.022549,0.789818
NC_021626.1,NC_021626.1__N__50,N,50,1950,virus,0.9999760389328003,0.022766,0.115018,0.026906,0.022944,0.022549,0.789818
NC_021626.1,NC_021626.1__M__1,M,1,1999,virus,0.999985933303833,0.019729,0.109009,0.026331,0.020945,0.019712,0.804274
NC_021626.1,NC_021626.1__N__1,N,1,1999,virus,0.999985933303833,0.019729,0.109009,0.026331,0.020945,0.019712,0.804274
NC_021220.1,NC_021220.1__none__0,none,0,2000,plasmid,0.9789920449256897,0.242573,0.206412,0.097507,0.073757,0.263009,0.116742
NC_021220.1,NC_021220.1__M__500,M,500,1500,bacteria,0.9948220252990723,0.910727,0.021339,0.011485,0.015635,0.029427,0.011387
NC_021220.1,NC_021220.1__N__500,N,500,1500,bacteria,0.9948220252990723,0.910727,0.021339,0.011485,0.015635,0.029427,0.011387
NC_021220.1,NC_021220.1__M__450,M,450,1550,bacteria,0.9955388903617859,0.873459,0.027084,0.018862,0.018837,0.044083,0.017674
NC_021220.1,NC_021220.1__N__450,N,450,1550,bacteria,0.9955388903617859,0.873459,0.027084,0.018862,0.018837,0.044083,0.017674
NC_021220.1,NC_021220.1__M__400,M,400,1600,bacteria,0.9973063468933105,0.896435,0.022177,0.014852,0.017657,0.033359,0.015521
NC_021220.1,NC_021220.1__N__400,N,400,1600,bacteria,0.9973063468933105,0.896435,0.022177,0.014852,0.017657,0.033359,0.015521
NC_021220.1,NC_021220.1__M__350,M,350,1650,bacteria,0.9971024394035339,0.890626,0.021126,0.016109,0.018134,0.035361,0.018644
NC_021220.1,NC_021220.1__N__350,N,350,1650,bacteria,0.9971024394035339,0.890626,0.021126,0.016109,0.018134,0.035361,0.018644
NC_021220.1,NC_021220.1__M__300,M,300,1700,bacteria,0.9952340722084045,0.717637,0.037206,0.056454,0.027386,0.077240,0.084076
NC_021220.1,NC_021220.1__N__300,N,300,1700,bacteria,0.9952340722084045,0.717637,0.037206,0.056454,0.027386,0.077240,0.084076
NC_021220.1,NC_021220.1__M__250,M,250,1750,bacteria,0.9949586987495422,0.772246,0.035649,0.045328,0.026634,0.073407,0.046736
NC_021220.1,NC_021220.1__N__250,N,250,1750,bacteria,0.9949586987495422,0.772246,0.035649,0.045328,0.026634,0.073407,0.046736
NC_021220.1,NC_021220.1__M__200,M,200,1800,bacteria,0.9928923845291138,0.686530,0.050685,0.050215,0.030479,0.130614,0.051478
NC_021220.1,NC_021220.1__N__200,N,200,1800,bacteria,0.9928923845291138,0.686530,0.050685,0.050215,0.030479,0.130614,0.051478
NC_021220.1,NC_021220.1__M__150,M,150,1850,bacteria,0.9930711388587952,0.636090,0.075566,0.044665,0.042219,0.150950,0.050510
NC_021220.1,NC_021220.1__N__150,N,150,1850,bacteria,0.9930711388587952,0.636090,0.075566,0.044665,0.042219,0.150950,0.050510
NC_021220.1,NC_021220.1__M__100,M,100,1900,bacteria,0.9891110062599182,0.593401,0.097961,0.052467,0.057414,0.146839,0.051918
NC_021220.1,NC_021220.1__N__100,N,100,1900,bacteria,0.9891110062599182,0.593401,0.097961,0.052467,0.057414,0.146839,0.051918
NC_021220.1,NC_021220.1__M__50,M,50,1950,plasmid,0.9736586809158325,0.231912,0.235799,0.080720,0.065810,0.258167,0.127591
NC_021220.1,NC_021220.1__N__50,N,50,1950,plasmid,0.9736586809158325,0.231912,0.235799,0.080720,0.065810,0.258167,0.127591
NC_021220.1,NC_021220.1__M__1,M,1,1999,plasmid,0.978976309299469,0.242291,0.206835,0.097709,0.073812,0.262287,0.117067
NC_021220.1,NC_021220.1__N__1,N,1,1999,plasmid,0.978976309299469,0.242291,0.206835,0.097709,0.073812,0.262287,0.117067
NC_020999.1,NC_020999.1__none__0,none,0,2000,phage,0.9998493194580078,0.127571,0.653197,0.018981,0.022322,0.156592,0.021337
NC_020999.1,NC_020999.1__M__500,M,500,1500,bacteria,0.9999617338180542,0.720269,0.167884,0.023047,0.026562,0.033942,0.028295
NC_020999.1,NC_020999.1__N__500,N,500,1500,bacteria,0.9999617338180542,0.720269,0.167884,0.023047,0.026562,0.033942,0.028295
NC_020999.1,NC_020999.1__M__450,M,450,1550,bacteria,0.9999595880508423,0.809241,0.088169,0.019701,0.023727,0.031765,0.027397
NC_020999.1,NC_020999.1__N__450,N,450,1550,bacteria,0.9999595880508423,0.809241,0.088169,0.019701,0.023727,0.031765,0.027397
NC_020999.1,NC_020999.1__M__400,M,400,1600,bacteria,0.9999732971191406,0.799910,0.098496,0.019057,0.022700,0.036609,0.023228
NC_020999.1,NC_020999.1__N__400,N,400,1600,bacteria,0.9999732971191406,0.799910,0.098496,0.019057,0.022700,0.036609,0.023228
NC_020999.1,NC_020999.1__M__350,M,350,1650,bacteria,0.9999704360961914,0.864631,0.049906,0.017162,0.021018,0.026237,0.021046
NC_020999.1,NC_020999.1__N__350,N,350,1650,bacteria,0.9999704360961914,0.864631,0.049906,0.017162,0.021018,0.026237,0.021046
NC_020999.1,NC_020999.1__M__300,M,300,1700,bacteria,0.9999655485153198,0.864693,0.052180,0.017711,0.021975,0.022042,0.021400
NC_020999.1,NC_020999.1__N__300,N,300,1700,bacteria,0.9999655485153198,0.864693,0.052180,0.017711,0.021975,0.022042,0.021400
NC_020999.1,NC_020999.1__M__250,M,250,1750,bacteria,0.9999744892120361,0.850331,0.065598,0.016880,0.021596,0.026546,0.019048
NC_020999.1,NC_020999.1__N__250,N,250,1750,bacteria,0.9999744892120361,0.850331,0.065598,0.016880,0.021596,0.026546,0.019048
NC_020999.1,NC_020999.1__M__200,M,200,1800,bacteria,0.9999663829803467,0.783925,0.108801,0.019477,0.024123,0.040149,0.023526
NC_020999.1,NC_020999.1__N__200,N,200,1800,bacteria,0.9999663829803467,0.783925,0.108801,0.019477,0.024123,0.040149,0.023526
NC_020999.1,NC_020999.1__M__150,M,150,1850,bacteria,0.9999415874481201,0.643215,0.206735,0.023253,0.028745,0.071300,0.026752
NC_020999.1,NC_020999.1__N__150,N,150,1850,bacteria,0.9999415874481201,0.643215,0.206735,0.023253,0.028745,0.071300,0.026752
NC_020999.1,NC_020999.1__M__100,M,100,1900,bacteria,0.9998751878738403,0.489431,0.325769,0.025458,0.030882,0.099282,0.029176
NC_020999.1,NC_020999.1__N__100,N,100,1900,bacteria,0.9998751878738403,0.489431,0.325769,0.025458,0.030882,0.099282,0.029176
NC_020999.1,NC_020999.1__M__50,M,50,1950,phage,0.999834418296814,0.176188,0.655803,0.018774,0.022591,0.104966,0.021677
NC_020999.1,NC_020999.1__N__50,N,50,1950,phage,0.999834418296814,0.176188,0.655803,0.018774,0.022591,0.104966,0.021677
NC_020999.1,NC_020999.1__M__1,M,1,1999,phage,0.9998489618301392,0.129655,0.647950,0.019154,0.022527,0.159196,0.021519
NC_020999.1,NC_020999.1__N__1,N,1,1999,phage,0.9998489618301392,0.129655,0.647950,0.019154,0.022527,0.159196,0.021519
NC_019920.1,NC_019920.1__none__0,none,0,2000,phage,0.9999728202819824,0.015275,0.915981,0.014822,0.015388,0.021823,0.016711
NC_019920.1,NC_019920.1__M__500,M,500,1500,bacteria,0.9999037981033325,0.670657,0.211352,0.022330,0.025014,0.047960,0.022687
NC_019920.1,NC_019920.1__N__500,N,500,1500,bacteria,0.9999037981033325,0.670657,0.211352,0.022330,0.025014,0.047960,0.022687
NC_019920.1,NC_019920.1__M__450,M,450,1550,bacteria,0.9999582767486572,0.665413,0.218759,0.022672,0.025921,0.042947,0.024288
NC_019920.1,NC_019920.1__N__450,N,450,1550,bacteria,0.9999582767486572,0.665413,0.218759,0.022672,0.025921,0.042947,0.024288
NC_019920.1,NC_019920.1__M__400,M,400,1600,bacteria,0.9999552965164185,0.669406,0.199112,0.024773,0.027221,0.052188,0.027300
NC_019920.1,NC_019920.1__N__400,N,400,1600,bacteria,0.9999552965164185,0.669406,0.199112,0.024773,0.027221,0.052188,0.027300
NC_019920.1,NC_019920.1__M__350,M,350,1650,bacteria,0.999948263168335,0.744984,0.139364,0.021876,0.024984,0.044986,0.023806
NC_019920.1,NC_019920.1__N__350,N,350,1650,bacteria,0.999948263168335,0.744984,0.139364,0.021876,0.024984,0.044986,0.023806
NC_019920.1,NC_019920.1__M__300,M,300,1700,bacteria,0.9999690055847168,0.505940,0.358579,0.025789,0.025959,0.055868,0.027865
NC_019920.1,NC_019920.1__N__300,N,300,1700,bacteria,0.9999690055847168,0.505940,0.358579,0.025789,0.025959,0.055868,0.027865
NC_019920.1,NC_019920.1__M__250,M,250,1750,bacteria,0.9999750852584839,0.545445,0.322138,0.027076,0.026684,0.050318,0.028338
NC_019920.1,NC_019920.1__N__250,N,250,1750,bacteria,0.9999750852584839,0.545445,0.322138,0.027076,0.026684,0.050318,0.028338
NC_019920.1,NC_019920.1__M__200,M,200,1800,phage,0.9999674558639526,0.290799,0.586167,0.025032,0.023390,0.046847,0.027764
NC_019920.1,NC_019920.1__N__200,N,200,1800,phage,0.9999674558639526,0.290799,0.586167,0.025032,0.023390,0.046847,0.027764
NC_019920.1,NC_019920.1__M__150,M,150,1850,phage,0.9999586343765259,0.152721,0.746781,0.020208,0.018958,0.039405,0.021927
NC_019920.1,NC_019920.1__N__150,N,150,1850,phage,0.9999586343765259,0.152721,0.746781,0.020208,0.018958,0.039405,0.021927
NC_019920.1,NC_019920.1__M__100,M,100,1900,phage,0.999913215637207,0.077202,0.845143,0.015778,0.014009,0.030493,0.017374
NC_019920.1,NC_019920.1__N__100,N,100,1900,phage,0.999913215637207,0.077202,0.845143,0.015778,0.014009,0.030493,0.017374
NC_019920.1,NC_019920.1__M__50,M,50,1950,phage,0.9999698400497437,0.020082,0.912440,0.014165,0.014113,0.022488,0.016712
NC_019920.1,NC_019920.1__N__50,N,50,1950,phage,0.9999698400497437,0.020082,0.912440,0.014165,0.014113,0.022488,0.016712
NC_019920.1,NC_019920.1__M__1,M,1,1999,phage,0.9999725818634033,0.015372,0.915675,0.014865,0.015387,0.021974,0.016727
NC_019920.1,NC_019920.1__N__1,N,1,1999,phage,0.9999725818634033,0.015372,0.915675,0.014865,0.015387,0.021974,0.016727
NC_019409.1,NC_019409.1__none__0,none,0,2000,virus,0.9988201260566711,0.021872,0.162486,0.038279,0.026143,0.039533,0.711686
NC_019409.1,NC_019409.1__M__500,M,500,1500,bacteria,0.9998120665550232,0.906230,0.020849,0.012088,0.016952,0.027885,0.015994
NC_019409.1,NC_019409.1__N__500,N,500,1500,bacteria,0.9998120665550232,0.906230,0.020849,0.012088,0.016952,0.027885,0.015994
NC_019409.1,NC_019409.1__M__450,M,450,1550,bacteria,0.9998369216918945,0.861006,0.031570,0.016239,0.023348,0.030518,0.037319
NC_019409.1,NC_019409.1__N__450,N,450,1550,bacteria,0.9998369216918945,0.861006,0.031570,0.016239,0.023348,0.030518,0.037319
NC_019409.1,NC_019409.1__M__400,M,400,1600,bacteria,0.9998557567596436,0.893261,0.026528,0.013033,0.021072,0.023294,0.022812
NC_019409.1,NC_019409.1__N__400,N,400,1600,bacteria,0.9998557567596436,0.893261,0.026528,0.013033,0.021072,0.023294,0.022812
NC_019409.1,NC_019409.1__M__350,M,350,1650,bacteria,0.9997687935829163,0.845711,0.044602,0.018031,0.025197,0.031481,0.034978
NC_019409.1,NC_019409.1__N__350,N,350,1650,bacteria,0.9997687935829163,0.845711,0.044602,0.018031,0.025197,0.031481,0.034978
NC_019409.1,NC_019409.1__M__300,M,300,1700,bacteria,0.999595582485199,0.682548,0.051105,0.032957,0.035852,0.037803,0.159735
NC_019409.1,NC_019409.1__N__300,N,300,1700,bacteria,0.999595582485199,0.682548,0.051105,0.032957,0.035852,0.037803,0.159735
NC_019409.1,NC_019409.1__M__250,M,250,1750,bacteria,0.9995573163032532,0.483445,0.059218,0.052465,0.041625,0.073551,0.289697
NC_019409.1,NC_019409.1__N__250,N,250,1750,bacteria,0.9995573163032532,0.483445,0.059218,0.052465,0.041625,0.073551,0.289697
NC_019409.1,NC_019409.1__M__200,M,200,1800,virus,0.9991746544837952,0.204770,0.095895,0.052858,0.043846,0.083479,0.519153
NC_019409.1,NC_019409.1__N__200,N,200,1800,virus,0.9991746544837952,0.204770,0.095895,0.052858,0.043846,0.083479,0.519153
NC_019409.1,NC_019409.1__M__150,M,150,1850,virus,0.999211311340332,0.082658,0.097144,0.047943,0.034364,0.053259,0.684632
NC_019409.1,NC_019409.1__N__150,N,150,1850,virus,0.999211311340332,0.082658,0.097144,0.047943,0.034364,0.053259,0.684632
NC_019409.1,NC_019409.1__M__100,M,100,1900,virus,0.9991012811660767,0.081442,0.162706,0.058372,0.039515,0.078296,0.579670
NC_019409.1,NC_019409.1__N__100,N,100,1900,virus,0.9991012811660767,0.081442,0.162706,0.058372,0.039515,0.078296,0.579670
NC_019409.1,NC_019409.1__M__50,M,50,1950,virus,0.998316764831543,0.026057,0.331737,0.045345,0.030389,0.071445,0.495028
NC_019409.1,NC_019409.1__N__50,N,50,1950,virus,0.998316764831543,0.026057,0.331737,0.045345,0.030389,0.071445,0.495028
NC_019409.1,NC_019409.1__M__1,M,1,1999,virus,0.9988067150115967,0.021843,0.163222,0.038282,0.026157,0.039500,0.710997
NC_019409.1,NC_019409.1__N__1,N,1,1999,virus,0.9988067150115967,0.021843,0.163222,0.038282,0.026157,0.039500,0.710997
NC_018478.1,NC_018478.1__none__0,none,0,2000,virus,0.9999260902404785,0.066775,0.097196,0.038984,0.052121,0.048830,0.696094
NC_018478.1,NC_018478.1__M__500,M,500,1500,virus,0.9998874664306641,0.222011,0.042995,0.030582,0.038938,0.035984,0.629490
NC_018478.1,NC_018478.1__N__500,N,500,1500,virus,0.9998874664306641,0.222011,0.042995,0.030582,0.038938,0.035984,0.629490
NC_018478.1,NC_018478.1__M__450,M,450,1550,bacteria,0.9999415874481201,0.537467,0.058040,0.026339,0.043272,0.045606,0.289276
NC_018478.1,NC_018478.1__N__450,N,450,1550,bacteria,0.9999415874481201,0.537467,0.058040,0.026339,0.043272,0.045606,0.289276
NC_018478.1,NC_018478.1__M__400,M,400,1600,bacteria,0.9999560117721558,0.429598,0.074376,0.030895,0.053676,0.048157,0.363297
NC_018478.1,NC_018478.1__N__400,N,400,1600,bacteria,0.9999560117721558,0.429598,0.074376,0.030895,0.053676,0.048157,0.363297
NC_018478.1,NC_018478.1__M__350,M,350,1650,bacteria,0.9999634027481079,0.426268,0.069145,0.027631,0.048189,0.052833,0.375933
NC_018478.1,NC_018478.1__N__350,N,350,1650,bacteria,0.9999634027481079,0.426268,0.069145,0.027631,0.048189,0.052833,0.375933
NC_018478.1,NC_018478.1__M__300,M,300,1700,bacteria,0.9999581575393677,0.469614,0.083690,0.027364,0.051891,0.060949,0.306493
NC_018478.1,NC_018478.1__N__300,N,300,1700,bacteria,0.9999581575393677,0.469614,0.083690,0.027364,0.051891,0.060949,0.306493
NC_018478.1,NC_018478.1__M__250,M,250,1750,bacteria,0.9999479055404663,0.424917,0.092727,0.034661,0.055705,0.068403,0.323586
NC_018478.1,NC_018478.1__N__250,N,250,1750,bacteria,0.9999479055404663,0.424917,0.092727,0.034661,0.055705,0.068403,0.323586
NC_018478.1,NC_018478.1__M__200,M,200,1800,virus,0.9999523162841797,0.203605,0.084132,0.044433,0.055020,0.060969,0.551842
NC_018478.1,NC_018478.1__N__200,N,200,1800,virus,0.9999523162841797,0.203605,0.084132,0.044433,0.055020,0.060969,0.551842
NC_018478.1,NC_018478.1__M__150,M,150,1850,virus,0.9999213218688965,0.136913,0.119152,0.056793,0.071660,0.070043,0.545439
NC_018478.1,NC_018478.1__N__150,N,150,1850,virus,0.9999213218688965,0.136913,0.119152,0.056793,0.071660,0.070043,0.545439
NC_018478.1,NC_018478.1__M__100,M,100,1900,virus,0.9998997449874878,0.180552,0.149922,0.061482,0.084465,0.088143,0.435435
NC_018478.1,NC_018478.1__N__100,N,100,1900,virus,0.9998997449874878,0.180552,0.149922,0.061482,0.084465,0.088143,0.435435
NC_018478.1,NC_018478.1__M__50,M,50,1950,virus,0.9998800754547119,0.064419,0.097010,0.039874,0.051556,0.044656,0.702486
NC_018478.1,NC_018478.1__N__50,N,50,1950,virus,0.9998800754547119,0.064419,0.097010,0.039874,0.051556,0.044656,0.702486
NC_018478.1,NC_018478.1__M__1,M,1,1999,virus,0.9999275207519531,0.067141,0.097970,0.039036,0.052326,0.049313,0.694215
NC_018478.1,NC_018478.1__N__1,N,1,1999,virus,0.9999275207519531,0.067141,0.097970,0.039036,0.052326,0.049313,0.694215
NC_018384.1,NC_018384.1__none__0,none,0,2000,eukarya,0.9885817170143127,0.024644,0.080881,0.524410,0.030204,0.035049,0.304812
NC_018384.1,NC_018384.1__M__500,M,500,1500,virus,0.9895806908607483,0.257706,0.117573,0.087817,0.052008,0.032948,0.451949
NC_018384.1,NC_018384.1__N__500,N,500,1500,virus,0.9895806908607483,0.257706,0.117573,0.087817,0.052008,0.032948,0.451949
NC_018384.1,NC_018384.1__M__450,M,450,1550,virus,0.9930365681648254,0.289681,0.146984,0.142439,0.062597,0.031728,0.326571
NC_018384.1,NC_018384.1__N__450,N,450,1550,virus,0.9930365681648254,0.289681,0.146984,0.142439,0.062597,0.031728,0.326571
NC_018384.1,NC_018384.1__M__400,M,400,1600,virus,0.9948651194572449,0.251917,0.138539,0.169092,0.055134,0.031561,0.353759
NC_018384.1,NC_018384.1__N__400,N,400,1600,virus,0.9948651194572449,0.251917,0.138539,0.169092,0.055134,0.031561,0.353759
NC_018384.1,NC_018384.1__M__350,M,350,1650,bacteria,0.9928373694419861,0.321976,0.129842,0.159695,0.057060,0.039196,0.292230
NC_018384.1,NC_018384.1__N__350,N,350,1650,bacteria,0.9928373694419861,0.321976,0.129842,0.159695,0.057060,0.039196,0.292230
NC_018384.1,NC_018384.1__M__300,M,300,1700,virus,0.9911829233169556,0.116915,0.095917,0.220144,0.046162,0.024692,0.496170
NC_018384.1,NC_018384.1__N__300,N,300,1700,virus,0.9911829233169556,0.116915,0.095917,0.220144,0.046162,0.024692,0.496170
NC_018384.1,NC_018384.1__M__250,M,250,1750,virus,0.9946252703666687,0.069728,0.084892,0.291954,0.040815,0.026125,0.486487
NC_018384.1,NC_018384.1__N__250,N,250,1750,virus,0.9946252703666687,0.069728,0.084892,0.291954,0.040815,0.026125,0.486487
NC_018384.1,NC_018384.1__M__200,M,200,1800,virus,0.995118260383606,0.121945,0.129320,0.210061,0.057488,0.036410,0.444775
NC_018384.1,NC_018384.1__N__200,N,200,1800,virus,0.995118260383606,0.121945,0.129320,0.210061,0.057488,0.036410,0.444775
NC_018384.1,NC_018384.1__M__150,M,150,1850,eukarya,0.9920187592506409,0.115188,0.190635,0.317373,0.064134,0.045273,0.267397
NC_018384.1,NC_018384.1__N__150,N,150,1850,eukarya,0.9920187592506409,0.115188,0.190635,0.317373,0.064134,0.045273,0.267397
NC_018384.1,NC_018384.1__M__100,M,100,1900,eukarya,0.9901651740074158,0.072699,0.186931,0.453908,0.055041,0.039220,0.192202
NC_018384.1,NC_018384.1__N__100,N,100,1900,eukarya,0.9901651740074158,0.072699,0.186931,0.453908,0.055041,0.039220,0.192202
NC_018384.1,NC_018384.1__M__50,M,50,1950,eukarya,0.9791568517684937,0.025050,0.070021,0.645061,0.027810,0.029638,0.202421
NC_018384.1,NC_018384.1__N__50,N,50,1950,eukarya,0.9791568517684937,0.025050,0.070021,0.645061,0.027810,0.029638,0.202421
NC_018384.1,NC_018384.1__M__1,M,1,1999,eukarya,0.9886224865913391,0.024665,0.080942,0.524926,0.030214,0.035102,0.304150
NC_018384.1,NC_018384.1__N__1,N,1,1999,eukarya,0.9886224865913391,0.024665,0.080942,0.524926,0.030214,0.035102,0.304150
NC_016441.1,NC_016441.1__none__0,none,0,2000,virus,0.9974007606506348,0.013168,0.013070,0.014418,0.015860,0.015851,0.927632
NC_016441.1,NC_016441.1__M__500,M,500,1500,virus,0.9983249306678772,0.025251,0.013398,0.013851,0.012788,0.009796,0.924917
NC_016441.1,NC_016441.1__N__500,N,500,1500,virus,0.9983249306678772,0.025251,0.013398,0.013851,0.012788,0.009796,0.924917
NC_016441.1,NC_016441.1__M__450,M,450,1550,virus,0.9994853734970093,0.029463,0.015266,0.013756,0.013530,0.010865,0.917120
NC_016441.1,NC_016441.1__N__450,N,450,1550,virus,0.9994853734970093,0.029463,0.015266,0.013756,0.013530,0.010865,0.917120
NC_016441.1,NC_016441.1__M__400,M,400,1600,virus,0.9994716048240662,0.026854,0.014517,0.012989,0.012626,0.010779,0.922235
NC_016441.1,NC_016441.1__N__400,N,400,1600,virus,0.9994716048240662,0.026854,0.014517,0.012989,0.012626,0.010779,0.922235
NC_016441.1,NC_016441.1__M__350,M,350,1650,virus,0.9996368885040283,0.030350,0.015261,0.016074,0.013909,0.010660,0.913746
NC_016441.1,NC_016441.1__N__350,N,350,1650,virus,0.9996368885040283,0.030350,0.015261,0.016074,0.013909,0.010660,0.913746
NC_016441.1,NC_016441.1__M__300,M,300,1700,virus,0.999595582485199,0.043279,0.016403,0.018658,0.016932,0.010836,0.893892
NC_016441.1,NC_016441.1__N__300,N,300,1700,virus,0.999595582485199,0.043279,0.016403,0.018658,0.016932,0.010836,0.893892
NC_016441.1,NC_016441.1__M__250,M,250,1750,virus,0.9996869564056396,0.037435,0.017006,0.017814,0.017114,0.011912,0.898718
NC_016441.1,NC_016441.1__N__250,N,250,1750,virus,0.9996869564056396,0.037435,0.017006,0.017814,0.017114,0.011912,0.898718
NC_016441.1,NC_016441.1__M__200,M,200,1800,virus,0.9996981620788574,0.030953,0.016941,0.015576,0.014781,0.013176,0.908574
NC_016441.1,NC_016441.1__N__200,N,200,1800,virus,0.9996981620788574,0.030953,0.016941,0.015576,0.014781,0.013176,0.908574
NC_016441.1,NC_016441.1__M__150,M,150,1850,virus,0.9995326995849609,0.027858,0.012864,0.015017,0.013154,0.012414,0.918694
NC_016441.1,NC_016441.1__N__150,N,150,1850,virus,0.9995326995849609,0.027858,0.012864,0.015017,0.013154,0.012414,0.918694
NC_016441.1,NC_016441.1__M__100,M,100,1900,virus,0.9992308616638184,0.022048,0.013777,0.013813,0.012888,0.014393,0.923081
NC_016441.1,NC_016441.1__N__100,N,100,1900,virus,0.9992308616638184,0.022048,0.013777,0.013813,0.012888,0.014393,0.923081
NC_016441.1,NC_016441.1__M__50,M,50,1950,virus,0.9974641799926758,0.013017,0.013249,0.014618,0.014474,0.015480,0.929162
NC_016441.1,NC_016441.1__N__50,N,50,1950,virus,0.9974641799926758,0.013017,0.013249,0.014618,0.014474,0.015480,0.929162
NC_016441.1,NC_016441.1__M__1,M,1,1999,virus,0.9973957538604736,0.013194,0.013052,0.014443,0.015757,0.015822,0.927731
NC_016441.1,NC_016441.1__N__1,N,1,1999,virus,0.9973957538604736,0.013194,0.013052,0.014443,0.015757,0.015822,0.927731
NC_015639.1,NC_015639.1__none__0,none,0,2000,virus,0.9951406717300415,0.020725,0.045129,0.030215,0.109796,0.027102,0.767034
NC_015639.1,NC_015639.1__M__500,M,500,1500,virus,0.9987375140190125,0.062670,0.052308,0.041546,0.181123,0.020989,0.641363
NC_015639.1,NC_015639.1__N__500,N,500,1500,virus,0.9987375140190125,0.062670,0.052308,0.041546,0.181123,0.020989,0.641363
NC_015639.1,NC_015639.1__M__450,M,450,1550,virus,0.9988081455230713,0.051502,0.054009,0.040249,0.249102,0.026296,0.578842
NC_015639.1,NC_015639.1__N__450,N,450,1550,virus,0.9988081455230713,0.051502,0.054009,0.040249,0.249102,0.026296,0.578842
NC_015639.1,NC_015639.1__M__400,M,400,1600,virus,0.9984902143478394,0.042797,0.053290,0.036205,0.235765,0.028791,0.603152
NC_015639.1,NC_015639.1__N__400,N,400,1600,virus,0.9984902143478394,0.042797,0.053290,0.036205,0.235765,0.028791,0.603152
NC_015639.1,NC_015639.1__M__350,M,350,1650,virus,0.9987788796424866,0.051889,0.056441,0.035193,0.223113,0.026616,0.606749
NC_015639.1,NC_015639.1__N__350,N,350,1650,virus,0.9987788796424866,0.051889,0.056441,0.035193,0.223113,0.026616,0.606749
NC_015639.1,NC_015639.1__M__300,M,300,1700,virus,0.9987799525260925,0.052905,0.045022,0.028580,0.080450,0.020378,0.772665
NC_015639.1,NC_015639.1__N__300,N,300,1700,virus,0.9987799525260925,0.052905,0.045022,0.028580,0.080450,0.020378,0.772665
NC_015639.1,NC_015639.1__M__250,M,250,1750,virus,0.9987226128578186,0.055886,0.050344,0.034500,0.108193,0.021904,0.729173
NC_015639.1,NC_015639.1__N__250,N,250,1750,virus,0.9987226128578186,0.055886,0.050344,0.034500,0.108193,0.021904,0.729173
NC_015639.1,NC_015639.1__M__200,M,200,1800,virus,0.99898761510849,0.046258,0.042954,0.031716,0.092325,0.019734,0.767013
NC_015639.1,NC_015639.1__N__200,N,200,1800,virus,0.99898761510849,0.046258,0.042954,0.031716,0.092325,0.019734,0.767013
NC_015639.1,NC_015639.1__M__150,M,150,1850,virus,0.9980575442314148,0.027576,0.034730,0.028388,0.074356,0.021420,0.813530
NC_015639.1,NC_015639.1__N__150,N,150,1850,virus,0.9980575442314148,0.027576,0.034730,0.028388,0.074356,0.021420,0.813530
NC_015639.1,NC_015639.1__M__100,M,100,1900,virus,0.9960654377937317,0.024975,0.037256,0.028479,0.083975,0.023361,0.801954
NC_015639.1,NC_015639.1__N__100,N,100,1900,virus,0.9960654377937317,0.024975,0.037256,0.028479,0.083975,0.023361,0.801954
NC_015639.1,NC_015639.1__M__50,M,50,1950,virus,0.9935916066169739,0.024437,0.045117,0.033179,0.158896,0.027054,0.711317
NC_015639.1,NC_015639.1__N__50,N,50,1950,virus,0.9935916066169739,0.024437,0.045117,0.033179,0.158896,0.027054,0.711317
NC_015639.1,NC_015639.1__M__1,M,1,1999,virus,0.9951723217964172,0.020693,0.045359,0.030335,0.110545,0.027198,0.765870
NC_015639.1,NC_015639.1__N__1,N,1,1999,virus,0.9951723217964172,0.020693,0.045359,0.030335,0.110545,0.027198,0.765870
NC_015521.1,NC_015521.1__none__0,none,0,2000,virus,0.9999140501022339,0.012095,0.018507,0.018666,0.013681,0.012964,0.924086
NC_015521.1,NC_015521.1__M__500,M,500,1500,virus,0.9998878240585327,0.054523,0.024392,0.025784,0.020579,0.014499,0.860222
NC_015521.1,NC_015521.1__N__500,N,500,1500,virus,0.9998878240585327,0.054523,0.024392,0.025784,0.020579,0.014499,0.860222
NC_015521.1,NC_015521.1__M__450,M,450,1550,virus,0.9999359846115112,0.039639,0.019437,0.023329,0.017375,0.012732,0.887488
NC_015521.1,NC_015521.1__N__450,N,450,1550,virus,0.9999359846115112,0.039639,0.019437,0.023329,0.017375,0.012732,0.887488
NC_015521.1,NC_015521.1__M__400,M,400,1600,virus,0.9999555349349976,0.053014,0.022246,0.026456,0.019751,0.012775,0.865757
NC_015521.1,NC_015521.1__N__400,N,400,1600,virus,0.9999555349349976,0.053014,0.022246,0.026456,0.019751,0.012775,0.865757
NC_015521.1,NC_015521.1__M__350,M,350,1650,virus,0.9999505281448364,0.055119,0.022766,0.028888,0.022013,0.012174,0.859040
NC_015521.1,NC_015521.1__N__350,N,350,1650,virus,0.9999505281448364,0.055119,0.022766,0.028888,0.022013,0.012174,0.859040
NC_015521.1,NC_015521.1__M__300,M,300,1700,virus,0.9999488592147827,0.059273,0.026012,0.029161,0.025266,0.014831,0.845457
NC_015521.1,NC_015521.1__N__300,N,300,1700,virus,0.9999488592147827,0.059273,0.026012,0.029161,0.025266,0.014831,0.845457
NC_015521.1,NC_015521.1__M__250,M,250,1750,virus,0.9999512434005737,0.032056,0.020449,0.021360,0.018152,0.013058,0.894925
NC_015521.1,NC_015521.1__N__250,N,250,1750,virus,0.9999512434005737,0.032056,0.020449,0.021360,0.018152,0.013058,0.894925
NC_015521.1,NC_015521.1__M__200,M,200,1800,virus,0.9999376535415649,0.042862,0.023511,0.026575,0.021194,0.012053,0.873806
NC_015521.1,NC_015521.1__N__200,N,200,1800,virus,0.9999376535415649,0.042862,0.023511,0.026575,0.021194,0.012053,0.873806
NC_015521.1,NC_015521.1__M__150,M,150,1850,virus,0.9999212026596069,0.050365,0.029424,0.030766,0.025251,0.013235,0.850959
NC_015521.1,NC_015521.1__N__150,N,150,1850,virus,0.9999212026596069,0.050365,0.029424,0.030766,0.025251,0.013235,0.850959
NC_015521.1,NC_015521.1__M__100,M,100,1900,virus,0.9998975992202759,0.027041,0.026378,0.024061,0.019867,0.014996,0.887658
NC_015521.1,NC_015521.1__N__100,N,100,1900,virus,0.9998975992202759,0.027041,0.026378,0.024061,0.019867,0.014996,0.887658
NC_015521.1,NC_015521.1__M__50,M,50,1950,virus,0.9998754262924194,0.014679,0.020240,0.020581,0.015210,0.013956,0.915333
NC_015521.1,NC_015521.1__N__50,N,50,1950,virus,0.9998754262924194,0.014679,0.020240,0.020581,0.015210,0.013956,0.915333
NC_015521.1,NC_015521.1__M__1,M,1,1999,virus,0.9999144077301025,0.012098,0.018524,0.018598,0.013576,0.012930,0.924275
NC_015521.1,NC_015521.1__N__1,N,1,1999,virus,0.9999144077301025,0.012098,0.018524,0.018598,0.013576,0.012930,0.924275
NC_014904.1,NC_014904.1__none__0,none,0,2000,virus,0.9998375177383423,0.011410,0.015264,0.021294,0.014317,0.014089,0.923626
NC_014904.1,NC_014904.1__M__500,M,500,1500,virus,0.9998759031295776,0.024333,0.016225,0.021472,0.016012,0.012664,0.909294
NC_014904.1,NC_014904.1__N__500,N,500,1500,virus,0.9998759031295776,0.024333,0.016225,0.021472,0.016012,0.012664,0.909294
NC_014904.1,NC_014904.1__M__450,M,450,1550,virus,0.9999263286590576,0.023187,0.015607,0.022004,0.015842,0.012482,0.910879
NC_014904.1,NC_014904.1__N__450,N,450,1550,virus,0.9999263286590576,0.023187,0.015607,0.022004,0.015842,0.012482,0.910879
NC_014904.1,NC_014904.1__M__400,M,400,1600,virus,0.9999475479125977,0.034653,0.017594,0.027099,0.018378,0.012602,0.889674
NC_014904.1,NC_014904.1__N__400,N,400,1600,virus,0.9999475479125977,0.034653,0.017594,0.027099,0.018378,0.012602,0.889674
NC_014904.1,NC_014904.1__M__350,M,350,1650,virus,0.9999440908432007,0.037875,0.020468,0.037918,0.022395,0.016101,0.865243
NC_014904.1,NC_014904.1__N__350,N,350,1650,virus,0.9999440908432007,0.037875,0.020468,0.037918,0.022395,0.016101,0.865243
NC_014904.1,NC_014904.1__M__300,M,300,1700,virus,0.9999308586120605,0.021261,0.015607,0.022710,0.016158,0.013851,0.910413
NC_014904.1,NC_014904.1__N__300,N,300,1700,virus,0.9999308586120605,0.021261,0.015607,0.022710,0.016158,0.013851,0.910413
NC_014904.1,NC_014904.1__M__250,M,250,1750,virus,0.9999462366104126,0.020318,0.016914,0.022581,0.016599,0.014538,0.909049
NC_014904.1,NC_014904.1__N__250,N,250,1750,virus,0.9999462366104126,0.020318,0.016914,0.022581,0.016599,0.014538,0.909049
NC_014904.1,NC_014904.1__M__200,M,200,1800,virus,0.9999430179595947,0.020139,0.015034,0.020409,0.015114,0.013317,0.915987
NC_014904.1,NC_014904.1__N__200,N,200,1800,virus,0.9999430179595947,0.020139,0.015034,0.020409,0.015114,0.013317,0.915987
NC_014904.1,NC_014904.1__M__150,M,150,1850,virus,0.9999232292175293,0.018328,0.018928,0.025423,0.017632,0.015548,0.904141
NC_014904.1,NC_014904.1__N__150,N,150,1850,virus,0.9999232292175293,0.018328,0.018928,0.025423,0.017632,0.015548,0.904141
NC_014904.1,NC_014904.1__M__100,M,100,1900,virus,0.9999105930328369,0.017753,0.018829,0.024889,0.017483,0.015443,0.905603
NC_014904.1,NC_014904.1__N__100,N,100,1900,virus,0.9999105930328369,0.017753,0.018829,0.024889,0.017483,0.015443,0.905603
NC_014904.1,NC_014904.1__M__50,M,50,1950,virus,0.9998798370361328,0.013777,0.017981,0.025078,0.015673,0.015420,0.912072
NC_014904.1,NC_014904.1__N__50,N,50,1950,virus,0.9998798370361328,0.013777,0.017981,0.025078,0.015673,0.015420,0.912072
NC_014904.1,NC_014904.1__M__1,M,1,1999,virus,0.99983811378479,0.011407,0.015266,0.021281,0.014332,0.014071,0.923642
NC_014904.1,NC_014904.1__N__1,N,1,1999,virus,0.99983811378479,0.011407,0.015266,0.021281,0.014332,0.014071,0.923642
NC_014511.1,NC_014511.1__none__0,none,0,2000,virus,0.9999953508377075,0.081249,0.119282,0.062121,0.031407,0.038942,0.666999
NC_014511.1,NC_014511.1__M__500,M,500,1500,bacteria,0.9999818801879883,0.791282,0.037925,0.028488,0.026959,0.029394,0.085951
NC_014511.1,NC_014511.1__N__500,N,500,1500,bacteria,0.9999818801879883,0.791282,0.037925,0.028488,0.026959,0.029394,0.085951
NC_014511.1,NC_014511.1__M__450,M,450,1550,bacteria,0.9999860525131226,0.706631,0.043857,0.032092,0.032812,0.035664,0.148943
NC_014511.1,NC_014511.1__N__450,N,450,1550,bacteria,0.9999860525131226,0.706631,0.043857,0.032092,0.032812,0.035664,0.148943
NC_014511.1,NC_014511.1__M__400,M,400,1600,bacteria,0.9999862909317017,0.546601,0.065263,0.062131,0.038059,0.039475,0.248471
NC_014511.1,NC_014511.1__N__400,N,400,1600,bacteria,0.9999862909317017,0.546601,0.065263,0.062131,0.038059,0.039475,0.248471
NC_014511.1,NC_014511.1__M__350,M,350,1650,bacteria,0.9999876022338867,0.454717,0.056700,0.064354,0.041770,0.040408,0.342051
NC_014511.1,NC_014511.1__N__350,N,350,1650,bacteria,0.9999876022338867,0.454717,0.056700,0.064354,0.041770,0.040408,0.342051
NC_014511.1,NC_014511.1__M__300,M,300,1700,bacteria,0.9999891519546509,0.523230,0.061418,0.049377,0.042073,0.041659,0.282244
NC_014511.1,NC_014511.1__N__300,N,300,1700,bacteria,0.9999891519546509,0.523230,0.061418,0.049377,0.042073,0.041659,0.282244
NC_014511.1,NC_014511.1__M__250,M,250,1750,bacteria,0.9999886751174927,0.501725,0.063041,0.068020,0.041376,0.049481,0.276356
NC_014511.1,NC_014511.1__N__250,N,250,1750,bacteria,0.9999886751174927,0.501725,0.063041,0.068020,0.041376,0.049481,0.276356
NC_014511.1,NC_014511.1__M__200,M,200,1800,bacteria,0.9999908208847046,0.549966,0.064053,0.055539,0.041507,0.052826,0.236108
NC_014511.1,NC_014511.1__N__200,N,200,1800,bacteria,0.9999908208847046,0.549966,0.064053,0.055539,0.041507,0.052826,0.236108
NC_014511.1,NC_014511.1__M__150,M,150,1850,bacteria,0.9999866485595703,0.396140,0.091862,0.076977,0.051963,0.059121,0.323937
NC_014511.1,NC_014511.1__N__150,N,150,1850,bacteria,0.9999866485595703,0.396140,0.091862,0.076977,0.051963,0.059121,0.323937
NC_014511.1,NC_014511.1__M__100,M,100,1900,virus,0.9999868869781494,0.285313,0.160974,0.091172,0.059595,0.065528,0.337417
NC_014511.1,NC_014511.1__N__100,N,100,1900,virus,0.9999868869781494,0.285313,0.160974,0.091172,0.059595,0.065528,0.337417
NC_014511.1,NC_014511.1__M__50,M,50,1950,virus,0.9999920129776001,0.093230,0.143114,0.061137,0.033065,0.045770,0.623684
NC_014511.1,NC_014511.1__N__50,N,50,1950,virus,0.9999920129776001,0.093230,0.143114,0.061137,0.033065,0.045770,0.623684
NC_014511.1,NC_014511.1__M__1,M,1,1999,virus,0.9999953508377075,0.080117,0.118407,0.062259,0.031263,0.038313,0.669640
NC_014511.1,NC_014511.1__N__1,N,1,1999,virus,0.9999953508377075,0.080117,0.118407,0.062259,0.031263,0.038313,0.669640
NC_014512.1,NC_014512.1__none__0,none,0,2000,virus,0.9999552965164185,0.030961,0.063099,0.159751,0.030282,0.025994,0.689914
NC_014512.1,NC_014512.1__M__500,M,500,1500,bacteria,0.9999499320983887,0.609674,0.044111,0.055899,0.034444,0.044702,0.211171
NC_014512.1,NC_014512.1__N__500,N,500,1500,bacteria,0.9999499320983887,0.609674,0.044111,0.055899,0.034444,0.044702,0.211171
NC_014512.1,NC_014512.1__M__450,M,450,1550,bacteria,0.9999595880508423,0.476133,0.053613,0.065601,0.036246,0.069649,0.298758
NC_014512.1,NC_014512.1__N__450,N,450,1550,bacteria,0.9999595880508423,0.476133,0.053613,0.065601,0.036246,0.069649,0.298758
NC_014512.1,NC_014512.1__M__400,M,400,1600,virus,0.9999608993530273,0.245158,0.052308,0.067956,0.033346,0.062219,0.539013
NC_014512.1,NC_014512.1__N__400,N,400,1600,virus,0.9999608993530273,0.245158,0.052308,0.067956,0.033346,0.062219,0.539013
NC_014512.1,NC_014512.1__M__350,M,350,1650,virus,0.9999624490737915,0.187552,0.066132,0.061745,0.034797,0.066881,0.582893
NC_014512.1,NC_014512.1__N__350,N,350,1650,virus,0.9999624490737915,0.187552,0.066132,0.061745,0.034797,0.066881,0.582893
NC_014512.1,NC_014512.1__M__300,M,300,1700,virus,0.9999632835388184,0.148910,0.066149,0.078978,0.034511,0.067526,0.603926
NC_014512.1,NC_014512.1__N__300,N,300,1700,virus,0.9999632835388184,0.148910,0.066149,0.078978,0.034511,0.067526,0.603926
NC_014512.1,NC_014512.1__M__250,M,250,1750,virus,0.9999723434448242,0.145757,0.057648,0.095264,0.034176,0.069899,0.597256
NC_014512.1,NC_014512.1__N__250,N,250,1750,virus,0.9999723434448242,0.145757,0.057648,0.095264,0.034176,0.069899,0.597256
NC_014512.1,NC_014512.1__M__200,M,200,1800,virus,0.999974250793457,0.202648,0.088006,0.112153,0.044119,0.095140,0.457935
NC_014512.1,NC_014512.1__N__200,N,200,1800,virus,0.999974250793457,0.202648,0.088006,0.112153,0.044119,0.095140,0.457935
NC_014512.1,NC_014512.1__M__150,M,150,1850,virus,0.9999613761901855,0.099112,0.124664,0.102705,0.049106,0.076140,0.548274
NC_014512.1,NC_014512.1__N__150,N,150,1850,virus,0.9999613761901855,0.099112,0.124664,0.102705,0.049106,0.076140,0.548274
NC_014512.1,NC_014512.1__M__100,M,100,1900,virus,0.9999508857727051,0.082356,0.129159,0.107230,0.056285,0.068604,0.556365
NC_014512.1,NC_014512.1__N__100,N,100,1900,virus,0.9999508857727051,0.082356,0.129159,0.107230,0.056285,0.068604,0.556365
NC_014512.1,NC_014512.1__M__50,M,50,1950,virus,0.9999611377716064,0.037453,0.095377,0.151825,0.037243,0.033479,0.644623
NC_014512.1,NC_014512.1__N__50,N,50,1950,virus,0.9999611377716064,0.037453,0.095377,0.151825,0.037243,0.033479,0.644623
NC_014512.1,NC_014512.1__M__1,M,1,1999,virus,0.999955415725708,0.031070,0.062606,0.158901,0.030232,0.026039,0.691153
NC_014512.1,NC_014512.1__N__1,N,1,1999,virus,0.999955415725708,0.031070,0.062606,0.158901,0.030232,0.026039,0.691153
NC_014514.1,NC_014514.1__none__0,none,0,2000,virus,0.9998548030853271,0.012373,0.022804,0.019219,0.015878,0.015593,0.914133
NC_014514.1,NC_014514.1__M__500,M,500,1500,virus,0.9997972846031189,0.026957,0.019139,0.017748,0.017623,0.018753,0.899780
NC_014514.1,NC_014514.1__N__500,N,500,1500,virus,0.9997972846031189,0.026957,0.019139,0.017748,0.017623,0.018753,0.899780
NC_014514.1,NC_014514.1__M__450,M,450,1550,virus,0.9998354911804199,0.038448,0.025036,0.020159,0.021550,0.023010,0.871797
NC_014514.1,NC_014514.1__N__450,N,450,1550,virus,0.9998354911804199,0.038448,0.025036,0.020159,0.021550,0.023010,0.871797
NC_014514.1,NC_014514.1__M__400,M,400,1600,virus,0.9998619556427002,0.030643,0.020414,0.018363,0.019669,0.021457,0.889454
NC_014514.1,NC_014514.1__N__400,N,400,1600,virus,0.9998619556427002,0.030643,0.020414,0.018363,0.019669,0.021457,0.889454
NC_014514.1,NC_014514.1__M__350,M,350,1650,virus,0.9998810291290283,0.048722,0.027401,0.019994,0.023299,0.031512,0.849072
NC_014514.1,NC_014514.1__N__350,N,350,1650,virus,0.9998810291290283,0.048722,0.027401,0.019994,0.023299,0.031512,0.849072
NC_014514.1,NC_014514.1__M__300,M,300,1700,virus,0.9998725652694702,0.027188,0.019489,0.017258,0.017731,0.021380,0.896955
NC_014514.1,NC_014514.1__N__300,N,300,1700,virus,0.9998725652694702,0.027188,0.019489,0.017258,0.017731,0.021380,0.896955
NC_014514.1,NC_014514.1__M__250,M,250,1750,virus,0.9998553991317749,0.025003,0.019019,0.018122,0.018166,0.020747,0.898943
NC_014514.1,NC_014514.1__N__250,N,250,1750,virus,0.9998553991317749,0.025003,0.019019,0.018122,0.018166,0.020747,0.898943
NC_014514.1,NC_014514.1__M__200,M,200,1800,virus,0.9998441934585571,0.021056,0.019111,0.018866,0.017902,0.019498,0.903567
NC_014514.1,NC_014514.1__N__200,N,200,1800,virus,0.9998441934585571,0.021056,0.019111,0.018866,0.017902,0.019498,0.903567
NC_014514.1,NC_014514.1__M__150,M,150,1850,virus,0.9998223185539246,0.022767,0.027276,0.021453,0.021037,0.024010,0.883457
NC_014514.1,NC_014514.1__N__150,N,150,1850,virus,0.9998223185539246,0.022767,0.027276,0.021453,0.021037,0.024010,0.883457
NC_014514.1,NC_014514.1__M__100,M,100,1900,virus,0.9996024966239929,0.016737,0.022244,0.021851,0.019068,0.020471,0.899630
NC_014514.1,NC_014514.1__N__100,N,100,1900,virus,0.9996024966239929,0.016737,0.022244,0.021851,0.019068,0.020471,0.899630
NC_014514.1,NC_014514.1__M__50,M,50,1950,virus,0.9997158646583557,0.014217,0.025244,0.023717,0.017969,0.018264,0.900589
NC_014514.1,NC_014514.1__N__50,N,50,1950,virus,0.9997158646583557,0.014217,0.025244,0.023717,0.017969,0.018264,0.900589
NC_014514.1,NC_014514.1__M__1,M,1,1999,virus,0.999855637550354,0.012212,0.022634,0.019134,0.015747,0.015487,0.914786
NC_014514.1,NC_014514.1__N__1,N,1,1999,virus,0.999855637550354,0.012212,0.022634,0.019134,0.015747,0.015487,0.914786
NC_014397.1,NC_014397.1__none__0,none,0,2000,virus,0.9997963309288025,0.010760,0.018436,0.017327,0.013818,0.014716,0.924942
NC_014397.1,NC_014397.1__M__500,M,500,1500,virus,0.9996939897537231,0.044970,0.024173,0.028707,0.022556,0.011102,0.868492
NC_014397.1,NC_014397.1__N__500,N,500,1500,virus,0.9996939897537231,0.044970,0.024173,0.028707,0.022556,0.011102,0.868492
NC_014397.1,NC_014397.1__M__450,M,450,1550,virus,0.9998698234558105,0.046081,0.029091,0.031885,0.031286,0.013073,0.848583
NC_014397.1,NC_014397.1__N__450,N,450,1550,virus,0.9998698234558105,0.046081,0.029091,0.031885,0.031286,0.013073,0.848583
NC_014397.1,NC_014397.1__M__400,M,400,1600,virus,0.9998754262924194,0.041943,0.024931,0.028572,0.022591,0.011115,0.870848
NC_014397.1,NC_014397.1__N__400,N,400,1600,virus,0.9998754262924194,0.041943,0.024931,0.028572,0.022591,0.011115,0.870848
NC_014397.1,NC_014397.1__M__350,M,350,1650,virus,0.9998654127120972,0.035595,0.022073,0.024694,0.017895,0.009874,0.889869
NC_014397.1,NC_014397.1__N__350,N,350,1650,virus,0.9998654127120972,0.035595,0.022073,0.024694,0.017895,0.009874,0.889869
NC_014397.1,NC_014397.1__M__300,M,300,1700,virus,0.9997854828834534,0.038958,0.020336,0.025416,0.017374,0.009629,0.888287
NC_014397.1,NC_014397.1__N__300,N,300,1700,virus,0.9997854828834534,0.038958,0.020336,0.025416,0.017374,0.009629,0.888287
NC_014397.1,NC_014397.1__M__250,M,250,1750,virus,0.9998047947883606,0.033914,0.019622,0.026958,0.016677,0.010306,0.892523
NC_014397.1,NC_014397.1__N__250,N,250,1750,virus,0.9998047947883606,0.033914,0.019622,0.026958,0.016677,0.010306,0.892523
NC_014397.1,NC_014397.1__M__200,M,200,1800,virus,0.9997937083244324,0.026997,0.019346,0.023936,0.015931,0.012074,0.901716
NC_014397.1,NC_014397.1__N__200,N,200,1800,virus,0.9997937083244324,0.026997,0.019346,0.023936,0.015931,0.012074,0.901716
NC_014397.1,NC_014397.1__M__150,M,150,1850,virus,0.9998612403869629,0.022132,0.019562,0.023395,0.015936,0.012247,0.906728
NC_014397.1,NC_014397.1__N__150,N,150,1850,virus,0.9998612403869629,0.022132,0.019562,0.023395,0.015936,0.012247,0.906728
NC_014397.1,NC_014397.1__M__100,M,100,1900,virus,0.9998125433921814,0.014836,0.017787,0.019000,0.014164,0.012622,0.921591
NC_014397.1,NC_014397.1__N__100,N,100,1900,virus,0.9998125433921814,0.014836,0.017787,0.019000,0.014164,0.012622,0.921591
NC_014397.1,NC_014397.1__M__50,M,50,1950,virus,0.9997298121452332,0.011499,0.018646,0.018407,0.014425,0.015227,0.921796
NC_014397.1,NC_014397.1__N__50,N,50,1950,virus,0.9997298121452332,0.011499,0.018646,0.018407,0.014425,0.015227,0.921796
NC_014397.1,NC_014397.1__M__1,M,1,1999,virus,0.9997945427894592,0.010731,0.018422,0.017330,0.013851,0.014601,0.925065
NC_014397.1,NC_014397.1__N__1,N,1,1999,virus,0.9997945427894592,0.010731,0.018422,0.017330,0.013851,0.014601,0.925065
NC_013109.1,NC_013109.1__none__0,none,0,2000,virus,0.9995043277740479,0.017220,0.021987,0.058188,0.015669,0.016500,0.870435
NC_013109.1,NC_013109.1__M__500,M,500,1500,virus,0.9972902536392212,0.040647,0.016916,0.039202,0.017527,0.015524,0.870184
NC_013109.1,NC_013109.1__N__500,N,500,1500,virus,0.9972902536392212,0.040647,0.016916,0.039202,0.017527,0.015524,0.870184
NC_013109.1,NC_013109.1__M__450,M,450,1550,virus,0.998224675655365,0.059529,0.021648,0.061006,0.022862,0.021748,0.813207
NC_013109.1,NC_013109.1__N__450,N,450,1550,virus,0.998224675655365,0.059529,0.021648,0.061006,0.022862,0.021748,0.813207
NC_013109.1,NC_013109.1__M__400,M,400,1600,virus,0.9987467527389526,0.097890,0.025206,0.071214,0.027120,0.023485,0.755086
NC_013109.1,NC_013109.1__N__400,N,400,1600,virus,0.9987467527389526,0.097890,0.025206,0.071214,0.027120,0.023485,0.755086
NC_013109.1,NC_013109.1__M__350,M,350,1650,virus,0.9991624355316162,0.093358,0.025139,0.078128,0.028601,0.022556,0.752220
NC_013109.1,NC_013109.1__N__350,N,350,1650,virus,0.9991624355316162,0.093358,0.025139,0.078128,0.028601,0.022556,0.752220
NC_013109.1,NC_013109.1__M__300,M,300,1700,virus,0.999498724937439,0.057504,0.020543,0.050561,0.023005,0.020652,0.827734
NC_013109.1,NC_013109.1__N__300,N,300,1700,virus,0.999498724937439,0.057504,0.020543,0.050561,0.023005,0.020652,0.827734
NC_013109.1,NC_013109.1__M__250,M,250,1750,virus,0.9995653033256531,0.089460,0.025767,0.081322,0.030121,0.021078,0.752251
NC_013109.1,NC_013109.1__N__250,N,250,1750,virus,0.9995653033256531,0.089460,0.025767,0.081322,0.030121,0.021078,0.752251
NC_013109.1,NC_013109.1__M__200,M,200,1800,virus,0.9995206594467163,0.048506,0.020764,0.050010,0.022187,0.019597,0.838936
NC_013109.1,NC_013109.1__N__200,N,200,1800,virus,0.9995206594467163,0.048506,0.020764,0.050010,0.022187,0.019597,0.838936
NC_013109.1,NC_013109.1__M__150,M,150,1850,virus,0.9990812540054321,0.042543,0.020031,0.056356,0.022247,0.017030,0.841793
NC_013109.1,NC_013109.1__N__150,N,150,1850,virus,0.9990812540054321,0.042543,0.020031,0.056356,0.022247,0.017030,0.841793
NC_013109.1,NC_013109.1__M__100,M,100,1900,virus,0.9987272620201111,0.033706,0.019645,0.039255,0.020605,0.015763,0.871026
NC_013109.1,NC_013109.1__N__100,N,100,1900,virus,0.9987272620201111,0.033706,0.019645,0.039255,0.020605,0.015763,0.871026
NC_013109.1,NC_013109.1__M__50,M,50,1950,virus,0.9993855953216553,0.017237,0.018780,0.042203,0.014720,0.013647,0.893414
NC_013109.1,NC_013109.1__N__50,N,50,1950,virus,0.9993855953216553,0.017237,0.018780,0.042203,0.014720,0.013647,0.893414
NC_013109.1,NC_013109.1__M__1,M,1,1999,virus,0.9995043277740479,0.017335,0.021988,0.058759,0.015676,0.016584,0.869658
NC_013109.1,NC_013109.1__N__1,N,1,1999,virus,0.9995043277740479,0.017335,0.021988,0.058759,0.015676,0.016584,0.869658
NC_012135.1,NC_012135.1__none__0,none,0,2000,virus,0.9999659061431885,0.027979,0.048365,0.359731,0.030379,0.029049,0.504496
NC_012135.1,NC_012135.1__M__500,M,500,1500,virus,0.9999855756759644,0.040844,0.033739,0.059040,0.026776,0.011138,0.828462
NC_012135.1,NC_012135.1__N__500,N,500,1500,virus,0.9999855756759644,0.040844,0.033739,0.059040,0.026776,0.011138,0.828462
NC_012135.1,NC_012135.1__M__450,M,450,1550,virus,0.9999886751174927,0.073458,0.031090,0.056044,0.031923,0.011077,0.796408
NC_012135.1,NC_012135.1__N__450,N,450,1550,virus,0.9999886751174927,0.073458,0.031090,0.056044,0.031923,0.011077,0.796408
NC_012135.1,NC_012135.1__M__400,M,400,1600,virus,0.9999912977218628,0.057451,0.026712,0.044276,0.027622,0.010095,0.833844
NC_012135.1,NC_012135.1__N__400,N,400,1600,virus,0.9999912977218628,0.057451,0.026712,0.044276,0.027622,0.010095,0.833844
NC_012135.1,NC_012135.1__M__350,M,350,1650,virus,0.9999856948852539,0.048960,0.022969,0.041428,0.024705,0.009305,0.852633
NC_012135.1,NC_012135.1__N__350,N,350,1650,virus,0.9999856948852539,0.048960,0.022969,0.041428,0.024705,0.009305,0.852633
NC_012135.1,NC_012135.1__M__300,M,300,1700,virus,0.9999836683273315,0.033621,0.026669,0.053278,0.023658,0.011231,0.851543
NC_012135.1,NC_012135.1__N__300,N,300,1700,virus,0.9999836683273315,0.033621,0.026669,0.053278,0.023658,0.011231,0.851543
NC_012135.1,NC_012135.1__M__250,M,250,1750,virus,0.9999876022338867,0.041799,0.040828,0.143734,0.031170,0.015417,0.727052
NC_012135.1,NC_012135.1__N__250,N,250,1750,virus,0.9999876022338867,0.041799,0.040828,0.143734,0.031170,0.015417,0.727052
NC_012135.1,NC_012135.1__M__200,M,200,1800,virus,0.999982476234436,0.033098,0.027171,0.048787,0.023692,0.010944,0.856309
NC_012135.1,NC_012135.1__N__200,N,200,1800,virus,0.999982476234436,0.033098,0.027171,0.048787,0.023692,0.010944,0.856309
NC_012135.1,NC_012135.1__M__150,M,150,1850,virus,0.9999690055847168,0.027052,0.030411,0.061974,0.023419,0.013369,0.843776
NC_012135.1,NC_012135.1__N__150,N,150,1850,virus,0.9999690055847168,0.027052,0.030411,0.061974,0.023419,0.013369,0.843776
NC_012135.1,NC_012135.1__M__100,M,100,1900,virus,0.9999524354934692,0.019412,0.035931,0.066346,0.021426,0.017815,0.839070
NC_012135.1,NC_012135.1__N__100,N,100,1900,virus,0.9999524354934692,0.019412,0.035931,0.066346,0.021426,0.017815,0.839070
NC_012135.1,NC_012135.1__M__50,M,50,1950,virus,0.9999608993530273,0.025568,0.051593,0.235178,0.027620,0.028776,0.631265
NC_012135.1,NC_012135.1__N__50,N,50,1950,virus,0.9999608993530273,0.025568,0.051593,0.235178,0.027620,0.028776,0.631265
NC_012135.1,NC_012135.1__M__1,M,1,1999,virus,0.9999657869338989,0.027954,0.048144,0.354885,0.030199,0.029110,0.509708
NC_012135.1,NC_012135.1__N__1,N,1,1999,virus,0.9999657869338989,0.027954,0.048144,0.354885,0.030199,0.029110,0.509708
NC_011544.1,NC_011544.1__none__0,none,0,2000,eukarya,0.9990687966346741,0.028286,0.025013,0.774579,0.024762,0.018582,0.128777
NC_011544.1,NC_011544.1__M__500,M,500,1500,bacteria,0.9995344877243042,0.755576,0.033097,0.051968,0.024327,0.016845,0.118186
NC_011544.1,NC_011544.1__N__500,N,500,1500,bacteria,0.9995344877243042,0.755576,0.033097,0.051968,0.024327,0.016845,0.118186
NC_011544.1,NC_011544.1__M__450,M,450,1550,bacteria,0.9997615218162537,0.648236,0.041463,0.060440,0.035051,0.019585,0.195226
NC_011544.1,NC_011544.1__N__450,N,450,1550,bacteria,0.9997615218162537,0.648236,0.041463,0.060440,0.035051,0.019585,0.195226
NC_011544.1,NC_011544.1__M__400,M,400,1600,bacteria,0.9997640252113342,0.496953,0.052398,0.108974,0.061028,0.018441,0.262207
NC_011544.1,NC_011544.1__N__400,N,400,1600,bacteria,0.9997640252113342,0.496953,0.052398,0.108974,0.061028,0.018441,0.262207
NC_011544.1,NC_011544.1__M__350,M,350,1650,bacteria,0.9998632669448853,0.484731,0.041350,0.064135,0.030856,0.016361,0.362568
NC_011544.1,NC_011544.1__N__350,N,350,1650,bacteria,0.9998632669448853,0.484731,0.041350,0.064135,0.030856,0.016361,0.362568
NC_011544.1,NC_011544.1__M__300,M,300,1700,virus,0.999774158000946,0.319951,0.041699,0.127075,0.030905,0.012538,0.467831
NC_011544.1,NC_011544.1__N__300,N,300,1700,virus,0.999774158000946,0.319951,0.041699,0.127075,0.030905,0.012538,0.467831
NC_011544.1,NC_011544.1__M__250,M,250,1750,virus,0.9996942281723022,0.264663,0.039484,0.171243,0.030723,0.011727,0.482160
NC_011544.1,NC_011544.1__N__250,N,250,1750,virus,0.9996942281723022,0.264663,0.039484,0.171243,0.030723,0.011727,0.482160
NC_011544.1,NC_011544.1__M__200,M,200,1800,virus,0.9995360374450684,0.161319,0.030825,0.159197,0.028096,0.009563,0.611000
NC_011544.1,NC_011544.1__N__200,N,200,1800,virus,0.9995360374450684,0.161319,0.030825,0.159197,0.028096,0.009563,0.611000
NC_011544.1,NC_011544.1__M__150,M,150,1850,virus,0.9991590976715088,0.159977,0.055817,0.185607,0.044193,0.012812,0.541593
NC_011544.1,NC_011544.1__N__150,N,150,1850,virus,0.9991590976715088,0.159977,0.055817,0.185607,0.044193,0.012812,0.541593
NC_011544.1,NC_011544.1__M__100,M,100,1900,virus,0.9988357424736023,0.175946,0.085526,0.227812,0.052260,0.016031,0.442425
NC_011544.1,NC_011544.1__N__100,N,100,1900,virus,0.9988357424736023,0.175946,0.085526,0.227812,0.052260,0.016031,0.442425
NC_011544.1,NC_011544.1__M__50,M,50,1950,eukarya,0.9986812472343445,0.032472,0.025979,0.775667,0.026056,0.014930,0.124895
NC_011544.1,NC_011544.1__N__50,N,50,1950,eukarya,0.9986812472343445,0.032472,0.025979,0.775667,0.026056,0.014930,0.124895
NC_011544.1,NC_011544.1__M__1,M,1,1999,eukarya,0.9990637898445129,0.028227,0.025038,0.774657,0.024738,0.018560,0.128780
NC_011544.1,NC_011544.1__N__1,N,1,1999,eukarya,0.9990637898445129,0.028227,0.025038,0.774657,0.024738,0.018560,0.128780
NC_010809.1,NC_010809.1__none__0,none,0,2000,eukarya,0.9993290901184082,0.027516,0.056951,0.762743,0.026460,0.021741,0.104589
NC_010809.1,NC_010809.1__M__500,M,500,1500,bacteria,0.997866690158844,0.444159,0.027407,0.088285,0.033502,0.019526,0.387121
NC_010809.1,NC_010809.1__N__500,N,500,1500,bacteria,0.997866690158844,0.444159,0.027407,0.088285,0.033502,0.019526,0.387121
NC_010809.1,NC_010809.1__M__450,M,450,1550,bacteria,0.998598039150238,0.569605,0.027053,0.079179,0.028990,0.021945,0.273227
NC_010809.1,NC_010809.1__N__450,N,450,1550,bacteria,0.998598039150238,0.569605,0.027053,0.079179,0.028990,0.021945,0.273227
NC_010809.1,NC_010809.1__M__400,M,400,1600,bacteria,0.9991349577903748,0.519691,0.033983,0.186381,0.033221,0.023308,0.203416
NC_010809.1,NC_010809.1__N__400,N,400,1600,bacteria,0.9991349577903748,0.519691,0.033983,0.186381,0.033221,0.023308,0.203416
NC_010809.1,NC_010809.1__M__350,M,350,1650,bacteria,0.9989493489265442,0.513492,0.032201,0.136404,0.031818,0.020443,0.265642
NC_010809.1,NC_010809.1__N__350,N,350,1650,bacteria,0.9989493489265442,0.513492,0.032201,0.136404,0.031818,0.020443,0.265642
NC_010809.1,NC_010809.1__M__300,M,300,1700,virus,0.9986012578010559,0.329935,0.033058,0.198860,0.035467,0.017512,0.385168
NC_010809.1,NC_010809.1__N__300,N,300,1700,virus,0.9986012578010559,0.329935,0.033058,0.198860,0.035467,0.017512,0.385168
NC_010809.1,NC_010809.1__M__250,M,250,1750,bacteria,0.9991775155067444,0.386993,0.035374,0.267559,0.035894,0.018029,0.256151
NC_010809.1,NC_010809.1__N__250,N,250,1750,bacteria,0.9991775155067444,0.386993,0.035374,0.267559,0.035894,0.018029,0.256151
NC_010809.1,NC_010809.1__M__200,M,200,1800,virus,0.9992724061012268,0.294090,0.039126,0.272671,0.041821,0.018927,0.333366
NC_010809.1,NC_010809.1__N__200,N,200,1800,virus,0.9992724061012268,0.294090,0.039126,0.272671,0.041821,0.018927,0.333366
NC_010809.1,NC_010809.1__M__150,M,150,1850,virus,0.9993515610694885,0.215884,0.042013,0.265467,0.044116,0.021321,0.411199
NC_010809.1,NC_010809.1__N__150,N,150,1850,virus,0.9993515610694885,0.215884,0.042013,0.265467,0.044116,0.021321,0.411199
NC_010809.1,NC_010809.1__M__100,M,100,1900,eukarya,0.9989455342292786,0.147163,0.047897,0.465425,0.049947,0.026669,0.262899
NC_010809.1,NC_010809.1__N__100,N,100,1900,eukarya,0.9989455342292786,0.147163,0.047897,0.465425,0.049947,0.026669,0.262899
NC_010809.1,NC_010809.1__M__50,M,50,1950,eukarya,0.9991230368614197,0.023852,0.031331,0.870938,0.019661,0.014524,0.039695
NC_010809.1,NC_010809.1__N__50,N,50,1950,eukarya,0.9991230368614197,0.023852,0.031331,0.870938,0.019661,0.014524,0.039695
NC_010809.1,NC_010809.1__M__1,M,1,1999,eukarya,0.9993293285369873,0.027554,0.057361,0.761833,0.026496,0.021725,0.105031
NC_010809.1,NC_010809.1__N__1,N,1,1999,eukarya,0.9993293285369873,0.027554,0.057361,0.761833,0.026496,0.021725,0.105031
NC_010748.1,NC_010748.1__none__0,none,0,2000,virus,0.9999511241912842,0.027778,0.071499,0.039639,0.032304,0.072268,0.756513
NC_010748.1,NC_010748.1__M__500,M,500,1500,bacteria,0.9999364614486694,0.759355,0.077653,0.021540,0.030330,0.052169,0.058953
NC_010748.1,NC_010748.1__N__500,N,500,1500,bacteria,0.9999364614486694,0.759355,0.077653,0.021540,0.030330,0.052169,0.058953
NC_010748.1,NC_010748.1__M__450,M,450,1550,bacteria,0.9999667406082153,0.737655,0.092918,0.019162,0.034165,0.050116,0.065984
NC_010748.1,NC_010748.1__N__450,N,450,1550,bacteria,0.9999667406082153,0.737655,0.092918,0.019162,0.034165,0.050116,0.065984
NC_010748.1,NC_010748.1__M__400,M,400,1600,bacteria,0.9999730587005615,0.703884,0.072213,0.018111,0.032201,0.080699,0.092892
NC_010748.1,NC_010748.1__N__400,N,400,1600,bacteria,0.9999730587005615,0.703884,0.072213,0.018111,0.032201,0.080699,0.092892
NC_010748.1,NC_010748.1__M__350,M,350,1650,bacteria,0.9999611377716064,0.714686,0.051800,0.019743,0.032573,0.055228,0.125969
NC_010748.1,NC_010748.1__N__350,N,350,1650,bacteria,0.9999611377716064,0.714686,0.051800,0.019743,0.032573,0.055228,0.125969
NC_010748.1,NC_010748.1__M__300,M,300,1700,bacteria,0.9999616146087646,0.673941,0.051064,0.027977,0.032602,0.069184,0.145232
NC_010748.1,NC_010748.1__N__300,N,300,1700,bacteria,0.9999616146087646,0.673941,0.051064,0.027977,0.032602,0.069184,0.145232
NC_010748.1,NC_010748.1__M__250,M,250,1750,bacteria,0.9999716281890869,0.529449,0.085189,0.032540,0.040906,0.080896,0.231019
NC_010748.1,NC_010748.1__N__250,N,250,1750,bacteria,0.9999716281890869,0.529449,0.085189,0.032540,0.040906,0.080896,0.231019
NC_010748.1,NC_010748.1__M__200,M,200,1800,bacteria,0.9999741315841675,0.399469,0.070482,0.037215,0.040217,0.082928,0.369689
NC_010748.1,NC_010748.1__N__200,N,200,1800,bacteria,0.9999741315841675,0.399469,0.070482,0.037215,0.040217,0.082928,0.369689
NC_010748.1,NC_010748.1__M__150,M,150,1850,virus,0.9999494552612305,0.285916,0.150598,0.047505,0.058207,0.116905,0.340870
NC_010748.1,NC_010748.1__N__150,N,150,1850,virus,0.9999494552612305,0.285916,0.150598,0.047505,0.058207,0.116905,0.340870
NC_010748.1,NC_010748.1__M__100,M,100,1900,virus,0.999920129776001,0.151527,0.208354,0.046257,0.059213,0.119741,0.414907
NC_010748.1,NC_010748.1__N__100,N,100,1900,virus,0.999920129776001,0.151527,0.208354,0.046257,0.059213,0.119741,0.414907
NC_010748.1,NC_010748.1__M__50,M,50,1950,virus,0.999954104423523,0.046500,0.159798,0.045117,0.047352,0.116719,0.584513
NC_010748.1,NC_010748.1__N__50,N,50,1950,virus,0.999954104423523,0.046500,0.159798,0.045117,0.047352,0.116719,0.584513
NC_010748.1,NC_010748.1__M__1,M,1,1999,virus,0.9999511241912842,0.027796,0.070855,0.039703,0.032177,0.073373,0.756096
NC_010748.1,NC_010748.1__N__1,N,1,1999,virus,0.9999511241912842,0.027796,0.070855,0.039703,0.032177,0.073373,0.756096
NC_010708.1,NC_010708.1__none__0,none,0,2000,virus,0.9604326486587524,0.017438,0.023196,0.019765,0.018077,0.019532,0.901993
NC_010708.1,NC_010708.1__M__500,M,500,1500,virus,0.9801903367042542,0.021252,0.019107,0.018160,0.016008,0.013612,0.911860
NC_010708.1,NC_010708.1__N__500,N,500,1500,virus,0.9801903367042542,0.021252,0.019107,0.018160,0.016008,0.013612,0.911860
NC_010708.1,NC_010708.1__M__450,M,450,1550,virus,0.9869049191474915,0.025748,0.020462,0.022096,0.018247,0.013597,0.899850
NC_010708.1,NC_010708.1__N__450,N,450,1550,virus,0.9869049191474915,0.025748,0.020462,0.022096,0.018247,0.013597,0.899850
NC_010708.1,NC_010708.1__M__400,M,400,1600,virus,0.9833906292915344,0.023592,0.019217,0.019841,0.016951,0.013473,0.906926
NC_010708.1,NC_010708.1__N__400,N,400,1600,virus,0.9833906292915344,0.023592,0.019217,0.019841,0.016951,0.013473,0.906926
NC_010708.1,NC_010708.1__M__350,M,350,1650,virus,0.9874173402786255,0.025827,0.020136,0.022113,0.018997,0.014111,0.898816
NC_010708.1,NC_010708.1__N__350,N,350,1650,virus,0.9874173402786255,0.025827,0.020136,0.022113,0.018997,0.014111,0.898816
NC_010708.1,NC_010708.1__M__300,M,300,1700,virus,0.9778789281845093,0.024253,0.020276,0.021434,0.019031,0.014678,0.900328
NC_010708.1,NC_010708.1__N__300,N,300,1700,virus,0.9778789281845093,0.024253,0.020276,0.021434,0.019031,0.014678,0.900328
NC_010708.1,NC_010708.1__M__250,M,250,1750,virus,0.9773106575012207,0.022043,0.020293,0.022379,0.018087,0.014390,0.902808
NC_010708.1,NC_010708.1__N__250,N,250,1750,virus,0.9773106575012207,0.022043,0.020293,0.022379,0.018087,0.014390,0.902808
NC_010708.1,NC_010708.1__M__200,M,200,1800,virus,0.9824950098991394,0.022786,0.020960,0.024213,0.018552,0.014215,0.899273
NC_010708.1,NC_010708.1__N__200,N,200,1800,virus,0.9824950098991394,0.022786,0.020960,0.024213,0.018552,0.014215,0.899273
NC_010708.1,NC_010708.1__M__150,M,150,1850,virus,0.9788154363632202,0.018133,0.020897,0.021193,0.016773,0.015332,0.907672
NC_010708.1,NC_010708.1__N__150,N,150,1850,virus,0.9788154363632202,0.018133,0.020897,0.021193,0.016773,0.015332,0.907672
NC_010708.1,NC_010708.1__M__100,M,100,1900,virus,0.9588030576705933,0.017839,0.021246,0.021047,0.017206,0.016484,0.906178
NC_010708.1,NC_010708.1__N__100,N,100,1900,virus,0.9588030576705933,0.017839,0.021246,0.021047,0.017206,0.016484,0.906178
NC_010708.1,NC_010708.1__M__50,M,50,1950,virus,0.9609044194221497,0.016290,0.022098,0.019400,0.016966,0.018239,0.907008
NC_010708.1,NC_010708.1__N__50,N,50,1950,virus,0.9609044194221497,0.016290,0.022098,0.019400,0.016966,0.018239,0.907008
NC_010708.1,NC_010708.1__M__1,M,1,1999,virus,0.9598783254623413,0.017405,0.023151,0.019687,0.018084,0.019494,0.902179
NC_010708.1,NC_010708.1__N__1,N,1,1999,virus,0.9598783254623413,0.017405,0.023151,0.019687,0.018084,0.019494,0.902179
NC_008311.1,NC_008311.1__none__0,none,0,2000,virus,0.9999364614486694,0.039823,0.071370,0.062699,0.039986,0.031131,0.754991
NC_008311.1,NC_008311.1__M__500,M,500,1500,bacteria,0.9999655485153198,0.452299,0.150598,0.084382,0.088968,0.038106,0.185648
NC_008311.1,NC_008311.1__N__500,N,500,1500,bacteria,0.9999655485153198,0.452299,0.150598,0.084382,0.088968,0.038106,0.185648
NC_008311.1,NC_008311.1__M__450,M,450,1550,bacteria,0.9999698400497437,0.368578,0.151493,0.099088,0.093959,0.029988,0.256895
NC_008311.1,NC_008311.1__N__450,N,450,1550,bacteria,0.9999698400497437,0.368578,0.151493,0.099088,0.093959,0.029988,0.256895
NC_008311.1,NC_008311.1__M__400,M,400,1600,bacteria,0.9999645948410034,0.450010,0.134050,0.093019,0.087859,0.030344,0.204717
NC_008311.1,NC_008311.1__N__400,N,400,1600,bacteria,0.9999645948410034,0.450010,0.134050,0.093019,0.087859,0.030344,0.204717
NC_008311.1,NC_008311.1__M__350,M,350,1650,bacteria,0.9999704360961914,0.387102,0.137988,0.097259,0.088460,0.030607,0.258584
NC_008311.1,NC_008311.1__N__350,N,350,1650,bacteria,0.9999704360961914,0.387102,0.137988,0.097259,0.088460,0.030607,0.258584
NC_008311.1,NC_008311.1__M__300,M,300,1700,bacteria,0.9999572038650513,0.409402,0.139806,0.100145,0.106012,0.039815,0.204820
NC_008311.1,NC_008311.1__N__300,N,300,1700,bacteria,0.9999572038650513,0.409402,0.139806,0.100145,0.106012,0.039815,0.204820
NC_008311.1,NC_008311.1__M__250,M,250,1750,virus,0.9999617338180542,0.150470,0.092079,0.119107,0.071004,0.025187,0.542152
NC_008311.1,NC_008311.1__N__250,N,250,1750,virus,0.9999617338180542,0.150470,0.092079,0.119107,0.071004,0.025187,0.542152
NC_008311.1,NC_008311.1__M__200,M,200,1800,virus,0.9999581575393677,0.108687,0.086576,0.096705,0.064614,0.025271,0.618148
NC_008311.1,NC_008311.1__N__200,N,200,1800,virus,0.9999581575393677,0.108687,0.086576,0.096705,0.064614,0.025271,0.618148
NC_008311.1,NC_008311.1__M__150,M,150,1850,virus,0.9999558925628662,0.100203,0.099916,0.105152,0.068645,0.032643,0.593441
NC_008311.1,NC_008311.1__N__150,N,150,1850,virus,0.9999558925628662,0.100203,0.099916,0.105152,0.068645,0.032643,0.593441
NC_008311.1,NC_008311.1__M__100,M,100,1900,virus,0.9999386072158813,0.078528,0.098417,0.114026,0.067343,0.038893,0.602793
NC_008311.1,NC_008311.1__N__100,N,100,1900,virus,0.9999386072158813,0.078528,0.098417,0.114026,0.067343,0.038893,0.602793
NC_008311.1,NC_008311.1__M__50,M,50,1950,virus,0.9999281167984009,0.076474,0.122757,0.130405,0.065809,0.046746,0.557809
NC_008311.1,NC_008311.1__N__50,N,50,1950,virus,0.9999281167984009,0.076474,0.122757,0.130405,0.065809,0.046746,0.557809
NC_008311.1,NC_008311.1__M__1,M,1,1999,virus,0.9999369382858276,0.038880,0.069917,0.061649,0.039131,0.030617,0.759806
NC_008311.1,NC_008311.1__N__1,N,1,1999,virus,0.9999369382858276,0.038880,0.069917,0.061649,0.039131,0.030617,0.759806
NC_007731.1,NC_007731.1__none__0,none,0,2000,virus,0.999333918094635,0.025977,0.027065,0.110887,0.026786,0.023353,0.785932
NC_007731.1,NC_007731.1__M__500,M,500,1500,virus,0.9992951154708862,0.066866,0.023378,0.042902,0.019004,0.008755,0.839095
NC_007731.1,NC_007731.1__N__500,N,500,1500,virus,0.9992951154708862,0.066866,0.023378,0.042902,0.019004,0.008755,0.839095
NC_007731.1,NC_007731.1__M__450,M,450,1550,virus,0.9997164607048035,0.100796,0.025981,0.044056,0.022859,0.009855,0.796453
NC_007731.1,NC_007731.1__N__450,N,450,1550,virus,0.9997164607048035,0.100796,0.025981,0.044056,0.022859,0.009855,0.796453
NC_007731.1,NC_007731.1__M__400,M,400,1600,virus,0.9998214840888977,0.066942,0.021010,0.036006,0.018416,0.007379,0.850246
NC_007731.1,NC_007731.1__N__400,N,400,1600,virus,0.9998214840888977,0.066942,0.021010,0.036006,0.018416,0.007379,0.850246
NC_007731.1,NC_007731.1__M__350,M,350,1650,virus,0.9997920393943787,0.081497,0.019670,0.037340,0.020141,0.007787,0.833564
NC_007731.1,NC_007731.1__N__350,N,350,1650,virus,0.9997920393943787,0.081497,0.019670,0.037340,0.020141,0.007787,0.833564
NC_007731.1,NC_007731.1__M__300,M,300,1700,virus,0.9997560381889343,0.085587,0.020668,0.050210,0.022293,0.008922,0.812320
NC_007731.1,NC_007731.1__N__300,N,300,1700,virus,0.9997560381889343,0.085587,0.020668,0.050210,0.022293,0.008922,0.812320
NC_007731.1,NC_007731.1__M__250,M,250,1750,virus,0.9997400641441345,0.131434,0.036592,0.143000,0.030930,0.012464,0.645579
NC_007731.1,NC_007731.1__N__250,N,250,1750,virus,0.9997400641441345,0.131434,0.036592,0.143000,0.030930,0.012464,0.645579
NC_007731.1,NC_007731.1__M__200,M,200,1800,virus,0.9997591376304626,0.095803,0.039689,0.220164,0.035571,0.015279,0.593494
NC_007731.1,NC_007731.1__N__200,N,200,1800,virus,0.9997591376304626,0.095803,0.039689,0.220164,0.035571,0.015279,0.593494
NC_007731.1,NC_007731.1__M__150,M,150,1850,virus,0.9994767308235168,0.056394,0.036521,0.210601,0.035270,0.017468,0.643747
NC_007731.1,NC_007731.1__N__150,N,150,1850,virus,0.9994767308235168,0.056394,0.036521,0.210601,0.035270,0.017468,0.643747
NC_007731.1,NC_007731.1__M__100,M,100,1900,virus,0.9989000558853149,0.045248,0.029353,0.142909,0.032112,0.017199,0.733180
NC_007731.1,NC_007731.1__N__100,N,100,1900,virus,0.9989000558853149,0.045248,0.029353,0.142909,0.032112,0.017199,0.733180
NC_007731.1,NC_007731.1__M__50,M,50,1950,virus,0.9987775683403015,0.038950,0.035353,0.317683,0.037648,0.026562,0.543804
NC_007731.1,NC_007731.1__N__50,N,50,1950,virus,0.9987775683403015,0.038950,0.035353,0.317683,0.037648,0.026562,0.543804
NC_007731.1,NC_007731.1__M__1,M,1,1999,virus,0.9993407130241394,0.026103,0.027375,0.112740,0.026960,0.023737,0.783085
NC_007731.1,NC_007731.1__N__1,N,1,1999,virus,0.9993407130241394,0.026103,0.027375,0.112740,0.026960,0.023737,0.783085
NC_007158.1,NC_007158.1__none__0,none,0,2000,virus,0.9997087121009827,0.011649,0.021176,0.016395,0.013015,0.012903,0.924861
NC_007158.1,NC_007158.1__M__500,M,500,1500,virus,0.9993079900741577,0.118132,0.035864,0.034330,0.029284,0.024507,0.757883
NC_007158.1,NC_007158.1__N__500,N,500,1500,virus,0.9993079900741577,0.118132,0.035864,0.034330,0.029284,0.024507,0.757883
NC_007158.1,NC_007158.1__M__450,M,450,1550,virus,0.9995135068893433,0.095861,0.023481,0.031675,0.026004,0.021338,0.801641
NC_007158.1,NC_007158.1__N__450,N,450,1550,virus,0.9995135068893433,0.095861,0.023481,0.031675,0.026004,0.021338,0.801641
NC_007158.1,NC_007158.1__M__400,M,400,1600,virus,0.9996814727783203,0.063996,0.018507,0.025563,0.020439,0.015530,0.855964
NC_007158.1,NC_007158.1__N__400,N,400,1600,virus,0.9996814727783203,0.063996,0.018507,0.025563,0.020439,0.015530,0.855964
NC_007158.1,NC_007158.1__M__350,M,350,1650,virus,0.999769389629364,0.075402,0.017261,0.026249,0.022223,0.016881,0.841984
NC_007158.1,NC_007158.1__N__350,N,350,1650,virus,0.999769389629364,0.075402,0.017261,0.026249,0.022223,0.016881,0.841984
NC_007158.1,NC_007158.1__M__300,M,300,1700,virus,0.9996658563613892,0.059388,0.022057,0.027831,0.022039,0.018528,0.850157
NC_007158.1,NC_007158.1__N__300,N,300,1700,virus,0.9996658563613892,0.059388,0.022057,0.027831,0.022039,0.018528,0.850157
NC_007158.1,NC_007158.1__M__250,M,250,1750,virus,0.9997199177742004,0.095119,0.028823,0.035718,0.025005,0.021811,0.793524
NC_007158.1,NC_007158.1__N__250,N,250,1750,virus,0.9997199177742004,0.095119,0.028823,0.035718,0.025005,0.021811,0.793524
NC_007158.1,NC_007158.1__M__200,M,200,1800,virus,0.9997182488441467,0.067381,0.025117,0.029379,0.022933,0.019640,0.835551
NC_007158.1,NC_007158.1__N__200,N,200,1800,virus,0.9997182488441467,0.067381,0.025117,0.029379,0.022933,0.019640,0.835551
NC_007158.1,NC_007158.1__M__150,M,150,1850,virus,0.9996020197868347,0.058666,0.027559,0.029845,0.022627,0.019867,0.841436
NC_007158.1,NC_007158.1__N__150,N,150,1850,virus,0.9996020197868347,0.058666,0.027559,0.029845,0.022627,0.019867,0.841436
NC_007158.1,NC_007158.1__M__100,M,100,1900,virus,0.9995494484901428,0.023930,0.023335,0.022716,0.016844,0.015021,0.898154
NC_007158.1,NC_007158.1__N__100,N,100,1900,virus,0.9995494484901428,0.023930,0.023335,0.022716,0.016844,0.015021,0.898154
NC_007158.1,NC_007158.1__M__50,M,50,1950,virus,0.999716579914093,0.012196,0.023481,0.016898,0.013313,0.012992,0.921121
NC_007158.1,NC_007158.1__N__50,N,50,1950,virus,0.999716579914093,0.012196,0.023481,0.016898,0.013313,0.012992,0.921121
NC_007158.1,NC_007158.1__M__1,M,1,1999,virus,0.9997051358222961,0.011600,0.021140,0.016441,0.012908,0.012936,0.924975
NC_007158.1,NC_007158.1__N__1,N,1,1999,virus,0.9997051358222961,0.011600,0.021140,0.016441,0.012908,0.012936,0.924975
NC_006875.1,NC_006875.1__none__0,none,0,2000,virus,0.9995537400245667,0.018750,0.008725,0.010855,0.010894,0.010517,0.940259
NC_006875.1,NC_006875.1__M__500,M,500,1500,virus,0.9990335702896118,0.048716,0.018867,0.028312,0.021130,0.008272,0.874704
NC_006875.1,NC_006875.1__N__500,N,500,1500,virus,0.9990335702896118,0.048716,0.018867,0.028312,0.021130,0.008272,0.874704
NC_006875.1,NC_006875.1__M__450,M,450,1550,virus,0.9995304346084595,0.053670,0.021751,0.032453,0.023184,0.008048,0.860894
NC_006875.1,NC_006875.1__N__450,N,450,1550,virus,0.9995304346084595,0.053670,0.021751,0.032453,0.023184,0.008048,0.860894
NC_006875.1,NC_006875.1__M__400,M,400,1600,virus,0.999710738658905,0.050163,0.019519,0.027731,0.020826,0.007745,0.874016
NC_006875.1,NC_006875.1__N__400,N,400,1600,virus,0.999710738658905,0.050163,0.019519,0.027731,0.020826,0.007745,0.874016
NC_006875.1,NC_006875.1__M__350,M,350,1650,virus,0.9995927214622498,0.054345,0.018187,0.026693,0.018884,0.007025,0.874866
NC_006875.1,NC_006875.1__N__350,N,350,1650,virus,0.9995927214622498,0.054345,0.018187,0.026693,0.018884,0.007025,0.874866
NC_006875.1,NC_006875.1__M__300,M,300,1700,virus,0.9995829463005066,0.049684,0.017727,0.023572,0.018896,0.008317,0.881805
NC_006875.1,NC_006875.1__N__300,N,300,1700,virus,0.9995829463005066,0.049684,0.017727,0.023572,0.018896,0.008317,0.881805
NC_006875.1,NC_006875.1__M__250,M,250,1750,virus,0.9996347427368164,0.043247,0.017660,0.020177,0.017802,0.009175,0.891940
NC_006875.1,NC_006875.1__N__250,N,250,1750,virus,0.9996347427368164,0.043247,0.017660,0.020177,0.017802,0.009175,0.891940
NC_006875.1,NC_006875.1__M__200,M,200,1800,virus,0.999672532081604,0.045535,0.019263,0.023509,0.019623,0.008759,0.883310
NC_006875.1,NC_006875.1__N__200,N,200,1800,virus,0.999672532081604,0.045535,0.019263,0.023509,0.019623,0.008759,0.883310
NC_006875.1,NC_006875.1__M__150,M,150,1850,virus,0.9997418522834778,0.042175,0.016985,0.022887,0.019018,0.009047,0.889888
NC_006875.1,NC_006875.1__N__150,N,150,1850,virus,0.9997418522834778,0.042175,0.016985,0.022887,0.019018,0.009047,0.889888
NC_006875.1,NC_006875.1__M__100,M,100,1900,virus,0.9994935989379883,0.035209,0.014598,0.021162,0.017251,0.009551,0.902228
NC_006875.1,NC_006875.1__N__100,N,100,1900,virus,0.9994935989379883,0.035209,0.014598,0.021162,0.017251,0.009551,0.902228
NC_006875.1,NC_006875.1__M__50,M,50,1950,virus,0.9993773102760315,0.020535,0.009078,0.011390,0.011469,0.010365,0.937163
NC_006875.1,NC_006875.1__N__50,N,50,1950,virus,0.9993773102760315,0.020535,0.009078,0.011390,0.011469,0.010365,0.937163
NC_006875.1,NC_006875.1__M__1,M,1,1999,virus,0.999555766582489,0.018877,0.008719,0.010900,0.010898,0.010523,0.940083
NC_006875.1,NC_006875.1__N__1,N,1,1999,virus,0.999555766582489,0.018877,0.008719,0.010900,0.010898,0.010523,0.940083
NC_005990.1,NC_005990.1__none__0,none,0,2000,phage,0.9998680353164673,0.087292,0.692183,0.043868,0.042955,0.040135,0.093566
NC_005990.1,NC_005990.1__M__500,M,500,1500,bacteria,0.9998536109924316,0.661713,0.104324,0.035183,0.041481,0.040380,0.116920
NC_005990.1,NC_005990.1__N__500,N,500,1500,bacteria,0.9998536109924316,0.661713,0.104324,0.035183,0.041481,0.040380,0.116920
NC_005990.1,NC_005990.1__M__450,M,450,1550,bacteria,0.9998915195465088,0.792468,0.068628,0.023025,0.029103,0.029886,0.056890
NC_005990.1,NC_005990.1__N__450,N,450,1550,bacteria,0.9998915195465088,0.792468,0.068628,0.023025,0.029103,0.029886,0.056890
NC_005990.1,NC_005990.1__M__400,M,400,1600,bacteria,0.9999033212661743,0.785566,0.055603,0.023773,0.029573,0.029885,0.075600
NC_005990.1,NC_005990.1__N__400,N,400,1600,bacteria,0.9999033212661743,0.785566,0.055603,0.023773,0.029573,0.029885,0.075600
NC_005990.1,NC_005990.1__M__350,M,350,1650,bacteria,0.9999088048934937,0.574938,0.094261,0.054779,0.051111,0.039219,0.185692
NC_005990.1,NC_005990.1__N__350,N,350,1650,bacteria,0.9999088048934937,0.574938,0.094261,0.054779,0.051111,0.039219,0.185692
NC_005990.1,NC_005990.1__M__300,M,300,1700,bacteria,0.9999289512634277,0.524499,0.104894,0.069666,0.058581,0.046914,0.195446
NC_005990.1,NC_005990.1__N__300,N,300,1700,bacteria,0.9999289512634277,0.524499,0.104894,0.069666,0.058581,0.046914,0.195446
NC_005990.1,NC_005990.1__M__250,M,250,1750,bacteria,0.9999080896377563,0.334267,0.112661,0.119878,0.068228,0.053660,0.311307
NC_005990.1,NC_005990.1__N__250,N,250,1750,bacteria,0.9999080896377563,0.334267,0.112661,0.119878,0.068228,0.053660,0.311307
NC_005990.1,NC_005990.1__M__200,M,200,1800,bacteria,0.9999043941497803,0.422907,0.192948,0.069005,0.067423,0.054417,0.193300
NC_005990.1,NC_005990.1__N__200,N,200,1800,bacteria,0.9999043941497803,0.422907,0.192948,0.069005,0.067423,0.054417,0.193300
NC_005990.1,NC_005990.1__M__150,M,150,1850,virus,0.9998390674591064,0.246725,0.250433,0.066761,0.068157,0.050975,0.316949
NC_005990.1,NC_005990.1__N__150,N,150,1850,virus,0.9998390674591064,0.246725,0.250433,0.066761,0.068157,0.050975,0.316949
NC_005990.1,NC_005990.1__M__100,M,100,1900,virus,0.9997619986534119,0.178045,0.243583,0.067754,0.059008,0.057399,0.394211
NC_005990.1,NC_005990.1__N__100,N,100,1900,virus,0.9997619986534119,0.178045,0.243583,0.067754,0.059008,0.057399,0.394211
NC_005990.1,NC_005990.1__M__50,M,50,1950,phage,0.9997383952140808,0.190638,0.510083,0.063996,0.083326,0.050814,0.101144
NC_005990.1,NC_005990.1__N__50,N,50,1950,phage,0.9997383952140808,0.190638,0.510083,0.063996,0.083326,0.050814,0.101144
NC_005990.1,NC_005990.1__M__1,M,1,1999,phage,0.9998667240142822,0.087351,0.692139,0.044144,0.042897,0.040078,0.093390
NC_005990.1,NC_005990.1__N__1,N,1,1999,phage,0.9998667240142822,0.087351,0.692139,0.044144,0.042897,0.040078,0.093390
NC_005235.1,NC_005235.1__none__0,none,0,2000,virus,0.9971801042556763,0.015353,0.017362,0.021427,0.015734,0.010427,0.919697
NC_005235.1,NC_005235.1__M__500,M,500,1500,bacteria,0.9989469647407532,0.863703,0.028587,0.014978,0.023065,0.020342,0.049325
NC_005235.1,NC_005235.1__N__500,N,500,1500,bacteria,0.9989469647407532,0.863703,0.028587,0.014978,0.023065,0.020342,0.049325
NC_005235.1,NC_005235.1__M__450,M,450,1550,bacteria,0.9985740184783936,0.854952,0.032175,0.015745,0.030841,0.021508,0.044778
NC_005235.1,NC_005235.1__N__450,N,450,1550,bacteria,0.9985740184783936,0.854952,0.032175,0.015745,0.030841,0.021508,0.044778
NC_005235.1,NC_005235.1__M__400,M,400,1600,bacteria,0.9994939565658569,0.882966,0.030265,0.013382,0.023939,0.021545,0.027904
NC_005235.1,NC_005235.1__N__400,N,400,1600,bacteria,0.9994939565658569,0.882966,0.030265,0.013382,0.023939,0.021545,0.027904
NC_005235.1,NC_005235.1__M__350,M,350,1650,bacteria,0.9992151260375977,0.718736,0.041223,0.027259,0.061021,0.022889,0.128872
NC_005235.1,NC_005235.1__N__350,N,350,1650,bacteria,0.9992151260375977,0.718736,0.041223,0.027259,0.061021,0.022889,0.128872
NC_005235.1,NC_005235.1__M__300,M,300,1700,bacteria,0.9991680383682251,0.540441,0.043200,0.039447,0.059104,0.024811,0.292998
NC_005235.1,NC_005235.1__N__300,N,300,1700,bacteria,0.9991680383682251,0.540441,0.043200,0.039447,0.059104,0.024811,0.292998
NC_005235.1,NC_005235.1__M__250,M,250,1750,virus,0.998683750629425,0.287925,0.047205,0.059907,0.112210,0.019568,0.473185
NC_005235.1,NC_005235.1__N__250,N,250,1750,virus,0.998683750629425,0.287925,0.047205,0.059907,0.112210,0.019568,0.473185
NC_005235.1,NC_005235.1__M__200,M,200,1800,virus,0.9991235136985779,0.184960,0.046681,0.061836,0.117710,0.017929,0.570884
NC_005235.1,NC_005235.1__N__200,N,200,1800,virus,0.9991235136985779,0.184960,0.046681,0.061836,0.117710,0.017929,0.570884
NC_005235.1,NC_005235.1__M__150,M,150,1850,virus,0.999204695224762,0.089732,0.043826,0.049047,0.174683,0.017511,0.625202
NC_005235.1,NC_005235.1__N__150,N,150,1850,virus,0.999204695224762,0.089732,0.043826,0.049047,0.174683,0.017511,0.625202
NC_005235.1,NC_005235.1__M__100,M,100,1900,virus,0.9982604384422302,0.036748,0.024325,0.033250,0.041801,0.012036,0.851840
NC_005235.1,NC_005235.1__N__100,N,100,1900,virus,0.9982604384422302,0.036748,0.024325,0.033250,0.041801,0.012036,0.851840
NC_005235.1,NC_005235.1__M__50,M,50,1950,virus,0.9973177313804626,0.015691,0.018014,0.022966,0.017075,0.011008,0.915246
NC_005235.1,NC_005235.1__N__50,N,50,1950,virus,0.9973177313804626,0.015691,0.018014,0.022966,0.017075,0.011008,0.915246
NC_005235.1,NC_005235.1__M__1,M,1,1999,virus,0.9972018003463745,0.015391,0.017371,0.021498,0.015785,0.010448,0.919507
NC_005235.1,NC_005235.1__N__1,N,1,1999,virus,0.9972018003463745,0.015391,0.017371,0.021498,0.015785,0.010448,0.919507
NC_005238.1,NC_005238.1__none__0,none,0,2000,virus,0.9975687861442566,0.008374,0.012990,0.012307,0.008067,0.009652,0.948611
NC_005238.1,NC_005238.1__M__500,M,500,1500,virus,0.996552586555481,0.290236,0.067840,0.027171,0.046474,0.029563,0.538715
NC_005238.1,NC_005238.1__N__500,N,500,1500,virus,0.996552586555481,0.290236,0.067840,0.027171,0.046474,0.029563,0.538715
NC_005238.1,NC_005238.1__M__450,M,450,1550,virus,0.9950578212738037,0.227142,0.063528,0.029774,0.077625,0.025555,0.576375
NC_005238.1,NC_005238.1__N__450,N,450,1550,virus,0.9950578212738037,0.227142,0.063528,0.029774,0.077625,0.025555,0.576375
NC_005238.1,NC_005238.1__M__400,M,400,1600,virus,0.9964878559112549,0.111182,0.046798,0.028672,0.062907,0.020407,0.730035
NC_005238.1,NC_005238.1__N__400,N,400,1600,virus,0.9964878559112549,0.111182,0.046798,0.028672,0.062907,0.020407,0.730035
NC_005238.1,NC_005238.1__M__350,M,350,1650,virus,0.9973358511924744,0.102603,0.037411,0.028163,0.052905,0.018494,0.760424
NC_005238.1,NC_005238.1__N__350,N,350,1650,virus,0.9973358511924744,0.102603,0.037411,0.028163,0.052905,0.018494,0.760424
NC_005238.1,NC_005238.1__M__300,M,300,1700,virus,0.9968855977058411,0.056721,0.026970,0.023779,0.023753,0.012607,0.856170
NC_005238.1,NC_005238.1__N__300,N,300,1700,virus,0.9968855977058411,0.056721,0.026970,0.023779,0.023753,0.012607,0.856170
NC_005238.1,NC_005238.1__M__250,M,250,1750,virus,0.9970589876174927,0.036518,0.028566,0.023206,0.022513,0.014618,0.874579
NC_005238.1,NC_005238.1__N__250,N,250,1750,virus,0.9970589876174927,0.036518,0.028566,0.023206,0.022513,0.014618,0.874579
NC_005238.1,NC_005238.1__M__200,M,200,1800,virus,0.9982348680496216,0.021115,0.020358,0.017537,0.018106,0.012580,0.910304
NC_005238.1,NC_005238.1__N__200,N,200,1800,virus,0.9982348680496216,0.021115,0.020358,0.017537,0.018106,0.012580,0.910304
NC_005238.1,NC_005238.1__M__150,M,150,1850,virus,0.998603880405426,0.015222,0.021161,0.017732,0.017749,0.019059,0.909078
NC_005238.1,NC_005238.1__N__150,N,150,1850,virus,0.998603880405426,0.015222,0.021161,0.017732,0.017749,0.019059,0.909078
NC_005238.1,NC_005238.1__M__100,M,100,1900,virus,0.9983807802200317,0.011450,0.018305,0.017234,0.013737,0.015174,0.924101
NC_005238.1,NC_005238.1__N__100,N,100,1900,virus,0.9983807802200317,0.011450,0.018305,0.017234,0.013737,0.015174,0.924101
NC_005238.1,NC_005238.1__M__50,M,50,1950,virus,0.9971787929534912,0.008587,0.012073,0.013140,0.008628,0.009267,0.948305
NC_005238.1,NC_005238.1__N__50,N,50,1950,virus,0.9971787929534912,0.008587,0.012073,0.013140,0.008628,0.009267,0.948305
NC_005238.1,NC_005238.1__M__1,M,1,1999,virus,0.9975479245185852,0.008368,0.012943,0.012305,0.008114,0.009745,0.948525
NC_005238.1,NC_005238.1__N__1,N,1,1999,virus,0.9975479245185852,0.008368,0.012943,0.012305,0.008114,0.009745,0.948525
NC_004912.1,NC_004912.1__none__0,none,0,2000,virus,0.9999336004257202,0.010974,0.013634,0.013452,0.011527,0.012323,0.938089
NC_004912.1,NC_004912.1__M__500,M,500,1500,virus,0.9999401569366455,0.070803,0.041389,0.061104,0.380606,0.016699,0.429400
NC_004912.1,NC_004912.1__N__500,N,500,1500,virus,0.9999401569366455,0.070803,0.041389,0.061104,0.380606,0.016699,0.429400
NC_004912.1,NC_004912.1__M__450,M,450,1550,virus,0.999962568283081,0.061368,0.038558,0.055131,0.395418,0.016739,0.432786
NC_004912.1,NC_004912.1__N__450,N,450,1550,virus,0.999962568283081,0.061368,0.038558,0.055131,0.395418,0.016739,0.432786
NC_004912.1,NC_004912.1__M__400,M,400,1600,virus,0.9999606609344482,0.060686,0.032799,0.042411,0.164595,0.013221,0.686289
NC_004912.1,NC_004912.1__N__400,N,400,1600,virus,0.9999606609344482,0.060686,0.032799,0.042411,0.164595,0.013221,0.686289
NC_004912.1,NC_004912.1__M__350,M,350,1650,virus,0.9999581575393677,0.045469,0.020830,0.027690,0.029551,0.008885,0.867576
NC_004912.1,NC_004912.1__N__350,N,350,1650,virus,0.9999581575393677,0.045469,0.020830,0.027690,0.029551,0.008885,0.867576
NC_004912.1,NC_004912.1__M__300,M,300,1700,virus,0.9999568462371826,0.030102,0.017039,0.019301,0.020480,0.009357,0.903720
NC_004912.1,NC_004912.1__N__300,N,300,1700,virus,0.9999568462371826,0.030102,0.017039,0.019301,0.020480,0.009357,0.903720
NC_004912.1,NC_004912.1__M__250,M,250,1750,virus,0.9999431371688843,0.020561,0.015720,0.018043,0.016147,0.009209,0.920320
NC_004912.1,NC_004912.1__N__250,N,250,1750,virus,0.9999431371688843,0.020561,0.015720,0.018043,0.016147,0.009209,0.920320
NC_004912.1,NC_004912.1__M__200,M,200,1800,virus,0.9999585151672363,0.019146,0.015833,0.016576,0.016600,0.010484,0.921361
NC_004912.1,NC_004912.1__N__200,N,200,1800,virus,0.9999585151672363,0.019146,0.015833,0.016576,0.016600,0.010484,0.921361
NC_004912.1,NC_004912.1__M__150,M,150,1850,virus,0.9999428987503052,0.019381,0.015136,0.016239,0.015831,0.011332,0.922080
NC_004912.1,NC_004912.1__N__150,N,150,1850,virus,0.9999428987503052,0.019381,0.015136,0.016239,0.015831,0.011332,0.922080
NC_004912.1,NC_004912.1__M__100,M,100,1900,virus,0.9999202489852905,0.015990,0.016949,0.017749,0.015953,0.012990,0.920369
NC_004912.1,NC_004912.1__N__100,N,100,1900,virus,0.9999202489852905,0.015990,0.016949,0.017749,0.015953,0.012990,0.920369
NC_004912.1,NC_004912.1__M__50,M,50,1950,virus,0.9998717308044434,0.011681,0.014624,0.014633,0.014839,0.012316,0.931908
NC_004912.1,NC_004912.1__N__50,N,50,1950,virus,0.9998717308044434,0.011681,0.014624,0.014633,0.014839,0.012316,0.931908
NC_004912.1,NC_004912.1__M__1,M,1,1999,virus,0.9999338388442993,0.010986,0.013587,0.013440,0.011482,0.012346,0.938160
NC_004912.1,NC_004912.1__N__1,N,1,1999,virus,0.9999338388442993,0.010986,0.013587,0.013440,0.011482,0.012346,0.938160
NC_004169.1,NC_004169.1__none__0,none,0,2000,phage,0.999792754650116,0.027610,0.475909,0.045048,0.357374,0.038469,0.055589
NC_004169.1,NC_004169.1__M__500,M,500,1500,bacteria,0.9998438358306885,0.456761,0.374864,0.040940,0.053509,0.032912,0.041015
NC_004169.1,NC_004169.1__N__500,N,500,1500,bacteria,0.9998438358306885,0.456761,0.374864,0.040940,0.053509,0.032912,0.041015
NC_004169.1,NC_004169.1__M__450,M,450,1550,bacteria,0.9998787641525269,0.460826,0.322157,0.050221,0.080351,0.033073,0.053372
NC_004169.1,NC_004169.1__N__450,N,450,1550,bacteria,0.9998787641525269,0.460826,0.322157,0.050221,0.080351,0.033073,0.053372
NC_004169.1,NC_004169.1__M__400,M,400,1600,phage,0.9998564720153809,0.280753,0.286280,0.088573,0.215093,0.035040,0.094261
NC_004169.1,NC_004169.1__N__400,N,400,1600,phage,0.9998564720153809,0.280753,0.286280,0.088573,0.215093,0.035040,0.094261
NC_004169.1,NC_004169.1__M__350,M,350,1650,phage,0.9998925924301147,0.260229,0.303245,0.078237,0.218924,0.037656,0.101710
NC_004169.1,NC_004169.1__N__350,N,350,1650,phage,0.9998925924301147,0.260229,0.303245,0.078237,0.218924,0.037656,0.101710
NC_004169.1,NC_004169.1__M__300,M,300,1700,phage,0.999834418296814,0.202657,0.364030,0.092712,0.179184,0.036523,0.124894
NC_004169.1,NC_004169.1__N__300,N,300,1700,phage,0.999834418296814,0.202657,0.364030,0.092712,0.179184,0.036523,0.124894
NC_004169.1,NC_004169.1__M__250,M,250,1750,phage,0.9998692274093628,0.201460,0.340213,0.106940,0.148674,0.043100,0.159613
NC_004169.1,NC_004169.1__N__250,N,250,1750,phage,0.9998692274093628,0.201460,0.340213,0.106940,0.148674,0.043100,0.159613
NC_004169.1,NC_004169.1__M__200,M,200,1800,phage,0.9998626708984375,0.191887,0.291184,0.119450,0.196424,0.044716,0.156339
NC_004169.1,NC_004169.1__N__200,N,200,1800,phage,0.9998626708984375,0.191887,0.291184,0.119450,0.196424,0.044716,0.156339
NC_004169.1,NC_004169.1__M__150,M,150,1850,phage,0.9998559951782227,0.126441,0.391226,0.067838,0.294449,0.037231,0.082813
NC_004169.1,NC_004169.1__N__150,N,150,1850,phage,0.9998559951782227,0.126441,0.391226,0.067838,0.294449,0.037231,0.082813
NC_004169.1,NC_004169.1__M__100,M,100,1900,archaea,0.9998008608818054,0.089558,0.290589,0.067893,0.441840,0.036902,0.073217
NC_004169.1,NC_004169.1__N__100,N,100,1900,archaea,0.9998008608818054,0.089558,0.290589,0.067893,0.441840,0.036902,0.073217
NC_004169.1,NC_004169.1__M__50,M,50,1950,phage,0.9996930360794067,0.029452,0.500197,0.042500,0.336895,0.035978,0.054979
NC_004169.1,NC_004169.1__N__50,N,50,1950,phage,0.9996930360794067,0.029452,0.500197,0.042500,0.336895,0.035978,0.054979
NC_004169.1,NC_004169.1__M__1,M,1,1999,phage,0.9997934699058533,0.027525,0.476928,0.044841,0.357041,0.038345,0.055320
NC_004169.1,NC_004169.1__N__1,N,1,1999,phage,0.9997934699058533,0.027525,0.476928,0.044841,0.357041,0.038345,0.055320
NC_004186.1,NC_004186.1__none__0,none,0,2000,virus,0.9997331500053406,0.227947,0.070783,0.067540,0.051014,0.139246,0.443470
NC_004186.1,NC_004186.1__M__500,M,500,1500,bacteria,0.9998762607574463,0.791120,0.027147,0.024818,0.024810,0.057828,0.074277
NC_004186.1,NC_004186.1__N__500,N,500,1500,bacteria,0.9998762607574463,0.791120,0.027147,0.024818,0.024810,0.057828,0.074277
NC_004186.1,NC_004186.1__M__450,M,450,1550,bacteria,0.9998539686203003,0.676135,0.030232,0.027454,0.026262,0.070235,0.169682
NC_004186.1,NC_004186.1__N__450,N,450,1550,bacteria,0.9998539686203003,0.676135,0.030232,0.027454,0.026262,0.070235,0.169682
NC_004186.1,NC_004186.1__M__400,M,400,1600,bacteria,0.9999094009399414,0.529009,0.036862,0.038579,0.034031,0.065654,0.295866
NC_004186.1,NC_004186.1__N__400,N,400,1600,bacteria,0.9999094009399414,0.529009,0.036862,0.038579,0.034031,0.065654,0.295866
NC_004186.1,NC_004186.1__M__350,M,350,1650,bacteria,0.9999085664749146,0.685543,0.037474,0.028093,0.027820,0.096046,0.125023
NC_004186.1,NC_004186.1__N__350,N,350,1650,bacteria,0.9999085664749146,0.685543,0.037474,0.028093,0.027820,0.096046,0.125023
NC_004186.1,NC_004186.1__M__300,M,300,1700,bacteria,0.9999032020568848,0.812142,0.023407,0.019961,0.020669,0.068311,0.055509
NC_004186.1,NC_004186.1__N__300,N,300,1700,bacteria,0.9999032020568848,0.812142,0.023407,0.019961,0.020669,0.068311,0.055509
NC_004186.1,NC_004186.1__M__250,M,250,1750,bacteria,0.9998432397842407,0.765687,0.024899,0.025097,0.021983,0.077737,0.084597
NC_004186.1,NC_004186.1__N__250,N,250,1750,bacteria,0.9998432397842407,0.765687,0.024899,0.025097,0.021983,0.077737,0.084597
NC_004186.1,NC_004186.1__M__200,M,200,1800,bacteria,0.9997525811195374,0.580416,0.030666,0.030623,0.030889,0.081592,0.245814
NC_004186.1,NC_004186.1__N__200,N,200,1800,bacteria,0.9997525811195374,0.580416,0.030666,0.030623,0.030889,0.081592,0.245814
NC_004186.1,NC_004186.1__M__150,M,150,1850,bacteria,0.9997894167900085,0.496922,0.045890,0.041952,0.038771,0.122820,0.253646
NC_004186.1,NC_004186.1__N__150,N,150,1850,bacteria,0.9997894167900085,0.496922,0.045890,0.041952,0.038771,0.122820,0.253646
NC_004186.1,NC_004186.1__M__100,M,100,1900,virus,0.9995872378349304,0.318945,0.061268,0.048945,0.047489,0.142615,0.380738
NC_004186.1,NC_004186.1__N__100,N,100,1900,virus,0.9995872378349304,0.318945,0.061268,0.048945,0.047489,0.142615,0.380738
NC_004186.1,NC_004186.1__M__50,M,50,1950,virus,0.9996312856674194,0.292071,0.077620,0.062271,0.051968,0.158816,0.357254
NC_004186.1,NC_004186.1__N__50,N,50,1950,virus,0.9996312856674194,0.292071,0.077620,0.062271,0.051968,0.158816,0.357254
NC_004186.1,NC_004186.1__M__1,M,1,1999,virus,0.9997325539588928,0.224673,0.069757,0.068133,0.050933,0.136599,0.449905
NC_004186.1,NC_004186.1__N__1,N,1,1999,virus,0.9997325539588928,0.224673,0.069757,0.068133,0.050933,0.136599,0.449905
NC_001964.1,NC_001964.1__none__0,none,0,2000,eukarya,0.9996709823608398,0.176604,0.153460,0.233033,0.058942,0.190723,0.187237
NC_001964.1,NC_001964.1__M__500,M,500,1500,bacteria,0.9999125003814697,0.922561,0.023695,0.010126,0.013457,0.020653,0.009508
NC_001964.1,NC_001964.1__N__500,N,500,1500,bacteria,0.9999125003814697,0.922561,0.023695,0.010126,0.013457,0.020653,0.009508
NC_001964.1,NC_001964.1__M__450,M,450,1550,bacteria,0.9999316930770874,0.930046,0.019315,0.009690,0.012192,0.019973,0.008785
NC_001964.1,NC_001964.1__N__450,N,450,1550,bacteria,0.9999316930770874,0.930046,0.019315,0.009690,0.012192,0.019973,0.008785
NC_001964.1,NC_001964.1__M__400,M,400,1600,bacteria,0.9999366998672485,0.928829,0.022276,0.008672,0.011687,0.019895,0.008640
NC_001964.1,NC_001964.1__N__400,N,400,1600,bacteria,0.9999366998672485,0.928829,0.022276,0.008672,0.011687,0.019895,0.008640
NC_001964.1,NC_001964.1__M__350,M,350,1650,bacteria,0.9999359846115112,0.931578,0.018970,0.009158,0.012264,0.018509,0.009521
NC_001964.1,NC_001964.1__N__350,N,350,1650,bacteria,0.9999359846115112,0.931578,0.018970,0.009158,0.012264,0.018509,0.009521
NC_001964.1,NC_001964.1__M__300,M,300,1700,bacteria,0.9999324083328247,0.932120,0.018512,0.008956,0.013654,0.017810,0.008948
NC_001964.1,NC_001964.1__N__300,N,300,1700,bacteria,0.9999324083328247,0.932120,0.018512,0.008956,0.013654,0.017810,0.008948
NC_001964.1,NC_001964.1__M__250,M,250,1750,bacteria,0.9999357461929321,0.922717,0.019319,0.010012,0.015202,0.021340,0.011411
NC_001964.1,NC_001964.1__N__250,N,250,1750,bacteria,0.9999357461929321,0.922717,0.019319,0.010012,0.015202,0.021340,0.011411
NC_001964.1,NC_001964.1__M__200,M,200,1800,bacteria,0.999891996383667,0.880672,0.031087,0.016726,0.017985,0.036466,0.017064
NC_001964.1,NC_001964.1__N__200,N,200,1800,bacteria,0.999891996383667,0.880672,0.031087,0.016726,0.017985,0.036466,0.017064
NC_001964.1,NC_001964.1__M__150,M,150,1850,bacteria,0.9998831748962402,0.749142,0.106422,0.017562,0.026107,0.074425,0.026343
NC_001964.1,NC_001964.1__N__150,N,150,1850,bacteria,0.9998831748962402,0.749142,0.106422,0.017562,0.026107,0.074425,0.026343
NC_001964.1,NC_001964.1__M__100,M,100,1900,bacteria,0.9997853636741638,0.619036,0.197427,0.025076,0.033816,0.091849,0.032797
NC_001964.1,NC_001964.1__N__100,N,100,1900,bacteria,0.9997853636741638,0.619036,0.197427,0.025076,0.033816,0.091849,0.032797
NC_001964.1,NC_001964.1__M__50,M,50,1950,eukarya,0.999560534954071,0.240058,0.202485,0.242731,0.063444,0.131516,0.119766
NC_001964.1,NC_001964.1__N__50,N,50,1950,eukarya,0.999560534954071,0.240058,0.202485,0.242731,0.063444,0.131516,0.119766
NC_001964.1,NC_001964.1__M__1,M,1,1999,eukarya,0.9996703863143921,0.176423,0.152844,0.234000,0.058622,0.189376,0.188736
NC_001964.1,NC_001964.1__N__1,N,1,1999,eukarya,0.9996703863143921,0.176423,0.152844,0.234000,0.058622,0.189376,0.188736
NC_003511.1,NC_003511.1__none__0,none,0,2000,virus,0.999019980430603,0.105288,0.051175,0.047433,0.031668,0.028857,0.735579
NC_003511.1,NC_003511.1__M__500,M,500,1500,bacteria,0.9994617104530334,0.583368,0.029481,0.033379,0.038396,0.026156,0.289220
NC_003511.1,NC_003511.1__N__500,N,500,1500,bacteria,0.9994617104530334,0.583368,0.029481,0.033379,0.038396,0.026156,0.289220
NC_003511.1,NC_003511.1__M__450,M,450,1550,bacteria,0.9995983242988586,0.636179,0.031088,0.030312,0.038275,0.028020,0.236127
NC_003511.1,NC_003511.1__N__450,N,450,1550,bacteria,0.9995983242988586,0.636179,0.031088,0.030312,0.038275,0.028020,0.236127
NC_003511.1,NC_003511.1__M__400,M,400,1600,bacteria,0.9997722506523132,0.699795,0.028632,0.024371,0.034541,0.024603,0.188058
NC_003511.1,NC_003511.1__N__400,N,400,1600,bacteria,0.9997722506523132,0.699795,0.028632,0.024371,0.034541,0.024603,0.188058
NC_003511.1,NC_003511.1__M__350,M,350,1650,bacteria,0.999812662601471,0.662029,0.028478,0.030640,0.033289,0.023955,0.221610
NC_003511.1,NC_003511.1__N__350,N,350,1650,bacteria,0.999812662601471,0.662029,0.028478,0.030640,0.033289,0.023955,0.221610
NC_003511.1,NC_003511.1__M__300,M,300,1700,bacteria,0.9997592568397522,0.540277,0.029153,0.030986,0.037634,0.023040,0.338910
NC_003511.1,NC_003511.1__N__300,N,300,1700,bacteria,0.9997592568397522,0.540277,0.029153,0.030986,0.037634,0.023040,0.338910
NC_003511.1,NC_003511.1__M__250,M,250,1750,virus,0.9997536540031433,0.312331,0.024740,0.032636,0.035309,0.020564,0.574419
NC_003511.1,NC_003511.1__N__250,N,250,1750,virus,0.9997536540031433,0.312331,0.024740,0.032636,0.035309,0.020564,0.574419
NC_003511.1,NC_003511.1__M__200,M,200,1800,virus,0.999683141708374,0.328009,0.024231,0.033119,0.032542,0.020971,0.561127
NC_003511.1,NC_003511.1__N__200,N,200,1800,virus,0.999683141708374,0.328009,0.024231,0.033119,0.032542,0.020971,0.561127
NC_003511.1,NC_003511.1__M__150,M,150,1850,bacteria,0.999637246131897,0.515501,0.060454,0.039283,0.047537,0.038893,0.298331
NC_003511.1,NC_003511.1__N__150,N,150,1850,bacteria,0.999637246131897,0.515501,0.060454,0.039283,0.047537,0.038893,0.298331
NC_003511.1,NC_003511.1__M__100,M,100,1900,virus,0.9989579916000366,0.266493,0.039455,0.043482,0.038755,0.031267,0.580548
NC_003511.1,NC_003511.1__N__100,N,100,1900,virus,0.9989579916000366,0.266493,0.039455,0.043482,0.038755,0.031267,0.580548
NC_003511.1,NC_003511.1__M__50,M,50,1950,virus,0.9984757304191589,0.148196,0.059254,0.050208,0.036232,0.031014,0.675097
NC_003511.1,NC_003511.1__N__50,N,50,1950,virus,0.9984757304191589,0.148196,0.059254,0.050208,0.036232,0.031014,0.675097
NC_003511.1,NC_003511.1__M__1,M,1,1999,virus,0.9990217685699463,0.105368,0.051298,0.047646,0.031685,0.028934,0.735069
NC_003511.1,NC_003511.1__N__1,N,1,1999,virus,0.9990217685699463,0.105368,0.051298,0.047646,0.031685,0.028934,0.735069
NC_001940.1,NC_001940.1__none__0,none,0,2000,virus,0.9048740863800049,0.012097,0.016428,0.012243,0.010718,0.011680,0.936834
NC_001940.1,NC_001940.1__M__500,M,500,1500,virus,0.99302738904953,0.071165,0.027869,0.033239,0.024229,0.009846,0.833652
NC_001940.1,NC_001940.1__N__500,N,500,1500,virus,0.99302738904953,0.071165,0.027869,0.033239,0.024229,0.009846,0.833652
NC_001940.1,NC_001940.1__M__450,M,450,1550,virus,0.9891397953033447,0.047699,0.022402,0.025821,0.020502,0.009715,0.873860
NC_001940.1,NC_001940.1__N__450,N,450,1550,virus,0.9891397953033447,0.047699,0.022402,0.025821,0.020502,0.009715,0.873860
NC_001940.1,NC_001940.1__M__400,M,400,1600,virus,0.9839957356452942,0.027014,0.021631,0.023964,0.016293,0.010293,0.900805
NC_001940.1,NC_001940.1__N__400,N,400,1600,virus,0.9839957356452942,0.027014,0.021631,0.023964,0.016293,0.010293,0.900805
NC_001940.1,NC_001940.1__M__350,M,350,1650,virus,0.9908974766731262,0.033752,0.021192,0.028278,0.018760,0.011131,0.886887
NC_001940.1,NC_001940.1__N__350,N,350,1650,virus,0.9908974766731262,0.033752,0.021192,0.028278,0.018760,0.011131,0.886887
NC_001940.1,NC_001940.1__M__300,M,300,1700,virus,0.9942269325256348,0.040562,0.021237,0.027448,0.019311,0.008791,0.882651
NC_001940.1,NC_001940.1__N__300,N,300,1700,virus,0.9942269325256348,0.040562,0.021237,0.027448,0.019311,0.008791,0.882651
NC_001940.1,NC_001940.1__M__250,M,250,1750,virus,0.9937030673027039,0.034369,0.027753,0.031608,0.021407,0.010961,0.873901
NC_001940.1,NC_001940.1__N__250,N,250,1750,virus,0.9937030673027039,0.034369,0.027753,0.031608,0.021407,0.010961,0.873901
NC_001940.1,NC_001940.1__M__200,M,200,1800,virus,0.990403413772583,0.048229,0.026586,0.033029,0.022565,0.012096,0.857494
NC_001940.1,NC_001940.1__N__200,N,200,1800,virus,0.990403413772583,0.048229,0.026586,0.033029,0.022565,0.012096,0.857494
NC_001940.1,NC_001940.1__M__150,M,150,1850,virus,0.9767888784408569,0.029176,0.033677,0.029383,0.022071,0.015216,0.870478
NC_001940.1,NC_001940.1__N__150,N,150,1850,virus,0.9767888784408569,0.029176,0.033677,0.029383,0.022071,0.015216,0.870478
NC_001940.1,NC_001940.1__M__100,M,100,1900,virus,0.9270151257514954,0.018011,0.025760,0.030062,0.017987,0.013728,0.894451
NC_001940.1,NC_001940.1__N__100,N,100,1900,virus,0.9270151257514954,0.018011,0.025760,0.030062,0.017987,0.013728,0.894451
NC_001940.1,NC_001940.1__M__50,M,50,1950,virus,0.8759579062461853,0.013202,0.018360,0.013587,0.011159,0.011034,0.932658
NC_001940.1,NC_001940.1__N__50,N,50,1950,virus,0.8759579062461853,0.013202,0.018360,0.013587,0.011159,0.011034,0.932658
NC_001940.1,NC_001940.1__M__1,M,1,1999,virus,0.9034935832023621,0.012058,0.016328,0.012151,0.010682,0.011640,0.937141
NC_001940.1,NC_001940.1__N__1,N,1,1999,virus,0.9034935832023621,0.012058,0.016328,0.012151,0.010682,0.011640,0.937141
NC_001841.1,NC_001841.1__none__0,none,0,2000,eukarya,0.99988853931427,0.030856,0.037629,0.470269,0.034923,0.033068,0.393256
NC_001841.1,NC_001841.1__M__500,M,500,1500,virus,0.9999268054962158,0.070090,0.050263,0.208744,0.050401,0.018518,0.601984
NC_001841.1,NC_001841.1__N__500,N,500,1500,virus,0.9999268054962158,0.070090,0.050263,0.208744,0.050401,0.018518,0.601984
NC_001841.1,NC_001841.1__M__450,M,450,1550,virus,0.9999357461929321,0.037979,0.030772,0.064672,0.024426,0.013895,0.828257
NC_001841.1,NC_001841.1__N__450,N,450,1550,virus,0.9999357461929321,0.037979,0.030772,0.064672,0.024426,0.013895,0.828257
NC_001841.1,NC_001841.1__M__400,M,400,1600,virus,0.9999417066574097,0.038039,0.031965,0.048243,0.024320,0.013613,0.843821
NC_001841.1,NC_001841.1__N__400,N,400,1600,virus,0.9999417066574097,0.038039,0.031965,0.048243,0.024320,0.013613,0.843821
NC_001841.1,NC_001841.1__M__350,M,350,1650,virus,0.9999526739120483,0.032842,0.026871,0.043316,0.021597,0.012548,0.862826
NC_001841.1,NC_001841.1__N__350,N,350,1650,virus,0.9999526739120483,0.032842,0.026871,0.043316,0.021597,0.012548,0.862826
NC_001841.1,NC_001841.1__M__300,M,300,1700,virus,0.9999572038650513,0.037291,0.028224,0.049523,0.024512,0.011869,0.848580
NC_001841.1,NC_001841.1__N__300,N,300,1700,virus,0.9999572038650513,0.037291,0.028224,0.049523,0.024512,0.011869,0.848580
NC_001841.1,NC_001841.1__M__250,M,250,1750,virus,0.9999549388885498,0.048938,0.037713,0.092443,0.032384,0.013778,0.774743
NC_001841.1,NC_001841.1__N__250,N,250,1750,virus,0.9999549388885498,0.048938,0.037713,0.092443,0.032384,0.013778,0.774743
NC_001841.1,NC_001841.1__M__200,M,200,1800,virus,0.9999486207962036,0.036737,0.031685,0.077086,0.027386,0.014086,0.813019
NC_001841.1,NC_001841.1__N__200,N,200,1800,virus,0.9999486207962036,0.036737,0.031685,0.077086,0.027386,0.014086,0.813019
NC_001841.1,NC_001841.1__M__150,M,150,1850,virus,0.9999363422393799,0.039204,0.038968,0.123399,0.033285,0.018551,0.746592
NC_001841.1,NC_001841.1__N__150,N,150,1850,virus,0.9999363422393799,0.039204,0.038968,0.123399,0.033285,0.018551,0.746592
NC_001841.1,NC_001841.1__M__100,M,100,1900,virus,0.9998923540115356,0.028901,0.042255,0.140111,0.033032,0.023309,0.732392
NC_001841.1,NC_001841.1__N__100,N,100,1900,virus,0.9998923540115356,0.028901,0.042255,0.140111,0.033032,0.023309,0.732392
NC_001841.1,NC_001841.1__M__50,M,50,1950,eukarya,0.9998716115951538,0.026510,0.032507,0.654864,0.030489,0.026797,0.228831
NC_001841.1,NC_001841.1__N__50,N,50,1950,eukarya,0.9998716115951538,0.026510,0.032507,0.654864,0.030489,0.026797,0.228831
NC_001841.1,NC_001841.1__M__1,M,1,1999,eukarya,0.9998880624771118,0.030714,0.037738,0.471196,0.034891,0.033031,0.392430
NC_001841.1,NC_001841.1__N__1,N,1,1999,eukarya,0.9998880624771118,0.030714,0.037738,0.471196,0.034891,0.033031,0.392430
NC_001793.1,NC_001793.1__none__0,none,0,2000,virus,0.9994599223136902,0.013283,0.018263,0.032731,0.012754,0.014227,0.908741
NC_001793.1,NC_001793.1__M__500,M,500,1500,virus,0.9996820688247681,0.227022,0.038992,0.089371,0.036439,0.032725,0.575451
NC_001793.1,NC_001793.1__N__500,N,500,1500,virus,0.9996820688247681,0.227022,0.038992,0.089371,0.036439,0.032725,0.575451
NC_001793.1,NC_001793.1__M__450,M,450,1550,virus,0.9997159838676453,0.147302,0.031444,0.142581,0.033049,0.028007,0.617618
NC_001793.1,NC_001793.1__N__450,N,450,1550,virus,0.9997159838676453,0.147302,0.031444,0.142581,0.033049,0.028007,0.617618
NC_001793.1,NC_001793.1__M__400,M,400,1600,virus,0.9997467398643494,0.120264,0.032387,0.170283,0.031838,0.023538,0.621690
NC_001793.1,NC_001793.1__N__400,N,400,1600,virus,0.9997467398643494,0.120264,0.032387,0.170283,0.031838,0.023538,0.621690
NC_001793.1,NC_001793.1__M__350,M,350,1650,virus,0.9996427297592163,0.072047,0.031080,0.253230,0.030098,0.024950,0.588595
NC_001793.1,NC_001793.1__N__350,N,350,1650,virus,0.9996427297592163,0.072047,0.031080,0.253230,0.030098,0.024950,0.588595
NC_001793.1,NC_001793.1__M__300,M,300,1700,virus,0.9996106028556824,0.086977,0.031344,0.208018,0.031390,0.026037,0.616235
NC_001793.1,NC_001793.1__N__300,N,300,1700,virus,0.9996106028556824,0.086977,0.031344,0.208018,0.031390,0.026037,0.616235
NC_001793.1,NC_001793.1__M__250,M,250,1750,virus,0.9995018243789673,0.101936,0.023364,0.097137,0.026315,0.020974,0.730273
NC_001793.1,NC_001793.1__N__250,N,250,1750,virus,0.9995018243789673,0.101936,0.023364,0.097137,0.026315,0.020974,0.730273
NC_001793.1,NC_001793.1__M__200,M,200,1800,virus,0.9995658993721008,0.058391,0.018351,0.048821,0.020412,0.017824,0.836201
NC_001793.1,NC_001793.1__N__200,N,200,1800,virus,0.9995658993721008,0.058391,0.018351,0.048821,0.020412,0.017824,0.836201
NC_001793.1,NC_001793.1__M__150,M,150,1850,virus,0.9996441602706909,0.034100,0.019387,0.057107,0.019227,0.016520,0.853659
NC_001793.1,NC_001793.1__N__150,N,150,1850,virus,0.9996441602706909,0.034100,0.019387,0.057107,0.019227,0.016520,0.853659
NC_001793.1,NC_001793.1__M__100,M,100,1900,virus,0.9994307160377502,0.023498,0.019753,0.058255,0.018845,0.017514,0.862135
NC_001793.1,NC_001793.1__N__100,N,100,1900,virus,0.9994307160377502,0.023498,0.019753,0.058255,0.018845,0.017514,0.862135
NC_001793.1,NC_001793.1__M__50,M,50,1950,virus,0.999562680721283,0.020360,0.021641,0.061932,0.017550,0.017741,0.860776
NC_001793.1,NC_001793.1__N__50,N,50,1950,virus,0.999562680721283,0.020360,0.021641,0.061932,0.017550,0.017741,0.860776
NC_001793.1,NC_001793.1__M__1,M,1,1999,virus,0.9994596838951111,0.013294,0.018263,0.032844,0.012717,0.014275,0.908606
NC_001793.1,NC_001793.1__N__1,N,1,1999,virus,0.9994596838951111,0.013294,0.018263,0.032844,0.012717,0.014275,0.908606
NC_004146.1,NC_004146.1__none__0,none,0,2000,phage,0.9999897480010986,0.046395,0.863779,0.015863,0.022001,0.027366,0.024596
NC_004146.1,NC_004146.1__M__500,M,500,1500,bacteria,0.9999943971633911,0.638071,0.210684,0.027475,0.042088,0.035389,0.046293
NC_004146.1,NC_004146.1__N__500,N,500,1500,bacteria,0.9999943971633911,0.638071,0.210684,0.027475,0.042088,0.035389,0.046293
NC_004146.1,NC_004146.1__M__450,M,450,1550,bacteria,0.999995231628418,0.776946,0.086531,0.026216,0.035821,0.033551,0.040935
NC_004146.1,NC_004146.1__N__450,N,450,1550,bacteria,0.999995231628418,0.776752,0.086678,0.026302,0.035946,0.033415,0.040907
NC_004146.1,NC_004146.1__M__400,M,400,1600,bacteria,0.999995231628418,0.804527,0.070259,0.024505,0.032960,0.030955,0.036793
NC_004146.1,NC_004146.1__N__400,N,400,1600,bacteria,0.999995231628418,0.804527,0.070259,0.024505,0.032960,0.030955,0.036793
NC_004146.1,NC_004146.1__M__350,M,350,1650,bacteria,0.9999948740005493,0.800164,0.073607,0.024779,0.033477,0.033180,0.034794
NC_004146.1,NC_004146.1__N__350,N,350,1650,bacteria,0.9999948740005493,0.800164,0.073607,0.024779,0.033477,0.033180,0.034794
NC_004146.1,NC_004146.1__M__300,M,300,1700,bacteria,0.9999908208847046,0.784505,0.088151,0.023053,0.034448,0.036597,0.033246
NC_004146.1,NC_004146.1__N__300,N,300,1700,bacteria,0.9999908208847046,0.784505,0.088151,0.023053,0.034448,0.036597,0.033246
NC_004146.1,NC_004146.1__M__250,M,250,1750,bacteria,0.9999891519546509,0.768709,0.094521,0.024377,0.038035,0.037143,0.037214
NC_004146.1,NC_004146.1__N__250,N,250,1750,bacteria,0.9999891519546509,0.768709,0.094521,0.024377,0.038035,0.037143,0.037214
NC_004146.1,NC_004146.1__M__200,M,200,1800,bacteria,0.9999896287918091,0.630273,0.202193,0.028142,0.045066,0.050624,0.043702
NC_004146.1,NC_004146.1__N__200,N,200,1800,bacteria,0.9999896287918091,0.630273,0.202193,0.028142,0.045066,0.050624,0.043702
NC_004146.1,NC_004146.1__M__150,M,150,1850,bacteria,0.9999901056289673,0.642957,0.188941,0.029839,0.044014,0.054425,0.039824
NC_004146.1,NC_004146.1__N__150,N,150,1850,bacteria,0.9999901056289673,0.642957,0.188941,0.029839,0.044014,0.054425,0.039824
NC_004146.1,NC_004146.1__M__100,M,100,1900,bacteria,0.9999866485595703,0.478499,0.340334,0.034270,0.050187,0.051473,0.045237
NC_004146.1,NC_004146.1__N__100,N,100,1900,bacteria,0.9999866485595703,0.478499,0.340334,0.034270,0.050187,0.051473,0.045237
NC_004146.1,NC_004146.1__M__50,M,50,1950,phage,0.9999861717224121,0.066962,0.829090,0.018280,0.025788,0.031930,0.027950
NC_004146.1,NC_004146.1__N__50,N,50,1950,phage,0.9999861717224121,0.066962,0.829090,0.018280,0.025788,0.031930,0.027950
NC_004146.1,NC_004146.1__M__1,M,1,1999,phage,0.9999897480010986,0.046236,0.863623,0.015904,0.022034,0.027516,0.024688
NC_004146.1,NC_004146.1__N__1,N,1,1999,phage,0.9999897480010986,0.046236,0.863623,0.015904,0.022034,0.027516,0.024688
NC_003616.1,NC_003616.1__none__0,none,0,2000,virus,0.999915599822998,0.011301,0.017192,0.025362,0.016037,0.015271,0.914838
NC_003616.1,NC_003616.1__M__500,M,500,1500,virus,0.9998134970664978,0.059452,0.039495,0.143709,0.041160,0.017033,0.699150
NC_003616.1,NC_003616.1__N__500,N,500,1500,virus,0.9998134970664978,0.059452,0.039495,0.143709,0.041160,0.017033,0.699150
NC_003616.1,NC_003616.1__M__450,M,450,1550,virus,0.9998519420623779,0.033256,0.024405,0.085763,0.026494,0.014789,0.815293
NC_003616.1,NC_003616.1__N__450,N,450,1550,virus,0.9998519420623779,0.033256,0.024405,0.085763,0.026494,0.014789,0.815293
NC_003616.1,NC_003616.1__M__400,M,400,1600,virus,0.9999027252197266,0.028190,0.022475,0.042452,0.020229,0.011898,0.874756
NC_003616.1,NC_003616.1__N__400,N,400,1600,virus,0.9999027252197266,0.028190,0.022475,0.042452,0.020229,0.011898,0.874756
NC_003616.1,NC_003616.1__M__350,M,350,1650,virus,0.9999275207519531,0.020888,0.017870,0.029583,0.016210,0.010289,0.905160
NC_003616.1,NC_003616.1__N__350,N,350,1650,virus,0.9999275207519531,0.020888,0.017870,0.029583,0.016210,0.010289,0.905160
NC_003616.1,NC_003616.1__M__300,M,300,1700,virus,0.9999253749847412,0.023884,0.019912,0.034240,0.016709,0.010072,0.895183
NC_003616.1,NC_003616.1__N__300,N,300,1700,virus,0.9999253749847412,0.023884,0.019912,0.034240,0.016709,0.010072,0.895183
NC_003616.1,NC_003616.1__M__250,M,250,1750,virus,0.9999098777770996,0.036922,0.028434,0.084174,0.026825,0.016526,0.807120
NC_003616.1,NC_003616.1__N__250,N,250,1750,virus,0.9999098777770996,0.036922,0.028434,0.084174,0.026825,0.016526,0.807120
NC_003616.1,NC_003616.1__M__200,M,200,1800,virus,0.9999395608901978,0.033245,0.023559,0.049360,0.023327,0.013735,0.856775
NC_003616.1,NC_003616.1__N__200,N,200,1800,virus,0.9999395608901978,0.033245,0.023559,0.049360,0.023327,0.013735,0.856775
NC_003616.1,NC_003616.1__M__150,M,150,1850,virus,0.999927282333374,0.016985,0.018255,0.028697,0.018199,0.011814,0.906050
NC_003616.1,NC_003616.1__N__150,N,150,1850,virus,0.999927282333374,0.016985,0.018255,0.028697,0.018199,0.011814,0.906050
NC_003616.1,NC_003616.1__M__100,M,100,1900,virus,0.9998780488967896,0.019740,0.025258,0.058401,0.029456,0.016730,0.850415
NC_003616.1,NC_003616.1__N__100,N,100,1900,virus,0.9998780488967896,0.019740,0.025258,0.058401,0.029456,0.016730,0.850415
NC_003616.1,NC_003616.1__M__50,M,50,1950,virus,0.9998817443847656,0.013527,0.017570,0.031162,0.018867,0.014695,0.904179
NC_003616.1,NC_003616.1__N__50,N,50,1950,virus,0.9998817443847656,0.013527,0.017570,0.031162,0.018867,0.014695,0.904179
NC_003616.1,NC_003616.1__M__1,M,1,1999,virus,0.9999136924743652,0.011292,0.017103,0.025411,0.015972,0.015269,0.914953
NC_003616.1,NC_003616.1__N__1,N,1,1999,virus,0.9999136924743652,0.011292,0.017103,0.025411,0.015972,0.015269,0.914953
NC_003693.1,NC_003693.1__none__0,none,0,2000,virus,0.9995457530021667,0.020247,0.016117,0.023478,0.017112,0.014829,0.908217
NC_003693.1,NC_003693.1__M__500,M,500,1500,virus,0.9992831349372864,0.287690,0.027213,0.044891,0.031312,0.018615,0.590280
NC_003693.1,NC_003693.1__N__500,N,500,1500,virus,0.9992831349372864,0.287690,0.027213,0.044891,0.031312,0.018615,0.590280
NC_003693.1,NC_003693.1__M__450,M,450,1550,virus,0.9995782971382141,0.294991,0.030306,0.042580,0.034113,0.021682,0.576328
NC_003693.1,NC_003693.1__N__450,N,450,1550,virus,0.9995782971382141,0.294991,0.030306,0.042580,0.034113,0.021682,0.576328
NC_003693.1,NC_003693.1__M__400,M,400,1600,virus,0.9995858073234558,0.186024,0.024003,0.038532,0.029572,0.019340,0.702529
NC_003693.1,NC_003693.1__N__400,N,400,1600,virus,0.9995858073234558,0.186024,0.024003,0.038532,0.029572,0.019340,0.702529
NC_003693.1,NC_003693.1__M__350,M,350,1650,virus,0.9996323585510254,0.268014,0.027701,0.040370,0.034164,0.022140,0.607610
NC_003693.1,NC_003693.1__N__350,N,350,1650,virus,0.9996323585510254,0.268014,0.027701,0.040370,0.034164,0.022140,0.607610
NC_003693.1,NC_003693.1__M__300,M,300,1700,virus,0.9993876218795776,0.153044,0.024715,0.040195,0.030293,0.015765,0.735988
NC_003693.1,NC_003693.1__N__300,N,300,1700,virus,0.9993876218795776,0.153044,0.024715,0.040195,0.030293,0.015765,0.735988
NC_003693.1,NC_003693.1__M__250,M,250,1750,virus,0.9995748400688171,0.093875,0.020546,0.031739,0.023979,0.013620,0.816240
NC_003693.1,NC_003693.1__N__250,N,250,1750,virus,0.9995748400688171,0.093875,0.020546,0.031739,0.023979,0.013620,0.816240
NC_003693.1,NC_003693.1__M__200,M,200,1800,virus,0.9996023774147034,0.033211,0.015226,0.020117,0.016772,0.011255,0.903419
NC_003693.1,NC_003693.1__N__200,N,200,1800,virus,0.9996023774147034,0.033211,0.015226,0.020117,0.016772,0.011255,0.903419
NC_003693.1,NC_003693.1__M__150,M,150,1850,virus,0.9996103644371033,0.028174,0.014946,0.020343,0.016338,0.011442,0.908758
NC_003693.1,NC_003693.1__N__150,N,150,1850,virus,0.9996103644371033,0.028174,0.014946,0.020343,0.016338,0.011442,0.908758
NC_003693.1,NC_003693.1__M__100,M,100,1900,virus,0.9992289543151855,0.020483,0.016208,0.022826,0.017257,0.013975,0.909250
NC_003693.1,NC_003693.1__N__100,N,100,1900,virus,0.9992289543151855,0.020483,0.016208,0.022826,0.017257,0.013975,0.909250
NC_003693.1,NC_003693.1__M__50,M,50,1950,virus,0.9993366599082947,0.033480,0.019041,0.031000,0.021071,0.019443,0.875965
NC_003693.1,NC_003693.1__N__50,N,50,1950,virus,0.9993366599082947,0.033480,0.019041,0.031000,0.021071,0.019443,0.875965
NC_003693.1,NC_003693.1__M__1,M,1,1999,virus,0.9995455145835876,0.020203,0.016214,0.023618,0.017077,0.014802,0.908087
NC_003693.1,NC_003693.1__N__1,N,1,1999,virus,0.9995455145835876,0.020203,0.016214,0.023618,0.017077,0.014802,0.908087
NC_001739.2,NC_001739.2__none__0,none,0,2000,virus,0.9999397993087769,0.137022,0.240242,0.043188,0.189525,0.106199,0.283823
NC_001739.2,NC_001739.2__M__500,M,500,1500,bacteria,0.9998552799224854,0.886668,0.025952,0.013606,0.019618,0.019563,0.034593
NC_001739.2,NC_001739.2__N__500,N,500,1500,bacteria,0.9998552799224854,0.886668,0.025952,0.013606,0.019618,0.019563,0.034593
NC_001739.2,NC_001739.2__M__450,M,450,1550,bacteria,0.9998965263366699,0.914049,0.018224,0.010206,0.019699,0.017595,0.020228
NC_001739.2,NC_001739.2__N__450,N,450,1550,bacteria,0.9998965263366699,0.914049,0.018224,0.010206,0.019699,0.017595,0.020228
NC_001739.2,NC_001739.2__M__400,M,400,1600,bacteria,0.9998903274536133,0.852011,0.029573,0.015725,0.042195,0.030788,0.029708
NC_001739.2,NC_001739.2__N__400,N,400,1600,bacteria,0.9998903274536133,0.852011,0.029573,0.015725,0.042195,0.030788,0.029708
NC_001739.2,NC_001739.2__M__350,M,350,1650,bacteria,0.9998928308486938,0.857745,0.027366,0.015630,0.026750,0.019373,0.053136
NC_001739.2,NC_001739.2__N__350,N,350,1650,bacteria,0.9998928308486938,0.857745,0.027366,0.015630,0.026750,0.019373,0.053136
NC_001739.2,NC_001739.2__M__300,M,300,1700,bacteria,0.9998983144760132,0.852278,0.028189,0.015981,0.022757,0.023286,0.057508
NC_001739.2,NC_001739.2__N__300,N,300,1700,bacteria,0.9998983144760132,0.852278,0.028189,0.015981,0.022757,0.023286,0.057508
NC_001739.2,NC_001739.2__M__250,M,250,1750,bacteria,0.9999427795410156,0.858172,0.026717,0.014848,0.020369,0.021135,0.058759
NC_001739.2,NC_001739.2__N__250,N,250,1750,bacteria,0.9999427795410156,0.858172,0.026717,0.014848,0.020369,0.021135,0.058759
NC_001739.2,NC_001739.2__M__200,M,200,1800,bacteria,0.9999152421951294,0.793488,0.039357,0.020628,0.033610,0.029510,0.083409
NC_001739.2,NC_001739.2__N__200,N,200,1800,bacteria,0.9999152421951294,0.793488,0.039357,0.020628,0.033610,0.029510,0.083409
NC_001739.2,NC_001739.2__M__150,M,150,1850,bacteria,0.9998781681060791,0.614196,0.067427,0.031226,0.086650,0.055661,0.144840
NC_001739.2,NC_001739.2__N__150,N,150,1850,bacteria,0.9998781681060791,0.614196,0.067427,0.031226,0.086650,0.055661,0.144840
NC_001739.2,NC_001739.2__M__100,M,100,1900,bacteria,0.999819815158844,0.381418,0.108572,0.040647,0.106657,0.055637,0.307069
NC_001739.2,NC_001739.2__N__100,N,100,1900,bacteria,0.999819815158844,0.381418,0.108572,0.040647,0.106657,0.055637,0.307069
NC_001739.2,NC_001739.2__M__50,M,50,1950,virus,0.9999402761459351,0.088306,0.207437,0.048054,0.193268,0.067524,0.395411
NC_001739.2,NC_001739.2__N__50,N,50,1950,virus,0.9999402761459351,0.088306,0.207437,0.048054,0.193268,0.067524,0.395411
NC_001739.2,NC_001739.2__M__1,M,1,1999,virus,0.9999399185180664,0.137374,0.241043,0.043253,0.188497,0.106481,0.283352
NC_001739.2,NC_001739.2__N__1,N,1,1999,virus,0.9999399185180664,0.137374,0.241043,0.043253,0.188497,0.106481,0.283352
